signal_date,execution_date,end_date,holding_clock,effective_holding_days,sleeve_slot,instrument_id,side,weight,abs_weight,weight_mode,capital_weight,effective_weight,predicted_y,sector,market_cap,size_exposure_z
2025-06-02,2025-06-03,2025-06-16,signal_horizon,9,0,SATS,long,0.05,0.05,equal_weight,1.0,0.05,0.0321187960106848,Communication Services,,
2025-06-02,2025-06-03,2025-06-16,signal_horizon,9,0,NRG,long,0.05,0.05,equal_weight,1.0,0.05,0.0281902499635938,Utilities,,
2025-06-02,2025-06-03,2025-06-16,signal_horizon,9,0,SNDK,long,0.05,0.05,equal_weight,1.0,0.05,0.0212905629526731,Information Technology,,
2025-06-02,2025-06-03,2025-06-16,signal_horizon,9,0,COIN,long,0.05,0.05,equal_weight,1.0,0.05,0.0199986184404655,Financials,,
2025-06-02,2025-06-03,2025-06-16,signal_horizon,9,0,LITE,long,0.05,0.05,equal_weight,1.0,0.05,0.0195189895572403,Information Technology,,
2025-06-02,2025-06-03,2025-06-16,signal_horizon,9,0,REGN,long,0.05,0.05,equal_weight,1.0,0.05,0.0186951423057511,Health Care,,
2025-06-02,2025-06-03,2025-06-16,signal_horizon,9,0,XYZ,long,0.05,0.05,equal_weight,1.0,0.05,0.0181536775263009,Financials,,
2025-06-02,2025-06-03,2025-06-16,signal_horizon,9,0,MCHP,long,0.05,0.05,equal_weight,1.0,0.05,0.0178278872414244,Information Technology,,
2025-06-02,2025-06-03,2025-06-16,signal_horizon,9,0,TSLA,long,0.05,0.05,equal_weight,1.0,0.05,0.017281351482662,Consumer Discretionary,,
2025-06-02,2025-06-03,2025-06-16,signal_horizon,9,0,CVNA,long,0.05,0.05,equal_weight,1.0,0.05,0.0151759133320311,Consumer Discretionary,,
2025-06-02,2025-06-03,2025-06-16,signal_horizon,9,0,HOOD,long,0.05,0.05,equal_weight,1.0,0.05,0.0150631660851412,Financials,,
2025-06-02,2025-06-03,2025-06-16,signal_horizon,9,0,LVS,long,0.05,0.05,equal_weight,1.0,0.05,0.0149166997812326,Consumer Discretionary,,
2025-06-02,2025-06-03,2025-06-16,signal_horizon,9,0,ADM,long,0.05,0.05,equal_weight,1.0,0.05,0.0147924555746381,Consumer Staples,,
2025-06-02,2025-06-03,2025-06-16,signal_horizon,9,0,CCL,long,0.05,0.05,equal_weight,1.0,0.05,0.0147745935912567,Consumer Discretionary,,
2025-06-02,2025-06-03,2025-06-16,signal_horizon,9,0,ROK,long,0.05,0.05,equal_weight,1.0,0.05,0.0146613842615352,Industrials,,
2025-06-02,2025-06-03,2025-06-16,signal_horizon,9,0,APP,long,0.05,0.05,equal_weight,1.0,0.05,0.014633041010499,Information Technology,,
2025-06-02,2025-06-03,2025-06-16,signal_horizon,9,0,DELL,long,0.05,0.05,equal_weight,1.0,0.05,0.014508058435423,Unknown,,
2025-06-02,2025-06-03,2025-06-16,signal_horizon,9,0,COHR,long,0.05,0.05,equal_weight,1.0,0.05,0.014212932121065,Information Technology,,
2025-06-02,2025-06-03,2025-06-16,signal_horizon,9,0,MU,long,0.05,0.05,equal_weight,1.0,0.05,0.0137367900668907,Information Technology,,
2025-06-02,2025-06-03,2025-06-16,signal_horizon,9,0,LRCX,long,0.05,0.05,equal_weight,1.0,0.05,0.0136029083498837,Unknown,,
2025-06-02,2025-06-03,2025-06-16,signal_horizon,9,0,PANW,short,-0.05,0.05,equal_weight,1.0,-0.05,0.0001845296900637,Information Technology,,
2025-06-02,2025-06-03,2025-06-16,signal_horizon,9,0,PEG,short,-0.05,0.05,equal_weight,1.0,-0.05,0.0006231306051423,Utilities,,
2025-06-02,2025-06-03,2025-06-16,signal_horizon,9,0,COST,short,-0.05,0.05,equal_weight,1.0,-0.05,0.0008581013049256,Consumer Staples,,
2025-06-02,2025-06-03,2025-06-16,signal_horizon,9,0,MSFT,short,-0.05,0.05,equal_weight,1.0,-0.05,0.0015344419668661,Information Technology,,
2025-06-02,2025-06-03,2025-06-16,signal_horizon,9,0,MSI,short,-0.05,0.05,equal_weight,1.0,-0.05,0.0017749820227008,Information Technology,,
2025-06-02,2025-06-03,2025-06-16,signal_horizon,9,0,WMT,short,-0.05,0.05,equal_weight,1.0,-0.05,0.0019794622867629,Consumer Staples,,
2025-06-02,2025-06-03,2025-06-16,signal_horizon,9,0,MA,short,-0.05,0.05,equal_weight,1.0,-0.05,0.0020409083752104,Financials,,
2025-06-02,2025-06-03,2025-06-16,signal_horizon,9,0,LMT,short,-0.05,0.05,equal_weight,1.0,-0.05,0.0022097462827739,Industrials,,
2025-06-02,2025-06-03,2025-06-16,signal_horizon,9,0,AZO,short,-0.05,0.05,equal_weight,1.0,-0.05,0.0022152577012713,Consumer Discretionary,,
2025-06-02,2025-06-03,2025-06-16,signal_horizon,9,0,TMUS,short,-0.05,0.05,equal_weight,1.0,-0.05,0.0026881998189748,Communication Services,,
2025-06-02,2025-06-03,2025-06-16,signal_horizon,9,0,ADP,short,-0.05,0.05,equal_weight,1.0,-0.05,0.0027927219961988,Information Technology,,
2025-06-02,2025-06-03,2025-06-16,signal_horizon,9,0,WMB,short,-0.05,0.05,equal_weight,1.0,-0.05,0.0028080870637176,Energy,,
2025-06-02,2025-06-03,2025-06-16,signal_horizon,9,0,LIN,short,-0.05,0.05,equal_weight,1.0,-0.05,0.0028255543461133,Materials,,
2025-06-02,2025-06-03,2025-06-16,signal_horizon,9,0,ADSK,short,-0.05,0.05,equal_weight,1.0,-0.05,0.0029304868540996,Information Technology,,
2025-06-02,2025-06-03,2025-06-16,signal_horizon,9,0,NOW,short,-0.05,0.05,equal_weight,1.0,-0.05,0.0030635678360603,Information Technology,,
2025-06-02,2025-06-03,2025-06-16,signal_horizon,9,0,SHW,short,-0.05,0.05,equal_weight,1.0,-0.05,0.003218706308082,Materials,,
2025-06-02,2025-06-03,2025-06-16,signal_horizon,9,0,CRM,short,-0.05,0.05,equal_weight,1.0,-0.05,0.003311321676617,Information Technology,,
2025-06-02,2025-06-03,2025-06-16,signal_horizon,9,0,NFLX,short,-0.05,0.05,equal_weight,1.0,-0.05,0.0033724318339992,Communication Services,,
2025-06-02,2025-06-03,2025-06-16,signal_horizon,9,0,CSCO,short,-0.05,0.05,equal_weight,1.0,-0.05,0.0033860697739278,Information Technology,,
2025-06-02,2025-06-03,2025-06-16,signal_horizon,9,0,ACN,short,-0.05,0.05,equal_weight,1.0,-0.05,0.0034846578709749,Information Technology,,
2025-06-16,2025-06-17,2025-07-01,signal_horizon,9,0,XYZ,long,0.05,0.05,equal_weight,1.0,0.05,0.0127854110414547,Financials,,
2025-06-16,2025-06-17,2025-07-01,signal_horizon,9,0,WBD,long,0.05,0.05,equal_weight,1.0,0.05,0.0122143223839144,Communication Services,,
2025-06-16,2025-06-17,2025-07-01,signal_horizon,9,0,NUE,long,0.05,0.05,equal_weight,1.0,0.05,0.0111277777256544,Materials,,
2025-06-16,2025-06-17,2025-07-01,signal_horizon,9,0,MU,long,0.05,0.05,equal_weight,1.0,0.05,0.0107611032788463,Information Technology,,
2025-06-16,2025-06-17,2025-07-01,signal_horizon,9,0,ORCL,long,0.05,0.05,equal_weight,1.0,0.05,0.0105307394430385,Information Technology,,
2025-06-16,2025-06-17,2025-07-01,signal_horizon,9,0,TER,long,0.05,0.05,equal_weight,1.0,0.05,0.010168964501846,Information Technology,,
2025-06-16,2025-06-17,2025-07-01,signal_horizon,9,0,MCHP,long,0.05,0.05,equal_weight,1.0,0.05,0.0100032917900918,Information Technology,,
2025-06-16,2025-06-17,2025-07-01,signal_horizon,9,0,HOOD,long,0.05,0.05,equal_weight,1.0,0.05,0.0099519510592579,Financials,,
2025-06-16,2025-06-17,2025-07-01,signal_horizon,9,0,PLTR,long,0.05,0.05,equal_weight,1.0,0.05,0.0097983736729049,Information Technology,,
2025-06-16,2025-06-17,2025-07-01,signal_horizon,9,0,HAL,long,0.05,0.05,equal_weight,1.0,0.05,0.0096588660023405,Energy,,
2025-06-16,2025-06-17,2025-07-01,signal_horizon,9,0,NEM,long,0.05,0.05,equal_weight,1.0,0.05,0.0096096956956515,Unknown,,
2025-06-16,2025-06-17,2025-07-01,signal_horizon,9,0,STX,long,0.05,0.05,equal_weight,1.0,0.05,0.0090703958404743,Information Technology,,
2025-06-16,2025-06-17,2025-07-01,signal_horizon,9,0,HSY,long,0.05,0.05,equal_weight,1.0,0.05,0.0088005869716467,Consumer Staples,,
2025-06-16,2025-06-17,2025-07-01,signal_horizon,9,0,CVNA,long,0.05,0.05,equal_weight,1.0,0.05,0.0086160548425453,Consumer Discretionary,,
2025-06-16,2025-06-17,2025-07-01,signal_horizon,9,0,LITE,long,0.05,0.05,equal_weight,1.0,0.05,0.0085792984686239,Information Technology,,
2025-06-16,2025-06-17,2025-07-01,signal_horizon,9,0,LVS,long,0.05,0.05,equal_weight,1.0,0.05,0.0084287997926494,Consumer Discretionary,,
2025-06-16,2025-06-17,2025-07-01,signal_horizon,9,0,LRCX,long,0.05,0.05,equal_weight,1.0,0.05,0.0080839650138069,Unknown,,
2025-06-16,2025-06-17,2025-07-01,signal_horizon,9,0,LHX,long,0.05,0.05,equal_weight,1.0,0.05,0.0079689961354356,Industrials,,
2025-06-16,2025-06-17,2025-07-01,signal_horizon,9,0,CCL,long,0.05,0.05,equal_weight,1.0,0.05,0.0078565289634417,Consumer Discretionary,,
2025-06-16,2025-06-17,2025-07-01,signal_horizon,9,0,SBUX,long,0.05,0.05,equal_weight,1.0,0.05,0.0078038883601892,Consumer Discretionary,,
2025-06-16,2025-06-17,2025-07-01,signal_horizon,9,0,UNH,short,-0.05,0.05,equal_weight,1.0,-0.05,-0.0081737031860561,Health Care,,
2025-06-16,2025-06-17,2025-07-01,signal_horizon,9,0,NOW,short,-0.05,0.05,equal_weight,1.0,-0.05,-0.0029452284930415,Information Technology,,
2025-06-16,2025-06-17,2025-07-01,signal_horizon,9,0,CRM,short,-0.05,0.05,equal_weight,1.0,-0.05,-0.0025461668265773,Information Technology,,
2025-06-16,2025-06-17,2025-07-01,signal_horizon,9,0,HD,short,-0.05,0.05,equal_weight,1.0,-0.05,-0.0022848249996227,Consumer Discretionary,,
2025-06-16,2025-06-17,2025-07-01,signal_horizon,9,0,MSI,short,-0.05,0.05,equal_weight,1.0,-0.05,-0.0022379167865796,Information Technology,,
2025-06-16,2025-06-17,2025-07-01,signal_horizon,9,0,ADSK,short,-0.05,0.05,equal_weight,1.0,-0.05,-0.0019465114897618,Information Technology,,
2025-06-16,2025-06-17,2025-07-01,signal_horizon,9,0,MSFT,short,-0.05,0.05,equal_weight,1.0,-0.05,-0.001672321299427,Information Technology,,
2025-06-16,2025-06-17,2025-07-01,signal_horizon,9,0,ADBE,short,-0.05,0.05,equal_weight,1.0,-0.05,-0.0016235575312843,Information Technology,,
2025-06-16,2025-06-17,2025-07-01,signal_horizon,9,0,NFLX,short,-0.05,0.05,equal_weight,1.0,-0.05,-0.001484146531806,Communication Services,,
2025-06-16,2025-06-17,2025-07-01,signal_horizon,9,0,FTNT,short,-0.05,0.05,equal_weight,1.0,-0.05,-0.0014686146146846,Information Technology,,
2025-06-16,2025-06-17,2025-07-01,signal_horizon,9,0,ACN,short,-0.05,0.05,equal_weight,1.0,-0.05,-0.0013104527610953,Information Technology,,
2025-06-16,2025-06-17,2025-07-01,signal_horizon,9,0,ISRG,short,-0.05,0.05,equal_weight,1.0,-0.05,-0.001034077703006,Health Care,,
2025-06-16,2025-06-17,2025-07-01,signal_horizon,9,0,UNP,short,-0.05,0.05,equal_weight,1.0,-0.05,-0.0009261624347047,Industrials,,
2025-06-16,2025-06-17,2025-07-01,signal_horizon,9,0,ADP,short,-0.05,0.05,equal_weight,1.0,-0.05,-0.0008769300947886,Information Technology,,
2025-06-16,2025-06-17,2025-07-01,signal_horizon,9,0,AAPL,short,-0.05,0.05,equal_weight,1.0,-0.05,-0.0008448060194585,Information Technology,,
2025-06-16,2025-06-17,2025-07-01,signal_horizon,9,0,HON,short,-0.05,0.05,equal_weight,1.0,-0.05,-0.0008376607728222,Industrials,,
2025-06-16,2025-06-17,2025-07-01,signal_horizon,9,0,CAT,short,-0.05,0.05,equal_weight,1.0,-0.05,-0.0007266741261271,Industrials,,
2025-06-16,2025-06-17,2025-07-01,signal_horizon,9,0,WMT,short,-0.05,0.05,equal_weight,1.0,-0.05,-0.0006014262734852,Consumer Staples,,
2025-06-16,2025-06-17,2025-07-01,signal_horizon,9,0,LIN,short,-0.05,0.05,equal_weight,1.0,-0.05,-0.000559695506271,Materials,,
2025-06-16,2025-06-17,2025-07-01,signal_horizon,9,0,DELL,short,-0.05,0.05,equal_weight,1.0,-0.05,-0.0005549834909559,Unknown,,
2025-07-01,2025-07-02,2025-07-16,signal_horizon,9,0,SATS,long,0.05,0.05,equal_weight,1.0,0.05,0.0246684625239242,Communication Services,,
2025-07-01,2025-07-02,2025-07-16,signal_horizon,9,0,PCG,long,0.05,0.05,equal_weight,1.0,0.05,0.0119407879203448,Utilities,,
2025-07-01,2025-07-02,2025-07-16,signal_horizon,9,0,ORCL,long,0.05,0.05,equal_weight,1.0,0.05,0.0110457815584104,Information Technology,,
2025-07-01,2025-07-02,2025-07-16,signal_horizon,9,0,NUE,long,0.05,0.05,equal_weight,1.0,0.05,0.0104680460121724,Materials,,
2025-07-01,2025-07-02,2025-07-16,signal_horizon,9,0,ADM,long,0.05,0.05,equal_weight,1.0,0.05,0.0102559447982502,Consumer Staples,,
2025-07-01,2025-07-02,2025-07-16,signal_horizon,9,0,NEM,long,0.05,0.05,equal_weight,1.0,0.05,0.0098442299609447,Unknown,,
2025-07-01,2025-07-02,2025-07-16,signal_horizon,9,0,PLTR,long,0.05,0.05,equal_weight,1.0,0.05,0.0098067637829112,Information Technology,,
2025-07-01,2025-07-02,2025-07-16,signal_horizon,9,0,HOOD,long,0.05,0.05,equal_weight,1.0,0.05,0.0088695497632354,Financials,,
2025-07-01,2025-07-02,2025-07-16,signal_horizon,9,0,TSLA,long,0.05,0.05,equal_weight,1.0,0.05,0.0088595760726804,Consumer Discretionary,,
2025-07-01,2025-07-02,2025-07-16,signal_horizon,9,0,CIEN,long,0.05,0.05,equal_weight,1.0,0.05,0.0087269178860499,Information Technology,,
2025-07-01,2025-07-02,2025-07-16,signal_horizon,9,0,VRT,long,0.05,0.05,equal_weight,1.0,0.05,0.0086421009993932,Industrials,,
2025-07-01,2025-07-02,2025-07-16,signal_horizon,9,0,AMD,long,0.05,0.05,equal_weight,1.0,0.05,0.0084438833623253,Information Technology,,
2025-07-01,2025-07-02,2025-07-16,signal_horizon,9,0,LITE,long,0.05,0.05,equal_weight,1.0,0.05,0.0083559544799507,Information Technology,,
2025-07-01,2025-07-02,2025-07-16,signal_horizon,9,0,HAL,long,0.05,0.05,equal_weight,1.0,0.05,0.0079520360394953,Energy,,
2025-07-01,2025-07-02,2025-07-16,signal_horizon,9,0,ANET,long,0.05,0.05,equal_weight,1.0,0.05,0.0079437648126462,Information Technology,,
2025-07-01,2025-07-02,2025-07-16,signal_horizon,9,0,SNDK,long,0.05,0.05,equal_weight,1.0,0.05,0.0079272504706088,Information Technology,,
2025-07-01,2025-07-02,2025-07-16,signal_horizon,9,0,TPL,long,0.05,0.05,equal_weight,1.0,0.05,0.0078697714561407,Energy,,
2025-07-01,2025-07-02,2025-07-16,signal_horizon,9,0,COHR,long,0.05,0.05,equal_weight,1.0,0.05,0.0078258351837204,Information Technology,,
2025-07-01,2025-07-02,2025-07-16,signal_horizon,9,0,COIN,long,0.05,0.05,equal_weight,1.0,0.05,0.007600400736269,Financials,,
2025-07-01,2025-07-02,2025-07-16,signal_horizon,9,0,LVS,long,0.05,0.05,equal_weight,1.0,0.05,0.0075069763652155,Consumer Discretionary,,
2025-07-01,2025-07-02,2025-07-16,signal_horizon,9,0,INTU,short,-0.05,0.05,equal_weight,1.0,-0.05,-0.0040058870966987,Information Technology,,
2025-07-01,2025-07-02,2025-07-16,signal_horizon,9,0,CVX,short,-0.05,0.05,equal_weight,1.0,-0.05,-0.003921365808419,Energy,,
2025-07-01,2025-07-02,2025-07-16,signal_horizon,9,0,HLT,short,-0.05,0.05,equal_weight,1.0,-0.05,-0.003726884380452,Consumer Discretionary,,
2025-07-01,2025-07-02,2025-07-16,signal_horizon,9,0,ABBV,short,-0.05,0.05,equal_weight,1.0,-0.05,-0.0035108872299062,Health Care,,
2025-07-01,2025-07-02,2025-07-16,signal_horizon,9,0,EQIX,short,-0.05,0.05,equal_weight,1.0,-0.05,-0.0034848978195448,Unknown,,
2025-07-01,2025-07-02,2025-07-16,signal_horizon,9,0,MSFT,short,-0.05,0.05,equal_weight,1.0,-0.05,-0.0034767826926981,Information Technology,,
2025-07-01,2025-07-02,2025-07-16,signal_horizon,9,0,TT,short,-0.05,0.05,equal_weight,1.0,-0.05,-0.0034171753021493,Industrials,,
2025-07-01,2025-07-02,2025-07-16,signal_horizon,9,0,CRM,short,-0.05,0.05,equal_weight,1.0,-0.05,-0.0033384508959183,Information Technology,,
2025-07-01,2025-07-02,2025-07-16,signal_horizon,9,0,AMZN,short,-0.05,0.05,equal_weight,1.0,-0.05,-0.0031768366932492,Consumer Discretionary,,
2025-07-01,2025-07-02,2025-07-16,signal_horizon,9,0,AAPL,short,-0.05,0.05,equal_weight,1.0,-0.05,-0.0028269467294454,Information Technology,,
2025-07-01,2025-07-02,2025-07-16,signal_horizon,9,0,WDAY,short,-0.05,0.05,equal_weight,1.0,-0.05,-0.0028136667140601,Information Technology,,
2025-07-01,2025-07-02,2025-07-16,signal_horizon,9,0,CME,short,-0.05,0.05,equal_weight,1.0,-0.05,-0.0026288691714483,Unknown,,
2025-07-01,2025-07-02,2025-07-16,signal_horizon,9,0,MPC,short,-0.05,0.05,equal_weight,1.0,-0.05,-0.0024483661610696,Energy,,
2025-07-01,2025-07-02,2025-07-16,signal_horizon,9,0,CSCO,short,-0.05,0.05,equal_weight,1.0,-0.05,-0.0024064682421398,Information Technology,,
2025-07-01,2025-07-02,2025-07-16,signal_horizon,9,0,PEP,short,-0.05,0.05,equal_weight,1.0,-0.05,-0.0023622057346924,Consumer Staples,,
2025-07-01,2025-07-02,2025-07-16,signal_horizon,9,0,DIS,short,-0.05,0.05,equal_weight,1.0,-0.05,-0.002246352710329,Communication Services,,
2025-07-01,2025-07-02,2025-07-16,signal_horizon,9,0,ADSK,short,-0.05,0.05,equal_weight,1.0,-0.05,-0.0022380051907847,Information Technology,,
2025-07-01,2025-07-02,2025-07-16,signal_horizon,9,0,GOOG,short,-0.05,0.05,equal_weight,1.0,-0.05,-0.0020369326888383,Communication Services,,
2025-07-01,2025-07-02,2025-07-16,signal_horizon,9,0,SCHW,short,-0.05,0.05,equal_weight,1.0,-0.05,-0.0019447342880806,Financials,,
2025-07-01,2025-07-02,2025-07-16,signal_horizon,9,0,CDNS,short,-0.05,0.05,equal_weight,1.0,-0.05,-0.0019204821580912,Information Technology,,
2025-07-16,2025-07-17,2025-07-30,signal_horizon,9,0,SATS,long,0.05,0.05,equal_weight,1.0,0.05,0.0193658892432768,Communication Services,,
2025-07-16,2025-07-17,2025-07-30,signal_horizon,9,0,ANET,long,0.05,0.05,equal_weight,1.0,0.05,0.0114294791316231,Information Technology,,
2025-07-16,2025-07-17,2025-07-30,signal_horizon,9,0,EQIX,long,0.05,0.05,equal_weight,1.0,0.05,0.0110213829814632,Unknown,,
2025-07-16,2025-07-17,2025-07-30,signal_horizon,9,0,LVS,long,0.05,0.05,equal_weight,1.0,0.05,0.010818435089319,Consumer Discretionary,,
2025-07-16,2025-07-17,2025-07-30,signal_horizon,9,0,COIN,long,0.05,0.05,equal_weight,1.0,0.05,0.0107880052478571,Financials,,
2025-07-16,2025-07-17,2025-07-30,signal_horizon,9,0,DAL,long,0.05,0.05,equal_weight,1.0,0.05,0.0107703912360252,Industrials,,
2025-07-16,2025-07-17,2025-07-30,signal_horizon,9,0,HPE,long,0.05,0.05,equal_weight,1.0,0.05,0.0102906805554948,Information Technology,,
2025-07-16,2025-07-17,2025-07-30,signal_horizon,9,0,COHR,long,0.05,0.05,equal_weight,1.0,0.05,0.010083976747142,Information Technology,,
2025-07-16,2025-07-17,2025-07-30,signal_horizon,9,0,NKE,long,0.05,0.05,equal_weight,1.0,0.05,0.0096976691697455,Consumer Discretionary,,
2025-07-16,2025-07-17,2025-07-30,signal_horizon,9,0,HOOD,long,0.05,0.05,equal_weight,1.0,0.05,0.0093708557247497,Financials,,
2025-07-16,2025-07-17,2025-07-30,signal_horizon,9,0,CIEN,long,0.05,0.05,equal_weight,1.0,0.05,0.0080639521682364,Information Technology,,
2025-07-16,2025-07-17,2025-07-30,signal_horizon,9,0,INTC,long,0.05,0.05,equal_weight,1.0,0.05,0.0079612850827603,Information Technology,,
2025-07-16,2025-07-17,2025-07-30,signal_horizon,9,0,ELV,long,0.05,0.05,equal_weight,1.0,0.05,0.0078681599985656,Health Care,,
2025-07-16,2025-07-17,2025-07-30,signal_horizon,9,0,UBER,long,0.05,0.05,equal_weight,1.0,0.05,0.0077862620919772,Industrials,,
2025-07-16,2025-07-17,2025-07-30,signal_horizon,9,0,HAL,long,0.05,0.05,equal_weight,1.0,0.05,0.0077522046743333,Energy,,
2025-07-16,2025-07-17,2025-07-30,signal_horizon,9,0,CCL,long,0.05,0.05,equal_weight,1.0,0.05,0.0073957398142085,Consumer Discretionary,,
2025-07-16,2025-07-17,2025-07-30,signal_horizon,9,0,A,long,0.05,0.05,equal_weight,1.0,0.05,0.0071800667688021,Health Care,,
2025-07-16,2025-07-17,2025-07-30,signal_horizon,9,0,HSY,long,0.05,0.05,equal_weight,1.0,0.05,0.0071155147156554,Consumer Staples,,
2025-07-16,2025-07-17,2025-07-30,signal_horizon,9,0,PAYX,long,0.05,0.05,equal_weight,1.0,0.05,0.0070821484397342,Industrials,,
2025-07-16,2025-07-17,2025-07-30,signal_horizon,9,0,CEG,long,0.05,0.05,equal_weight,1.0,0.05,0.0069145104386988,Unknown,,
2025-07-16,2025-07-17,2025-07-30,signal_horizon,9,0,INTU,short,-0.05,0.05,equal_weight,1.0,-0.05,-0.0039958882746432,Information Technology,,
2025-07-16,2025-07-17,2025-07-30,signal_horizon,9,0,MSFT,short,-0.05,0.05,equal_weight,1.0,-0.05,-0.0032368180401372,Information Technology,,
2025-07-16,2025-07-17,2025-07-30,signal_horizon,9,0,CME,short,-0.05,0.05,equal_weight,1.0,-0.05,-0.0032078388978145,Unknown,,
2025-07-16,2025-07-17,2025-07-30,signal_horizon,9,0,QCOM,short,-0.05,0.05,equal_weight,1.0,-0.05,-0.0028169821474209,Information Technology,,
2025-07-16,2025-07-17,2025-07-30,signal_horizon,9,0,XOM,short,-0.05,0.05,equal_weight,1.0,-0.05,-0.0026548159496824,Energy,,
2025-07-16,2025-07-17,2025-07-30,signal_horizon,9,0,LIN,short,-0.05,0.05,equal_weight,1.0,-0.05,-0.0026513164465517,Materials,,
2025-07-16,2025-07-17,2025-07-30,signal_horizon,9,0,AON,short,-0.05,0.05,equal_weight,1.0,-0.05,-0.0025825189930766,Financials,,
2025-07-16,2025-07-17,2025-07-30,signal_horizon,9,0,CSCO,short,-0.05,0.05,equal_weight,1.0,-0.05,-0.0025544428544607,Information Technology,,
2025-07-16,2025-07-17,2025-07-30,signal_horizon,9,0,CVX,short,-0.05,0.05,equal_weight,1.0,-0.05,-0.0025393750322569,Energy,,
2025-07-16,2025-07-17,2025-07-30,signal_horizon,9,0,UNP,short,-0.05,0.05,equal_weight,1.0,-0.05,-0.0024436431761955,Industrials,,
2025-07-16,2025-07-17,2025-07-30,signal_horizon,9,0,SBUX,short,-0.05,0.05,equal_weight,1.0,-0.05,-0.0023364724003871,Consumer Discretionary,,
2025-07-16,2025-07-17,2025-07-30,signal_horizon,9,0,GOOG,short,-0.05,0.05,equal_weight,1.0,-0.05,-0.0023228203968707,Communication Services,,
2025-07-16,2025-07-17,2025-07-30,signal_horizon,9,0,GOOGL,short,-0.05,0.05,equal_weight,1.0,-0.05,-0.0020615929521831,Communication Services,,
2025-07-16,2025-07-17,2025-07-30,signal_horizon,9,0,AMZN,short,-0.05,0.05,equal_weight,1.0,-0.05,-0.0019132533898213,Consumer Discretionary,,
2025-07-16,2025-07-17,2025-07-30,signal_horizon,9,0,MCD,short,-0.05,0.05,equal_weight,1.0,-0.05,-0.001504617097064,Consumer Discretionary,,
2025-07-16,2025-07-17,2025-07-30,signal_horizon,9,0,WELL,short,-0.05,0.05,equal_weight,1.0,-0.05,-0.0014701340767893,Real Estate,,
2025-07-16,2025-07-17,2025-07-30,signal_horizon,9,0,IBM,short,-0.05,0.05,equal_weight,1.0,-0.05,-0.0013785544862995,Information Technology,,
2025-07-16,2025-07-17,2025-07-30,signal_horizon,9,0,RTX,short,-0.05,0.05,equal_weight,1.0,-0.05,-0.0012352221947024,Industrials,,
2025-07-16,2025-07-17,2025-07-30,signal_horizon,9,0,ABBV,short,-0.05,0.05,equal_weight,1.0,-0.05,-0.001058275965137,Health Care,,
2025-07-16,2025-07-17,2025-07-30,signal_horizon,9,0,AJG,short,-0.05,0.05,equal_weight,1.0,-0.05,-0.0010277717148296,Financials,,
2025-07-30,2025-07-31,2025-08-13,signal_horizon,9,0,FIX,long,0.05,0.05,equal_weight,1.0,0.05,0.0186092759674539,Industrials,,
2025-07-30,2025-07-31,2025-08-13,signal_horizon,9,0,ELV,long,0.05,0.05,equal_weight,1.0,0.05,0.0162220356648166,Health Care,,
2025-07-30,2025-07-31,2025-08-13,signal_horizon,9,0,TEL,long,0.05,0.05,equal_weight,1.0,0.05,0.0129208269366067,Information Technology,,
2025-07-30,2025-07-31,2025-08-13,signal_horizon,9,0,TSLA,long,0.05,0.05,equal_weight,1.0,0.05,0.0124370246675755,Consumer Discretionary,,
2025-07-30,2025-07-31,2025-08-13,signal_horizon,9,0,BKR,long,0.05,0.05,equal_weight,1.0,0.05,0.0117042698780836,Energy,,
2025-07-30,2025-07-31,2025-08-13,signal_horizon,9,0,DHI,long,0.05,0.05,equal_weight,1.0,0.05,0.0116865651800109,Consumer Discretionary,,
2025-07-30,2025-07-31,2025-08-13,signal_horizon,9,0,SATS,long,0.05,0.05,equal_weight,1.0,0.05,0.0110697739064388,Communication Services,,
2025-07-30,2025-07-31,2025-08-13,signal_horizon,9,0,CIEN,long,0.05,0.05,equal_weight,1.0,0.05,0.0101227713816811,Information Technology,,
2025-07-30,2025-07-31,2025-08-13,signal_horizon,9,0,GEV,long,0.05,0.05,equal_weight,1.0,0.05,0.0094577317602303,Industrials,,
2025-07-30,2025-07-31,2025-08-13,signal_horizon,9,0,AXON,long,0.05,0.05,equal_weight,1.0,0.05,0.0087702916541546,Industrials,,
2025-07-30,2025-07-31,2025-08-13,signal_horizon,9,0,COIN,long,0.05,0.05,equal_weight,1.0,0.05,0.0086356721401755,Financials,,
2025-07-30,2025-07-31,2025-08-13,signal_horizon,9,0,LITE,long,0.05,0.05,equal_weight,1.0,0.05,0.0084604005006988,Information Technology,,
2025-07-30,2025-07-31,2025-08-13,signal_horizon,9,0,NOC,long,0.05,0.05,equal_weight,1.0,0.05,0.0084516865701074,Unknown,,
2025-07-30,2025-07-31,2025-08-13,signal_horizon,9,0,WDAY,long,0.05,0.05,equal_weight,1.0,0.05,0.0082822805359784,Information Technology,,
2025-07-30,2025-07-31,2025-08-13,signal_horizon,9,0,FTNT,long,0.05,0.05,equal_weight,1.0,0.05,0.0082433251918287,Information Technology,,
2025-07-30,2025-07-31,2025-08-13,signal_horizon,9,0,PCG,long,0.05,0.05,equal_weight,1.0,0.05,0.0081869955676617,Utilities,,
2025-07-30,2025-07-31,2025-08-13,signal_horizon,9,0,HSY,long,0.05,0.05,equal_weight,1.0,0.05,0.0081431793281014,Consumer Staples,,
2025-07-30,2025-07-31,2025-08-13,signal_horizon,9,0,HOOD,long,0.05,0.05,equal_weight,1.0,0.05,0.0080605045973193,Financials,,
2025-07-30,2025-07-31,2025-08-13,signal_horizon,9,0,ACGL,long,0.05,0.05,equal_weight,1.0,0.05,0.0079709525972919,Financials,,
2025-07-30,2025-07-31,2025-08-13,signal_horizon,9,0,APP,long,0.05,0.05,equal_weight,1.0,0.05,0.0078963140891642,Information Technology,,
2025-07-30,2025-07-31,2025-08-13,signal_horizon,9,0,UNP,short,-0.05,0.05,equal_weight,1.0,-0.05,-0.0036730264894316,Industrials,,
2025-07-30,2025-07-31,2025-08-13,signal_horizon,9,0,CVX,short,-0.05,0.05,equal_weight,1.0,-0.05,-0.0034312623356212,Energy,,
2025-07-30,2025-07-31,2025-08-13,signal_horizon,9,0,IBM,short,-0.05,0.05,equal_weight,1.0,-0.05,-0.0033574604821958,Information Technology,,
2025-07-30,2025-07-31,2025-08-13,signal_horizon,9,0,XOM,short,-0.05,0.05,equal_weight,1.0,-0.05,-0.0024451433186621,Energy,,
2025-07-30,2025-07-31,2025-08-13,signal_horizon,9,0,HON,short,-0.05,0.05,equal_weight,1.0,-0.05,-0.0022093378390283,Industrials,,
2025-07-30,2025-07-31,2025-08-13,signal_horizon,9,0,NSC,short,-0.05,0.05,equal_weight,1.0,-0.05,-0.0022014963936658,Industrials,,
2025-07-30,2025-07-31,2025-08-13,signal_horizon,9,0,COST,short,-0.05,0.05,equal_weight,1.0,-0.05,-0.0021219581457441,Consumer Staples,,
2025-07-30,2025-07-31,2025-08-13,signal_horizon,9,0,KLAC,short,-0.05,0.05,equal_weight,1.0,-0.05,-0.002117618951067,Information Technology,,
2025-07-30,2025-07-31,2025-08-13,signal_horizon,9,0,ORCL,short,-0.05,0.05,equal_weight,1.0,-0.05,-0.0017277031295362,Information Technology,,
2025-07-30,2025-07-31,2025-08-13,signal_horizon,9,0,GS,short,-0.05,0.05,equal_weight,1.0,-0.05,-0.0016495773843755,Financials,,
2025-07-30,2025-07-31,2025-08-13,signal_horizon,9,0,MSFT,short,-0.05,0.05,equal_weight,1.0,-0.05,-0.0015800059649237,Information Technology,,
2025-07-30,2025-07-31,2025-08-13,signal_horizon,9,0,COF,short,-0.05,0.05,equal_weight,1.0,-0.05,-0.0014457536577178,Unknown,,
2025-07-30,2025-07-31,2025-08-13,signal_horizon,9,0,AMZN,short,-0.05,0.05,equal_weight,1.0,-0.05,-0.0012414522956047,Consumer Discretionary,,
2025-07-30,2025-07-31,2025-08-13,signal_horizon,9,0,MCO,short,-0.05,0.05,equal_weight,1.0,-0.05,-0.0012292598398664,Financials,,
2025-07-30,2025-07-31,2025-08-13,signal_horizon,9,0,BAC,short,-0.05,0.05,equal_weight,1.0,-0.05,-0.0009716384983167,Financials,,
2025-07-30,2025-07-31,2025-08-13,signal_horizon,9,0,JPM,short,-0.05,0.05,equal_weight,1.0,-0.05,-0.0009613207765323,Financials,,
2025-07-30,2025-07-31,2025-08-13,signal_horizon,9,0,BRK-B,short,-0.05,0.05,equal_weight,1.0,-0.05,-0.0008376992237406,Financials,,
2025-07-30,2025-07-31,2025-08-13,signal_horizon,9,0,ICE,short,-0.05,0.05,equal_weight,1.0,-0.05,-0.0008158563435247,Financials,,
2025-07-30,2025-07-31,2025-08-13,signal_horizon,9,0,MS,short,-0.05,0.05,equal_weight,1.0,-0.05,-0.0007945228854151,Financials,,
2025-07-30,2025-07-31,2025-08-13,signal_horizon,9,0,AAPL,short,-0.05,0.05,equal_weight,1.0,-0.05,-0.0006100255048288,Information Technology,,
2025-08-13,2025-08-14,2025-08-27,signal_horizon,9,0,FIX,long,0.05,0.05,equal_weight,1.0,0.05,0.0167396093352794,Industrials,,
2025-08-13,2025-08-14,2025-08-27,signal_horizon,9,0,APP,long,0.05,0.05,equal_weight,1.0,0.05,0.015960869307663,Information Technology,,
2025-08-13,2025-08-14,2025-08-27,signal_horizon,9,0,IDXX,long,0.05,0.05,equal_weight,1.0,0.05,0.0135712896101681,Health Care,,
2025-08-13,2025-08-14,2025-08-27,signal_horizon,9,0,EBAY,long,0.05,0.05,equal_weight,1.0,0.05,0.0098713059648576,Consumer Discretionary,,
2025-08-13,2025-08-14,2025-08-27,signal_horizon,9,0,AXON,long,0.05,0.05,equal_weight,1.0,0.05,0.0097644088177253,Industrials,,
2025-08-13,2025-08-14,2025-08-27,signal_horizon,9,0,DHI,long,0.05,0.05,equal_weight,1.0,0.05,0.0090425901859039,Consumer Discretionary,,
2025-08-13,2025-08-14,2025-08-27,signal_horizon,9,0,OTIS,long,0.05,0.05,equal_weight,1.0,0.05,0.0089761268340751,Industrials,,
2025-08-13,2025-08-14,2025-08-27,signal_horizon,9,0,TER,long,0.05,0.05,equal_weight,1.0,0.05,0.0086867027468499,Information Technology,,
2025-08-13,2025-08-14,2025-08-27,signal_horizon,9,0,GLW,long,0.05,0.05,equal_weight,1.0,0.05,0.008603201436771,Information Technology,,
2025-08-13,2025-08-14,2025-08-27,signal_horizon,9,0,GEV,long,0.05,0.05,equal_weight,1.0,0.05,0.008546905206835,Industrials,,
2025-08-13,2025-08-14,2025-08-27,signal_horizon,9,0,NRG,long,0.05,0.05,equal_weight,1.0,0.05,0.0084485156350713,Utilities,,
2025-08-13,2025-08-14,2025-08-27,signal_horizon,9,0,EQT,long,0.05,0.05,equal_weight,1.0,0.05,0.0079597724102554,Energy,,
2025-08-13,2025-08-14,2025-08-27,signal_horizon,9,0,CI,long,0.05,0.05,equal_weight,1.0,0.05,0.0074020957956672,Health Care,,
2025-08-13,2025-08-14,2025-08-27,signal_horizon,9,0,TSLA,long,0.05,0.05,equal_weight,1.0,0.05,0.0073015980372609,Consumer Discretionary,,
2025-08-13,2025-08-14,2025-08-27,signal_horizon,9,0,EA,long,0.05,0.05,equal_weight,1.0,0.05,0.0072272040833242,Communication Services,,
2025-08-13,2025-08-14,2025-08-27,signal_horizon,9,0,TPL,long,0.05,0.05,equal_weight,1.0,0.05,0.0071034739007917,Energy,,
2025-08-13,2025-08-14,2025-08-27,signal_horizon,9,0,PCG,long,0.05,0.05,equal_weight,1.0,0.05,0.0068591168644519,Utilities,,
2025-08-13,2025-08-14,2025-08-27,signal_horizon,9,0,CARR,long,0.05,0.05,equal_weight,1.0,0.05,0.0068198350155988,Industrials,,
2025-08-13,2025-08-14,2025-08-27,signal_horizon,9,0,HCA,long,0.05,0.05,equal_weight,1.0,0.05,0.006775530925275,Unknown,,
2025-08-13,2025-08-14,2025-08-27,signal_horizon,9,0,NEM,long,0.05,0.05,equal_weight,1.0,0.05,0.0067487090771979,Unknown,,
2025-08-13,2025-08-14,2025-08-27,signal_horizon,9,0,CVX,short,-0.05,0.05,equal_weight,1.0,-0.05,-0.005058280850767,Energy,,
2025-08-13,2025-08-14,2025-08-27,signal_horizon,9,0,MSFT,short,-0.05,0.05,equal_weight,1.0,-0.05,-0.0045941512860582,Information Technology,,
2025-08-13,2025-08-14,2025-08-27,signal_horizon,9,0,CAT,short,-0.05,0.05,equal_weight,1.0,-0.05,-0.0039347861198169,Industrials,,
2025-08-13,2025-08-14,2025-08-27,signal_horizon,9,0,XOM,short,-0.05,0.05,equal_weight,1.0,-0.05,-0.0031014881562234,Energy,,
2025-08-13,2025-08-14,2025-08-27,signal_horizon,9,0,REGN,short,-0.05,0.05,equal_weight,1.0,-0.05,-0.0028538084744727,Health Care,,
2025-08-13,2025-08-14,2025-08-27,signal_horizon,9,0,GS,short,-0.05,0.05,equal_weight,1.0,-0.05,-0.0026757520058116,Financials,,
2025-08-13,2025-08-14,2025-08-27,signal_horizon,9,0,EMR,short,-0.05,0.05,equal_weight,1.0,-0.05,-0.0026275670539875,Industrials,,
2025-08-13,2025-08-14,2025-08-27,signal_horizon,9,0,BA,short,-0.05,0.05,equal_weight,1.0,-0.05,-0.0024608316150496,Industrials,,
2025-08-13,2025-08-14,2025-08-27,signal_horizon,9,0,NSC,short,-0.05,0.05,equal_weight,1.0,-0.05,-0.0023339105948339,Industrials,,
2025-08-13,2025-08-14,2025-08-27,signal_horizon,9,0,AMAT,short,-0.05,0.05,equal_weight,1.0,-0.05,-0.0021485526684919,Information Technology,,
2025-08-13,2025-08-14,2025-08-27,signal_horizon,9,0,TDG,short,-0.05,0.05,equal_weight,1.0,-0.05,-0.0021059003530591,Industrials,,
2025-08-13,2025-08-14,2025-08-27,signal_horizon,9,0,BLK,short,-0.05,0.05,equal_weight,1.0,-0.05,-0.0019752386452493,Financials,,
2025-08-13,2025-08-14,2025-08-27,signal_horizon,9,0,NKE,short,-0.05,0.05,equal_weight,1.0,-0.05,-0.0018888769639783,Consumer Discretionary,,
2025-08-13,2025-08-14,2025-08-27,signal_horizon,9,0,UNP,short,-0.05,0.05,equal_weight,1.0,-0.05,-0.0017214879374269,Industrials,,
2025-08-13,2025-08-14,2025-08-27,signal_horizon,9,0,MA,short,-0.05,0.05,equal_weight,1.0,-0.05,-0.0016161110719916,Financials,,
2025-08-13,2025-08-14,2025-08-27,signal_horizon,9,0,STX,short,-0.05,0.05,equal_weight,1.0,-0.05,-0.0015801146668899,Information Technology,,
2025-08-13,2025-08-14,2025-08-27,signal_horizon,9,0,DDOG,short,-0.05,0.05,equal_weight,1.0,-0.05,-0.0015142266668854,Information Technology,,
2025-08-13,2025-08-14,2025-08-27,signal_horizon,9,0,CSCO,short,-0.05,0.05,equal_weight,1.0,-0.05,-0.0014750022030235,Information Technology,,
2025-08-13,2025-08-14,2025-08-27,signal_horizon,9,0,LHX,short,-0.05,0.05,equal_weight,1.0,-0.05,-0.0014306321474519,Industrials,,
2025-08-13,2025-08-14,2025-08-27,signal_horizon,9,0,JPM,short,-0.05,0.05,equal_weight,1.0,-0.05,-0.0014017617964393,Financials,,
2025-08-27,2025-08-28,2025-09-11,signal_horizon,9,0,SATS,long,0.05,0.05,equal_weight,1.0,0.05,0.0249425133815737,Communication Services,,
2025-08-27,2025-08-28,2025-09-11,signal_horizon,9,0,ANET,long,0.05,0.05,equal_weight,1.0,0.05,0.0131729387083909,Information Technology,,
2025-08-27,2025-08-28,2025-09-11,signal_horizon,9,0,IDXX,long,0.05,0.05,equal_weight,1.0,0.05,0.0130345763123503,Health Care,,
2025-08-27,2025-08-28,2025-09-11,signal_horizon,9,0,SNDK,long,0.05,0.05,equal_weight,1.0,0.05,0.012971954133307,Information Technology,,
2025-08-27,2025-08-28,2025-09-11,signal_horizon,9,0,EBAY,long,0.05,0.05,equal_weight,1.0,0.05,0.0128461247815906,Consumer Discretionary,,
2025-08-27,2025-08-28,2025-09-11,signal_horizon,9,0,APP,long,0.05,0.05,equal_weight,1.0,0.05,0.0117059580982331,Information Technology,,
2025-08-27,2025-08-28,2025-09-11,signal_horizon,9,0,INTC,long,0.05,0.05,equal_weight,1.0,0.05,0.0115569551710605,Information Technology,,
2025-08-27,2025-08-28,2025-09-11,signal_horizon,9,0,UNH,long,0.05,0.05,equal_weight,1.0,0.05,0.0114086685842794,Health Care,,
2025-08-27,2025-08-28,2025-09-11,signal_horizon,9,0,ADM,long,0.05,0.05,equal_weight,1.0,0.05,0.0113044176625098,Consumer Staples,,
2025-08-27,2025-08-28,2025-09-11,signal_horizon,9,0,DAL,long,0.05,0.05,equal_weight,1.0,0.05,0.010887595609641,Industrials,,
2025-08-27,2025-08-28,2025-09-11,signal_horizon,9,0,MPWR,long,0.05,0.05,equal_weight,1.0,0.05,0.0105461413164888,Information Technology,,
2025-08-27,2025-08-28,2025-09-11,signal_horizon,9,0,AXON,long,0.05,0.05,equal_weight,1.0,0.05,0.0104849868628149,Industrials,,
2025-08-27,2025-08-28,2025-09-11,signal_horizon,9,0,CRH,long,0.05,0.05,equal_weight,1.0,0.05,0.0096189131325756,Materials,,
2025-08-27,2025-08-28,2025-09-11,signal_horizon,9,0,HCA,long,0.05,0.05,equal_weight,1.0,0.05,0.0085642898161676,Unknown,,
2025-08-27,2025-08-28,2025-09-11,signal_horizon,9,0,MET,long,0.05,0.05,equal_weight,1.0,0.05,0.008388841546055,Financials,,
2025-08-27,2025-08-28,2025-09-11,signal_horizon,9,0,PRU,long,0.05,0.05,equal_weight,1.0,0.05,0.0082908412357646,Financials,,
2025-08-27,2025-08-28,2025-09-11,signal_horizon,9,0,ODFL,long,0.05,0.05,equal_weight,1.0,0.05,0.008290039377614,Industrials,,
2025-08-27,2025-08-28,2025-09-11,signal_horizon,9,0,CVS,long,0.05,0.05,equal_weight,1.0,0.05,0.0082777292789444,Unknown,,
2025-08-27,2025-08-28,2025-09-11,signal_horizon,9,0,MNST,long,0.05,0.05,equal_weight,1.0,0.05,0.0081667793648894,Consumer Staples,,
2025-08-27,2025-08-28,2025-09-11,signal_horizon,9,0,FTNT,long,0.05,0.05,equal_weight,1.0,0.05,0.0081445551243439,Information Technology,,
2025-08-27,2025-08-28,2025-09-11,signal_horizon,9,0,INTU,short,-0.05,0.05,equal_weight,1.0,-0.05,-0.0046628796830293,Information Technology,,
2025-08-27,2025-08-28,2025-09-11,signal_horizon,9,0,CMG,short,-0.05,0.05,equal_weight,1.0,-0.05,-0.0039868035207386,Consumer Discretionary,,
2025-08-27,2025-08-28,2025-09-11,signal_horizon,9,0,TGT,short,-0.05,0.05,equal_weight,1.0,-0.05,-0.0029766110189292,Unknown,,
2025-08-27,2025-08-28,2025-09-11,signal_horizon,9,0,SNPS,short,-0.05,0.05,equal_weight,1.0,-0.05,-0.0028058253256416,Information Technology,,
2025-08-27,2025-08-28,2025-09-11,signal_horizon,9,0,VZ,short,-0.05,0.05,equal_weight,1.0,-0.05,-0.0025564618830075,Communication Services,,
2025-08-27,2025-08-28,2025-09-11,signal_horizon,9,0,LIN,short,-0.05,0.05,equal_weight,1.0,-0.05,-0.0022283544125962,Materials,,
2025-08-27,2025-08-28,2025-09-11,signal_horizon,9,0,TMUS,short,-0.05,0.05,equal_weight,1.0,-0.05,-0.0022106651503367,Communication Services,,
2025-08-27,2025-08-28,2025-09-11,signal_horizon,9,0,MSFT,short,-0.05,0.05,equal_weight,1.0,-0.05,-0.0021633872382806,Information Technology,,
2025-08-27,2025-08-28,2025-09-11,signal_horizon,9,0,ISRG,short,-0.05,0.05,equal_weight,1.0,-0.05,-0.002065120357473,Health Care,,
2025-08-27,2025-08-28,2025-09-11,signal_horizon,9,0,MCD,short,-0.05,0.05,equal_weight,1.0,-0.05,-0.0019753731116924,Consumer Discretionary,,
2025-08-27,2025-08-28,2025-09-11,signal_horizon,9,0,ROP,short,-0.05,0.05,equal_weight,1.0,-0.05,-0.0018339732941213,Information Technology,,
2025-08-27,2025-08-28,2025-09-11,signal_horizon,9,0,JNJ,short,-0.05,0.05,equal_weight,1.0,-0.05,-0.0017705201280851,Health Care,,
2025-08-27,2025-08-28,2025-09-11,signal_horizon,9,0,CVX,short,-0.05,0.05,equal_weight,1.0,-0.05,-0.0016668876987769,Energy,,
2025-08-27,2025-08-28,2025-09-11,signal_horizon,9,0,JPM,short,-0.05,0.05,equal_weight,1.0,-0.05,-0.0016529435222083,Financials,,
2025-08-27,2025-08-28,2025-09-11,signal_horizon,9,0,MDT,short,-0.05,0.05,equal_weight,1.0,-0.05,-0.0015642040024513,Health Care,,
2025-08-27,2025-08-28,2025-09-11,signal_horizon,9,0,DIS,short,-0.05,0.05,equal_weight,1.0,-0.05,-0.0015268280642452,Communication Services,,
2025-08-27,2025-08-28,2025-09-11,signal_horizon,9,0,MA,short,-0.05,0.05,equal_weight,1.0,-0.05,-0.0014526636615765,Financials,,
2025-08-27,2025-08-28,2025-09-11,signal_horizon,9,0,BX,short,-0.05,0.05,equal_weight,1.0,-0.05,-0.0014404876425295,Financials,,
2025-08-27,2025-08-28,2025-09-11,signal_horizon,9,0,CDNS,short,-0.05,0.05,equal_weight,1.0,-0.05,-0.0013506765623721,Information Technology,,
2025-08-27,2025-08-28,2025-09-11,signal_horizon,9,0,CSX,short,-0.05,0.05,equal_weight,1.0,-0.05,-0.0010751236328006,Industrials,,
2025-09-11,2025-09-12,2025-09-25,signal_horizon,9,0,CIEN,long,0.05,0.05,equal_weight,1.0,0.05,0.0179912512178847,Information Technology,,
2025-09-11,2025-09-12,2025-09-25,signal_horizon,9,0,SATS,long,0.05,0.05,equal_weight,1.0,0.05,0.0139112265610103,Communication Services,,
2025-09-11,2025-09-12,2025-09-25,signal_horizon,9,0,KDP,long,0.05,0.05,equal_weight,1.0,0.05,0.0135020790686849,Consumer Staples,,
2025-09-11,2025-09-12,2025-09-25,signal_horizon,9,0,SNDK,long,0.05,0.05,equal_weight,1.0,0.05,0.0133953090619583,Information Technology,,
2025-09-11,2025-09-12,2025-09-25,signal_horizon,9,0,ORCL,long,0.05,0.05,equal_weight,1.0,0.05,0.0131994712568949,Information Technology,,
2025-09-11,2025-09-12,2025-09-25,signal_horizon,9,0,WBD,long,0.05,0.05,equal_weight,1.0,0.05,0.0125628141776035,Communication Services,,
2025-09-11,2025-09-12,2025-09-25,signal_horizon,9,0,COHR,long,0.05,0.05,equal_weight,1.0,0.05,0.0108447387206038,Information Technology,,
2025-09-11,2025-09-12,2025-09-25,signal_horizon,9,0,LITE,long,0.05,0.05,equal_weight,1.0,0.05,0.0103161946827534,Information Technology,,
2025-09-11,2025-09-12,2025-09-25,signal_horizon,9,0,COIN,long,0.05,0.05,equal_weight,1.0,0.05,0.0100044612294647,Financials,,
2025-09-11,2025-09-12,2025-09-25,signal_horizon,9,0,ODFL,long,0.05,0.05,equal_weight,1.0,0.05,0.0088593625617897,Industrials,,
2025-09-11,2025-09-12,2025-09-25,signal_horizon,9,0,CARR,long,0.05,0.05,equal_weight,1.0,0.05,0.0086355959342984,Industrials,,
2025-09-11,2025-09-12,2025-09-25,signal_horizon,9,0,UNH,long,0.05,0.05,equal_weight,1.0,0.05,0.0084953837005964,Health Care,,
2025-09-11,2025-09-12,2025-09-25,signal_horizon,9,0,LRCX,long,0.05,0.05,equal_weight,1.0,0.05,0.0079444648342515,Unknown,,
2025-09-11,2025-09-12,2025-09-25,signal_horizon,9,0,HOOD,long,0.05,0.05,equal_weight,1.0,0.05,0.0078260840142435,Financials,,
2025-09-11,2025-09-12,2025-09-25,signal_horizon,9,0,MU,long,0.05,0.05,equal_weight,1.0,0.05,0.007669166683644,Information Technology,,
2025-09-11,2025-09-12,2025-09-25,signal_horizon,9,0,FCX,long,0.05,0.05,equal_weight,1.0,0.05,0.007399393235937,Materials,,
2025-09-11,2025-09-12,2025-09-25,signal_horizon,9,0,IRM,long,0.05,0.05,equal_weight,1.0,0.05,0.0072693489794838,Real Estate,,
2025-09-11,2025-09-12,2025-09-25,signal_horizon,9,0,STX,long,0.05,0.05,equal_weight,1.0,0.05,0.0071455675748752,Information Technology,,
2025-09-11,2025-09-12,2025-09-25,signal_horizon,9,0,CVNA,long,0.05,0.05,equal_weight,1.0,0.05,0.0071015184335051,Consumer Discretionary,,
2025-09-11,2025-09-12,2025-09-25,signal_horizon,9,0,RCL,long,0.05,0.05,equal_weight,1.0,0.05,0.0070818448315642,Consumer Discretionary,,
2025-09-11,2025-09-12,2025-09-25,signal_horizon,9,0,ANET,short,-0.05,0.05,equal_weight,1.0,-0.05,-0.0037874883869363,Information Technology,,
2025-09-11,2025-09-12,2025-09-25,signal_horizon,9,0,MSFT,short,-0.05,0.05,equal_weight,1.0,-0.05,-0.0033999581712525,Information Technology,,
2025-09-11,2025-09-12,2025-09-25,signal_horizon,9,0,TMUS,short,-0.05,0.05,equal_weight,1.0,-0.05,-0.0033981807995154,Communication Services,,
2025-09-11,2025-09-12,2025-09-25,signal_horizon,9,0,META,short,-0.05,0.05,equal_weight,1.0,-0.05,-0.0033152903125868,Communication Services,,
2025-09-11,2025-09-12,2025-09-25,signal_horizon,9,0,MSI,short,-0.05,0.05,equal_weight,1.0,-0.05,-0.0032836545377763,Information Technology,,
2025-09-11,2025-09-12,2025-09-25,signal_horizon,9,0,PEP,short,-0.05,0.05,equal_weight,1.0,-0.05,-0.0032114756356767,Consumer Staples,,
2025-09-11,2025-09-12,2025-09-25,signal_horizon,9,0,GLW,short,-0.05,0.05,equal_weight,1.0,-0.05,-0.003048529328296,Information Technology,,
2025-09-11,2025-09-12,2025-09-25,signal_horizon,9,0,MA,short,-0.05,0.05,equal_weight,1.0,-0.05,-0.0030028597469479,Financials,,
2025-09-11,2025-09-12,2025-09-25,signal_horizon,9,0,CVX,short,-0.05,0.05,equal_weight,1.0,-0.05,-0.0028784405195602,Energy,,
2025-09-11,2025-09-12,2025-09-25,signal_horizon,9,0,CMI,short,-0.05,0.05,equal_weight,1.0,-0.05,-0.0025306179648556,Industrials,,
2025-09-11,2025-09-12,2025-09-25,signal_horizon,9,0,KVUE,short,-0.05,0.05,equal_weight,1.0,-0.05,-0.0024479172504358,Consumer Staples,,
2025-09-11,2025-09-12,2025-09-25,signal_horizon,9,0,AAPL,short,-0.05,0.05,equal_weight,1.0,-0.05,-0.0024352069297,Information Technology,,
2025-09-11,2025-09-12,2025-09-25,signal_horizon,9,0,JNJ,short,-0.05,0.05,equal_weight,1.0,-0.05,-0.0024281945583199,Health Care,,
2025-09-11,2025-09-12,2025-09-25,signal_horizon,9,0,ROST,short,-0.05,0.05,equal_weight,1.0,-0.05,-0.0023217507978294,Consumer Discretionary,,
2025-09-11,2025-09-12,2025-09-25,signal_horizon,9,0,TEL,short,-0.05,0.05,equal_weight,1.0,-0.05,-0.0022821940900882,Information Technology,,
2025-09-11,2025-09-12,2025-09-25,signal_horizon,9,0,TMO,short,-0.05,0.05,equal_weight,1.0,-0.05,-0.0021619726730876,Health Care,,
2025-09-11,2025-09-12,2025-09-25,signal_horizon,9,0,EME,short,-0.05,0.05,equal_weight,1.0,-0.05,-0.0021009413667943,Industrials,,
2025-09-11,2025-09-12,2025-09-25,signal_horizon,9,0,MO,short,-0.05,0.05,equal_weight,1.0,-0.05,-0.002047664261585,Consumer Staples,,
2025-09-11,2025-09-12,2025-09-25,signal_horizon,9,0,AMD,short,-0.05,0.05,equal_weight,1.0,-0.05,-0.0019248917107142,Information Technology,,
2025-09-11,2025-09-12,2025-09-25,signal_horizon,9,0,NVDA,short,-0.05,0.05,equal_weight,1.0,-0.05,-0.0018902506068508,Information Technology,,
2025-09-25,2025-09-26,2025-10-09,signal_horizon,9,0,SATS,long,0.05,0.05,equal_weight,1.0,0.05,0.0235568774972301,Communication Services,,
2025-09-25,2025-09-26,2025-10-09,signal_horizon,9,0,KVUE,long,0.05,0.05,equal_weight,1.0,0.05,0.0192316366454026,Consumer Staples,,
2025-09-25,2025-09-26,2025-10-09,signal_horizon,9,0,CIEN,long,0.05,0.05,equal_weight,1.0,0.05,0.0159156399774923,Information Technology,,
2025-09-25,2025-09-26,2025-10-09,signal_horizon,9,0,ORCL,long,0.05,0.05,equal_weight,1.0,0.05,0.0145743208016113,Information Technology,,
2025-09-25,2025-09-26,2025-10-09,signal_horizon,9,0,WBD,long,0.05,0.05,equal_weight,1.0,0.05,0.0145633994841997,Communication Services,,
2025-09-25,2025-09-26,2025-10-09,signal_horizon,9,0,INTC,long,0.05,0.05,equal_weight,1.0,0.05,0.0140387615256173,Information Technology,,
2025-09-25,2025-09-26,2025-10-09,signal_horizon,9,0,COHR,long,0.05,0.05,equal_weight,1.0,0.05,0.0133656235720268,Information Technology,,
2025-09-25,2025-09-26,2025-10-09,signal_horizon,9,0,AMAT,long,0.05,0.05,equal_weight,1.0,0.05,0.012877973120211,Information Technology,,
2025-09-25,2025-09-26,2025-10-09,signal_horizon,9,0,COIN,long,0.05,0.05,equal_weight,1.0,0.05,0.0127914578512132,Financials,,
2025-09-25,2025-09-26,2025-10-09,signal_horizon,9,0,SNPS,long,0.05,0.05,equal_weight,1.0,0.05,0.011478370356272,Information Technology,,
2025-09-25,2025-09-26,2025-10-09,signal_horizon,9,0,VRT,long,0.05,0.05,equal_weight,1.0,0.05,0.0114475685854489,Industrials,,
2025-09-25,2025-09-26,2025-10-09,signal_horizon,9,0,LRCX,long,0.05,0.05,equal_weight,1.0,0.05,0.0107316636976879,Unknown,,
2025-09-25,2025-09-26,2025-10-09,signal_horizon,9,0,LITE,long,0.05,0.05,equal_weight,1.0,0.05,0.0104184849392894,Information Technology,,
2025-09-25,2025-09-26,2025-10-09,signal_horizon,9,0,HOOD,long,0.05,0.05,equal_weight,1.0,0.05,0.009822712783387,Financials,,
2025-09-25,2025-09-26,2025-10-09,signal_horizon,9,0,TSLA,long,0.05,0.05,equal_weight,1.0,0.05,0.0097217590158844,Consumer Discretionary,,
2025-09-25,2025-09-26,2025-10-09,signal_horizon,9,0,GEHC,long,0.05,0.05,equal_weight,1.0,0.05,0.0095627846292947,Health Care,,
2025-09-25,2025-09-26,2025-10-09,signal_horizon,9,0,SNDK,long,0.05,0.05,equal_weight,1.0,0.05,0.008971340070691,Information Technology,,
2025-09-25,2025-09-26,2025-10-09,signal_horizon,9,0,GEV,long,0.05,0.05,equal_weight,1.0,0.05,0.0087277735759578,Industrials,,
2025-09-25,2025-09-26,2025-10-09,signal_horizon,9,0,IRM,long,0.05,0.05,equal_weight,1.0,0.05,0.0086937111638442,Real Estate,,
2025-09-25,2025-09-26,2025-10-09,signal_horizon,9,0,NRG,long,0.05,0.05,equal_weight,1.0,0.05,0.0086363912916922,Utilities,,
2025-09-25,2025-09-26,2025-10-09,signal_horizon,9,0,WELL,short,-0.05,0.05,equal_weight,1.0,-0.05,-0.0040643850637695,Real Estate,,
2025-09-25,2025-09-26,2025-10-09,signal_horizon,9,0,ADBE,short,-0.05,0.05,equal_weight,1.0,-0.05,-0.003224574497345,Information Technology,,
2025-09-25,2025-09-26,2025-10-09,signal_horizon,9,0,MSFT,short,-0.05,0.05,equal_weight,1.0,-0.05,-0.003046069513869,Information Technology,,
2025-09-25,2025-09-26,2025-10-09,signal_horizon,9,0,JNJ,short,-0.05,0.05,equal_weight,1.0,-0.05,-0.0025651962978499,Health Care,,
2025-09-25,2025-09-26,2025-10-09,signal_horizon,9,0,QCOM,short,-0.05,0.05,equal_weight,1.0,-0.05,-0.002259563100396,Information Technology,,
2025-09-25,2025-09-26,2025-10-09,signal_horizon,9,0,CSCO,short,-0.05,0.05,equal_weight,1.0,-0.05,-0.0020572659375395,Information Technology,,
2025-09-25,2025-09-26,2025-10-09,signal_horizon,9,0,AAPL,short,-0.05,0.05,equal_weight,1.0,-0.05,-0.0013811189072161,Information Technology,,
2025-09-25,2025-09-26,2025-10-09,signal_horizon,9,0,META,short,-0.05,0.05,equal_weight,1.0,-0.05,-0.0013439686800479,Communication Services,,
2025-09-25,2025-09-26,2025-10-09,signal_horizon,9,0,EA,short,-0.05,0.05,equal_weight,1.0,-0.05,-0.0013298483615551,Communication Services,,
2025-09-25,2025-09-26,2025-10-09,signal_horizon,9,0,COST,short,-0.05,0.05,equal_weight,1.0,-0.05,-0.0013298004891313,Consumer Staples,,
2025-09-25,2025-09-26,2025-10-09,signal_horizon,9,0,HD,short,-0.05,0.05,equal_weight,1.0,-0.05,-0.0012570586448382,Consumer Discretionary,,
2025-09-25,2025-09-26,2025-10-09,signal_horizon,9,0,BAC,short,-0.05,0.05,equal_weight,1.0,-0.05,-0.0011375982010663,Financials,,
2025-09-25,2025-09-26,2025-10-09,signal_horizon,9,0,DIS,short,-0.05,0.05,equal_weight,1.0,-0.05,-0.0010598690488474,Communication Services,,
2025-09-25,2025-09-26,2025-10-09,signal_horizon,9,0,HON,short,-0.05,0.05,equal_weight,1.0,-0.05,-0.0008746978250056,Industrials,,
2025-09-25,2025-09-26,2025-10-09,signal_horizon,9,0,UNP,short,-0.05,0.05,equal_weight,1.0,-0.05,-0.0007566873789929,Industrials,,
2025-09-25,2025-09-26,2025-10-09,signal_horizon,9,0,MSI,short,-0.05,0.05,equal_weight,1.0,-0.05,-0.0007272142156382,Information Technology,,
2025-09-25,2025-09-26,2025-10-09,signal_horizon,9,0,TEL,short,-0.05,0.05,equal_weight,1.0,-0.05,-0.0006965625515462,Information Technology,,
2025-09-25,2025-09-26,2025-10-09,signal_horizon,9,0,BRK-B,short,-0.05,0.05,equal_weight,1.0,-0.05,-0.0006411333312768,Financials,,
2025-09-25,2025-09-26,2025-10-09,signal_horizon,9,0,ABBV,short,-0.05,0.05,equal_weight,1.0,-0.05,-0.000554009037694,Health Care,,
2025-09-25,2025-09-26,2025-10-09,signal_horizon,9,0,MA,short,-0.05,0.05,equal_weight,1.0,-0.05,-0.0005229072424758,Financials,,
2025-10-09,2025-10-10,2025-10-23,signal_horizon,9,0,AMD,long,0.05,0.05,equal_weight,1.0,0.05,0.0236216514348083,Information Technology,,
2025-10-09,2025-10-10,2025-10-23,signal_horizon,9,0,COIN,long,0.05,0.05,equal_weight,1.0,0.05,0.0142760582782957,Financials,,
2025-10-09,2025-10-10,2025-10-23,signal_horizon,9,0,TER,long,0.05,0.05,equal_weight,1.0,0.05,0.0136367475796852,Information Technology,,
2025-10-09,2025-10-10,2025-10-23,signal_horizon,9,0,DELL,long,0.05,0.05,equal_weight,1.0,0.05,0.0129915347325028,Unknown,,
2025-10-09,2025-10-10,2025-10-23,signal_horizon,9,0,VRT,long,0.05,0.05,equal_weight,1.0,0.05,0.0126284330633783,Industrials,,
2025-10-09,2025-10-10,2025-10-23,signal_horizon,9,0,COHR,long,0.05,0.05,equal_weight,1.0,0.05,0.0112981090648278,Information Technology,,
2025-10-09,2025-10-10,2025-10-23,signal_horizon,9,0,FCX,long,0.05,0.05,equal_weight,1.0,0.05,0.0109713151322257,Materials,,
2025-10-09,2025-10-10,2025-10-23,signal_horizon,9,0,HOOD,long,0.05,0.05,equal_weight,1.0,0.05,0.0104527139693406,Financials,,
2025-10-09,2025-10-10,2025-10-23,signal_horizon,9,0,CEG,long,0.05,0.05,equal_weight,1.0,0.05,0.0101095268097834,Unknown,,
2025-10-09,2025-10-10,2025-10-23,signal_horizon,9,0,INTC,long,0.05,0.05,equal_weight,1.0,0.05,0.0098739778486105,Information Technology,,
2025-10-09,2025-10-10,2025-10-23,signal_horizon,9,0,WDC,long,0.05,0.05,equal_weight,1.0,0.05,0.0095892656986445,Information Technology,,
2025-10-09,2025-10-10,2025-10-23,signal_horizon,9,0,WBD,long,0.05,0.05,equal_weight,1.0,0.05,0.0093323562826967,Communication Services,,
2025-10-09,2025-10-10,2025-10-23,signal_horizon,9,0,AMAT,long,0.05,0.05,equal_weight,1.0,0.05,0.0092462582168111,Information Technology,,
2025-10-09,2025-10-10,2025-10-23,signal_horizon,9,0,LRCX,long,0.05,0.05,equal_weight,1.0,0.05,0.0089173670458163,Unknown,,
2025-10-09,2025-10-10,2025-10-23,signal_horizon,9,0,HAL,long,0.05,0.05,equal_weight,1.0,0.05,0.0087853286991643,Energy,,
2025-10-09,2025-10-10,2025-10-23,signal_horizon,9,0,A,long,0.05,0.05,equal_weight,1.0,0.05,0.0087691245597956,Health Care,,
2025-10-09,2025-10-10,2025-10-23,signal_horizon,9,0,XYZ,long,0.05,0.05,equal_weight,1.0,0.05,0.0086197165382348,Financials,,
2025-10-09,2025-10-10,2025-10-23,signal_horizon,9,0,MU,long,0.05,0.05,equal_weight,1.0,0.05,0.0084333951822276,Information Technology,,
2025-10-09,2025-10-10,2025-10-23,signal_horizon,9,0,TPL,long,0.05,0.05,equal_weight,1.0,0.05,0.0083226351150958,Energy,,
2025-10-09,2025-10-10,2025-10-23,signal_horizon,9,0,HSY,long,0.05,0.05,equal_weight,1.0,0.05,0.0081741168568874,Consumer Staples,,
2025-10-09,2025-10-10,2025-10-23,signal_horizon,9,0,FITB,short,-0.05,0.05,equal_weight,1.0,-0.05,-0.0024867926215145,Financials,,
2025-10-09,2025-10-10,2025-10-23,signal_horizon,9,0,ADBE,short,-0.05,0.05,equal_weight,1.0,-0.05,-0.0022688596673226,Information Technology,,
2025-10-09,2025-10-10,2025-10-23,signal_horizon,9,0,BAC,short,-0.05,0.05,equal_weight,1.0,-0.05,-0.0020300583392752,Financials,,
2025-10-09,2025-10-10,2025-10-23,signal_horizon,9,0,BRK-B,short,-0.05,0.05,equal_weight,1.0,-0.05,-0.0018569396827871,Financials,,
2025-10-09,2025-10-10,2025-10-23,signal_horizon,9,0,HD,short,-0.05,0.05,equal_weight,1.0,-0.05,-0.0018148985426034,Consumer Discretionary,,
2025-10-09,2025-10-10,2025-10-23,signal_horizon,9,0,DAL,short,-0.05,0.05,equal_weight,1.0,-0.05,-0.0015683906072025,Industrials,,
2025-10-09,2025-10-10,2025-10-23,signal_horizon,9,0,TXN,short,-0.05,0.05,equal_weight,1.0,-0.05,-0.0014579005135502,Information Technology,,
2025-10-09,2025-10-10,2025-10-23,signal_horizon,9,0,UNH,short,-0.05,0.05,equal_weight,1.0,-0.05,-0.0012879106328003,Health Care,,
2025-10-09,2025-10-10,2025-10-23,signal_horizon,9,0,MSFT,short,-0.05,0.05,equal_weight,1.0,-0.05,-0.0012110400511791,Information Technology,,
2025-10-09,2025-10-10,2025-10-23,signal_horizon,9,0,XOM,short,-0.05,0.05,equal_weight,1.0,-0.05,-0.0011530532459146,Energy,,
2025-10-09,2025-10-10,2025-10-23,signal_horizon,9,0,CSCO,short,-0.05,0.05,equal_weight,1.0,-0.05,-0.0008231454710763,Information Technology,,
2025-10-09,2025-10-10,2025-10-23,signal_horizon,9,0,APP,short,-0.05,0.05,equal_weight,1.0,-0.05,-0.0008137602318831,Information Technology,,
2025-10-09,2025-10-10,2025-10-23,signal_horizon,9,0,HON,short,-0.05,0.05,equal_weight,1.0,-0.05,-0.0008116385274558,Industrials,,
2025-10-09,2025-10-10,2025-10-23,signal_horizon,9,0,PANW,short,-0.05,0.05,equal_weight,1.0,-0.05,-0.0007551874229715,Information Technology,,
2025-10-09,2025-10-10,2025-10-23,signal_horizon,9,0,ACN,short,-0.05,0.05,equal_weight,1.0,-0.05,-0.0005046170917043,Information Technology,,
2025-10-09,2025-10-10,2025-10-23,signal_horizon,9,0,LMT,short,-0.05,0.05,equal_weight,1.0,-0.05,-0.0004580011059812,Industrials,,
2025-10-09,2025-10-10,2025-10-23,signal_horizon,9,0,JPM,short,-0.05,0.05,equal_weight,1.0,-0.05,-0.0003926766661351,Financials,,
2025-10-09,2025-10-10,2025-10-23,signal_horizon,9,0,QCOM,short,-0.05,0.05,equal_weight,1.0,-0.05,-0.0002931306650139,Information Technology,,
2025-10-09,2025-10-10,2025-10-23,signal_horizon,9,0,CVX,short,-0.05,0.05,equal_weight,1.0,-0.05,-0.000283618534249,Energy,,
2025-10-09,2025-10-10,2025-10-23,signal_horizon,9,0,AXP,short,-0.05,0.05,equal_weight,1.0,-0.05,-0.000271214546082,Financials,,
2025-10-23,2025-10-24,2025-11-06,signal_horizon,9,0,HOOD,long,0.05,0.05,equal_weight,1.0,0.05,0.0185171525232074,Financials,,
2025-10-23,2025-10-24,2025-11-06,signal_horizon,9,0,MU,long,0.05,0.05,equal_weight,1.0,0.05,0.0180083611904165,Information Technology,,
2025-10-23,2025-10-24,2025-11-06,signal_horizon,9,0,ISRG,long,0.05,0.05,equal_weight,1.0,0.05,0.0174653259358602,Health Care,,
2025-10-23,2025-10-24,2025-11-06,signal_horizon,9,0,LVS,long,0.05,0.05,equal_weight,1.0,0.05,0.0174400046404503,Consumer Discretionary,,
2025-10-23,2025-10-24,2025-11-06,signal_horizon,9,0,CIEN,long,0.05,0.05,equal_weight,1.0,0.05,0.0173986761515404,Information Technology,,
2025-10-23,2025-10-24,2025-11-06,signal_horizon,9,0,COHR,long,0.05,0.05,equal_weight,1.0,0.05,0.0171542075351394,Information Technology,,
2025-10-23,2025-10-24,2025-11-06,signal_horizon,9,0,AMD,long,0.05,0.05,equal_weight,1.0,0.05,0.0170312872771999,Information Technology,,
2025-10-23,2025-10-24,2025-11-06,signal_horizon,9,0,VRT,long,0.05,0.05,equal_weight,1.0,0.05,0.0166068053399034,Industrials,,
2025-10-23,2025-10-24,2025-11-06,signal_horizon,9,0,DELL,long,0.05,0.05,equal_weight,1.0,0.05,0.0160380128085917,Unknown,,
2025-10-23,2025-10-24,2025-11-06,signal_horizon,9,0,LRCX,long,0.05,0.05,equal_weight,1.0,0.05,0.0158819613628996,Unknown,,
2025-10-23,2025-10-24,2025-11-06,signal_horizon,9,0,XYZ,long,0.05,0.05,equal_weight,1.0,0.05,0.0157999550747397,Financials,,
2025-10-23,2025-10-24,2025-11-06,signal_horizon,9,0,CVNA,long,0.05,0.05,equal_weight,1.0,0.05,0.0154157739547985,Consumer Discretionary,,
2025-10-23,2025-10-24,2025-11-06,signal_horizon,9,0,SNDK,long,0.05,0.05,equal_weight,1.0,0.05,0.0152028016919106,Information Technology,,
2025-10-23,2025-10-24,2025-11-06,signal_horizon,9,0,MPWR,long,0.05,0.05,equal_weight,1.0,0.05,0.0145267228121368,Information Technology,,
2025-10-23,2025-10-24,2025-11-06,signal_horizon,9,0,KVUE,long,0.05,0.05,equal_weight,1.0,0.05,0.0144258775197655,Consumer Staples,,
2025-10-23,2025-10-24,2025-11-06,signal_horizon,9,0,TER,long,0.05,0.05,equal_weight,1.0,0.05,0.0143728886765265,Information Technology,,
2025-10-23,2025-10-24,2025-11-06,signal_horizon,9,0,CEG,long,0.05,0.05,equal_weight,1.0,0.05,0.0142647182705917,Unknown,,
2025-10-23,2025-10-24,2025-11-06,signal_horizon,9,0,PCG,long,0.05,0.05,equal_weight,1.0,0.05,0.0138654738181774,Utilities,,
2025-10-23,2025-10-24,2025-11-06,signal_horizon,9,0,NEM,long,0.05,0.05,equal_weight,1.0,0.05,0.0138389181655014,Unknown,,
2025-10-23,2025-10-24,2025-11-06,signal_horizon,9,0,PYPL,long,0.05,0.05,equal_weight,1.0,0.05,0.0137088542958658,Financials,,
2025-10-23,2025-10-24,2025-11-06,signal_horizon,9,0,INTU,short,-0.05,0.05,equal_weight,1.0,-0.05,0.0018334391763362,Information Technology,,
2025-10-23,2025-10-24,2025-11-06,signal_horizon,9,0,CRM,short,-0.05,0.05,equal_weight,1.0,-0.05,0.0031481884982548,Information Technology,,
2025-10-23,2025-10-24,2025-11-06,signal_horizon,9,0,ADP,short,-0.05,0.05,equal_weight,1.0,-0.05,0.0031886658818901,Information Technology,,
2025-10-23,2025-10-24,2025-11-06,signal_horizon,9,0,NOW,short,-0.05,0.05,equal_weight,1.0,-0.05,0.0032154767824107,Information Technology,,
2025-10-23,2025-10-24,2025-11-06,signal_horizon,9,0,HD,short,-0.05,0.05,equal_weight,1.0,-0.05,0.0034419681706167,Consumer Discretionary,,
2025-10-23,2025-10-24,2025-11-06,signal_horizon,9,0,PM,short,-0.05,0.05,equal_weight,1.0,-0.05,0.0034540456312801,Consumer Staples,,
2025-10-23,2025-10-24,2025-11-06,signal_horizon,9,0,GS,short,-0.05,0.05,equal_weight,1.0,-0.05,0.0034626947809494,Financials,,
2025-10-23,2025-10-24,2025-11-06,signal_horizon,9,0,MSFT,short,-0.05,0.05,equal_weight,1.0,-0.05,0.0035028449171411,Information Technology,,
2025-10-23,2025-10-24,2025-11-06,signal_horizon,9,0,GE,short,-0.05,0.05,equal_weight,1.0,-0.05,0.0036305625932679,Industrials,,
2025-10-23,2025-10-24,2025-11-06,signal_horizon,9,0,AAPL,short,-0.05,0.05,equal_weight,1.0,-0.05,0.0036861337849204,Information Technology,,
2025-10-23,2025-10-24,2025-11-06,signal_horizon,9,0,CVX,short,-0.05,0.05,equal_weight,1.0,-0.05,0.0037524928040874,Energy,,
2025-10-23,2025-10-24,2025-11-06,signal_horizon,9,0,CSCO,short,-0.05,0.05,equal_weight,1.0,-0.05,0.0037982849863024,Information Technology,,
2025-10-23,2025-10-24,2025-11-06,signal_horizon,9,0,CCL,short,-0.05,0.05,equal_weight,1.0,-0.05,0.0039244231864608,Consumer Discretionary,,
2025-10-23,2025-10-24,2025-11-06,signal_horizon,9,0,COST,short,-0.05,0.05,equal_weight,1.0,-0.05,0.0039412004079054,Consumer Staples,,
2025-10-23,2025-10-24,2025-11-06,signal_horizon,9,0,TEL,short,-0.05,0.05,equal_weight,1.0,-0.05,0.0041304847446947,Information Technology,,
2025-10-23,2025-10-24,2025-11-06,signal_horizon,9,0,JPM,short,-0.05,0.05,equal_weight,1.0,-0.05,0.0041640890285838,Financials,,
2025-10-23,2025-10-24,2025-11-06,signal_horizon,9,0,XOM,short,-0.05,0.05,equal_weight,1.0,-0.05,0.004167079281094,Energy,,
2025-10-23,2025-10-24,2025-11-06,signal_horizon,9,0,ABT,short,-0.05,0.05,equal_weight,1.0,-0.05,0.0041798308460108,Health Care,,
2025-10-23,2025-10-24,2025-11-06,signal_horizon,9,0,TJX,short,-0.05,0.05,equal_weight,1.0,-0.05,0.0043080833916008,Consumer Discretionary,,
2025-10-23,2025-10-24,2025-11-06,signal_horizon,9,0,SHW,short,-0.05,0.05,equal_weight,1.0,-0.05,0.0043906918191627,Materials,,
2025-11-06,2025-11-07,2025-11-20,signal_horizon,9,0,LVS,long,0.05,0.05,equal_weight,1.0,0.05,0.0202351398684294,Consumer Discretionary,,
2025-11-06,2025-11-07,2025-11-20,signal_horizon,9,0,TER,long,0.05,0.05,equal_weight,1.0,0.05,0.0178868512000861,Information Technology,,
2025-11-06,2025-11-07,2025-11-20,signal_horizon,9,0,LITE,long,0.05,0.05,equal_weight,1.0,0.05,0.0178737284948182,Information Technology,,
2025-11-06,2025-11-07,2025-11-20,signal_horizon,9,0,CAH,long,0.05,0.05,equal_weight,1.0,0.05,0.0167180973577042,Health Care,,
2025-11-06,2025-11-07,2025-11-20,signal_horizon,9,0,CVNA,long,0.05,0.05,equal_weight,1.0,0.05,0.0165146324244694,Consumer Discretionary,,
2025-11-06,2025-11-07,2025-11-20,signal_horizon,9,0,HAL,long,0.05,0.05,equal_weight,1.0,0.05,0.0162960183213,Energy,,
2025-11-06,2025-11-07,2025-11-20,signal_horizon,9,0,STX,long,0.05,0.05,equal_weight,1.0,0.05,0.0160512404362325,Information Technology,,
2025-11-06,2025-11-07,2025-11-20,signal_horizon,9,0,ISRG,long,0.05,0.05,equal_weight,1.0,0.05,0.01591531622523,Health Care,,
2025-11-06,2025-11-07,2025-11-20,signal_horizon,9,0,FIX,long,0.05,0.05,equal_weight,1.0,0.05,0.0155857925651955,Industrials,,
2025-11-06,2025-11-07,2025-11-20,signal_horizon,9,0,AMD,long,0.05,0.05,equal_weight,1.0,0.05,0.0150110948217736,Information Technology,,
2025-11-06,2025-11-07,2025-11-20,signal_horizon,9,0,FAST,long,0.05,0.05,equal_weight,1.0,0.05,0.0149122892589766,Industrials,,
2025-11-06,2025-11-07,2025-11-20,signal_horizon,9,0,LYV,long,0.05,0.05,equal_weight,1.0,0.05,0.0148188808221303,Communication Services,,
2025-11-06,2025-11-07,2025-11-20,signal_horizon,9,0,CCL,long,0.05,0.05,equal_weight,1.0,0.05,0.0146810215444349,Consumer Discretionary,,
2025-11-06,2025-11-07,2025-11-20,signal_horizon,9,0,SNPS,long,0.05,0.05,equal_weight,1.0,0.05,0.014600442667207,Information Technology,,
2025-11-06,2025-11-07,2025-11-20,signal_horizon,9,0,VST,long,0.05,0.05,equal_weight,1.0,0.05,0.014554262732483,Utilities,,
2025-11-06,2025-11-07,2025-11-20,signal_horizon,9,0,AXON,long,0.05,0.05,equal_weight,1.0,0.05,0.0143502907503221,Industrials,,
2025-11-06,2025-11-07,2025-11-20,signal_horizon,9,0,WDC,long,0.05,0.05,equal_weight,1.0,0.05,0.0143109062404399,Information Technology,,
2025-11-06,2025-11-07,2025-11-20,signal_horizon,9,0,EW,long,0.05,0.05,equal_weight,1.0,0.05,0.0142637690181207,Health Care,,
2025-11-06,2025-11-07,2025-11-20,signal_horizon,9,0,NEM,long,0.05,0.05,equal_weight,1.0,0.05,0.014262281046986,Unknown,,
2025-11-06,2025-11-07,2025-11-20,signal_horizon,9,0,EME,long,0.05,0.05,equal_weight,1.0,0.05,0.0142292682984384,Industrials,,
2025-11-06,2025-11-07,2025-11-20,signal_horizon,9,0,AMAT,short,-0.05,0.05,equal_weight,1.0,-0.05,0.0029624436932179,Information Technology,,
2025-11-06,2025-11-07,2025-11-20,signal_horizon,9,0,INTC,short,-0.05,0.05,equal_weight,1.0,-0.05,0.0040767474145981,Information Technology,,
2025-11-06,2025-11-07,2025-11-20,signal_horizon,9,0,XOM,short,-0.05,0.05,equal_weight,1.0,-0.05,0.004427026710224,Energy,,
2025-11-06,2025-11-07,2025-11-20,signal_horizon,9,0,MSFT,short,-0.05,0.05,equal_weight,1.0,-0.05,0.0044522112897442,Information Technology,,
2025-11-06,2025-11-07,2025-11-20,signal_horizon,9,0,IBM,short,-0.05,0.05,equal_weight,1.0,-0.05,0.0046697191844863,Information Technology,,
2025-11-06,2025-11-07,2025-11-20,signal_horizon,9,0,EA,short,-0.05,0.05,equal_weight,1.0,-0.05,0.0047071298234321,Communication Services,,
2025-11-06,2025-11-07,2025-11-20,signal_horizon,9,0,UNH,short,-0.05,0.05,equal_weight,1.0,-0.05,0.004929240496463,Health Care,,
2025-11-06,2025-11-07,2025-11-20,signal_horizon,9,0,BRK-B,short,-0.05,0.05,equal_weight,1.0,-0.05,0.0051163665477172,Financials,,
2025-11-06,2025-11-07,2025-11-20,signal_horizon,9,0,GS,short,-0.05,0.05,equal_weight,1.0,-0.05,0.0052844375840981,Financials,,
2025-11-06,2025-11-07,2025-11-20,signal_horizon,9,0,AAPL,short,-0.05,0.05,equal_weight,1.0,-0.05,0.0054833801471499,Information Technology,,
2025-11-06,2025-11-07,2025-11-20,signal_horizon,9,0,JPM,short,-0.05,0.05,equal_weight,1.0,-0.05,0.0055109428726468,Financials,,
2025-11-06,2025-11-07,2025-11-20,signal_horizon,9,0,SBUX,short,-0.05,0.05,equal_weight,1.0,-0.05,0.0055125248542622,Consumer Discretionary,,
2025-11-06,2025-11-07,2025-11-20,signal_horizon,9,0,ETN,short,-0.05,0.05,equal_weight,1.0,-0.05,0.0055787788061317,Industrials,,
2025-11-06,2025-11-07,2025-11-20,signal_horizon,9,0,PFE,short,-0.05,0.05,equal_weight,1.0,-0.05,0.0056047411811665,Health Care,,
2025-11-06,2025-11-07,2025-11-20,signal_horizon,9,0,PYPL,short,-0.05,0.05,equal_weight,1.0,-0.05,0.005633787539467,Financials,,
2025-11-06,2025-11-07,2025-11-20,signal_horizon,9,0,LIN,short,-0.05,0.05,equal_weight,1.0,-0.05,0.0057802485451599,Materials,,
2025-11-06,2025-11-07,2025-11-20,signal_horizon,9,0,MCD,short,-0.05,0.05,equal_weight,1.0,-0.05,0.0058395140104347,Consumer Discretionary,,
2025-11-06,2025-11-07,2025-11-20,signal_horizon,9,0,TJX,short,-0.05,0.05,equal_weight,1.0,-0.05,0.0058412580832517,Consumer Discretionary,,
2025-11-06,2025-11-07,2025-11-20,signal_horizon,9,0,GE,short,-0.05,0.05,equal_weight,1.0,-0.05,0.0058913228309344,Industrials,,
2025-11-06,2025-11-07,2025-11-20,signal_horizon,9,0,QCOM,short,-0.05,0.05,equal_weight,1.0,-0.05,0.0059058665492957,Information Technology,,
2025-11-20,2025-11-21,2025-12-05,signal_horizon,9,0,SNDK,long,0.05,0.05,equal_weight,1.0,0.05,0.020358998157447,Information Technology,,
2025-11-20,2025-11-21,2025-12-05,signal_horizon,9,0,WDC,long,0.05,0.05,equal_weight,1.0,0.05,0.0161635861756941,Information Technology,,
2025-11-20,2025-11-21,2025-12-05,signal_horizon,9,0,COIN,long,0.05,0.05,equal_weight,1.0,0.05,0.0144274558089468,Financials,,
2025-11-20,2025-11-21,2025-12-05,signal_horizon,9,0,STX,long,0.05,0.05,equal_weight,1.0,0.05,0.0143667517187983,Information Technology,,
2025-11-20,2025-11-21,2025-12-05,signal_horizon,9,0,COHR,long,0.05,0.05,equal_weight,1.0,0.05,0.0131634963218727,Information Technology,,
2025-11-20,2025-11-21,2025-12-05,signal_horizon,9,0,CAH,long,0.05,0.05,equal_weight,1.0,0.05,0.0126001686831487,Health Care,,
2025-11-20,2025-11-21,2025-12-05,signal_horizon,9,0,FIX,long,0.05,0.05,equal_weight,1.0,0.05,0.0123722206041384,Industrials,,
2025-11-20,2025-11-21,2025-12-05,signal_horizon,9,0,CVNA,long,0.05,0.05,equal_weight,1.0,0.05,0.0122642198764957,Consumer Discretionary,,
2025-11-20,2025-11-21,2025-12-05,signal_horizon,9,0,EME,long,0.05,0.05,equal_weight,1.0,0.05,0.0119771665696844,Industrials,,
2025-11-20,2025-11-21,2025-12-05,signal_horizon,9,0,LITE,long,0.05,0.05,equal_weight,1.0,0.05,0.0112371886236758,Information Technology,,
2025-11-20,2025-11-21,2025-12-05,signal_horizon,9,0,TER,long,0.05,0.05,equal_weight,1.0,0.05,0.0110486990803908,Information Technology,,
2025-11-20,2025-11-21,2025-12-05,signal_horizon,9,0,SATS,long,0.05,0.05,equal_weight,1.0,0.05,0.0110466298888829,Communication Services,,
2025-11-20,2025-11-21,2025-12-05,signal_horizon,9,0,HOOD,long,0.05,0.05,equal_weight,1.0,0.05,0.0108568523372611,Financials,,
2025-11-20,2025-11-21,2025-12-05,signal_horizon,9,0,DASH,long,0.05,0.05,equal_weight,1.0,0.05,0.0107709735321802,Consumer Discretionary,,
2025-11-20,2025-11-21,2025-12-05,signal_horizon,9,0,NRG,long,0.05,0.05,equal_weight,1.0,0.05,0.0107431219554804,Utilities,,
2025-11-20,2025-11-21,2025-12-05,signal_horizon,9,0,MU,long,0.05,0.05,equal_weight,1.0,0.05,0.0106576853106208,Information Technology,,
2025-11-20,2025-11-21,2025-12-05,signal_horizon,9,0,NEM,long,0.05,0.05,equal_weight,1.0,0.05,0.0105539692736585,Unknown,,
2025-11-20,2025-11-21,2025-12-05,signal_horizon,9,0,VTR,long,0.05,0.05,equal_weight,1.0,0.05,0.0100660735667408,Real Estate,,
2025-11-20,2025-11-21,2025-12-05,signal_horizon,9,0,EBAY,long,0.05,0.05,equal_weight,1.0,0.05,0.0097965768695452,Consumer Discretionary,,
2025-11-20,2025-11-21,2025-12-05,signal_horizon,9,0,CI,long,0.05,0.05,equal_weight,1.0,0.05,0.0097593584116955,Health Care,,
2025-11-20,2025-11-21,2025-12-05,signal_horizon,9,0,ACN,short,-0.05,0.05,equal_weight,1.0,-0.05,-0.0004227495242995,Information Technology,,
2025-11-20,2025-11-21,2025-12-05,signal_horizon,9,0,PYPL,short,-0.05,0.05,equal_weight,1.0,-0.05,-0.000102563016323,Financials,,
2025-11-20,2025-11-21,2025-12-05,signal_horizon,9,0,TMO,short,-0.05,0.05,equal_weight,1.0,-0.05,-5.5080504819115216e-05,Health Care,,
2025-11-20,2025-11-21,2025-12-05,signal_horizon,9,0,AAPL,short,-0.05,0.05,equal_weight,1.0,-0.05,5.697478603553139e-05,Information Technology,,
2025-11-20,2025-11-21,2025-12-05,signal_horizon,9,0,TJX,short,-0.05,0.05,equal_weight,1.0,-0.05,0.0005765976086703,Consumer Discretionary,,
2025-11-20,2025-11-21,2025-12-05,signal_horizon,9,0,DHR,short,-0.05,0.05,equal_weight,1.0,-0.05,0.0006226186496554,Health Care,,
2025-11-20,2025-11-21,2025-12-05,signal_horizon,9,0,INTU,short,-0.05,0.05,equal_weight,1.0,-0.05,0.0006493251782203,Information Technology,,
2025-11-20,2025-11-21,2025-12-05,signal_horizon,9,0,QCOM,short,-0.05,0.05,equal_weight,1.0,-0.05,0.0006809664564207,Information Technology,,
2025-11-20,2025-11-21,2025-12-05,signal_horizon,9,0,XOM,short,-0.05,0.05,equal_weight,1.0,-0.05,0.0007431381868194,Energy,,
2025-11-20,2025-11-21,2025-12-05,signal_horizon,9,0,MCD,short,-0.05,0.05,equal_weight,1.0,-0.05,0.0007835430949304,Consumer Discretionary,,
2025-11-20,2025-11-21,2025-12-05,signal_horizon,9,0,DIS,short,-0.05,0.05,equal_weight,1.0,-0.05,0.0008545445585965,Communication Services,,
2025-11-20,2025-11-21,2025-12-05,signal_horizon,9,0,INTC,short,-0.05,0.05,equal_weight,1.0,-0.05,0.0008549574290101,Information Technology,,
2025-11-20,2025-11-21,2025-12-05,signal_horizon,9,0,IBM,short,-0.05,0.05,equal_weight,1.0,-0.05,0.0008796203628261,Information Technology,,
2025-11-20,2025-11-21,2025-12-05,signal_horizon,9,0,SNPS,short,-0.05,0.05,equal_weight,1.0,-0.05,0.0008859867451729,Information Technology,,
2025-11-20,2025-11-21,2025-12-05,signal_horizon,9,0,NEE,short,-0.05,0.05,equal_weight,1.0,-0.05,0.0008982600480583,Utilities,,
2025-11-20,2025-11-21,2025-12-05,signal_horizon,9,0,ROST,short,-0.05,0.05,equal_weight,1.0,-0.05,0.00104869398871,Consumer Discretionary,,
2025-11-20,2025-11-21,2025-12-05,signal_horizon,9,0,DELL,short,-0.05,0.05,equal_weight,1.0,-0.05,0.0011026113641659,Unknown,,
2025-11-20,2025-11-21,2025-12-05,signal_horizon,9,0,UNP,short,-0.05,0.05,equal_weight,1.0,-0.05,0.0011419053584509,Industrials,,
2025-11-20,2025-11-21,2025-12-05,signal_horizon,9,0,JNJ,short,-0.05,0.05,equal_weight,1.0,-0.05,0.001192662224971,Health Care,,
2025-11-20,2025-11-21,2025-12-05,signal_horizon,9,0,NSC,short,-0.05,0.05,equal_weight,1.0,-0.05,0.001226675690926,Industrials,,
2025-12-05,2025-12-08,2025-12-19,signal_horizon,9,0,CVNA,long,0.05,0.05,equal_weight,1.0,0.05,0.0208632728560067,Consumer Discretionary,,
2025-12-05,2025-12-08,2025-12-19,signal_horizon,9,0,HOOD,long,0.05,0.05,equal_weight,1.0,0.05,0.0207269118960347,Financials,,
2025-12-05,2025-12-08,2025-12-19,signal_horizon,9,0,APP,long,0.05,0.05,equal_weight,1.0,0.05,0.0199128688113097,Information Technology,,
2025-12-05,2025-12-08,2025-12-19,signal_horizon,9,0,ADI,long,0.05,0.05,equal_weight,1.0,0.05,0.018175337572907,Unknown,,
2025-12-05,2025-12-08,2025-12-19,signal_horizon,9,0,INTC,long,0.05,0.05,equal_weight,1.0,0.05,0.0178810175217774,Information Technology,,
2025-12-05,2025-12-08,2025-12-19,signal_horizon,9,0,DAL,long,0.05,0.05,equal_weight,1.0,0.05,0.017117862105606,Industrials,,
2025-12-05,2025-12-08,2025-12-19,signal_horizon,9,0,NEM,long,0.05,0.05,equal_weight,1.0,0.05,0.0161400954407773,Unknown,,
2025-12-05,2025-12-08,2025-12-19,signal_horizon,9,0,MCHP,long,0.05,0.05,equal_weight,1.0,0.05,0.016114810513619,Information Technology,,
2025-12-05,2025-12-08,2025-12-19,signal_horizon,9,0,DASH,long,0.05,0.05,equal_weight,1.0,0.05,0.0160491973355954,Consumer Discretionary,,
2025-12-05,2025-12-08,2025-12-19,signal_horizon,9,0,VRT,long,0.05,0.05,equal_weight,1.0,0.05,0.01543936100438,Industrials,,
2025-12-05,2025-12-08,2025-12-19,signal_horizon,9,0,GEHC,long,0.05,0.05,equal_weight,1.0,0.05,0.0150411388903019,Health Care,,
2025-12-05,2025-12-08,2025-12-19,signal_horizon,9,0,HPE,long,0.05,0.05,equal_weight,1.0,0.05,0.0149510333459742,Information Technology,,
2025-12-05,2025-12-08,2025-12-19,signal_horizon,9,0,ODFL,long,0.05,0.05,equal_weight,1.0,0.05,0.0145446503444588,Industrials,,
2025-12-05,2025-12-08,2025-12-19,signal_horizon,9,0,NRG,long,0.05,0.05,equal_weight,1.0,0.05,0.0145003274684909,Utilities,,
2025-12-05,2025-12-08,2025-12-19,signal_horizon,9,0,TER,long,0.05,0.05,equal_weight,1.0,0.05,0.0144444355191412,Information Technology,,
2025-12-05,2025-12-08,2025-12-19,signal_horizon,9,0,DHI,long,0.05,0.05,equal_weight,1.0,0.05,0.0143589692920985,Consumer Discretionary,,
2025-12-05,2025-12-08,2025-12-19,signal_horizon,9,0,KEYS,long,0.05,0.05,equal_weight,1.0,0.05,0.014283289173674,Information Technology,,
2025-12-05,2025-12-08,2025-12-19,signal_horizon,9,0,GEV,long,0.05,0.05,equal_weight,1.0,0.05,0.0142540803824811,Industrials,,
2025-12-05,2025-12-08,2025-12-19,signal_horizon,9,0,FCX,long,0.05,0.05,equal_weight,1.0,0.05,0.0141033148681958,Materials,,
2025-12-05,2025-12-08,2025-12-19,signal_horizon,9,0,CMG,long,0.05,0.05,equal_weight,1.0,0.05,0.014082421560615,Consumer Discretionary,,
2025-12-05,2025-12-08,2025-12-19,signal_horizon,9,0,INTU,short,-0.05,0.05,equal_weight,1.0,-0.05,0.001675808374896,Information Technology,,
2025-12-05,2025-12-08,2025-12-19,signal_horizon,9,0,BRK-B,short,-0.05,0.05,equal_weight,1.0,-0.05,0.0016774273340655,Financials,,
2025-12-05,2025-12-08,2025-12-19,signal_horizon,9,0,MA,short,-0.05,0.05,equal_weight,1.0,-0.05,0.0023318428322031,Financials,,
2025-12-05,2025-12-08,2025-12-19,signal_horizon,9,0,ADP,short,-0.05,0.05,equal_weight,1.0,-0.05,0.00281762251551,Information Technology,,
2025-12-05,2025-12-08,2025-12-19,signal_horizon,9,0,SPGI,short,-0.05,0.05,equal_weight,1.0,-0.05,0.0028222896283729,Financials,,
2025-12-05,2025-12-08,2025-12-19,signal_horizon,9,0,DE,short,-0.05,0.05,equal_weight,1.0,-0.05,0.002916656055047,Industrials,,
2025-12-05,2025-12-08,2025-12-19,signal_horizon,9,0,IBM,short,-0.05,0.05,equal_weight,1.0,-0.05,0.0029611503315056,Information Technology,,
2025-12-05,2025-12-08,2025-12-19,signal_horizon,9,0,AAPL,short,-0.05,0.05,equal_weight,1.0,-0.05,0.0030845198195377,Information Technology,,
2025-12-05,2025-12-08,2025-12-19,signal_horizon,9,0,WDAY,short,-0.05,0.05,equal_weight,1.0,-0.05,0.00308966417263,Information Technology,,
2025-12-05,2025-12-08,2025-12-19,signal_horizon,9,0,ADSK,short,-0.05,0.05,equal_weight,1.0,-0.05,0.0031019867495854,Information Technology,,
2025-12-05,2025-12-08,2025-12-19,signal_horizon,9,0,MCD,short,-0.05,0.05,equal_weight,1.0,-0.05,0.0031785812148365,Consumer Discretionary,,
2025-12-05,2025-12-08,2025-12-19,signal_horizon,9,0,MSI,short,-0.05,0.05,equal_weight,1.0,-0.05,0.0032321239930788,Information Technology,,
2025-12-05,2025-12-08,2025-12-19,signal_horizon,9,0,PLD,short,-0.05,0.05,equal_weight,1.0,-0.05,0.003729783983219,Unknown,,
2025-12-05,2025-12-08,2025-12-19,signal_horizon,9,0,KO,short,-0.05,0.05,equal_weight,1.0,-0.05,0.0038476695803268,Consumer Staples,,
2025-12-05,2025-12-08,2025-12-19,signal_horizon,9,0,ATO,short,-0.05,0.05,equal_weight,1.0,-0.05,0.0038696679807068,Utilities,,
2025-12-05,2025-12-08,2025-12-19,signal_horizon,9,0,SHW,short,-0.05,0.05,equal_weight,1.0,-0.05,0.0040463180077736,Materials,,
2025-12-05,2025-12-08,2025-12-19,signal_horizon,9,0,TJX,short,-0.05,0.05,equal_weight,1.0,-0.05,0.0040943681923085,Consumer Discretionary,,
2025-12-05,2025-12-08,2025-12-19,signal_horizon,9,0,EA,short,-0.05,0.05,equal_weight,1.0,-0.05,0.0041857653837931,Communication Services,,
2025-12-05,2025-12-08,2025-12-19,signal_horizon,9,0,TMO,short,-0.05,0.05,equal_weight,1.0,-0.05,0.0042038523026663,Health Care,,
2025-12-05,2025-12-08,2025-12-19,signal_horizon,9,0,COST,short,-0.05,0.05,equal_weight,1.0,-0.05,0.0043599471398347,Consumer Staples,,
2025-12-19,2025-12-22,2026-01-06,signal_horizon,9,0,LITE,long,0.05,0.05,equal_weight,1.0,0.05,0.0186199020426667,Information Technology,,
2025-12-19,2025-12-22,2026-01-06,signal_horizon,9,0,COHR,long,0.05,0.05,equal_weight,1.0,0.05,0.0162272270198668,Information Technology,,
2025-12-19,2025-12-22,2026-01-06,signal_horizon,9,0,HOOD,long,0.05,0.05,equal_weight,1.0,0.05,0.0116235934683812,Financials,,
2025-12-19,2025-12-22,2026-01-06,signal_horizon,9,0,MCHP,long,0.05,0.05,equal_weight,1.0,0.05,0.0114128677458421,Information Technology,,
2025-12-19,2025-12-22,2026-01-06,signal_horizon,9,0,DASH,long,0.05,0.05,equal_weight,1.0,0.05,0.0102240732323592,Consumer Discretionary,,
2025-12-19,2025-12-22,2026-01-06,signal_horizon,9,0,ODFL,long,0.05,0.05,equal_weight,1.0,0.05,0.01002988377748,Industrials,,
2025-12-19,2025-12-22,2026-01-06,signal_horizon,9,0,DELL,long,0.05,0.05,equal_weight,1.0,0.05,0.0095744872072498,Unknown,,
2025-12-19,2025-12-22,2026-01-06,signal_horizon,9,0,GEV,long,0.05,0.05,equal_weight,1.0,0.05,0.0093773845348382,Industrials,,
2025-12-19,2025-12-22,2026-01-06,signal_horizon,9,0,VST,long,0.05,0.05,equal_weight,1.0,0.05,0.0093464794433623,Utilities,,
2025-12-19,2025-12-22,2026-01-06,signal_horizon,9,0,SATS,long,0.05,0.05,equal_weight,1.0,0.05,0.0089462225720478,Communication Services,,
2025-12-19,2025-12-22,2026-01-06,signal_horizon,9,0,CIEN,long,0.05,0.05,equal_weight,1.0,0.05,0.0088695991028512,Information Technology,,
2025-12-19,2025-12-22,2026-01-06,signal_horizon,9,0,CCL,long,0.05,0.05,equal_weight,1.0,0.05,0.0087890987422528,Consumer Discretionary,,
2025-12-19,2025-12-22,2026-01-06,signal_horizon,9,0,RCL,long,0.05,0.05,equal_weight,1.0,0.05,0.0087757515223623,Consumer Discretionary,,
2025-12-19,2025-12-22,2026-01-06,signal_horizon,9,0,XYZ,long,0.05,0.05,equal_weight,1.0,0.05,0.0086474476018283,Financials,,
2025-12-19,2025-12-22,2026-01-06,signal_horizon,9,0,APP,long,0.05,0.05,equal_weight,1.0,0.05,0.0083579029582547,Information Technology,,
2025-12-19,2025-12-22,2026-01-06,signal_horizon,9,0,CMG,long,0.05,0.05,equal_weight,1.0,0.05,0.0079794440592374,Consumer Discretionary,,
2025-12-19,2025-12-22,2026-01-06,signal_horizon,9,0,LYV,long,0.05,0.05,equal_weight,1.0,0.05,0.0077536332264971,Communication Services,,
2025-12-19,2025-12-22,2026-01-06,signal_horizon,9,0,IRM,long,0.05,0.05,equal_weight,1.0,0.05,0.0074590114815803,Real Estate,,
2025-12-19,2025-12-22,2026-01-06,signal_horizon,9,0,CEG,long,0.05,0.05,equal_weight,1.0,0.05,0.0074149994393769,Unknown,,
2025-12-19,2025-12-22,2026-01-06,signal_horizon,9,0,VRT,long,0.05,0.05,equal_weight,1.0,0.05,0.0073917458506131,Industrials,,
2025-12-19,2025-12-22,2026-01-06,signal_horizon,9,0,CSCO,short,-0.05,0.05,equal_weight,1.0,-0.05,-0.0074265032036318,Information Technology,,
2025-12-19,2025-12-22,2026-01-06,signal_horizon,9,0,TJX,short,-0.05,0.05,equal_weight,1.0,-0.05,-0.0047576823861375,Consumer Discretionary,,
2025-12-19,2025-12-22,2026-01-06,signal_horizon,9,0,IBM,short,-0.05,0.05,equal_weight,1.0,-0.05,-0.0043809441745804,Information Technology,,
2025-12-19,2025-12-22,2026-01-06,signal_horizon,9,0,ROP,short,-0.05,0.05,equal_weight,1.0,-0.05,-0.0040462113167156,Information Technology,,
2025-12-19,2025-12-22,2026-01-06,signal_horizon,9,0,AAPL,short,-0.05,0.05,equal_weight,1.0,-0.05,-0.0039362444341573,Information Technology,,
2025-12-19,2025-12-22,2026-01-06,signal_horizon,9,0,AMZN,short,-0.05,0.05,equal_weight,1.0,-0.05,-0.0038105497498189,Consumer Discretionary,,
2025-12-19,2025-12-22,2026-01-06,signal_horizon,9,0,PH,short,-0.05,0.05,equal_weight,1.0,-0.05,-0.0037828451448628,Unknown,,
2025-12-19,2025-12-22,2026-01-06,signal_horizon,9,0,CTAS,short,-0.05,0.05,equal_weight,1.0,-0.05,-0.0037386032495991,Industrials,,
2025-12-19,2025-12-22,2026-01-06,signal_horizon,9,0,XOM,short,-0.05,0.05,equal_weight,1.0,-0.05,-0.0037298004046406,Energy,,
2025-12-19,2025-12-22,2026-01-06,signal_horizon,9,0,MCD,short,-0.05,0.05,equal_weight,1.0,-0.05,-0.0036968383742538,Consumer Discretionary,,
2025-12-19,2025-12-22,2026-01-06,signal_horizon,9,0,JCI,short,-0.05,0.05,equal_weight,1.0,-0.05,-0.0034211361876469,Unknown,,
2025-12-19,2025-12-22,2026-01-06,signal_horizon,9,0,MPWR,short,-0.05,0.05,equal_weight,1.0,-0.05,-0.0033761160777579,Information Technology,,
2025-12-19,2025-12-22,2026-01-06,signal_horizon,9,0,INTU,short,-0.05,0.05,equal_weight,1.0,-0.05,-0.0031091955074903,Information Technology,,
2025-12-19,2025-12-22,2026-01-06,signal_horizon,9,0,HON,short,-0.05,0.05,equal_weight,1.0,-0.05,-0.0029486355702901,Industrials,,
2025-12-19,2025-12-22,2026-01-06,signal_horizon,9,0,ADSK,short,-0.05,0.05,equal_weight,1.0,-0.05,-0.0029321960982954,Information Technology,,
2025-12-19,2025-12-22,2026-01-06,signal_horizon,9,0,MSFT,short,-0.05,0.05,equal_weight,1.0,-0.05,-0.0027957704430574,Information Technology,,
2025-12-19,2025-12-22,2026-01-06,signal_horizon,9,0,AVGO,short,-0.05,0.05,equal_weight,1.0,-0.05,-0.0024344153418065,Information Technology,,
2025-12-19,2025-12-22,2026-01-06,signal_horizon,9,0,LVS,short,-0.05,0.05,equal_weight,1.0,-0.05,-0.0024283144688366,Consumer Discretionary,,
2025-12-19,2025-12-22,2026-01-06,signal_horizon,9,0,PLD,short,-0.05,0.05,equal_weight,1.0,-0.05,-0.0022803707773448,Unknown,,
2025-12-19,2025-12-22,2026-01-06,signal_horizon,9,0,SPGI,short,-0.05,0.05,equal_weight,1.0,-0.05,-0.0022757771444179,Financials,,
2026-01-06,2026-01-07,2026-01-21,signal_horizon,9,0,SNDK,long,0.05,0.05,equal_weight,1.0,0.05,0.0231022476656796,Information Technology,,
2026-01-06,2026-01-07,2026-01-21,signal_horizon,9,0,LITE,long,0.05,0.05,equal_weight,1.0,0.05,0.02196250035129,Information Technology,,
2026-01-06,2026-01-07,2026-01-21,signal_horizon,9,0,SATS,long,0.05,0.05,equal_weight,1.0,0.05,0.017704369793438,Communication Services,,
2026-01-06,2026-01-07,2026-01-21,signal_horizon,9,0,MU,long,0.05,0.05,equal_weight,1.0,0.05,0.0171647679987554,Information Technology,,
2026-01-06,2026-01-07,2026-01-21,signal_horizon,9,0,CIEN,long,0.05,0.05,equal_weight,1.0,0.05,0.016629848004337,Information Technology,,
2026-01-06,2026-01-07,2026-01-21,signal_horizon,9,0,CCL,long,0.05,0.05,equal_weight,1.0,0.05,0.0118601154747072,Consumer Discretionary,,
2026-01-06,2026-01-07,2026-01-21,signal_horizon,9,0,LRCX,long,0.05,0.05,equal_weight,1.0,0.05,0.011325229993958,Unknown,,
2026-01-06,2026-01-07,2026-01-21,signal_horizon,9,0,VRT,long,0.05,0.05,equal_weight,1.0,0.05,0.0107503157951065,Industrials,,
2026-01-06,2026-01-07,2026-01-21,signal_horizon,9,0,WDC,long,0.05,0.05,equal_weight,1.0,0.05,0.0103639610857863,Information Technology,,
2026-01-06,2026-01-07,2026-01-21,signal_horizon,9,0,HOOD,long,0.05,0.05,equal_weight,1.0,0.05,0.0095123915194273,Financials,,
2026-01-06,2026-01-07,2026-01-21,signal_horizon,9,0,RCL,long,0.05,0.05,equal_weight,1.0,0.05,0.0090899858350787,Consumer Discretionary,,
2026-01-06,2026-01-07,2026-01-21,signal_horizon,9,0,COHR,long,0.05,0.05,equal_weight,1.0,0.05,0.0090002686405533,Information Technology,,
2026-01-06,2026-01-07,2026-01-21,signal_horizon,9,0,GEV,long,0.05,0.05,equal_weight,1.0,0.05,0.0082132971182071,Industrials,,
2026-01-06,2026-01-07,2026-01-21,signal_horizon,9,0,IRM,long,0.05,0.05,equal_weight,1.0,0.05,0.0081747167763403,Real Estate,,
2026-01-06,2026-01-07,2026-01-21,signal_horizon,9,0,XYZ,long,0.05,0.05,equal_weight,1.0,0.05,0.0080826504298646,Financials,,
2026-01-06,2026-01-07,2026-01-21,signal_horizon,9,0,PCG,long,0.05,0.05,equal_weight,1.0,0.05,0.0076444581353452,Utilities,,
2026-01-06,2026-01-07,2026-01-21,signal_horizon,9,0,APH,long,0.05,0.05,equal_weight,1.0,0.05,0.0073801887585561,Unknown,,
2026-01-06,2026-01-07,2026-01-21,signal_horizon,9,0,AIG,long,0.05,0.05,equal_weight,1.0,0.05,0.0068985914046471,Financials,,
2026-01-06,2026-01-07,2026-01-21,signal_horizon,9,0,DELL,long,0.05,0.05,equal_weight,1.0,0.05,0.0067873532848964,Unknown,,
2026-01-06,2026-01-07,2026-01-21,signal_horizon,9,0,AXON,long,0.05,0.05,equal_weight,1.0,0.05,0.0066347346696556,Industrials,,
2026-01-06,2026-01-07,2026-01-21,signal_horizon,9,0,CSCO,short,-0.05,0.05,equal_weight,1.0,-0.05,-0.0062131102365477,Information Technology,,
2026-01-06,2026-01-07,2026-01-21,signal_horizon,9,0,AAPL,short,-0.05,0.05,equal_weight,1.0,-0.05,-0.0057477465078142,Information Technology,,
2026-01-06,2026-01-07,2026-01-21,signal_horizon,9,0,BRK-B,short,-0.05,0.05,equal_weight,1.0,-0.05,-0.0037803661693158,Financials,,
2026-01-06,2026-01-07,2026-01-21,signal_horizon,9,0,IBM,short,-0.05,0.05,equal_weight,1.0,-0.05,-0.0036841136789405,Information Technology,,
2026-01-06,2026-01-07,2026-01-21,signal_horizon,9,0,MCD,short,-0.05,0.05,equal_weight,1.0,-0.05,-0.0029149626571601,Consumer Discretionary,,
2026-01-06,2026-01-07,2026-01-21,signal_horizon,9,0,MSFT,short,-0.05,0.05,equal_weight,1.0,-0.05,-0.0028262014689711,Information Technology,,
2026-01-06,2026-01-07,2026-01-21,signal_horizon,9,0,APP,short,-0.05,0.05,equal_weight,1.0,-0.05,-0.0026297624847545,Information Technology,,
2026-01-06,2026-01-07,2026-01-21,signal_horizon,9,0,WELL,short,-0.05,0.05,equal_weight,1.0,-0.05,-0.0023495023911415,Real Estate,,
2026-01-06,2026-01-07,2026-01-21,signal_horizon,9,0,FTNT,short,-0.05,0.05,equal_weight,1.0,-0.05,-0.0021409596125883,Information Technology,,
2026-01-06,2026-01-07,2026-01-21,signal_horizon,9,0,TJX,short,-0.05,0.05,equal_weight,1.0,-0.05,-0.0020359761762023,Consumer Discretionary,,
2026-01-06,2026-01-07,2026-01-21,signal_horizon,9,0,CRH,short,-0.05,0.05,equal_weight,1.0,-0.05,-0.0019291711154576,Materials,,
2026-01-06,2026-01-07,2026-01-21,signal_horizon,9,0,TXN,short,-0.05,0.05,equal_weight,1.0,-0.05,-0.0019273183107071,Information Technology,,
2026-01-06,2026-01-07,2026-01-21,signal_horizon,9,0,ADP,short,-0.05,0.05,equal_weight,1.0,-0.05,-0.0018799961795435,Information Technology,,
2026-01-06,2026-01-07,2026-01-21,signal_horizon,9,0,META,short,-0.05,0.05,equal_weight,1.0,-0.05,-0.001855768511137,Communication Services,,
2026-01-06,2026-01-07,2026-01-21,signal_horizon,9,0,ACN,short,-0.05,0.05,equal_weight,1.0,-0.05,-0.0017449488828855,Information Technology,,
2026-01-06,2026-01-07,2026-01-21,signal_horizon,9,0,ADBE,short,-0.05,0.05,equal_weight,1.0,-0.05,-0.0016523388081192,Information Technology,,
2026-01-06,2026-01-07,2026-01-21,signal_horizon,9,0,CRM,short,-0.05,0.05,equal_weight,1.0,-0.05,-0.0016082131309835,Information Technology,,
2026-01-06,2026-01-07,2026-01-21,signal_horizon,9,0,INTU,short,-0.05,0.05,equal_weight,1.0,-0.05,-0.0015869295248768,Information Technology,,
2026-01-06,2026-01-07,2026-01-21,signal_horizon,9,0,MPWR,short,-0.05,0.05,equal_weight,1.0,-0.05,-0.0015552563631045,Information Technology,,
2026-01-06,2026-01-07,2026-01-21,signal_horizon,9,0,ORLY,short,-0.05,0.05,equal_weight,1.0,-0.05,-0.0014540608653296,Consumer Discretionary,,
2026-01-21,2026-01-22,2026-02-04,signal_horizon,9,0,INTC,long,0.05,0.05,equal_weight,1.0,0.05,0.0153394291057625,Information Technology,,
2026-01-21,2026-01-22,2026-02-04,signal_horizon,9,0,COIN,long,0.05,0.05,equal_weight,1.0,0.05,0.0137797118377561,Financials,,
2026-01-21,2026-01-22,2026-02-04,signal_horizon,9,0,WDC,long,0.05,0.05,equal_weight,1.0,0.05,0.0128816372617188,Information Technology,,
2026-01-21,2026-01-22,2026-02-04,signal_horizon,9,0,STX,long,0.05,0.05,equal_weight,1.0,0.05,0.0113914010436062,Information Technology,,
2026-01-21,2026-01-22,2026-02-04,signal_horizon,9,0,VST,long,0.05,0.05,equal_weight,1.0,0.05,0.0112711652496057,Utilities,,
2026-01-21,2026-01-22,2026-02-04,signal_horizon,9,0,TPL,long,0.05,0.05,equal_weight,1.0,0.05,0.0107239928449177,Energy,,
2026-01-21,2026-01-22,2026-02-04,signal_horizon,9,0,HOOD,long,0.05,0.05,equal_weight,1.0,0.05,0.010522625588958,Financials,,
2026-01-21,2026-01-22,2026-02-04,signal_horizon,9,0,FIX,long,0.05,0.05,equal_weight,1.0,0.05,0.0103155861685966,Industrials,,
2026-01-21,2026-01-22,2026-02-04,signal_horizon,9,0,VRT,long,0.05,0.05,equal_weight,1.0,0.05,0.0093808501720793,Industrials,,
2026-01-21,2026-01-22,2026-02-04,signal_horizon,9,0,SATS,long,0.05,0.05,equal_weight,1.0,0.05,0.0092892038360954,Communication Services,,
2026-01-21,2026-01-22,2026-02-04,signal_horizon,9,0,NRG,long,0.05,0.05,equal_weight,1.0,0.05,0.0092036860911346,Utilities,,
2026-01-21,2026-01-22,2026-02-04,signal_horizon,9,0,LRCX,long,0.05,0.05,equal_weight,1.0,0.05,0.0091170719127726,Unknown,,
2026-01-21,2026-01-22,2026-02-04,signal_horizon,9,0,ORCL,long,0.05,0.05,equal_weight,1.0,0.05,0.008591381160679,Information Technology,,
2026-01-21,2026-01-22,2026-02-04,signal_horizon,9,0,IDXX,long,0.05,0.05,equal_weight,1.0,0.05,0.0082425824677342,Health Care,,
2026-01-21,2026-01-22,2026-02-04,signal_horizon,9,0,ADM,long,0.05,0.05,equal_weight,1.0,0.05,0.0080149711263171,Consumer Staples,,
2026-01-21,2026-01-22,2026-02-04,signal_horizon,9,0,MU,long,0.05,0.05,equal_weight,1.0,0.05,0.0078051909584278,Information Technology,,
2026-01-21,2026-01-22,2026-02-04,signal_horizon,9,0,DELL,long,0.05,0.05,equal_weight,1.0,0.05,0.0075868874592419,Unknown,,
2026-01-21,2026-01-22,2026-02-04,signal_horizon,9,0,A,long,0.05,0.05,equal_weight,1.0,0.05,0.0075804217584151,Health Care,,
2026-01-21,2026-01-22,2026-02-04,signal_horizon,9,0,AMD,long,0.05,0.05,equal_weight,1.0,0.05,0.0075715685664748,Information Technology,,
2026-01-21,2026-01-22,2026-02-04,signal_horizon,9,0,IRM,long,0.05,0.05,equal_weight,1.0,0.05,0.0074313855083014,Real Estate,,
2026-01-21,2026-01-22,2026-02-04,signal_horizon,9,0,WMT,short,-0.05,0.05,equal_weight,1.0,-0.05,-0.0049923425652365,Consumer Staples,,
2026-01-21,2026-01-22,2026-02-04,signal_horizon,9,0,COF,short,-0.05,0.05,equal_weight,1.0,-0.05,-0.0044510019111135,Unknown,,
2026-01-21,2026-01-22,2026-02-04,signal_horizon,9,0,CRM,short,-0.05,0.05,equal_weight,1.0,-0.05,-0.0043578168519454,Information Technology,,
2026-01-21,2026-01-22,2026-02-04,signal_horizon,9,0,PNC,short,-0.05,0.05,equal_weight,1.0,-0.05,-0.0043293071393627,Unknown,,
2026-01-21,2026-01-22,2026-02-04,signal_horizon,9,0,ADBE,short,-0.05,0.05,equal_weight,1.0,-0.05,-0.0039337183748453,Information Technology,,
2026-01-21,2026-01-22,2026-02-04,signal_horizon,9,0,SNPS,short,-0.05,0.05,equal_weight,1.0,-0.05,-0.003780267659522,Information Technology,,
2026-01-21,2026-01-22,2026-02-04,signal_horizon,9,0,DAL,short,-0.05,0.05,equal_weight,1.0,-0.05,-0.0036248662902145,Industrials,,
2026-01-21,2026-01-22,2026-02-04,signal_horizon,9,0,WM,short,-0.05,0.05,equal_weight,1.0,-0.05,-0.0033270593069937,Industrials,,
2026-01-21,2026-01-22,2026-02-04,signal_horizon,9,0,MSI,short,-0.05,0.05,equal_weight,1.0,-0.05,-0.0033149954222708,Information Technology,,
2026-01-21,2026-01-22,2026-02-04,signal_horizon,9,0,V,short,-0.05,0.05,equal_weight,1.0,-0.05,-0.0032540734971278,Unknown,,
2026-01-21,2026-01-22,2026-02-04,signal_horizon,9,0,CVX,short,-0.05,0.05,equal_weight,1.0,-0.05,-0.0032346424630675,Energy,,
2026-01-21,2026-01-22,2026-02-04,signal_horizon,9,0,LIN,short,-0.05,0.05,equal_weight,1.0,-0.05,-0.0026441571379579,Materials,,
2026-01-21,2026-01-22,2026-02-04,signal_horizon,9,0,WFC,short,-0.05,0.05,equal_weight,1.0,-0.05,-0.0025381868838261,Financials,,
2026-01-21,2026-01-22,2026-02-04,signal_horizon,9,0,SPG,short,-0.05,0.05,equal_weight,1.0,-0.05,-0.0025229846976083,Real Estate,,
2026-01-21,2026-01-22,2026-02-04,signal_horizon,9,0,QCOM,short,-0.05,0.05,equal_weight,1.0,-0.05,-0.0023326832993885,Information Technology,,
2026-01-21,2026-01-22,2026-02-04,signal_horizon,9,0,MRK,short,-0.05,0.05,equal_weight,1.0,-0.05,-0.0022098807306829,Health Care,,
2026-01-21,2026-01-22,2026-02-04,signal_horizon,9,0,ADP,short,-0.05,0.05,equal_weight,1.0,-0.05,-0.002208388571955,Information Technology,,
2026-01-21,2026-01-22,2026-02-04,signal_horizon,9,0,MA,short,-0.05,0.05,equal_weight,1.0,-0.05,-0.0020879290437568,Financials,,
2026-01-21,2026-01-22,2026-02-04,signal_horizon,9,0,BKNG,short,-0.05,0.05,equal_weight,1.0,-0.05,-0.0020359053954624,Consumer Discretionary,,
2026-01-21,2026-01-22,2026-02-04,signal_horizon,9,0,TXN,short,-0.05,0.05,equal_weight,1.0,-0.05,-0.0019997116158748,Information Technology,,
2026-02-04,2026-02-05,2026-02-19,signal_horizon,9,0,APP,long,0.05,0.05,equal_weight,1.0,0.05,0.0181721150958538,Information Technology,,
2026-02-04,2026-02-05,2026-02-19,signal_horizon,9,0,CEG,long,0.05,0.05,equal_weight,1.0,0.05,0.0137569619878423,Unknown,,
2026-02-04,2026-02-05,2026-02-19,signal_horizon,9,0,DDOG,long,0.05,0.05,equal_weight,1.0,0.05,0.0127336577878735,Information Technology,,
2026-02-04,2026-02-05,2026-02-19,signal_horizon,9,0,HOOD,long,0.05,0.05,equal_weight,1.0,0.05,0.0114560476601949,Financials,,
2026-02-04,2026-02-05,2026-02-19,signal_horizon,9,0,COIN,long,0.05,0.05,equal_weight,1.0,0.05,0.011303260888615,Financials,,
2026-02-04,2026-02-05,2026-02-19,signal_horizon,9,0,LVS,long,0.05,0.05,equal_weight,1.0,0.05,0.0111664581119195,Consumer Discretionary,,
2026-02-04,2026-02-05,2026-02-19,signal_horizon,9,0,NRG,long,0.05,0.05,equal_weight,1.0,0.05,0.0108273731478917,Utilities,,
2026-02-04,2026-02-05,2026-02-19,signal_horizon,9,0,VST,long,0.05,0.05,equal_weight,1.0,0.05,0.0104207868564852,Utilities,,
2026-02-04,2026-02-05,2026-02-19,signal_horizon,9,0,LITE,long,0.05,0.05,equal_weight,1.0,0.05,0.0102543744238312,Information Technology,,
2026-02-04,2026-02-05,2026-02-19,signal_horizon,9,0,EQT,long,0.05,0.05,equal_weight,1.0,0.05,0.0090169439673772,Energy,,
2026-02-04,2026-02-05,2026-02-19,signal_horizon,9,0,SYY,long,0.05,0.05,equal_weight,1.0,0.05,0.0084286530150189,Consumer Staples,,
2026-02-04,2026-02-05,2026-02-19,signal_horizon,9,0,VRT,long,0.05,0.05,equal_weight,1.0,0.05,0.0083751431380894,Industrials,,
2026-02-04,2026-02-05,2026-02-19,signal_horizon,9,0,BSX,long,0.05,0.05,equal_weight,1.0,0.05,0.0083056541495044,Unknown,,
2026-02-04,2026-02-05,2026-02-19,signal_horizon,9,0,FIX,long,0.05,0.05,equal_weight,1.0,0.05,0.0082665961867351,Industrials,,
2026-02-04,2026-02-05,2026-02-19,signal_horizon,9,0,MU,long,0.05,0.05,equal_weight,1.0,0.05,0.0079967353183925,Information Technology,,
2026-02-04,2026-02-05,2026-02-19,signal_horizon,9,0,INTU,long,0.05,0.05,equal_weight,1.0,0.05,0.0079118493338593,Information Technology,,
2026-02-04,2026-02-05,2026-02-19,signal_horizon,9,0,PWR,long,0.05,0.05,equal_weight,1.0,0.05,0.0078994429565862,Industrials,,
2026-02-04,2026-02-05,2026-02-19,signal_horizon,9,0,RCL,long,0.05,0.05,equal_weight,1.0,0.05,0.007772928147701,Consumer Discretionary,,
2026-02-04,2026-02-05,2026-02-19,signal_horizon,9,0,DVN,long,0.05,0.05,equal_weight,1.0,0.05,0.0074853593902001,Energy,,
2026-02-04,2026-02-05,2026-02-19,signal_horizon,9,0,WDC,long,0.05,0.05,equal_weight,1.0,0.05,0.007217666393871,Information Technology,,
2026-02-04,2026-02-05,2026-02-19,signal_horizon,9,0,MCHP,short,-0.05,0.05,equal_weight,1.0,-0.05,-0.0046869651602064,Information Technology,,
2026-02-04,2026-02-05,2026-02-19,signal_horizon,9,0,BA,short,-0.05,0.05,equal_weight,1.0,-0.05,-0.0037456513492737,Industrials,,
2026-02-04,2026-02-05,2026-02-19,signal_horizon,9,0,NXPI,short,-0.05,0.05,equal_weight,1.0,-0.05,-0.0036220354489428,Information Technology,,
2026-02-04,2026-02-05,2026-02-19,signal_horizon,9,0,AXON,short,-0.05,0.05,equal_weight,1.0,-0.05,-0.0035838807417585,Industrials,,
2026-02-04,2026-02-05,2026-02-19,signal_horizon,9,0,SNPS,short,-0.05,0.05,equal_weight,1.0,-0.05,-0.0029211912634021,Information Technology,,
2026-02-04,2026-02-05,2026-02-19,signal_horizon,9,0,WMT,short,-0.05,0.05,equal_weight,1.0,-0.05,-0.0027796616353775,Consumer Staples,,
2026-02-04,2026-02-05,2026-02-19,signal_horizon,9,0,CVX,short,-0.05,0.05,equal_weight,1.0,-0.05,-0.0027112699761691,Energy,,
2026-02-04,2026-02-05,2026-02-19,signal_horizon,9,0,MSI,short,-0.05,0.05,equal_weight,1.0,-0.05,-0.0023735614620406,Information Technology,,
2026-02-04,2026-02-05,2026-02-19,signal_horizon,9,0,SLB,short,-0.05,0.05,equal_weight,1.0,-0.05,-0.0019342136192913,Energy,,
2026-02-04,2026-02-05,2026-02-19,signal_horizon,9,0,COST,short,-0.05,0.05,equal_weight,1.0,-0.05,-0.0014005351401709,Consumer Staples,,
2026-02-04,2026-02-05,2026-02-19,signal_horizon,9,0,FITB,short,-0.05,0.05,equal_weight,1.0,-0.05,-0.0013626035711213,Financials,,
2026-02-04,2026-02-05,2026-02-19,signal_horizon,9,0,HD,short,-0.05,0.05,equal_weight,1.0,-0.05,-0.001348679015194,Consumer Discretionary,,
2026-02-04,2026-02-05,2026-02-19,signal_horizon,9,0,SBUX,short,-0.05,0.05,equal_weight,1.0,-0.05,-0.0013370891248846,Consumer Discretionary,,
2026-02-04,2026-02-05,2026-02-19,signal_horizon,9,0,EMR,short,-0.05,0.05,equal_weight,1.0,-0.05,-0.001245345195397,Industrials,,
2026-02-04,2026-02-05,2026-02-19,signal_horizon,9,0,LIN,short,-0.05,0.05,equal_weight,1.0,-0.05,-0.0011604073388092,Materials,,
2026-02-04,2026-02-05,2026-02-19,signal_horizon,9,0,KLAC,short,-0.05,0.05,equal_weight,1.0,-0.05,-0.0011387770178276,Information Technology,,
2026-02-04,2026-02-05,2026-02-19,signal_horizon,9,0,EA,short,-0.05,0.05,equal_weight,1.0,-0.05,-0.0011137237075792,Communication Services,,
2026-02-04,2026-02-05,2026-02-19,signal_horizon,9,0,SCHW,short,-0.05,0.05,equal_weight,1.0,-0.05,-0.0010858055928287,Financials,,
2026-02-04,2026-02-05,2026-02-19,signal_horizon,9,0,MSFT,short,-0.05,0.05,equal_weight,1.0,-0.05,-0.0009248768286428,Information Technology,,
2026-02-04,2026-02-05,2026-02-19,signal_horizon,9,0,UPS,short,-0.05,0.05,equal_weight,1.0,-0.05,-0.0007657669964037,Industrials,,
2026-02-19,2026-02-20,2026-03-05,signal_horizon,9,0,SNDK,long,0.05,0.05,equal_weight,1.0,0.05,0.0172009004068891,Information Technology,,
2026-02-19,2026-02-20,2026-03-05,signal_horizon,9,0,HOOD,long,0.05,0.05,equal_weight,1.0,0.05,0.0142368353253167,Financials,,
2026-02-19,2026-02-20,2026-03-05,signal_horizon,9,0,AXON,long,0.05,0.05,equal_weight,1.0,0.05,0.0110833396538308,Industrials,,
2026-02-19,2026-02-20,2026-03-05,signal_horizon,9,0,CVNA,long,0.05,0.05,equal_weight,1.0,0.05,0.010550784814656,Consumer Discretionary,,
2026-02-19,2026-02-20,2026-03-05,signal_horizon,9,0,INTU,long,0.05,0.05,equal_weight,1.0,0.05,0.0100904638019581,Information Technology,,
2026-02-19,2026-02-20,2026-03-05,signal_horizon,9,0,STX,long,0.05,0.05,equal_weight,1.0,0.05,0.0094370771112301,Information Technology,,
2026-02-19,2026-02-20,2026-03-05,signal_horizon,9,0,LVS,long,0.05,0.05,equal_weight,1.0,0.05,0.0094343906667278,Consumer Discretionary,,
2026-02-19,2026-02-20,2026-03-05,signal_horizon,9,0,SATS,long,0.05,0.05,equal_weight,1.0,0.05,0.009174993651932,Communication Services,,
2026-02-19,2026-02-20,2026-03-05,signal_horizon,9,0,VRT,long,0.05,0.05,equal_weight,1.0,0.05,0.009170566997232,Industrials,,
2026-02-19,2026-02-20,2026-03-05,signal_horizon,9,0,BKNG,long,0.05,0.05,equal_weight,1.0,0.05,0.0091197082330938,Consumer Discretionary,,
2026-02-19,2026-02-20,2026-03-05,signal_horizon,9,0,COIN,long,0.05,0.05,equal_weight,1.0,0.05,0.0086472003365139,Financials,,
2026-02-19,2026-02-20,2026-03-05,signal_horizon,9,0,WDC,long,0.05,0.05,equal_weight,1.0,0.05,0.0085783939534697,Information Technology,,
2026-02-19,2026-02-20,2026-03-05,signal_horizon,9,0,APP,long,0.05,0.05,equal_weight,1.0,0.05,0.0084325665752325,Information Technology,,
2026-02-19,2026-02-20,2026-03-05,signal_horizon,9,0,WDAY,long,0.05,0.05,equal_weight,1.0,0.05,0.0083105431240641,Information Technology,,
2026-02-19,2026-02-20,2026-03-05,signal_horizon,9,0,PYPL,long,0.05,0.05,equal_weight,1.0,0.05,0.0074817050799298,Financials,,
2026-02-19,2026-02-20,2026-03-05,signal_horizon,9,0,APH,long,0.05,0.05,equal_weight,1.0,0.05,0.0073894262575177,Unknown,,
2026-02-19,2026-02-20,2026-03-05,signal_horizon,9,0,PCG,long,0.05,0.05,equal_weight,1.0,0.05,0.0073241533588007,Utilities,,
2026-02-19,2026-02-20,2026-03-05,signal_horizon,9,0,CCL,long,0.05,0.05,equal_weight,1.0,0.05,0.0073158455534112,Consumer Discretionary,,
2026-02-19,2026-02-20,2026-03-05,signal_horizon,9,0,NEM,long,0.05,0.05,equal_weight,1.0,0.05,0.0072858637729652,Unknown,,
2026-02-19,2026-02-20,2026-03-05,signal_horizon,9,0,XYZ,long,0.05,0.05,equal_weight,1.0,0.05,0.0071782332428656,Financials,,
2026-02-19,2026-02-20,2026-03-05,signal_horizon,9,0,BRK-B,short,-0.05,0.05,equal_weight,1.0,-0.05,-0.0033751307995076,Financials,,
2026-02-19,2026-02-20,2026-03-05,signal_horizon,9,0,JPM,short,-0.05,0.05,equal_weight,1.0,-0.05,-0.0019783772888992,Financials,,
2026-02-19,2026-02-20,2026-03-05,signal_horizon,9,0,AAPL,short,-0.05,0.05,equal_weight,1.0,-0.05,-0.0018721159885809,Information Technology,,
2026-02-19,2026-02-20,2026-03-05,signal_horizon,9,0,FITB,short,-0.05,0.05,equal_weight,1.0,-0.05,-0.0017912813470099,Financials,,
2026-02-19,2026-02-20,2026-03-05,signal_horizon,9,0,COST,short,-0.05,0.05,equal_weight,1.0,-0.05,-0.0017595952453366,Consumer Staples,,
2026-02-19,2026-02-20,2026-03-05,signal_horizon,9,0,NVDA,short,-0.05,0.05,equal_weight,1.0,-0.05,-0.0016414662925739,Information Technology,,
2026-02-19,2026-02-20,2026-03-05,signal_horizon,9,0,MCD,short,-0.05,0.05,equal_weight,1.0,-0.05,-0.0015586624580771,Consumer Discretionary,,
2026-02-19,2026-02-20,2026-03-05,signal_horizon,9,0,CSCO,short,-0.05,0.05,equal_weight,1.0,-0.05,-0.0015230191959147,Information Technology,,
2026-02-19,2026-02-20,2026-03-05,signal_horizon,9,0,AVGO,short,-0.05,0.05,equal_weight,1.0,-0.05,-0.001522428834891,Information Technology,,
2026-02-19,2026-02-20,2026-03-05,signal_horizon,9,0,AMAT,short,-0.05,0.05,equal_weight,1.0,-0.05,-0.0013822629695578,Information Technology,,
2026-02-19,2026-02-20,2026-03-05,signal_horizon,9,0,SBUX,short,-0.05,0.05,equal_weight,1.0,-0.05,-0.0011733275926133,Consumer Discretionary,,
2026-02-19,2026-02-20,2026-03-05,signal_horizon,9,0,BA,short,-0.05,0.05,equal_weight,1.0,-0.05,-0.0011477901902464,Industrials,,
2026-02-19,2026-02-20,2026-03-05,signal_horizon,9,0,MSI,short,-0.05,0.05,equal_weight,1.0,-0.05,-0.0010100848679806,Information Technology,,
2026-02-19,2026-02-20,2026-03-05,signal_horizon,9,0,LIN,short,-0.05,0.05,equal_weight,1.0,-0.05,-0.0010062190117349,Materials,,
2026-02-19,2026-02-20,2026-03-05,signal_horizon,9,0,CVX,short,-0.05,0.05,equal_weight,1.0,-0.05,-0.000929501137202,Energy,,
2026-02-19,2026-02-20,2026-03-05,signal_horizon,9,0,ADP,short,-0.05,0.05,equal_weight,1.0,-0.05,-0.0008176066458917,Information Technology,,
2026-02-19,2026-02-20,2026-03-05,signal_horizon,9,0,NOC,short,-0.05,0.05,equal_weight,1.0,-0.05,-0.000614733054055,Unknown,,
2026-02-19,2026-02-20,2026-03-05,signal_horizon,9,0,EA,short,-0.05,0.05,equal_weight,1.0,-0.05,-0.000525203538495,Communication Services,,
2026-02-19,2026-02-20,2026-03-05,signal_horizon,9,0,GS,short,-0.05,0.05,equal_weight,1.0,-0.05,-0.0005010516280802,Financials,,
2026-02-19,2026-02-20,2026-03-05,signal_horizon,9,0,LMT,short,-0.05,0.05,equal_weight,1.0,-0.05,-0.0004893074973738,Industrials,,
2026-03-05,2026-03-06,2026-03-19,signal_horizon,9,0,LITE,long,0.05,0.05,equal_weight,1.0,0.05,0.0232209221108211,Information Technology,,
2026-03-05,2026-03-06,2026-03-19,signal_horizon,9,0,VRT,long,0.05,0.05,equal_weight,1.0,0.05,0.0229863008456205,Industrials,,
2026-03-05,2026-03-06,2026-03-19,signal_horizon,9,0,AXON,long,0.05,0.05,equal_weight,1.0,0.05,0.0226688286693775,Industrials,,
2026-03-05,2026-03-06,2026-03-19,signal_horizon,9,0,TPL,long,0.05,0.05,equal_weight,1.0,0.05,0.0210527066524209,Energy,,
2026-03-05,2026-03-06,2026-03-19,signal_horizon,9,0,KEYS,long,0.05,0.05,equal_weight,1.0,0.05,0.0203274905077112,Information Technology,,
2026-03-05,2026-03-06,2026-03-19,signal_horizon,9,0,DELL,long,0.05,0.05,equal_weight,1.0,0.05,0.0198863989267741,Unknown,,
2026-03-05,2026-03-06,2026-03-19,signal_horizon,9,0,COHR,long,0.05,0.05,equal_weight,1.0,0.05,0.019817796092007,Information Technology,,
2026-03-05,2026-03-06,2026-03-19,signal_horizon,9,0,XYZ,long,0.05,0.05,equal_weight,1.0,0.05,0.0196787829135016,Financials,,
2026-03-05,2026-03-06,2026-03-19,signal_horizon,9,0,GRMN,long,0.05,0.05,equal_weight,1.0,0.05,0.019639039281888,Consumer Discretionary,,
2026-03-05,2026-03-06,2026-03-19,signal_horizon,9,0,CEG,long,0.05,0.05,equal_weight,1.0,0.05,0.0192075024226041,Unknown,,
2026-03-05,2026-03-06,2026-03-19,signal_horizon,9,0,APP,long,0.05,0.05,equal_weight,1.0,0.05,0.0190137605079724,Information Technology,,
2026-03-05,2026-03-06,2026-03-19,signal_horizon,9,0,GLW,long,0.05,0.05,equal_weight,1.0,0.05,0.0186726341989065,Information Technology,,
2026-03-05,2026-03-06,2026-03-19,signal_horizon,9,0,COIN,long,0.05,0.05,equal_weight,1.0,0.05,0.0186576654040512,Financials,,
2026-03-05,2026-03-06,2026-03-19,signal_horizon,9,0,CIEN,long,0.05,0.05,equal_weight,1.0,0.05,0.0169794353300983,Information Technology,,
2026-03-05,2026-03-06,2026-03-19,signal_horizon,9,0,FIX,long,0.05,0.05,equal_weight,1.0,0.05,0.0162583358150352,Industrials,,
2026-03-05,2026-03-06,2026-03-19,signal_horizon,9,0,NFLX,long,0.05,0.05,equal_weight,1.0,0.05,0.0157145788611258,Communication Services,,
2026-03-05,2026-03-06,2026-03-19,signal_horizon,9,0,SATS,long,0.05,0.05,equal_weight,1.0,0.05,0.0146477949029619,Communication Services,,
2026-03-05,2026-03-06,2026-03-19,signal_horizon,9,0,TTWO,long,0.05,0.05,equal_weight,1.0,0.05,0.0144986256854205,Communication Services,,
2026-03-05,2026-03-06,2026-03-19,signal_horizon,9,0,PWR,long,0.05,0.05,equal_weight,1.0,0.05,0.0144105821289258,Industrials,,
2026-03-05,2026-03-06,2026-03-19,signal_horizon,9,0,SNDK,long,0.05,0.05,equal_weight,1.0,0.05,0.0143001654666345,Information Technology,,
2026-03-05,2026-03-06,2026-03-19,signal_horizon,9,0,TXN,short,-0.05,0.05,equal_weight,1.0,-0.05,0.0030537677657358,Information Technology,,
2026-03-05,2026-03-06,2026-03-19,signal_horizon,9,0,AAPL,short,-0.05,0.05,equal_weight,1.0,-0.05,0.0034478979430849,Information Technology,,
2026-03-05,2026-03-06,2026-03-19,signal_horizon,9,0,BRK-B,short,-0.05,0.05,equal_weight,1.0,-0.05,0.0036395651324195,Financials,,
2026-03-05,2026-03-06,2026-03-19,signal_horizon,9,0,MSFT,short,-0.05,0.05,equal_weight,1.0,-0.05,0.0037647758134227,Information Technology,,
2026-03-05,2026-03-06,2026-03-19,signal_horizon,9,0,WDAY,short,-0.05,0.05,equal_weight,1.0,-0.05,0.0038301443474018,Information Technology,,
2026-03-05,2026-03-06,2026-03-19,signal_horizon,9,0,GOOG,short,-0.05,0.05,equal_weight,1.0,-0.05,0.0040590898087413,Communication Services,,
2026-03-05,2026-03-06,2026-03-19,signal_horizon,9,0,QCOM,short,-0.05,0.05,equal_weight,1.0,-0.05,0.0042831999425414,Information Technology,,
2026-03-05,2026-03-06,2026-03-19,signal_horizon,9,0,BSX,short,-0.05,0.05,equal_weight,1.0,-0.05,0.0043110813750801,Unknown,,
2026-03-05,2026-03-06,2026-03-19,signal_horizon,9,0,HD,short,-0.05,0.05,equal_weight,1.0,-0.05,0.0043600036703182,Consumer Discretionary,,
2026-03-05,2026-03-06,2026-03-19,signal_horizon,9,0,GOOGL,short,-0.05,0.05,equal_weight,1.0,-0.05,0.004434133295117,Communication Services,,
2026-03-05,2026-03-06,2026-03-19,signal_horizon,9,0,COST,short,-0.05,0.05,equal_weight,1.0,-0.05,0.0044941992100431,Consumer Staples,,
2026-03-05,2026-03-06,2026-03-19,signal_horizon,9,0,CVX,short,-0.05,0.05,equal_weight,1.0,-0.05,0.0045746930998625,Energy,,
2026-03-05,2026-03-06,2026-03-19,signal_horizon,9,0,ADBE,short,-0.05,0.05,equal_weight,1.0,-0.05,0.0048958183632373,Information Technology,,
2026-03-05,2026-03-06,2026-03-19,signal_horizon,9,0,NEE,short,-0.05,0.05,equal_weight,1.0,-0.05,0.004907370671511,Utilities,,
2026-03-05,2026-03-06,2026-03-19,signal_horizon,9,0,AXP,short,-0.05,0.05,equal_weight,1.0,-0.05,0.0049306251286427,Financials,,
2026-03-05,2026-03-06,2026-03-19,signal_horizon,9,0,PANW,short,-0.05,0.05,equal_weight,1.0,-0.05,0.0049329102636597,Information Technology,,
2026-03-05,2026-03-06,2026-03-19,signal_horizon,9,0,MCD,short,-0.05,0.05,equal_weight,1.0,-0.05,0.0049590104597993,Consumer Discretionary,,
2026-03-05,2026-03-06,2026-03-19,signal_horizon,9,0,AMZN,short,-0.05,0.05,equal_weight,1.0,-0.05,0.0049860790987839,Consumer Discretionary,,
2026-03-05,2026-03-06,2026-03-19,signal_horizon,9,0,LMT,short,-0.05,0.05,equal_weight,1.0,-0.05,0.0050246517879444,Industrials,,
2026-03-05,2026-03-06,2026-03-19,signal_horizon,9,0,NKE,short,-0.05,0.05,equal_weight,1.0,-0.05,0.0050638746013428,Consumer Discretionary,,
2026-03-19,2026-03-20,2026-04-02,signal_horizon,9,0,COIN,long,0.05,0.05,equal_weight,1.0,0.05,0.0221866232663147,Financials,,
2026-03-19,2026-03-20,2026-04-02,signal_horizon,9,0,AXON,long,0.05,0.05,equal_weight,1.0,0.05,0.0217699405504711,Industrials,,
2026-03-19,2026-03-20,2026-04-02,signal_horizon,9,0,XYZ,long,0.05,0.05,equal_weight,1.0,0.05,0.0200160262224392,Financials,,
2026-03-19,2026-03-20,2026-04-02,signal_horizon,9,0,APP,long,0.05,0.05,equal_weight,1.0,0.05,0.0193275022258614,Information Technology,,
2026-03-19,2026-03-20,2026-04-02,signal_horizon,9,0,DELL,long,0.05,0.05,equal_weight,1.0,0.05,0.0189676807274195,Unknown,,
2026-03-19,2026-03-20,2026-04-02,signal_horizon,9,0,TPL,long,0.05,0.05,equal_weight,1.0,0.05,0.0185339199395245,Energy,,
2026-03-19,2026-03-20,2026-04-02,signal_horizon,9,0,LITE,long,0.05,0.05,equal_weight,1.0,0.05,0.0178189402666694,Information Technology,,
2026-03-19,2026-03-20,2026-04-02,signal_horizon,9,0,SNDK,long,0.05,0.05,equal_weight,1.0,0.05,0.0178125531535663,Information Technology,,
2026-03-19,2026-03-20,2026-04-02,signal_horizon,9,0,CVNA,long,0.05,0.05,equal_weight,1.0,0.05,0.017279870764766,Consumer Discretionary,,
2026-03-19,2026-03-20,2026-04-02,signal_horizon,9,0,HOOD,long,0.05,0.05,equal_weight,1.0,0.05,0.017207837195641,Financials,,
2026-03-19,2026-03-20,2026-04-02,signal_horizon,9,0,KEYS,long,0.05,0.05,equal_weight,1.0,0.05,0.0171056151499769,Information Technology,,
2026-03-19,2026-03-20,2026-04-02,signal_horizon,9,0,NFLX,long,0.05,0.05,equal_weight,1.0,0.05,0.0170257530934232,Communication Services,,
2026-03-19,2026-03-20,2026-04-02,signal_horizon,9,0,CRWD,long,0.05,0.05,equal_weight,1.0,0.05,0.0162674503225594,Unknown,,
2026-03-19,2026-03-20,2026-04-02,signal_horizon,9,0,DDOG,long,0.05,0.05,equal_weight,1.0,0.05,0.0161766536072292,Information Technology,,
2026-03-19,2026-03-20,2026-04-02,signal_horizon,9,0,CCL,long,0.05,0.05,equal_weight,1.0,0.05,0.0159989943344053,Consumer Discretionary,,
2026-03-19,2026-03-20,2026-04-02,signal_horizon,9,0,TTWO,long,0.05,0.05,equal_weight,1.0,0.05,0.0159814749623462,Communication Services,,
2026-03-19,2026-03-20,2026-04-02,signal_horizon,9,0,INTU,long,0.05,0.05,equal_weight,1.0,0.05,0.0157846657786303,Information Technology,,
2026-03-19,2026-03-20,2026-04-02,signal_horizon,9,0,MU,long,0.05,0.05,equal_weight,1.0,0.05,0.0155446819721776,Information Technology,,
2026-03-19,2026-03-20,2026-04-02,signal_horizon,9,0,SATS,long,0.05,0.05,equal_weight,1.0,0.05,0.0152310224266561,Communication Services,,
2026-03-19,2026-03-20,2026-04-02,signal_horizon,9,0,ODFL,long,0.05,0.05,equal_weight,1.0,0.05,0.0151708182147781,Industrials,,
2026-03-19,2026-03-20,2026-04-02,signal_horizon,9,0,AAPL,short,-0.05,0.05,equal_weight,1.0,-0.05,0.0045000974910674,Information Technology,,
2026-03-19,2026-03-20,2026-04-02,signal_horizon,9,0,BRK-B,short,-0.05,0.05,equal_weight,1.0,-0.05,0.0048770360498751,Financials,,
2026-03-19,2026-03-20,2026-04-02,signal_horizon,9,0,CSCO,short,-0.05,0.05,equal_weight,1.0,-0.05,0.0049680453657877,Information Technology,,
2026-03-19,2026-03-20,2026-04-02,signal_horizon,9,0,PEP,short,-0.05,0.05,equal_weight,1.0,-0.05,0.0050858723972758,Consumer Staples,,
2026-03-19,2026-03-20,2026-04-02,signal_horizon,9,0,QCOM,short,-0.05,0.05,equal_weight,1.0,-0.05,0.0053001529342047,Information Technology,,
2026-03-19,2026-03-20,2026-04-02,signal_horizon,9,0,JNJ,short,-0.05,0.05,equal_weight,1.0,-0.05,0.0055314227958105,Health Care,,
2026-03-19,2026-03-20,2026-04-02,signal_horizon,9,0,TXN,short,-0.05,0.05,equal_weight,1.0,-0.05,0.005568265291541,Information Technology,,
2026-03-19,2026-03-20,2026-04-02,signal_horizon,9,0,COST,short,-0.05,0.05,equal_weight,1.0,-0.05,0.0057622875238924,Consumer Staples,,
2026-03-19,2026-03-20,2026-04-02,signal_horizon,9,0,DE,short,-0.05,0.05,equal_weight,1.0,-0.05,0.0058715767624551,Industrials,,
2026-03-19,2026-03-20,2026-04-02,signal_horizon,9,0,ADBE,short,-0.05,0.05,equal_weight,1.0,-0.05,0.0060073882018041,Information Technology,,
2026-03-19,2026-03-20,2026-04-02,signal_horizon,9,0,PFE,short,-0.05,0.05,equal_weight,1.0,-0.05,0.0060306230853295,Health Care,,
2026-03-19,2026-03-20,2026-04-02,signal_horizon,9,0,MSI,short,-0.05,0.05,equal_weight,1.0,-0.05,0.0061971437297973,Information Technology,,
2026-03-19,2026-03-20,2026-04-02,signal_horizon,9,0,JPM,short,-0.05,0.05,equal_weight,1.0,-0.05,0.0062052189879572,Financials,,
2026-03-19,2026-03-20,2026-04-02,signal_horizon,9,0,CVX,short,-0.05,0.05,equal_weight,1.0,-0.05,0.0062243293299434,Energy,,
2026-03-19,2026-03-20,2026-04-02,signal_horizon,9,0,HD,short,-0.05,0.05,equal_weight,1.0,-0.05,0.0064023254607594,Consumer Discretionary,,
2026-03-19,2026-03-20,2026-04-02,signal_horizon,9,0,ITW,short,-0.05,0.05,equal_weight,1.0,-0.05,0.0065844616314627,Industrials,,
2026-03-19,2026-03-20,2026-04-02,signal_horizon,9,0,AVGO,short,-0.05,0.05,equal_weight,1.0,-0.05,0.0065919435424799,Information Technology,,
2026-03-19,2026-03-20,2026-04-02,signal_horizon,9,0,NKE,short,-0.05,0.05,equal_weight,1.0,-0.05,0.0066783084409169,Consumer Discretionary,,
2026-03-19,2026-03-20,2026-04-02,signal_horizon,9,0,MSFT,short,-0.05,0.05,equal_weight,1.0,-0.05,0.0068031424328959,Information Technology,,
2026-03-19,2026-03-20,2026-04-02,signal_horizon,9,0,NEE,short,-0.05,0.05,equal_weight,1.0,-0.05,0.0068038296962281,Utilities,,
2026-04-02,2026-04-06,2026-04-17,signal_horizon,9,0,SNDK,long,0.05,0.05,equal_weight,1.0,0.05,0.0255262568227124,Information Technology,,
2026-04-02,2026-04-06,2026-04-17,signal_horizon,9,0,CIEN,long,0.05,0.05,equal_weight,1.0,0.05,0.0219550479998725,Information Technology,,
2026-04-02,2026-04-06,2026-04-17,signal_horizon,9,0,WDC,long,0.05,0.05,equal_weight,1.0,0.05,0.0211182359209169,Information Technology,,
2026-04-02,2026-04-06,2026-04-17,signal_horizon,9,0,LITE,long,0.05,0.05,equal_weight,1.0,0.05,0.0201907784837823,Information Technology,,
2026-04-02,2026-04-06,2026-04-17,signal_horizon,9,0,NEM,long,0.05,0.05,equal_weight,1.0,0.05,0.018962327759371,Unknown,,
2026-04-02,2026-04-06,2026-04-17,signal_horizon,9,0,INTC,long,0.05,0.05,equal_weight,1.0,0.05,0.0182749005567427,Information Technology,,
2026-04-02,2026-04-06,2026-04-17,signal_horizon,9,0,STX,long,0.05,0.05,equal_weight,1.0,0.05,0.0181131499378343,Information Technology,,
2026-04-02,2026-04-06,2026-04-17,signal_horizon,9,0,LRCX,long,0.05,0.05,equal_weight,1.0,0.05,0.0177296988790169,Unknown,,
2026-04-02,2026-04-06,2026-04-17,signal_horizon,9,0,HPE,long,0.05,0.05,equal_weight,1.0,0.05,0.0173695876819454,Information Technology,,
2026-04-02,2026-04-06,2026-04-17,signal_horizon,9,0,NKE,long,0.05,0.05,equal_weight,1.0,0.05,0.0172370255130155,Consumer Discretionary,,
2026-04-02,2026-04-06,2026-04-17,signal_horizon,9,0,SATS,long,0.05,0.05,equal_weight,1.0,0.05,0.0168682733430113,Communication Services,,
2026-04-02,2026-04-06,2026-04-17,signal_horizon,9,0,CVNA,long,0.05,0.05,equal_weight,1.0,0.05,0.0168597517160887,Consumer Discretionary,,
2026-04-02,2026-04-06,2026-04-17,signal_horizon,9,0,MU,long,0.05,0.05,equal_weight,1.0,0.05,0.0162852983942485,Information Technology,,
2026-04-02,2026-04-06,2026-04-17,signal_horizon,9,0,AXON,long,0.05,0.05,equal_weight,1.0,0.05,0.0160980868726712,Industrials,,
2026-04-02,2026-04-06,2026-04-17,signal_horizon,9,0,DAL,long,0.05,0.05,equal_weight,1.0,0.05,0.0160870514117535,Industrials,,
2026-04-02,2026-04-06,2026-04-17,signal_horizon,9,0,FIX,long,0.05,0.05,equal_weight,1.0,0.05,0.016084052649522,Industrials,,
2026-04-02,2026-04-06,2026-04-17,signal_horizon,9,0,AMD,long,0.05,0.05,equal_weight,1.0,0.05,0.0159090926985916,Information Technology,,
2026-04-02,2026-04-06,2026-04-17,signal_horizon,9,0,FCX,long,0.05,0.05,equal_weight,1.0,0.05,0.0157303252168528,Materials,,
2026-04-02,2026-04-06,2026-04-17,signal_horizon,9,0,TER,long,0.05,0.05,equal_weight,1.0,0.05,0.0152923537178869,Information Technology,,
2026-04-02,2026-04-06,2026-04-17,signal_horizon,9,0,XYZ,long,0.05,0.05,equal_weight,1.0,0.05,0.0152823139970914,Financials,,
2026-04-02,2026-04-06,2026-04-17,signal_horizon,9,0,QCOM,short,-0.05,0.05,equal_weight,1.0,-0.05,-0.0016448410307124,Information Technology,,
2026-04-02,2026-04-06,2026-04-17,signal_horizon,9,0,ADP,short,-0.05,0.05,equal_weight,1.0,-0.05,0.0023907461211858,Information Technology,,
2026-04-02,2026-04-06,2026-04-17,signal_horizon,9,0,CSCO,short,-0.05,0.05,equal_weight,1.0,-0.05,0.0029012503941264,Information Technology,,
2026-04-02,2026-04-06,2026-04-17,signal_horizon,9,0,ABT,short,-0.05,0.05,equal_weight,1.0,-0.05,0.0032279375307058,Health Care,,
2026-04-02,2026-04-06,2026-04-17,signal_horizon,9,0,VZ,short,-0.05,0.05,equal_weight,1.0,-0.05,0.0035025477945294,Communication Services,,
2026-04-02,2026-04-06,2026-04-17,signal_horizon,9,0,AAPL,short,-0.05,0.05,equal_weight,1.0,-0.05,0.0035576389518826,Information Technology,,
2026-04-02,2026-04-06,2026-04-17,signal_horizon,9,0,ACN,short,-0.05,0.05,equal_weight,1.0,-0.05,0.0039393120824218,Information Technology,,
2026-04-02,2026-04-06,2026-04-17,signal_horizon,9,0,CMCSA,short,-0.05,0.05,equal_weight,1.0,-0.05,0.0039723910565139,Unknown,,
2026-04-02,2026-04-06,2026-04-17,signal_horizon,9,0,UPS,short,-0.05,0.05,equal_weight,1.0,-0.05,0.0041881851791701,Industrials,,
2026-04-02,2026-04-06,2026-04-17,signal_horizon,9,0,PG,short,-0.05,0.05,equal_weight,1.0,-0.05,0.004259167507109,Consumer Staples,,
2026-04-02,2026-04-06,2026-04-17,signal_horizon,9,0,BRK-B,short,-0.05,0.05,equal_weight,1.0,-0.05,0.0046706130011929,Financials,,
2026-04-02,2026-04-06,2026-04-17,signal_horizon,9,0,MSFT,short,-0.05,0.05,equal_weight,1.0,-0.05,0.0047577317405897,Information Technology,,
2026-04-02,2026-04-06,2026-04-17,signal_horizon,9,0,HD,short,-0.05,0.05,equal_weight,1.0,-0.05,0.0052063962257334,Consumer Discretionary,,
2026-04-02,2026-04-06,2026-04-17,signal_horizon,9,0,NEE,short,-0.05,0.05,equal_weight,1.0,-0.05,0.0052380777315263,Utilities,,
2026-04-02,2026-04-06,2026-04-17,signal_horizon,9,0,FDX,short,-0.05,0.05,equal_weight,1.0,-0.05,0.0054002807614825,Unknown,,
2026-04-02,2026-04-06,2026-04-17,signal_horizon,9,0,TPL,short,-0.05,0.05,equal_weight,1.0,-0.05,0.0054737829634177,Energy,,
2026-04-02,2026-04-06,2026-04-17,signal_horizon,9,0,DE,short,-0.05,0.05,equal_weight,1.0,-0.05,0.0054906944383149,Industrials,,
2026-04-02,2026-04-06,2026-04-17,signal_horizon,9,0,JPM,short,-0.05,0.05,equal_weight,1.0,-0.05,0.0054962404552841,Financials,,
2026-04-02,2026-04-06,2026-04-17,signal_horizon,9,0,LMT,short,-0.05,0.05,equal_weight,1.0,-0.05,0.0056238488309886,Industrials,,
2026-04-02,2026-04-06,2026-04-17,signal_horizon,9,0,CDNS,short,-0.05,0.05,equal_weight,1.0,-0.05,0.0058496128783129,Information Technology,,
2026-04-17,2026-04-20,2026-05-01,signal_horizon,9,0,MU,long,0.05,0.05,equal_weight,1.0,0.05,0.0189614011050422,Information Technology,,
2026-04-17,2026-04-20,2026-05-01,signal_horizon,9,0,CVNA,long,0.05,0.05,equal_weight,1.0,0.05,0.0183616831511015,Consumer Discretionary,,
2026-04-17,2026-04-20,2026-05-01,signal_horizon,9,0,SYY,long,0.05,0.05,equal_weight,1.0,0.05,0.0183310297360073,Consumer Staples,,
2026-04-17,2026-04-20,2026-05-01,signal_horizon,9,0,HOOD,long,0.05,0.05,equal_weight,1.0,0.05,0.0173294439512354,Financials,,
2026-04-17,2026-04-20,2026-05-01,signal_horizon,9,0,META,long,0.05,0.05,equal_weight,1.0,0.05,0.0173194418863257,Communication Services,,
2026-04-17,2026-04-20,2026-05-01,signal_horizon,9,0,CCL,long,0.05,0.05,equal_weight,1.0,0.05,0.017245858513704,Consumer Discretionary,,
2026-04-17,2026-04-20,2026-05-01,signal_horizon,9,0,LRCX,long,0.05,0.05,equal_weight,1.0,0.05,0.0170465195139027,Unknown,,
2026-04-17,2026-04-20,2026-05-01,signal_horizon,9,0,NRG,long,0.05,0.05,equal_weight,1.0,0.05,0.0169429943201942,Utilities,,
2026-04-17,2026-04-20,2026-05-01,signal_horizon,9,0,ANET,long,0.05,0.05,equal_weight,1.0,0.05,0.0159278516540775,Information Technology,,
2026-04-17,2026-04-20,2026-05-01,signal_horizon,9,0,MPWR,long,0.05,0.05,equal_weight,1.0,0.05,0.0158154476498993,Information Technology,,
2026-04-17,2026-04-20,2026-05-01,signal_horizon,9,0,SNDK,long,0.05,0.05,equal_weight,1.0,0.05,0.0155947550060445,Information Technology,,
2026-04-17,2026-04-20,2026-05-01,signal_horizon,9,0,APH,long,0.05,0.05,equal_weight,1.0,0.05,0.015537828434125,Unknown,,
2026-04-17,2026-04-20,2026-05-01,signal_horizon,9,0,CARR,long,0.05,0.05,equal_weight,1.0,0.05,0.0152474791259996,Industrials,,
2026-04-17,2026-04-20,2026-05-01,signal_horizon,9,0,FCX,long,0.05,0.05,equal_weight,1.0,0.05,0.0151879789392459,Materials,,
2026-04-17,2026-04-20,2026-05-01,signal_horizon,9,0,WDC,long,0.05,0.05,equal_weight,1.0,0.05,0.0151255724337321,Information Technology,,
2026-04-17,2026-04-20,2026-05-01,signal_horizon,9,0,TPL,long,0.05,0.05,equal_weight,1.0,0.05,0.0149604051164487,Energy,,
2026-04-17,2026-04-20,2026-05-01,signal_horizon,9,0,NEM,long,0.05,0.05,equal_weight,1.0,0.05,0.0145838085888419,Unknown,,
2026-04-17,2026-04-20,2026-05-01,signal_horizon,9,0,STX,long,0.05,0.05,equal_weight,1.0,0.05,0.0143881144480358,Information Technology,,
2026-04-17,2026-04-20,2026-05-01,signal_horizon,9,0,GLW,long,0.05,0.05,equal_weight,1.0,0.05,0.0143023214002682,Information Technology,,
2026-04-17,2026-04-20,2026-05-01,signal_horizon,9,0,INTC,long,0.05,0.05,equal_weight,1.0,0.05,0.0139972730352824,Information Technology,,
2026-04-17,2026-04-20,2026-05-01,signal_horizon,9,0,INTU,short,-0.05,0.05,equal_weight,1.0,-0.05,-0.0033443530287235,Information Technology,,
2026-04-17,2026-04-20,2026-05-01,signal_horizon,9,0,QCOM,short,-0.05,0.05,equal_weight,1.0,-0.05,-0.0022897374603957,Information Technology,,
2026-04-17,2026-04-20,2026-05-01,signal_horizon,9,0,LIN,short,-0.05,0.05,equal_weight,1.0,-0.05,-0.0013741454269616,Materials,,
2026-04-17,2026-04-20,2026-05-01,signal_horizon,9,0,ROP,short,-0.05,0.05,equal_weight,1.0,-0.05,-0.0008710811642278,Information Technology,,
2026-04-17,2026-04-20,2026-05-01,signal_horizon,9,0,ADP,short,-0.05,0.05,equal_weight,1.0,-0.05,-0.0007852393083887,Information Technology,,
2026-04-17,2026-04-20,2026-05-01,signal_horizon,9,0,OXY,short,-0.05,0.05,equal_weight,1.0,-0.05,-0.0003152486858798,Energy,,
2026-04-17,2026-04-20,2026-05-01,signal_horizon,9,0,ACN,short,-0.05,0.05,equal_weight,1.0,-0.05,-0.0002867923987835,Information Technology,,
2026-04-17,2026-04-20,2026-05-01,signal_horizon,9,0,ROST,short,-0.05,0.05,equal_weight,1.0,-0.05,0.0001663070984528,Consumer Discretionary,,
2026-04-17,2026-04-20,2026-05-01,signal_horizon,9,0,MCD,short,-0.05,0.05,equal_weight,1.0,-0.05,0.0004620727648875,Consumer Discretionary,,
2026-04-17,2026-04-20,2026-05-01,signal_horizon,9,0,PLTR,short,-0.05,0.05,equal_weight,1.0,-0.05,0.0006198843391924,Information Technology,,
2026-04-17,2026-04-20,2026-05-01,signal_horizon,9,0,CSCO,short,-0.05,0.05,equal_weight,1.0,-0.05,0.0006367838054172,Information Technology,,
2026-04-17,2026-04-20,2026-05-01,signal_horizon,9,0,NOW,short,-0.05,0.05,equal_weight,1.0,-0.05,0.0007089580530156,Information Technology,,
2026-04-17,2026-04-20,2026-05-01,signal_horizon,9,0,MSI,short,-0.05,0.05,equal_weight,1.0,-0.05,0.000802178275562,Information Technology,,
2026-04-17,2026-04-20,2026-05-01,signal_horizon,9,0,CRM,short,-0.05,0.05,equal_weight,1.0,-0.05,0.0011113488393313,Information Technology,,
2026-04-17,2026-04-20,2026-05-01,signal_horizon,9,0,TJX,short,-0.05,0.05,equal_weight,1.0,-0.05,0.0011279418875297,Consumer Discretionary,,
2026-04-17,2026-04-20,2026-05-01,signal_horizon,9,0,AAPL,short,-0.05,0.05,equal_weight,1.0,-0.05,0.0013660206707567,Information Technology,,
2026-04-17,2026-04-20,2026-05-01,signal_horizon,9,0,COST,short,-0.05,0.05,equal_weight,1.0,-0.05,0.0015028716604488,Consumer Staples,,
2026-04-17,2026-04-20,2026-05-01,signal_horizon,9,0,BRK-B,short,-0.05,0.05,equal_weight,1.0,-0.05,0.0015194375954118,Financials,,
2026-04-17,2026-04-20,2026-05-01,signal_horizon,9,0,CTVA,short,-0.05,0.05,equal_weight,1.0,-0.05,0.0015202175191012,Materials,,
2026-04-17,2026-04-20,2026-05-01,signal_horizon,9,0,UNP,short,-0.05,0.05,equal_weight,1.0,-0.05,0.0019570743384903,Industrials,,
2026-05-01,2026-05-04,2026-05-15,signal_horizon,9,0,TPL,long,0.05,0.05,equal_weight,1.0,0.05,0.019591584418563,Energy,,
2026-05-01,2026-05-04,2026-05-15,signal_horizon,9,0,NXPI,long,0.05,0.05,equal_weight,1.0,0.05,0.0175204497293936,Information Technology,,
2026-05-01,2026-05-04,2026-05-15,signal_horizon,9,0,SNDK,long,0.05,0.05,equal_weight,1.0,0.05,0.016325458050339,Information Technology,,
2026-05-01,2026-05-04,2026-05-15,signal_horizon,9,0,URI,long,0.05,0.05,equal_weight,1.0,0.05,0.0155332976979206,Industrials,,
2026-05-01,2026-05-04,2026-05-15,signal_horizon,9,0,AXON,long,0.05,0.05,equal_weight,1.0,0.05,0.0153518109607291,Industrials,,
2026-05-01,2026-05-04,2026-05-15,signal_horizon,9,0,NOC,long,0.05,0.05,equal_weight,1.0,0.05,0.0151585056787451,Unknown,,
2026-05-01,2026-05-04,2026-05-15,signal_horizon,9,0,IR,long,0.05,0.05,equal_weight,1.0,0.05,0.0149017526012244,Industrials,,
2026-05-01,2026-05-04,2026-05-15,signal_horizon,9,0,NRG,long,0.05,0.05,equal_weight,1.0,0.05,0.0148535409495398,Utilities,,
2026-05-01,2026-05-04,2026-05-15,signal_horizon,9,0,CCL,long,0.05,0.05,equal_weight,1.0,0.05,0.0145652375739668,Consumer Discretionary,,
2026-05-01,2026-05-04,2026-05-15,signal_horizon,9,0,MU,long,0.05,0.05,equal_weight,1.0,0.05,0.014326968281732,Information Technology,,
2026-05-01,2026-05-04,2026-05-15,signal_horizon,9,0,HSY,long,0.05,0.05,equal_weight,1.0,0.05,0.0142833326572264,Consumer Staples,,
2026-05-01,2026-05-04,2026-05-15,signal_horizon,9,0,NEM,long,0.05,0.05,equal_weight,1.0,0.05,0.0137898181712992,Unknown,,
2026-05-01,2026-05-04,2026-05-15,signal_horizon,9,0,HOOD,long,0.05,0.05,equal_weight,1.0,0.05,0.0137777636609595,Financials,,
2026-05-01,2026-05-04,2026-05-15,signal_horizon,9,0,KDP,long,0.05,0.05,equal_weight,1.0,0.05,0.0131484883002042,Consumer Staples,,
2026-05-01,2026-05-04,2026-05-15,signal_horizon,9,0,SYY,long,0.05,0.05,equal_weight,1.0,0.05,0.0127881684612475,Consumer Staples,,
2026-05-01,2026-05-04,2026-05-15,signal_horizon,9,0,CTAS,long,0.05,0.05,equal_weight,1.0,0.05,0.0124483344996794,Industrials,,
2026-05-01,2026-05-04,2026-05-15,signal_horizon,9,0,QCOM,long,0.05,0.05,equal_weight,1.0,0.05,0.0122667092272566,Information Technology,,
2026-05-01,2026-05-04,2026-05-15,signal_horizon,9,0,ECL,long,0.05,0.05,equal_weight,1.0,0.05,0.0121585899144691,Materials,,
2026-05-01,2026-05-04,2026-05-15,signal_horizon,9,0,VST,long,0.05,0.05,equal_weight,1.0,0.05,0.0121044939693434,Utilities,,
2026-05-01,2026-05-04,2026-05-15,signal_horizon,9,0,INTC,long,0.05,0.05,equal_weight,1.0,0.05,0.0120447509731317,Information Technology,,
2026-05-01,2026-05-04,2026-05-15,signal_horizon,9,0,IBM,short,-0.05,0.05,equal_weight,1.0,-0.05,0.0013571922055684,Information Technology,,
2026-05-01,2026-05-04,2026-05-15,signal_horizon,9,0,SBUX,short,-0.05,0.05,equal_weight,1.0,-0.05,0.0015047692419157,Consumer Discretionary,,
2026-05-01,2026-05-04,2026-05-15,signal_horizon,9,0,V,short,-0.05,0.05,equal_weight,1.0,-0.05,0.0020226851136719,Unknown,,
2026-05-01,2026-05-04,2026-05-15,signal_horizon,9,0,CSCO,short,-0.05,0.05,equal_weight,1.0,-0.05,0.002395548475829,Information Technology,,
2026-05-01,2026-05-04,2026-05-15,signal_horizon,9,0,AAPL,short,-0.05,0.05,equal_weight,1.0,-0.05,0.0024908515991133,Information Technology,,
2026-05-01,2026-05-04,2026-05-15,signal_horizon,9,0,COST,short,-0.05,0.05,equal_weight,1.0,-0.05,0.0025133026420722,Consumer Staples,,
2026-05-01,2026-05-04,2026-05-15,signal_horizon,9,0,EQIX,short,-0.05,0.05,equal_weight,1.0,-0.05,0.002549430206883,Unknown,,
2026-05-01,2026-05-04,2026-05-15,signal_horizon,9,0,ROP,short,-0.05,0.05,equal_weight,1.0,-0.05,0.0030294705497543,Information Technology,,
2026-05-01,2026-05-04,2026-05-15,signal_horizon,9,0,CAT,short,-0.05,0.05,equal_weight,1.0,-0.05,0.003903946829174,Industrials,,
2026-05-01,2026-05-04,2026-05-15,signal_horizon,9,0,AMZN,short,-0.05,0.05,equal_weight,1.0,-0.05,0.003947950765552,Consumer Discretionary,,
2026-05-01,2026-05-04,2026-05-15,signal_horizon,9,0,BA,short,-0.05,0.05,equal_weight,1.0,-0.05,0.0039690616993697,Industrials,,
2026-05-01,2026-05-04,2026-05-15,signal_horizon,9,0,KO,short,-0.05,0.05,equal_weight,1.0,-0.05,0.0040271041225442,Consumer Staples,,
2026-05-01,2026-05-04,2026-05-15,signal_horizon,9,0,JPM,short,-0.05,0.05,equal_weight,1.0,-0.05,0.0040904401116754,Financials,,
2026-05-01,2026-05-04,2026-05-15,signal_horizon,9,0,BRK-B,short,-0.05,0.05,equal_weight,1.0,-0.05,0.0040991759908742,Financials,,
2026-05-01,2026-05-04,2026-05-15,signal_horizon,9,0,BAC,short,-0.05,0.05,equal_weight,1.0,-0.05,0.004157016868037,Financials,,
2026-05-01,2026-05-04,2026-05-15,signal_horizon,9,0,WMT,short,-0.05,0.05,equal_weight,1.0,-0.05,0.0042247070529047,Consumer Staples,,
2026-05-01,2026-05-04,2026-05-15,signal_horizon,9,0,SLB,short,-0.05,0.05,equal_weight,1.0,-0.05,0.0042248107060453,Energy,,
2026-05-01,2026-05-04,2026-05-15,signal_horizon,9,0,PEP,short,-0.05,0.05,equal_weight,1.0,-0.05,0.0042980930930208,Consumer Staples,,
2026-05-01,2026-05-04,2026-05-15,signal_horizon,9,0,LIN,short,-0.05,0.05,equal_weight,1.0,-0.05,0.0043405810918895,Materials,,
2026-05-01,2026-05-04,2026-05-15,signal_horizon,9,0,ROST,short,-0.05,0.05,equal_weight,1.0,-0.05,0.0044585733875163,Consumer Discretionary,,
2026-05-15,2026-05-18,2026-06-01,signal_horizon,9,0,ZTS,long,0.05,0.05,equal_weight,1.0,0.05,0.01883832727876,Health Care,,
2026-05-15,2026-05-18,2026-06-01,signal_horizon,9,0,DDOG,long,0.05,0.05,equal_weight,1.0,0.05,0.0168675382254813,Information Technology,,
2026-05-15,2026-05-18,2026-06-01,signal_horizon,9,0,INTC,long,0.05,0.05,equal_weight,1.0,0.05,0.0146155231136974,Information Technology,,
2026-05-15,2026-05-18,2026-06-01,signal_horizon,9,0,SNDK,long,0.05,0.05,equal_weight,1.0,0.05,0.0140291899173385,Information Technology,,
2026-05-15,2026-05-18,2026-06-01,signal_horizon,9,0,FTNT,long,0.05,0.05,equal_weight,1.0,0.05,0.0117728312914111,Information Technology,,
2026-05-15,2026-05-18,2026-06-01,signal_horizon,9,0,QCOM,long,0.05,0.05,equal_weight,1.0,0.05,0.0117029595982527,Information Technology,,
2026-05-15,2026-05-18,2026-06-01,signal_horizon,9,0,TPL,long,0.05,0.05,equal_weight,1.0,0.05,0.010854934817229,Energy,,
2026-05-15,2026-05-18,2026-06-01,signal_horizon,9,0,AXON,long,0.05,0.05,equal_weight,1.0,0.05,0.0106617924502698,Industrials,,
2026-05-15,2026-05-18,2026-06-01,signal_horizon,9,0,COR,long,0.05,0.05,equal_weight,1.0,0.05,0.0106229853646889,Health Care,,
2026-05-15,2026-05-18,2026-06-01,signal_horizon,9,0,AMD,long,0.05,0.05,equal_weight,1.0,0.05,0.0104993391523599,Information Technology,,
2026-05-15,2026-05-18,2026-06-01,signal_horizon,9,0,COIN,long,0.05,0.05,equal_weight,1.0,0.05,0.0101612053829142,Financials,,
2026-05-15,2026-05-18,2026-06-01,signal_horizon,9,0,CMCSA,long,0.05,0.05,equal_weight,1.0,0.05,0.0100594172412654,Unknown,,
2026-05-15,2026-05-18,2026-06-01,signal_horizon,9,0,MU,long,0.05,0.05,equal_weight,1.0,0.05,0.0089536911330008,Information Technology,,
2026-05-15,2026-05-18,2026-06-01,signal_horizon,9,0,FCX,long,0.05,0.05,equal_weight,1.0,0.05,0.0087520407618779,Materials,,
2026-05-15,2026-05-18,2026-06-01,signal_horizon,9,0,NEM,long,0.05,0.05,equal_weight,1.0,0.05,0.0086706796985347,Unknown,,
2026-05-15,2026-05-18,2026-06-01,signal_horizon,9,0,NXPI,long,0.05,0.05,equal_weight,1.0,0.05,0.0086469202586926,Information Technology,,
2026-05-15,2026-05-18,2026-06-01,signal_horizon,9,0,LVS,long,0.05,0.05,equal_weight,1.0,0.05,0.0083527945923081,Consumer Discretionary,,
2026-05-15,2026-05-18,2026-06-01,signal_horizon,9,0,BSX,long,0.05,0.05,equal_weight,1.0,0.05,0.0082837348911589,Unknown,,
2026-05-15,2026-05-18,2026-06-01,signal_horizon,9,0,NRG,long,0.05,0.05,equal_weight,1.0,0.05,0.0082782248669841,Utilities,,
2026-05-15,2026-05-18,2026-06-01,signal_horizon,9,0,GRMN,long,0.05,0.05,equal_weight,1.0,0.05,0.008210625123258,Consumer Discretionary,,
2026-05-15,2026-05-18,2026-06-01,signal_horizon,9,0,ANET,short,-0.05,0.05,equal_weight,1.0,-0.05,-0.0020655396790925,Information Technology,,
2026-05-15,2026-05-18,2026-06-01,signal_horizon,9,0,COST,short,-0.05,0.05,equal_weight,1.0,-0.05,-0.0019188638448647,Consumer Staples,,
2026-05-15,2026-05-18,2026-06-01,signal_horizon,9,0,AAPL,short,-0.05,0.05,equal_weight,1.0,-0.05,-0.0016591864691264,Information Technology,,
2026-05-15,2026-05-18,2026-06-01,signal_horizon,9,0,UNH,short,-0.05,0.05,equal_weight,1.0,-0.05,-0.0015576173815864,Health Care,,
2026-05-15,2026-05-18,2026-06-01,signal_horizon,9,0,CSCO,short,-0.05,0.05,equal_weight,1.0,-0.05,-0.0013736368993581,Information Technology,,
2026-05-15,2026-05-18,2026-06-01,signal_horizon,9,0,KLAC,short,-0.05,0.05,equal_weight,1.0,-0.05,-0.0012847072707246,Information Technology,,
2026-05-15,2026-05-18,2026-06-01,signal_horizon,9,0,AMZN,short,-0.05,0.05,equal_weight,1.0,-0.05,-0.0008516941169719,Consumer Discretionary,,
2026-05-15,2026-05-18,2026-06-01,signal_horizon,9,0,ETR,short,-0.05,0.05,equal_weight,1.0,-0.05,-0.0006676682811209,Utilities,,
2026-05-15,2026-05-18,2026-06-01,signal_horizon,9,0,AVGO,short,-0.05,0.05,equal_weight,1.0,-0.05,-0.0004957858644867,Information Technology,,
2026-05-15,2026-05-18,2026-06-01,signal_horizon,9,0,IBM,short,-0.05,0.05,equal_weight,1.0,-0.05,-0.0003921538278054,Information Technology,,
2026-05-15,2026-05-18,2026-06-01,signal_horizon,9,0,GS,short,-0.05,0.05,equal_weight,1.0,-0.05,-0.0002063906573166,Financials,,
2026-05-15,2026-05-18,2026-06-01,signal_horizon,9,0,HPE,short,-0.05,0.05,equal_weight,1.0,-0.05,-0.000140752771643,Information Technology,,
2026-05-15,2026-05-18,2026-06-01,signal_horizon,9,0,MPWR,short,-0.05,0.05,equal_weight,1.0,-0.05,9.04623108498796e-05,Information Technology,,
2026-05-15,2026-05-18,2026-06-01,signal_horizon,9,0,AEP,short,-0.05,0.05,equal_weight,1.0,-0.05,0.0001010247901024,Utilities,,
2026-05-15,2026-05-18,2026-06-01,signal_horizon,9,0,MS,short,-0.05,0.05,equal_weight,1.0,-0.05,0.0001727606392922,Financials,,
2026-05-15,2026-05-18,2026-06-01,signal_horizon,9,0,V,short,-0.05,0.05,equal_weight,1.0,-0.05,0.0002250388012566,Unknown,,
2026-05-15,2026-05-18,2026-06-01,signal_horizon,9,0,ELV,short,-0.05,0.05,equal_weight,1.0,-0.05,0.0002651630854672,Health Care,,
2026-05-15,2026-05-18,2026-06-01,signal_horizon,9,0,MSFT,short,-0.05,0.05,equal_weight,1.0,-0.05,0.0002701012359438,Information Technology,,
2026-05-15,2026-05-18,2026-06-01,signal_horizon,9,0,BRK-B,short,-0.05,0.05,equal_weight,1.0,-0.05,0.0004189651640666,Financials,,
2026-05-15,2026-05-18,2026-06-01,signal_horizon,9,0,SLB,short,-0.05,0.05,equal_weight,1.0,-0.05,0.0005345772260815,Energy,,
