signal_date,execution_date,end_date,holding_clock,effective_holding_days,sleeve_slot,instrument_id,side,weight,abs_weight,weight_mode,capital_weight,effective_weight,predicted_y,sector,market_cap,size_exposure_z
2025-06-02,2025-06-03,2025-06-16,signal_horizon,9,0,SATS,long,0.02,0.02,equal_weight,1.0,0.02,0.0321187960106848,Communication Services,,
2025-06-02,2025-06-03,2025-06-16,signal_horizon,9,0,NRG,long,0.02,0.02,equal_weight,1.0,0.02,0.0281902499635938,Utilities,,
2025-06-02,2025-06-03,2025-06-16,signal_horizon,9,0,SNDK,long,0.02,0.02,equal_weight,1.0,0.02,0.0212905629526731,Information Technology,,
2025-06-02,2025-06-03,2025-06-16,signal_horizon,9,0,COIN,long,0.02,0.02,equal_weight,1.0,0.02,0.0199986184404655,Financials,,
2025-06-02,2025-06-03,2025-06-16,signal_horizon,9,0,LITE,long,0.02,0.02,equal_weight,1.0,0.02,0.0195189895572403,Information Technology,,
2025-06-02,2025-06-03,2025-06-16,signal_horizon,9,0,REGN,long,0.02,0.02,equal_weight,1.0,0.02,0.0186951423057511,Health Care,,
2025-06-02,2025-06-03,2025-06-16,signal_horizon,9,0,XYZ,long,0.02,0.02,equal_weight,1.0,0.02,0.0181536775263009,Financials,,
2025-06-02,2025-06-03,2025-06-16,signal_horizon,9,0,MCHP,long,0.02,0.02,equal_weight,1.0,0.02,0.0178278872414244,Information Technology,,
2025-06-02,2025-06-03,2025-06-16,signal_horizon,9,0,TSLA,long,0.02,0.02,equal_weight,1.0,0.02,0.017281351482662,Consumer Discretionary,,
2025-06-02,2025-06-03,2025-06-16,signal_horizon,9,0,CVNA,long,0.02,0.02,equal_weight,1.0,0.02,0.0151759133320311,Consumer Discretionary,,
2025-06-02,2025-06-03,2025-06-16,signal_horizon,9,0,HOOD,long,0.02,0.02,equal_weight,1.0,0.02,0.0150631660851412,Financials,,
2025-06-02,2025-06-03,2025-06-16,signal_horizon,9,0,LVS,long,0.02,0.02,equal_weight,1.0,0.02,0.0149166997812326,Consumer Discretionary,,
2025-06-02,2025-06-03,2025-06-16,signal_horizon,9,0,ADM,long,0.02,0.02,equal_weight,1.0,0.02,0.0147924555746381,Consumer Staples,,
2025-06-02,2025-06-03,2025-06-16,signal_horizon,9,0,CCL,long,0.02,0.02,equal_weight,1.0,0.02,0.0147745935912567,Consumer Discretionary,,
2025-06-02,2025-06-03,2025-06-16,signal_horizon,9,0,ROK,long,0.02,0.02,equal_weight,1.0,0.02,0.0146613842615352,Industrials,,
2025-06-02,2025-06-03,2025-06-16,signal_horizon,9,0,APP,long,0.02,0.02,equal_weight,1.0,0.02,0.014633041010499,Information Technology,,
2025-06-02,2025-06-03,2025-06-16,signal_horizon,9,0,DELL,long,0.02,0.02,equal_weight,1.0,0.02,0.014508058435423,Unknown,,
2025-06-02,2025-06-03,2025-06-16,signal_horizon,9,0,COHR,long,0.02,0.02,equal_weight,1.0,0.02,0.014212932121065,Information Technology,,
2025-06-02,2025-06-03,2025-06-16,signal_horizon,9,0,MU,long,0.02,0.02,equal_weight,1.0,0.02,0.0137367900668907,Information Technology,,
2025-06-02,2025-06-03,2025-06-16,signal_horizon,9,0,LRCX,long,0.02,0.02,equal_weight,1.0,0.02,0.0136029083498837,Unknown,,
2025-06-02,2025-06-03,2025-06-16,signal_horizon,9,0,WBD,long,0.02,0.02,equal_weight,1.0,0.02,0.0134787165567359,Communication Services,,
2025-06-02,2025-06-03,2025-06-16,signal_horizon,9,0,APO,long,0.02,0.02,equal_weight,1.0,0.02,0.0132891715237209,Financials,,
2025-06-02,2025-06-03,2025-06-16,signal_horizon,9,0,VLO,long,0.02,0.02,equal_weight,1.0,0.02,0.013185971893305,Energy,,
2025-06-02,2025-06-03,2025-06-16,signal_horizon,9,0,AXON,long,0.02,0.02,equal_weight,1.0,0.02,0.0131503684825031,Industrials,,
2025-06-02,2025-06-03,2025-06-16,signal_horizon,9,0,VRT,long,0.02,0.02,equal_weight,1.0,0.02,0.0130465043292695,Industrials,,
2025-06-02,2025-06-03,2025-06-16,signal_horizon,9,0,CRH,long,0.02,0.02,equal_weight,1.0,0.02,0.012966636971081,Materials,,
2025-06-02,2025-06-03,2025-06-16,signal_horizon,9,0,STX,long,0.02,0.02,equal_weight,1.0,0.02,0.0129367402379275,Information Technology,,
2025-06-02,2025-06-03,2025-06-16,signal_horizon,9,0,FITB,long,0.02,0.02,equal_weight,1.0,0.02,0.0128739703371641,Financials,,
2025-06-02,2025-06-03,2025-06-16,signal_horizon,9,0,ODFL,long,0.02,0.02,equal_weight,1.0,0.02,0.012787484706351,Industrials,,
2025-06-02,2025-06-03,2025-06-16,signal_horizon,9,0,GILD,long,0.02,0.02,equal_weight,1.0,0.02,0.0126337988511191,Unknown,,
2025-06-02,2025-06-03,2025-06-16,signal_horizon,9,0,VST,long,0.02,0.02,equal_weight,1.0,0.02,0.0125737788390886,Utilities,,
2025-06-02,2025-06-03,2025-06-16,signal_horizon,9,0,PCAR,long,0.02,0.02,equal_weight,1.0,0.02,0.0124225077239306,Industrials,,
2025-06-02,2025-06-03,2025-06-16,signal_horizon,9,0,PSX,long,0.02,0.02,equal_weight,1.0,0.02,0.0123682139617678,Energy,,
2025-06-02,2025-06-03,2025-06-16,signal_horizon,9,0,DAL,long,0.02,0.02,equal_weight,1.0,0.02,0.012355119458365,Industrials,,
2025-06-02,2025-06-03,2025-06-16,signal_horizon,9,0,KVUE,long,0.02,0.02,equal_weight,1.0,0.02,0.012281814916324,Consumer Staples,,
2025-06-02,2025-06-03,2025-06-16,signal_horizon,9,0,HSY,long,0.02,0.02,equal_weight,1.0,0.02,0.0122549946530837,Consumer Staples,,
2025-06-02,2025-06-03,2025-06-16,signal_horizon,9,0,CEG,long,0.02,0.02,equal_weight,1.0,0.02,0.0119847800423257,Unknown,,
2025-06-02,2025-06-03,2025-06-16,signal_horizon,9,0,EMR,long,0.02,0.02,equal_weight,1.0,0.02,0.0119240784475986,Industrials,,
2025-06-02,2025-06-03,2025-06-16,signal_horizon,9,0,MPC,long,0.02,0.02,equal_weight,1.0,0.02,0.0118351189953696,Energy,,
2025-06-02,2025-06-03,2025-06-16,signal_horizon,9,0,GEHC,long,0.02,0.02,equal_weight,1.0,0.02,0.0117978987278247,Health Care,,
2025-06-02,2025-06-03,2025-06-16,signal_horizon,9,0,HBAN,long,0.02,0.02,equal_weight,1.0,0.02,0.0117726765488428,Financials,,
2025-06-02,2025-06-03,2025-06-16,signal_horizon,9,0,TFC,long,0.02,0.02,equal_weight,1.0,0.02,0.0117279466634917,Financials,,
2025-06-02,2025-06-03,2025-06-16,signal_horizon,9,0,KMB,long,0.02,0.02,equal_weight,1.0,0.02,0.0115574719608113,Consumer Staples,,
2025-06-02,2025-06-03,2025-06-16,signal_horizon,9,0,CBRE,long,0.02,0.02,equal_weight,1.0,0.02,0.0113286906024973,Real Estate,,
2025-06-02,2025-06-03,2025-06-16,signal_horizon,9,0,PNC,long,0.02,0.02,equal_weight,1.0,0.02,0.0110759156061511,Unknown,,
2025-06-02,2025-06-03,2025-06-16,signal_horizon,9,0,A,long,0.02,0.02,equal_weight,1.0,0.02,0.0110082857758778,Health Care,,
2025-06-02,2025-06-03,2025-06-16,signal_horizon,9,0,ELV,long,0.02,0.02,equal_weight,1.0,0.02,0.0109185015389108,Health Care,,
2025-06-02,2025-06-03,2025-06-16,signal_horizon,9,0,MNST,long,0.02,0.02,equal_weight,1.0,0.02,0.0104276057170033,Consumer Staples,,
2025-06-02,2025-06-03,2025-06-16,signal_horizon,9,0,MO,long,0.02,0.02,equal_weight,1.0,0.02,0.0096348859633005,Consumer Staples,,
2025-06-02,2025-06-03,2025-06-16,signal_horizon,9,0,SYY,long,0.02,0.02,equal_weight,1.0,0.02,0.0089786127119712,Consumer Staples,,
2025-06-02,2025-06-03,2025-06-16,signal_horizon,9,0,PANW,short,-0.02,0.02,equal_weight,1.0,-0.02,0.0001845296900637,Information Technology,,
2025-06-02,2025-06-03,2025-06-16,signal_horizon,9,0,PEG,short,-0.02,0.02,equal_weight,1.0,-0.02,0.0006231306051423,Utilities,,
2025-06-02,2025-06-03,2025-06-16,signal_horizon,9,0,COST,short,-0.02,0.02,equal_weight,1.0,-0.02,0.0008581013049256,Consumer Staples,,
2025-06-02,2025-06-03,2025-06-16,signal_horizon,9,0,MSFT,short,-0.02,0.02,equal_weight,1.0,-0.02,0.0015344419668661,Information Technology,,
2025-06-02,2025-06-03,2025-06-16,signal_horizon,9,0,MSI,short,-0.02,0.02,equal_weight,1.0,-0.02,0.0017749820227008,Information Technology,,
2025-06-02,2025-06-03,2025-06-16,signal_horizon,9,0,WMT,short,-0.02,0.02,equal_weight,1.0,-0.02,0.0019794622867629,Consumer Staples,,
2025-06-02,2025-06-03,2025-06-16,signal_horizon,9,0,MA,short,-0.02,0.02,equal_weight,1.0,-0.02,0.0020409083752104,Financials,,
2025-06-02,2025-06-03,2025-06-16,signal_horizon,9,0,LMT,short,-0.02,0.02,equal_weight,1.0,-0.02,0.0022097462827739,Industrials,,
2025-06-02,2025-06-03,2025-06-16,signal_horizon,9,0,AZO,short,-0.02,0.02,equal_weight,1.0,-0.02,0.0022152577012713,Consumer Discretionary,,
2025-06-02,2025-06-03,2025-06-16,signal_horizon,9,0,TMUS,short,-0.02,0.02,equal_weight,1.0,-0.02,0.0026881998189748,Communication Services,,
2025-06-02,2025-06-03,2025-06-16,signal_horizon,9,0,ADP,short,-0.02,0.02,equal_weight,1.0,-0.02,0.0027927219961988,Information Technology,,
2025-06-02,2025-06-03,2025-06-16,signal_horizon,9,0,WMB,short,-0.02,0.02,equal_weight,1.0,-0.02,0.0028080870637176,Energy,,
2025-06-02,2025-06-03,2025-06-16,signal_horizon,9,0,LIN,short,-0.02,0.02,equal_weight,1.0,-0.02,0.0028255543461133,Materials,,
2025-06-02,2025-06-03,2025-06-16,signal_horizon,9,0,ADSK,short,-0.02,0.02,equal_weight,1.0,-0.02,0.0029304868540996,Information Technology,,
2025-06-02,2025-06-03,2025-06-16,signal_horizon,9,0,NOW,short,-0.02,0.02,equal_weight,1.0,-0.02,0.0030635678360603,Information Technology,,
2025-06-02,2025-06-03,2025-06-16,signal_horizon,9,0,CRM,short,-0.02,0.02,equal_weight,1.0,-0.02,0.003311321676617,Information Technology,,
2025-06-02,2025-06-03,2025-06-16,signal_horizon,9,0,NFLX,short,-0.02,0.02,equal_weight,1.0,-0.02,0.0033724318339992,Communication Services,,
2025-06-02,2025-06-03,2025-06-16,signal_horizon,9,0,AJG,short,-0.02,0.02,equal_weight,1.0,-0.02,0.0034915076624868,Financials,,
2025-06-02,2025-06-03,2025-06-16,signal_horizon,9,0,PGR,short,-0.02,0.02,equal_weight,1.0,-0.02,0.0035100880369015,Financials,,
2025-06-02,2025-06-03,2025-06-16,signal_horizon,9,0,TJX,short,-0.02,0.02,equal_weight,1.0,-0.02,0.0036438392350633,Consumer Discretionary,,
2025-06-02,2025-06-03,2025-06-16,signal_horizon,9,0,AON,short,-0.02,0.02,equal_weight,1.0,-0.02,0.003682770811458,Financials,,
2025-06-02,2025-06-03,2025-06-16,signal_horizon,9,0,BDX,short,-0.02,0.02,equal_weight,1.0,-0.02,0.0036883979457704,Health Care,,
2025-06-02,2025-06-03,2025-06-16,signal_horizon,9,0,BRK-B,short,-0.02,0.02,equal_weight,1.0,-0.02,0.0036954948223246,Financials,,
2025-06-02,2025-06-03,2025-06-16,signal_horizon,9,0,V,short,-0.02,0.02,equal_weight,1.0,-0.02,0.0037656987711233,Unknown,,
2025-06-02,2025-06-03,2025-06-16,signal_horizon,9,0,HD,short,-0.02,0.02,equal_weight,1.0,-0.02,0.0038125410680438,Consumer Discretionary,,
2025-06-02,2025-06-03,2025-06-16,signal_horizon,9,0,BKNG,short,-0.02,0.02,equal_weight,1.0,-0.02,0.0038212751845273,Consumer Discretionary,,
2025-06-02,2025-06-03,2025-06-16,signal_horizon,9,0,EQIX,short,-0.02,0.02,equal_weight,1.0,-0.02,0.0038448214300155,Unknown,,
2025-06-02,2025-06-03,2025-06-16,signal_horizon,9,0,ABT,short,-0.02,0.02,equal_weight,1.0,-0.02,0.0038455177278086,Health Care,,
2025-06-02,2025-06-03,2025-06-16,signal_horizon,9,0,WM,short,-0.02,0.02,equal_weight,1.0,-0.02,0.0039131172266483,Industrials,,
2025-06-02,2025-06-03,2025-06-16,signal_horizon,9,0,MRSH,short,-0.02,0.02,equal_weight,1.0,-0.02,0.0039230544129202,Financials,,
2025-06-02,2025-06-03,2025-06-16,signal_horizon,9,0,JPM,short,-0.02,0.02,equal_weight,1.0,-0.02,0.0039439997946643,Financials,,
2025-06-02,2025-06-03,2025-06-16,signal_horizon,9,0,RSG,short,-0.02,0.02,equal_weight,1.0,-0.02,0.0040347111932779,Industrials,,
2025-06-02,2025-06-03,2025-06-16,signal_horizon,9,0,BA,short,-0.02,0.02,equal_weight,1.0,-0.02,0.0041181110842744,Industrials,,
2025-06-02,2025-06-03,2025-06-16,signal_horizon,9,0,HON,short,-0.02,0.02,equal_weight,1.0,-0.02,0.004228560219152,Industrials,,
2025-06-02,2025-06-03,2025-06-16,signal_horizon,9,0,SRE,short,-0.02,0.02,equal_weight,1.0,-0.02,0.00428285270482,Utilities,,
2025-06-02,2025-06-03,2025-06-16,signal_horizon,9,0,XOM,short,-0.02,0.02,equal_weight,1.0,-0.02,0.0043243222982321,Energy,,
2025-06-02,2025-06-03,2025-06-16,signal_horizon,9,0,JNJ,short,-0.02,0.02,equal_weight,1.0,-0.02,0.0044072049268387,Health Care,,
2025-06-02,2025-06-03,2025-06-16,signal_horizon,9,0,CVX,short,-0.02,0.02,equal_weight,1.0,-0.02,0.0044443952874215,Energy,,
2025-06-02,2025-06-03,2025-06-16,signal_horizon,9,0,ETN,short,-0.02,0.02,equal_weight,1.0,-0.02,0.0045355144375205,Industrials,,
2025-06-02,2025-06-03,2025-06-16,signal_horizon,9,0,CB,short,-0.02,0.02,equal_weight,1.0,-0.02,0.0046425275474313,Unknown,,
2025-06-02,2025-06-03,2025-06-16,signal_horizon,9,0,DLR,short,-0.02,0.02,equal_weight,1.0,-0.02,0.0046645125874552,Real Estate,,
2025-06-02,2025-06-03,2025-06-16,signal_horizon,9,0,RTX,short,-0.02,0.02,equal_weight,1.0,-0.02,0.0047384781649559,Industrials,,
2025-06-02,2025-06-03,2025-06-16,signal_horizon,9,0,LLY,short,-0.02,0.02,equal_weight,1.0,-0.02,0.0048828755261701,Health Care,,
2025-06-02,2025-06-03,2025-06-16,signal_horizon,9,0,CME,short,-0.02,0.02,equal_weight,1.0,-0.02,0.005058968209013,Unknown,,
2025-06-02,2025-06-03,2025-06-16,signal_horizon,9,0,MCK,short,-0.02,0.02,equal_weight,1.0,-0.02,0.0051449755456119,Unknown,,
2025-06-02,2025-06-03,2025-06-16,signal_horizon,9,0,KO,short,-0.02,0.02,equal_weight,1.0,-0.02,0.0057472419164878,Consumer Staples,,
2025-06-02,2025-06-03,2025-06-16,signal_horizon,9,0,PG,short,-0.02,0.02,equal_weight,1.0,-0.02,0.0060463645258083,Consumer Staples,,
2025-06-02,2025-06-03,2025-06-16,signal_horizon,9,0,KDP,short,-0.02,0.02,equal_weight,1.0,-0.02,0.0060737029756602,Consumer Staples,,
2025-06-02,2025-06-03,2025-06-16,signal_horizon,9,0,PEP,short,-0.02,0.02,equal_weight,1.0,-0.02,0.0063118631630959,Consumer Staples,,
2025-06-02,2025-06-03,2025-06-16,signal_horizon,9,0,PM,short,-0.02,0.02,equal_weight,1.0,-0.02,0.0074850479597627,Consumer Staples,,
2025-06-16,2025-06-17,2025-07-01,signal_horizon,9,0,XYZ,long,0.02,0.02,equal_weight,1.0,0.02,0.0127854110414547,Financials,,
2025-06-16,2025-06-17,2025-07-01,signal_horizon,9,0,WBD,long,0.02,0.02,equal_weight,1.0,0.02,0.0122143223839144,Communication Services,,
2025-06-16,2025-06-17,2025-07-01,signal_horizon,9,0,NUE,long,0.02,0.02,equal_weight,1.0,0.02,0.0111277777256544,Materials,,
2025-06-16,2025-06-17,2025-07-01,signal_horizon,9,0,MU,long,0.02,0.02,equal_weight,1.0,0.02,0.0107611032788463,Information Technology,,
2025-06-16,2025-06-17,2025-07-01,signal_horizon,9,0,ORCL,long,0.02,0.02,equal_weight,1.0,0.02,0.0105307394430385,Information Technology,,
2025-06-16,2025-06-17,2025-07-01,signal_horizon,9,0,TER,long,0.02,0.02,equal_weight,1.0,0.02,0.010168964501846,Information Technology,,
2025-06-16,2025-06-17,2025-07-01,signal_horizon,9,0,MCHP,long,0.02,0.02,equal_weight,1.0,0.02,0.0100032917900918,Information Technology,,
2025-06-16,2025-06-17,2025-07-01,signal_horizon,9,0,HOOD,long,0.02,0.02,equal_weight,1.0,0.02,0.0099519510592579,Financials,,
2025-06-16,2025-06-17,2025-07-01,signal_horizon,9,0,PLTR,long,0.02,0.02,equal_weight,1.0,0.02,0.0097983736729049,Information Technology,,
2025-06-16,2025-06-17,2025-07-01,signal_horizon,9,0,HAL,long,0.02,0.02,equal_weight,1.0,0.02,0.0096588660023405,Energy,,
2025-06-16,2025-06-17,2025-07-01,signal_horizon,9,0,NEM,long,0.02,0.02,equal_weight,1.0,0.02,0.0096096956956515,Unknown,,
2025-06-16,2025-06-17,2025-07-01,signal_horizon,9,0,STX,long,0.02,0.02,equal_weight,1.0,0.02,0.0090703958404743,Information Technology,,
2025-06-16,2025-06-17,2025-07-01,signal_horizon,9,0,HSY,long,0.02,0.02,equal_weight,1.0,0.02,0.0088005869716467,Consumer Staples,,
2025-06-16,2025-06-17,2025-07-01,signal_horizon,9,0,CVNA,long,0.02,0.02,equal_weight,1.0,0.02,0.0086160548425453,Consumer Discretionary,,
2025-06-16,2025-06-17,2025-07-01,signal_horizon,9,0,LITE,long,0.02,0.02,equal_weight,1.0,0.02,0.0085792984686239,Information Technology,,
2025-06-16,2025-06-17,2025-07-01,signal_horizon,9,0,LVS,long,0.02,0.02,equal_weight,1.0,0.02,0.0084287997926494,Consumer Discretionary,,
2025-06-16,2025-06-17,2025-07-01,signal_horizon,9,0,LRCX,long,0.02,0.02,equal_weight,1.0,0.02,0.0080839650138069,Unknown,,
2025-06-16,2025-06-17,2025-07-01,signal_horizon,9,0,LHX,long,0.02,0.02,equal_weight,1.0,0.02,0.0079689961354356,Industrials,,
2025-06-16,2025-06-17,2025-07-01,signal_horizon,9,0,CCL,long,0.02,0.02,equal_weight,1.0,0.02,0.0078565289634417,Consumer Discretionary,,
2025-06-16,2025-06-17,2025-07-01,signal_horizon,9,0,SBUX,long,0.02,0.02,equal_weight,1.0,0.02,0.0078038883601892,Consumer Discretionary,,
2025-06-16,2025-06-17,2025-07-01,signal_horizon,9,0,A,long,0.02,0.02,equal_weight,1.0,0.02,0.0076902633838077,Health Care,,
2025-06-16,2025-06-17,2025-07-01,signal_horizon,9,0,REGN,long,0.02,0.02,equal_weight,1.0,0.02,0.0075035281062414,Health Care,,
2025-06-16,2025-06-17,2025-07-01,signal_horizon,9,0,CVS,long,0.02,0.02,equal_weight,1.0,0.02,0.0074334007616989,Unknown,,
2025-06-16,2025-06-17,2025-07-01,signal_horizon,9,0,CPRT,long,0.02,0.02,equal_weight,1.0,0.02,0.0072942071066652,Industrials,,
2025-06-16,2025-06-17,2025-07-01,signal_horizon,9,0,DAL,long,0.02,0.02,equal_weight,1.0,0.02,0.0070121495076557,Industrials,,
2025-06-16,2025-06-17,2025-07-01,signal_horizon,9,0,COIN,long,0.02,0.02,equal_weight,1.0,0.02,0.0068224383281152,Financials,,
2025-06-16,2025-06-17,2025-07-01,signal_horizon,9,0,ADM,long,0.02,0.02,equal_weight,1.0,0.02,0.0068094646421589,Consumer Staples,,
2025-06-16,2025-06-17,2025-07-01,signal_horizon,9,0,CBRE,long,0.02,0.02,equal_weight,1.0,0.02,0.0067762935583326,Real Estate,,
2025-06-16,2025-06-17,2025-07-01,signal_horizon,9,0,DVN,long,0.02,0.02,equal_weight,1.0,0.02,0.006757474613136,Energy,,
2025-06-16,2025-06-17,2025-07-01,signal_horizon,9,0,BMY,long,0.02,0.02,equal_weight,1.0,0.02,0.0067253348863106,Health Care,,
2025-06-16,2025-06-17,2025-07-01,signal_horizon,9,0,GILD,long,0.02,0.02,equal_weight,1.0,0.02,0.0066219327873446,Unknown,,
2025-06-16,2025-06-17,2025-07-01,signal_horizon,9,0,FAST,long,0.02,0.02,equal_weight,1.0,0.02,0.0064546048774445,Industrials,,
2025-06-16,2025-06-17,2025-07-01,signal_horizon,9,0,SATS,long,0.02,0.02,equal_weight,1.0,0.02,0.0064442613912653,Communication Services,,
2025-06-16,2025-06-17,2025-07-01,signal_horizon,9,0,FITB,long,0.02,0.02,equal_weight,1.0,0.02,0.0063668104104828,Financials,,
2025-06-16,2025-06-17,2025-07-01,signal_horizon,9,0,DHR,long,0.02,0.02,equal_weight,1.0,0.02,0.0062824538165948,Health Care,,
2025-06-16,2025-06-17,2025-07-01,signal_horizon,9,0,ACGL,long,0.02,0.02,equal_weight,1.0,0.02,0.0062809329483574,Financials,,
2025-06-16,2025-06-17,2025-07-01,signal_horizon,9,0,APO,long,0.02,0.02,equal_weight,1.0,0.02,0.0060900288554931,Financials,,
2025-06-16,2025-06-17,2025-07-01,signal_horizon,9,0,NOC,long,0.02,0.02,equal_weight,1.0,0.02,0.005989269192797,Unknown,,
2025-06-16,2025-06-17,2025-07-01,signal_horizon,9,0,NEE,long,0.02,0.02,equal_weight,1.0,0.02,0.0059861665802848,Utilities,,
2025-06-16,2025-06-17,2025-07-01,signal_horizon,9,0,FIX,long,0.02,0.02,equal_weight,1.0,0.02,0.0058203348388391,Industrials,,
2025-06-16,2025-06-17,2025-07-01,signal_horizon,9,0,EMR,long,0.02,0.02,equal_weight,1.0,0.02,0.0057704914702609,Industrials,,
2025-06-16,2025-06-17,2025-07-01,signal_horizon,9,0,KVUE,long,0.02,0.02,equal_weight,1.0,0.02,0.0056063200863877,Consumer Staples,,
2025-06-16,2025-06-17,2025-07-01,signal_horizon,9,0,PRU,long,0.02,0.02,equal_weight,1.0,0.02,0.0053289951050985,Financials,,
2025-06-16,2025-06-17,2025-07-01,signal_horizon,9,0,FANG,long,0.02,0.02,equal_weight,1.0,0.02,0.0051785771477282,Energy,,
2025-06-16,2025-06-17,2025-07-01,signal_horizon,9,0,VRT,long,0.02,0.02,equal_weight,1.0,0.02,0.0051409851251104,Industrials,,
2025-06-16,2025-06-17,2025-07-01,signal_horizon,9,0,SYY,long,0.02,0.02,equal_weight,1.0,0.02,0.0049634150725156,Consumer Staples,,
2025-06-16,2025-06-17,2025-07-01,signal_horizon,9,0,KMB,long,0.02,0.02,equal_weight,1.0,0.02,0.0049468158725243,Consumer Staples,,
2025-06-16,2025-06-17,2025-07-01,signal_horizon,9,0,D,long,0.02,0.02,equal_weight,1.0,0.02,0.0049073015281967,Utilities,,
2025-06-16,2025-06-17,2025-07-01,signal_horizon,9,0,KDP,long,0.02,0.02,equal_weight,1.0,0.02,0.0046653075811068,Consumer Staples,,
2025-06-16,2025-06-17,2025-07-01,signal_horizon,9,0,CL,long,0.02,0.02,equal_weight,1.0,0.02,0.0045134740879121,Consumer Staples,,
2025-06-16,2025-06-17,2025-07-01,signal_horizon,9,0,UNH,short,-0.02,0.02,equal_weight,1.0,-0.02,-0.0081737031860561,Health Care,,
2025-06-16,2025-06-17,2025-07-01,signal_horizon,9,0,NOW,short,-0.02,0.02,equal_weight,1.0,-0.02,-0.0029452284930415,Information Technology,,
2025-06-16,2025-06-17,2025-07-01,signal_horizon,9,0,CRM,short,-0.02,0.02,equal_weight,1.0,-0.02,-0.0025461668265773,Information Technology,,
2025-06-16,2025-06-17,2025-07-01,signal_horizon,9,0,HD,short,-0.02,0.02,equal_weight,1.0,-0.02,-0.0022848249996227,Consumer Discretionary,,
2025-06-16,2025-06-17,2025-07-01,signal_horizon,9,0,MSI,short,-0.02,0.02,equal_weight,1.0,-0.02,-0.0022379167865796,Information Technology,,
2025-06-16,2025-06-17,2025-07-01,signal_horizon,9,0,ADSK,short,-0.02,0.02,equal_weight,1.0,-0.02,-0.0019465114897618,Information Technology,,
2025-06-16,2025-06-17,2025-07-01,signal_horizon,9,0,MSFT,short,-0.02,0.02,equal_weight,1.0,-0.02,-0.001672321299427,Information Technology,,
2025-06-16,2025-06-17,2025-07-01,signal_horizon,9,0,ADBE,short,-0.02,0.02,equal_weight,1.0,-0.02,-0.0016235575312843,Information Technology,,
2025-06-16,2025-06-17,2025-07-01,signal_horizon,9,0,NFLX,short,-0.02,0.02,equal_weight,1.0,-0.02,-0.001484146531806,Communication Services,,
2025-06-16,2025-06-17,2025-07-01,signal_horizon,9,0,FTNT,short,-0.02,0.02,equal_weight,1.0,-0.02,-0.0014686146146846,Information Technology,,
2025-06-16,2025-06-17,2025-07-01,signal_horizon,9,0,ISRG,short,-0.02,0.02,equal_weight,1.0,-0.02,-0.001034077703006,Health Care,,
2025-06-16,2025-06-17,2025-07-01,signal_horizon,9,0,UNP,short,-0.02,0.02,equal_weight,1.0,-0.02,-0.0009261624347047,Industrials,,
2025-06-16,2025-06-17,2025-07-01,signal_horizon,9,0,HON,short,-0.02,0.02,equal_weight,1.0,-0.02,-0.0008376607728222,Industrials,,
2025-06-16,2025-06-17,2025-07-01,signal_horizon,9,0,CAT,short,-0.02,0.02,equal_weight,1.0,-0.02,-0.0007266741261271,Industrials,,
2025-06-16,2025-06-17,2025-07-01,signal_horizon,9,0,WMT,short,-0.02,0.02,equal_weight,1.0,-0.02,-0.0006014262734852,Consumer Staples,,
2025-06-16,2025-06-17,2025-07-01,signal_horizon,9,0,LIN,short,-0.02,0.02,equal_weight,1.0,-0.02,-0.000559695506271,Materials,,
2025-06-16,2025-06-17,2025-07-01,signal_horizon,9,0,DELL,short,-0.02,0.02,equal_weight,1.0,-0.02,-0.0005549834909559,Unknown,,
2025-06-16,2025-06-17,2025-07-01,signal_horizon,9,0,WFC,short,-0.02,0.02,equal_weight,1.0,-0.02,-0.0003784453748876,Financials,,
2025-06-16,2025-06-17,2025-07-01,signal_horizon,9,0,CEG,short,-0.02,0.02,equal_weight,1.0,-0.02,-0.0003616762773412,Unknown,,
2025-06-16,2025-06-17,2025-07-01,signal_horizon,9,0,TT,short,-0.02,0.02,equal_weight,1.0,-0.02,-0.0003393476677075,Industrials,,
2025-06-16,2025-06-17,2025-07-01,signal_horizon,9,0,JPM,short,-0.02,0.02,equal_weight,1.0,-0.02,-0.0003068844707516,Financials,,
2025-06-16,2025-06-17,2025-07-01,signal_horizon,9,0,NRG,short,-0.02,0.02,equal_weight,1.0,-0.02,-0.0002237881817523,Utilities,,
2025-06-16,2025-06-17,2025-07-01,signal_horizon,9,0,PEP,short,-0.02,0.02,equal_weight,1.0,-0.02,-0.0002175421847847,Consumer Staples,,
2025-06-16,2025-06-17,2025-07-01,signal_horizon,9,0,BAC,short,-0.02,0.02,equal_weight,1.0,-0.02,-0.0001919119306532,Financials,,
2025-06-16,2025-06-17,2025-07-01,signal_horizon,9,0,EQIX,short,-0.02,0.02,equal_weight,1.0,-0.02,-0.0001867438752919,Unknown,,
2025-06-16,2025-06-17,2025-07-01,signal_horizon,9,0,BLK,short,-0.02,0.02,equal_weight,1.0,-0.02,-0.0001340776361783,Financials,,
2025-06-16,2025-06-17,2025-07-01,signal_horizon,9,0,AMT,short,-0.02,0.02,equal_weight,1.0,-0.02,-6.485452387911233e-05,Real Estate,,
2025-06-16,2025-06-17,2025-07-01,signal_horizon,9,0,BRK-B,short,-0.02,0.02,equal_weight,1.0,-0.02,-7.097682218812492e-06,Financials,,
2025-06-16,2025-06-17,2025-07-01,signal_horizon,9,0,BA,short,-0.02,0.02,equal_weight,1.0,-0.02,4.795291475850493e-05,Industrials,,
2025-06-16,2025-06-17,2025-07-01,signal_horizon,9,0,MPC,short,-0.02,0.02,equal_weight,1.0,-0.02,0.0002549690389227,Energy,,
2025-06-16,2025-06-17,2025-07-01,signal_horizon,9,0,GS,short,-0.02,0.02,equal_weight,1.0,-0.02,0.0002775904162692,Financials,,
2025-06-16,2025-06-17,2025-07-01,signal_horizon,9,0,ABT,short,-0.02,0.02,equal_weight,1.0,-0.02,0.0003203711910345,Health Care,,
2025-06-16,2025-06-17,2025-07-01,signal_horizon,9,0,SPGI,short,-0.02,0.02,equal_weight,1.0,-0.02,0.0003502887966824,Financials,,
2025-06-16,2025-06-17,2025-07-01,signal_horizon,9,0,MCD,short,-0.02,0.02,equal_weight,1.0,-0.02,0.0003848352565971,Consumer Discretionary,,
2025-06-16,2025-06-17,2025-07-01,signal_horizon,9,0,ETN,short,-0.02,0.02,equal_weight,1.0,-0.02,0.0003984216645021,Industrials,,
2025-06-16,2025-06-17,2025-07-01,signal_horizon,9,0,OKE,short,-0.02,0.02,equal_weight,1.0,-0.02,0.0004080658735241,Energy,,
2025-06-16,2025-06-17,2025-07-01,signal_horizon,9,0,BKNG,short,-0.02,0.02,equal_weight,1.0,-0.02,0.000581731827734,Consumer Discretionary,,
2025-06-16,2025-06-17,2025-07-01,signal_horizon,9,0,JNJ,short,-0.02,0.02,equal_weight,1.0,-0.02,0.0005906795798921,Health Care,,
2025-06-16,2025-06-17,2025-07-01,signal_horizon,9,0,CVX,short,-0.02,0.02,equal_weight,1.0,-0.02,0.0006737368955233,Energy,,
2025-06-16,2025-06-17,2025-07-01,signal_horizon,9,0,MAR,short,-0.02,0.02,equal_weight,1.0,-0.02,0.0006745414374859,Consumer Discretionary,,
2025-06-16,2025-06-17,2025-07-01,signal_horizon,9,0,TMUS,short,-0.02,0.02,equal_weight,1.0,-0.02,0.0007956702661284,Communication Services,,
2025-06-16,2025-06-17,2025-07-01,signal_horizon,9,0,UBER,short,-0.02,0.02,equal_weight,1.0,-0.02,0.0009085984639517,Industrials,,
2025-06-16,2025-06-17,2025-07-01,signal_horizon,9,0,COST,short,-0.02,0.02,equal_weight,1.0,-0.02,0.0009674187628586,Consumer Staples,,
2025-06-16,2025-06-17,2025-07-01,signal_horizon,9,0,PH,short,-0.02,0.02,equal_weight,1.0,-0.02,0.0009859107663739,Unknown,,
2025-06-16,2025-06-17,2025-07-01,signal_horizon,9,0,V,short,-0.02,0.02,equal_weight,1.0,-0.02,0.0010756696883506,Unknown,,
2025-06-16,2025-06-17,2025-07-01,signal_horizon,9,0,PG,short,-0.02,0.02,equal_weight,1.0,-0.02,0.0012891461201422,Consumer Staples,,
2025-06-16,2025-06-17,2025-07-01,signal_horizon,9,0,KO,short,-0.02,0.02,equal_weight,1.0,-0.02,0.0012910223670274,Consumer Staples,,
2025-06-16,2025-06-17,2025-07-01,signal_horizon,9,0,ATO,short,-0.02,0.02,equal_weight,1.0,-0.02,0.0012974686952812,Utilities,,
2025-06-16,2025-06-17,2025-07-01,signal_horizon,9,0,MNST,short,-0.02,0.02,equal_weight,1.0,-0.02,0.00194521696073,Consumer Staples,,
2025-06-16,2025-06-17,2025-07-01,signal_horizon,9,0,PM,short,-0.02,0.02,equal_weight,1.0,-0.02,0.0023788886878689,Consumer Staples,,
2025-07-01,2025-07-02,2025-07-16,signal_horizon,9,0,SATS,long,0.02,0.02,equal_weight,1.0,0.02,0.0246684625239242,Communication Services,,
2025-07-01,2025-07-02,2025-07-16,signal_horizon,9,0,PCG,long,0.02,0.02,equal_weight,1.0,0.02,0.0119407879203448,Utilities,,
2025-07-01,2025-07-02,2025-07-16,signal_horizon,9,0,ORCL,long,0.02,0.02,equal_weight,1.0,0.02,0.0110457815584104,Information Technology,,
2025-07-01,2025-07-02,2025-07-16,signal_horizon,9,0,NUE,long,0.02,0.02,equal_weight,1.0,0.02,0.0104680460121724,Materials,,
2025-07-01,2025-07-02,2025-07-16,signal_horizon,9,0,ADM,long,0.02,0.02,equal_weight,1.0,0.02,0.0102559447982502,Consumer Staples,,
2025-07-01,2025-07-02,2025-07-16,signal_horizon,9,0,NEM,long,0.02,0.02,equal_weight,1.0,0.02,0.0098442299609447,Unknown,,
2025-07-01,2025-07-02,2025-07-16,signal_horizon,9,0,PLTR,long,0.02,0.02,equal_weight,1.0,0.02,0.0098067637829112,Information Technology,,
2025-07-01,2025-07-02,2025-07-16,signal_horizon,9,0,HOOD,long,0.02,0.02,equal_weight,1.0,0.02,0.0088695497632354,Financials,,
2025-07-01,2025-07-02,2025-07-16,signal_horizon,9,0,TSLA,long,0.02,0.02,equal_weight,1.0,0.02,0.0088595760726804,Consumer Discretionary,,
2025-07-01,2025-07-02,2025-07-16,signal_horizon,9,0,CIEN,long,0.02,0.02,equal_weight,1.0,0.02,0.0087269178860499,Information Technology,,
2025-07-01,2025-07-02,2025-07-16,signal_horizon,9,0,VRT,long,0.02,0.02,equal_weight,1.0,0.02,0.0086421009993932,Industrials,,
2025-07-01,2025-07-02,2025-07-16,signal_horizon,9,0,AMD,long,0.02,0.02,equal_weight,1.0,0.02,0.0084438833623253,Information Technology,,
2025-07-01,2025-07-02,2025-07-16,signal_horizon,9,0,LITE,long,0.02,0.02,equal_weight,1.0,0.02,0.0083559544799507,Information Technology,,
2025-07-01,2025-07-02,2025-07-16,signal_horizon,9,0,HAL,long,0.02,0.02,equal_weight,1.0,0.02,0.0079520360394953,Energy,,
2025-07-01,2025-07-02,2025-07-16,signal_horizon,9,0,ANET,long,0.02,0.02,equal_weight,1.0,0.02,0.0079437648126462,Information Technology,,
2025-07-01,2025-07-02,2025-07-16,signal_horizon,9,0,SNDK,long,0.02,0.02,equal_weight,1.0,0.02,0.0079272504706088,Information Technology,,
2025-07-01,2025-07-02,2025-07-16,signal_horizon,9,0,TPL,long,0.02,0.02,equal_weight,1.0,0.02,0.0078697714561407,Energy,,
2025-07-01,2025-07-02,2025-07-16,signal_horizon,9,0,COIN,long,0.02,0.02,equal_weight,1.0,0.02,0.007600400736269,Financials,,
2025-07-01,2025-07-02,2025-07-16,signal_horizon,9,0,LVS,long,0.02,0.02,equal_weight,1.0,0.02,0.0075069763652155,Consumer Discretionary,,
2025-07-01,2025-07-02,2025-07-16,signal_horizon,9,0,KR,long,0.02,0.02,equal_weight,1.0,0.02,0.0072091537964726,Consumer Staples,,
2025-07-01,2025-07-02,2025-07-16,signal_horizon,9,0,FITB,long,0.02,0.02,equal_weight,1.0,0.02,0.0065664742333253,Financials,,
2025-07-01,2025-07-02,2025-07-16,signal_horizon,9,0,LRCX,long,0.02,0.02,equal_weight,1.0,0.02,0.0064240914742476,Unknown,,
2025-07-01,2025-07-02,2025-07-16,signal_horizon,9,0,CMG,long,0.02,0.02,equal_weight,1.0,0.02,0.0062903596395146,Consumer Discretionary,,
2025-07-01,2025-07-02,2025-07-16,signal_horizon,9,0,VST,long,0.02,0.02,equal_weight,1.0,0.02,0.0062768751300891,Utilities,,
2025-07-01,2025-07-02,2025-07-16,signal_horizon,9,0,CBRE,long,0.02,0.02,equal_weight,1.0,0.02,0.0061682825825263,Real Estate,,
2025-07-01,2025-07-02,2025-07-16,signal_horizon,9,0,XYZ,long,0.02,0.02,equal_weight,1.0,0.02,0.0060999029746187,Financials,,
2025-07-01,2025-07-02,2025-07-16,signal_horizon,9,0,DHI,long,0.02,0.02,equal_weight,1.0,0.02,0.0060378798139786,Consumer Discretionary,,
2025-07-01,2025-07-02,2025-07-16,signal_horizon,9,0,TFC,long,0.02,0.02,equal_weight,1.0,0.02,0.0058081784139564,Financials,,
2025-07-01,2025-07-02,2025-07-16,signal_horizon,9,0,FAST,long,0.02,0.02,equal_weight,1.0,0.02,0.0057470395060216,Industrials,,
2025-07-01,2025-07-02,2025-07-16,signal_horizon,9,0,CL,long,0.02,0.02,equal_weight,1.0,0.02,0.0055186116458905,Consumer Staples,,
2025-07-01,2025-07-02,2025-07-16,signal_horizon,9,0,TGT,long,0.02,0.02,equal_weight,1.0,0.02,0.0054841291180305,Unknown,,
2025-07-01,2025-07-02,2025-07-16,signal_horizon,9,0,DELL,long,0.02,0.02,equal_weight,1.0,0.02,0.0054777195208386,Unknown,,
2025-07-01,2025-07-02,2025-07-16,signal_horizon,9,0,CPRT,long,0.02,0.02,equal_weight,1.0,0.02,0.0054433752295538,Industrials,,
2025-07-01,2025-07-02,2025-07-16,signal_horizon,9,0,UBER,long,0.02,0.02,equal_weight,1.0,0.02,0.0054331142983836,Industrials,,
2025-07-01,2025-07-02,2025-07-16,signal_horizon,9,0,ZTS,long,0.02,0.02,equal_weight,1.0,0.02,0.0054195699189604,Health Care,,
2025-07-01,2025-07-02,2025-07-16,signal_horizon,9,0,HSY,long,0.02,0.02,equal_weight,1.0,0.02,0.0053872102640693,Consumer Staples,,
2025-07-01,2025-07-02,2025-07-16,signal_horizon,9,0,A,long,0.02,0.02,equal_weight,1.0,0.02,0.0051450371609938,Health Care,,
2025-07-01,2025-07-02,2025-07-16,signal_horizon,9,0,FIX,long,0.02,0.02,equal_weight,1.0,0.02,0.0050560898970986,Industrials,,
2025-07-01,2025-07-02,2025-07-16,signal_horizon,9,0,WBD,long,0.02,0.02,equal_weight,1.0,0.02,0.0050070947895969,Communication Services,,
2025-07-01,2025-07-02,2025-07-16,signal_horizon,9,0,DAL,long,0.02,0.02,equal_weight,1.0,0.02,0.0049969098344752,Industrials,,
2025-07-01,2025-07-02,2025-07-16,signal_horizon,9,0,CVS,long,0.02,0.02,equal_weight,1.0,0.02,0.0049710820133975,Unknown,,
2025-07-01,2025-07-02,2025-07-16,signal_horizon,9,0,FANG,long,0.02,0.02,equal_weight,1.0,0.02,0.0049559103790127,Energy,,
2025-07-01,2025-07-02,2025-07-16,signal_horizon,9,0,AXON,long,0.02,0.02,equal_weight,1.0,0.02,0.0049366736284971,Industrials,,
2025-07-01,2025-07-02,2025-07-16,signal_horizon,9,0,UNH,long,0.02,0.02,equal_weight,1.0,0.02,0.004888145984977,Health Care,,
2025-07-01,2025-07-02,2025-07-16,signal_horizon,9,0,CAH,long,0.02,0.02,equal_weight,1.0,0.02,0.0046966978904088,Health Care,,
2025-07-01,2025-07-02,2025-07-16,signal_horizon,9,0,STT,long,0.02,0.02,equal_weight,1.0,0.02,0.0046901807404009,Financials,,
2025-07-01,2025-07-02,2025-07-16,signal_horizon,9,0,PYPL,long,0.02,0.02,equal_weight,1.0,0.02,0.0046189345229944,Financials,,
2025-07-01,2025-07-02,2025-07-16,signal_horizon,9,0,SYY,long,0.02,0.02,equal_weight,1.0,0.02,0.0035711744195007,Consumer Staples,,
2025-07-01,2025-07-02,2025-07-16,signal_horizon,9,0,KVUE,long,0.02,0.02,equal_weight,1.0,0.02,0.0019284947625632,Consumer Staples,,
2025-07-01,2025-07-02,2025-07-16,signal_horizon,9,0,MDLZ,long,0.02,0.02,equal_weight,1.0,0.02,0.0017658615521036,Consumer Staples,,
2025-07-01,2025-07-02,2025-07-16,signal_horizon,9,0,INTU,short,-0.02,0.02,equal_weight,1.0,-0.02,-0.0040058870966987,Information Technology,,
2025-07-01,2025-07-02,2025-07-16,signal_horizon,9,0,CVX,short,-0.02,0.02,equal_weight,1.0,-0.02,-0.003921365808419,Energy,,
2025-07-01,2025-07-02,2025-07-16,signal_horizon,9,0,HLT,short,-0.02,0.02,equal_weight,1.0,-0.02,-0.003726884380452,Consumer Discretionary,,
2025-07-01,2025-07-02,2025-07-16,signal_horizon,9,0,ABBV,short,-0.02,0.02,equal_weight,1.0,-0.02,-0.0035108872299062,Health Care,,
2025-07-01,2025-07-02,2025-07-16,signal_horizon,9,0,EQIX,short,-0.02,0.02,equal_weight,1.0,-0.02,-0.0034848978195448,Unknown,,
2025-07-01,2025-07-02,2025-07-16,signal_horizon,9,0,MSFT,short,-0.02,0.02,equal_weight,1.0,-0.02,-0.0034767826926981,Information Technology,,
2025-07-01,2025-07-02,2025-07-16,signal_horizon,9,0,TT,short,-0.02,0.02,equal_weight,1.0,-0.02,-0.0034171753021493,Industrials,,
2025-07-01,2025-07-02,2025-07-16,signal_horizon,9,0,CRM,short,-0.02,0.02,equal_weight,1.0,-0.02,-0.0033384508959183,Information Technology,,
2025-07-01,2025-07-02,2025-07-16,signal_horizon,9,0,AMZN,short,-0.02,0.02,equal_weight,1.0,-0.02,-0.0031768366932492,Consumer Discretionary,,
2025-07-01,2025-07-02,2025-07-16,signal_horizon,9,0,AAPL,short,-0.02,0.02,equal_weight,1.0,-0.02,-0.0028269467294454,Information Technology,,
2025-07-01,2025-07-02,2025-07-16,signal_horizon,9,0,WDAY,short,-0.02,0.02,equal_weight,1.0,-0.02,-0.0028136667140601,Information Technology,,
2025-07-01,2025-07-02,2025-07-16,signal_horizon,9,0,CME,short,-0.02,0.02,equal_weight,1.0,-0.02,-0.0026288691714483,Unknown,,
2025-07-01,2025-07-02,2025-07-16,signal_horizon,9,0,MPC,short,-0.02,0.02,equal_weight,1.0,-0.02,-0.0024483661610696,Energy,,
2025-07-01,2025-07-02,2025-07-16,signal_horizon,9,0,CSCO,short,-0.02,0.02,equal_weight,1.0,-0.02,-0.0024064682421398,Information Technology,,
2025-07-01,2025-07-02,2025-07-16,signal_horizon,9,0,PEP,short,-0.02,0.02,equal_weight,1.0,-0.02,-0.0023622057346924,Consumer Staples,,
2025-07-01,2025-07-02,2025-07-16,signal_horizon,9,0,DIS,short,-0.02,0.02,equal_weight,1.0,-0.02,-0.002246352710329,Communication Services,,
2025-07-01,2025-07-02,2025-07-16,signal_horizon,9,0,ADSK,short,-0.02,0.02,equal_weight,1.0,-0.02,-0.0022380051907847,Information Technology,,
2025-07-01,2025-07-02,2025-07-16,signal_horizon,9,0,GOOG,short,-0.02,0.02,equal_weight,1.0,-0.02,-0.0020369326888383,Communication Services,,
2025-07-01,2025-07-02,2025-07-16,signal_horizon,9,0,SCHW,short,-0.02,0.02,equal_weight,1.0,-0.02,-0.0019447342880806,Financials,,
2025-07-01,2025-07-02,2025-07-16,signal_horizon,9,0,NRG,short,-0.02,0.02,equal_weight,1.0,-0.02,-0.0018243705263609,Utilities,,
2025-07-01,2025-07-02,2025-07-16,signal_horizon,9,0,BRK-B,short,-0.02,0.02,equal_weight,1.0,-0.02,-0.0017863279407757,Financials,,
2025-07-01,2025-07-02,2025-07-16,signal_horizon,9,0,LIN,short,-0.02,0.02,equal_weight,1.0,-0.02,-0.001770683452117,Materials,,
2025-07-01,2025-07-02,2025-07-16,signal_horizon,9,0,HCA,short,-0.02,0.02,equal_weight,1.0,-0.02,-0.0016899629287805,Unknown,,
2025-07-01,2025-07-02,2025-07-16,signal_horizon,9,0,AFL,short,-0.02,0.02,equal_weight,1.0,-0.02,-0.0016440922864464,Financials,,
2025-07-01,2025-07-02,2025-07-16,signal_horizon,9,0,GE,short,-0.02,0.02,equal_weight,1.0,-0.02,-0.0014557019375445,Industrials,,
2025-07-01,2025-07-02,2025-07-16,signal_horizon,9,0,HWM,short,-0.02,0.02,equal_weight,1.0,-0.02,-0.0013275804455411,Industrials,,
2025-07-01,2025-07-02,2025-07-16,signal_horizon,9,0,AZO,short,-0.02,0.02,equal_weight,1.0,-0.02,-0.0013110429682418,Consumer Discretionary,,
2025-07-01,2025-07-02,2025-07-16,signal_horizon,9,0,UNP,short,-0.02,0.02,equal_weight,1.0,-0.02,-0.0011590025475649,Industrials,,
2025-07-01,2025-07-02,2025-07-16,signal_horizon,9,0,PG,short,-0.02,0.02,equal_weight,1.0,-0.02,-0.0011251399387956,Consumer Staples,,
2025-07-01,2025-07-02,2025-07-16,signal_horizon,9,0,KO,short,-0.02,0.02,equal_weight,1.0,-0.02,-0.0010847898701698,Consumer Staples,,
2025-07-01,2025-07-02,2025-07-16,signal_horizon,9,0,SPGI,short,-0.02,0.02,equal_weight,1.0,-0.02,-0.0010340767489485,Financials,,
2025-07-01,2025-07-02,2025-07-16,signal_horizon,9,0,PGR,short,-0.02,0.02,equal_weight,1.0,-0.02,-0.0010044539731237,Financials,,
2025-07-01,2025-07-02,2025-07-16,signal_horizon,9,0,WAB,short,-0.02,0.02,equal_weight,1.0,-0.02,-0.0009732439698094,Industrials,,
2025-07-01,2025-07-02,2025-07-16,signal_horizon,9,0,MAR,short,-0.02,0.02,equal_weight,1.0,-0.02,-0.000844735391121,Consumer Discretionary,,
2025-07-01,2025-07-02,2025-07-16,signal_horizon,9,0,HON,short,-0.02,0.02,equal_weight,1.0,-0.02,-0.0008271447401867,Industrials,,
2025-07-01,2025-07-02,2025-07-16,signal_horizon,9,0,XOM,short,-0.02,0.02,equal_weight,1.0,-0.02,-0.000793082521871,Energy,,
2025-07-01,2025-07-02,2025-07-16,signal_horizon,9,0,FDX,short,-0.02,0.02,equal_weight,1.0,-0.02,-0.0007480665124198,Unknown,,
2025-07-01,2025-07-02,2025-07-16,signal_horizon,9,0,WMT,short,-0.02,0.02,equal_weight,1.0,-0.02,-0.000704506672658,Consumer Staples,,
2025-07-01,2025-07-02,2025-07-16,signal_horizon,9,0,CAT,short,-0.02,0.02,equal_weight,1.0,-0.02,-0.0006562598401955,Industrials,,
2025-07-01,2025-07-02,2025-07-16,signal_horizon,9,0,AJG,short,-0.02,0.02,equal_weight,1.0,-0.02,-0.0006172007084299,Financials,,
2025-07-01,2025-07-02,2025-07-16,signal_horizon,9,0,BK,short,-0.02,0.02,equal_weight,1.0,-0.02,-0.000557330794436,Financials,,
2025-07-01,2025-07-02,2025-07-16,signal_horizon,9,0,ETR,short,-0.02,0.02,equal_weight,1.0,-0.02,-0.0004364505045273,Utilities,,
2025-07-01,2025-07-02,2025-07-16,signal_horizon,9,0,MCK,short,-0.02,0.02,equal_weight,1.0,-0.02,-0.0004113949239803,Unknown,,
2025-07-01,2025-07-02,2025-07-16,signal_horizon,9,0,MO,short,-0.02,0.02,equal_weight,1.0,-0.02,-0.0003668236527165,Consumer Staples,,
2025-07-01,2025-07-02,2025-07-16,signal_horizon,9,0,IDXX,short,-0.02,0.02,equal_weight,1.0,-0.02,-0.0003030068889952,Health Care,,
2025-07-01,2025-07-02,2025-07-16,signal_horizon,9,0,COST,short,-0.02,0.02,equal_weight,1.0,-0.02,-0.0002751747203367,Consumer Staples,,
2025-07-01,2025-07-02,2025-07-16,signal_horizon,9,0,WELL,short,-0.02,0.02,equal_weight,1.0,-0.02,-0.0002051859475215,Real Estate,,
2025-07-01,2025-07-02,2025-07-16,signal_horizon,9,0,BMY,short,-0.02,0.02,equal_weight,1.0,-0.02,-9.145038351735176e-05,Health Care,,
2025-07-01,2025-07-02,2025-07-16,signal_horizon,9,0,JNJ,short,-0.02,0.02,equal_weight,1.0,-0.02,3.772299277520928e-05,Health Care,,
2025-07-01,2025-07-02,2025-07-16,signal_horizon,9,0,KDP,short,-0.02,0.02,equal_weight,1.0,-0.02,0.0011054240092071,Consumer Staples,,
2025-07-16,2025-07-17,2025-07-30,signal_horizon,9,0,SATS,long,0.02,0.02,equal_weight,1.0,0.02,0.0193658892432768,Communication Services,,
2025-07-16,2025-07-17,2025-07-30,signal_horizon,9,0,ANET,long,0.02,0.02,equal_weight,1.0,0.02,0.0114294791316231,Information Technology,,
2025-07-16,2025-07-17,2025-07-30,signal_horizon,9,0,EQIX,long,0.02,0.02,equal_weight,1.0,0.02,0.0110213829814632,Unknown,,
2025-07-16,2025-07-17,2025-07-30,signal_horizon,9,0,LVS,long,0.02,0.02,equal_weight,1.0,0.02,0.010818435089319,Consumer Discretionary,,
2025-07-16,2025-07-17,2025-07-30,signal_horizon,9,0,COIN,long,0.02,0.02,equal_weight,1.0,0.02,0.0107880052478571,Financials,,
2025-07-16,2025-07-17,2025-07-30,signal_horizon,9,0,DAL,long,0.02,0.02,equal_weight,1.0,0.02,0.0107703912360252,Industrials,,
2025-07-16,2025-07-17,2025-07-30,signal_horizon,9,0,HPE,long,0.02,0.02,equal_weight,1.0,0.02,0.0102906805554948,Information Technology,,
2025-07-16,2025-07-17,2025-07-30,signal_horizon,9,0,COHR,long,0.02,0.02,equal_weight,1.0,0.02,0.010083976747142,Information Technology,,
2025-07-16,2025-07-17,2025-07-30,signal_horizon,9,0,NKE,long,0.02,0.02,equal_weight,1.0,0.02,0.0096976691697455,Consumer Discretionary,,
2025-07-16,2025-07-17,2025-07-30,signal_horizon,9,0,HOOD,long,0.02,0.02,equal_weight,1.0,0.02,0.0093708557247497,Financials,,
2025-07-16,2025-07-17,2025-07-30,signal_horizon,9,0,CIEN,long,0.02,0.02,equal_weight,1.0,0.02,0.0080639521682364,Information Technology,,
2025-07-16,2025-07-17,2025-07-30,signal_horizon,9,0,INTC,long,0.02,0.02,equal_weight,1.0,0.02,0.0079612850827603,Information Technology,,
2025-07-16,2025-07-17,2025-07-30,signal_horizon,9,0,ELV,long,0.02,0.02,equal_weight,1.0,0.02,0.0078681599985656,Health Care,,
2025-07-16,2025-07-17,2025-07-30,signal_horizon,9,0,UBER,long,0.02,0.02,equal_weight,1.0,0.02,0.0077862620919772,Industrials,,
2025-07-16,2025-07-17,2025-07-30,signal_horizon,9,0,HAL,long,0.02,0.02,equal_weight,1.0,0.02,0.0077522046743333,Energy,,
2025-07-16,2025-07-17,2025-07-30,signal_horizon,9,0,CCL,long,0.02,0.02,equal_weight,1.0,0.02,0.0073957398142085,Consumer Discretionary,,
2025-07-16,2025-07-17,2025-07-30,signal_horizon,9,0,A,long,0.02,0.02,equal_weight,1.0,0.02,0.0071800667688021,Health Care,,
2025-07-16,2025-07-17,2025-07-30,signal_horizon,9,0,HSY,long,0.02,0.02,equal_weight,1.0,0.02,0.0071155147156554,Consumer Staples,,
2025-07-16,2025-07-17,2025-07-30,signal_horizon,9,0,PAYX,long,0.02,0.02,equal_weight,1.0,0.02,0.0070821484397342,Industrials,,
2025-07-16,2025-07-17,2025-07-30,signal_horizon,9,0,CEG,long,0.02,0.02,equal_weight,1.0,0.02,0.0069145104386988,Unknown,,
2025-07-16,2025-07-17,2025-07-30,signal_horizon,9,0,TFC,long,0.02,0.02,equal_weight,1.0,0.02,0.0069098467390427,Financials,,
2025-07-16,2025-07-17,2025-07-30,signal_horizon,9,0,KR,long,0.02,0.02,equal_weight,1.0,0.02,0.006738928711588,Consumer Staples,,
2025-07-16,2025-07-17,2025-07-30,signal_horizon,9,0,NUE,long,0.02,0.02,equal_weight,1.0,0.02,0.0066867966853226,Materials,,
2025-07-16,2025-07-17,2025-07-30,signal_horizon,9,0,AMD,long,0.02,0.02,equal_weight,1.0,0.02,0.0066720241632591,Information Technology,,
2025-07-16,2025-07-17,2025-07-30,signal_horizon,9,0,AXON,long,0.02,0.02,equal_weight,1.0,0.02,0.0066342561883842,Industrials,,
2025-07-16,2025-07-17,2025-07-30,signal_horizon,9,0,SNDK,long,0.02,0.02,equal_weight,1.0,0.02,0.0063851782920107,Information Technology,,
2025-07-16,2025-07-17,2025-07-30,signal_horizon,9,0,TSLA,long,0.02,0.02,equal_weight,1.0,0.02,0.0062519534769316,Consumer Discretionary,,
2025-07-16,2025-07-17,2025-07-30,signal_horizon,9,0,VST,long,0.02,0.02,equal_weight,1.0,0.02,0.0060262645220591,Utilities,,
2025-07-16,2025-07-17,2025-07-30,signal_horizon,9,0,TGT,long,0.02,0.02,equal_weight,1.0,0.02,0.0058349726274246,Unknown,,
2025-07-16,2025-07-17,2025-07-30,signal_horizon,9,0,URI,long,0.02,0.02,equal_weight,1.0,0.02,0.0057420892445872,Industrials,,
2025-07-16,2025-07-17,2025-07-30,signal_horizon,9,0,FIX,long,0.02,0.02,equal_weight,1.0,0.02,0.0055869569908071,Industrials,,
2025-07-16,2025-07-17,2025-07-30,signal_horizon,9,0,MNST,long,0.02,0.02,equal_weight,1.0,0.02,0.0055444451236779,Consumer Staples,,
2025-07-16,2025-07-17,2025-07-30,signal_horizon,9,0,CBRE,long,0.02,0.02,equal_weight,1.0,0.02,0.0055371918623537,Real Estate,,
2025-07-16,2025-07-17,2025-07-30,signal_horizon,9,0,DVN,long,0.02,0.02,equal_weight,1.0,0.02,0.0055299957769777,Energy,,
2025-07-16,2025-07-17,2025-07-30,signal_horizon,9,0,STT,long,0.02,0.02,equal_weight,1.0,0.02,0.0055029721742298,Financials,,
2025-07-16,2025-07-17,2025-07-30,signal_horizon,9,0,BX,long,0.02,0.02,equal_weight,1.0,0.02,0.0054661380103757,Financials,,
2025-07-16,2025-07-17,2025-07-30,signal_horizon,9,0,CVS,long,0.02,0.02,equal_weight,1.0,0.02,0.0054489326609982,Unknown,,
2025-07-16,2025-07-17,2025-07-30,signal_horizon,9,0,ODFL,long,0.02,0.02,equal_weight,1.0,0.02,0.005410705061271,Industrials,,
2025-07-16,2025-07-17,2025-07-30,signal_horizon,9,0,KKR,long,0.02,0.02,equal_weight,1.0,0.02,0.005361833763929,Financials,,
2025-07-16,2025-07-17,2025-07-30,signal_horizon,9,0,FITB,long,0.02,0.02,equal_weight,1.0,0.02,0.005244080291597,Financials,,
2025-07-16,2025-07-17,2025-07-30,signal_horizon,9,0,ADM,long,0.02,0.02,equal_weight,1.0,0.02,0.0052081271256012,Consumer Staples,,
2025-07-16,2025-07-17,2025-07-30,signal_horizon,9,0,CRWD,long,0.02,0.02,equal_weight,1.0,0.02,0.0049624120358085,Unknown,,
2025-07-16,2025-07-17,2025-07-30,signal_horizon,9,0,EW,long,0.02,0.02,equal_weight,1.0,0.02,0.0048144152629364,Health Care,,
2025-07-16,2025-07-17,2025-07-30,signal_horizon,9,0,FANG,long,0.02,0.02,equal_weight,1.0,0.02,0.0047048584553306,Energy,,
2025-07-16,2025-07-17,2025-07-30,signal_horizon,9,0,CI,long,0.02,0.02,equal_weight,1.0,0.02,0.0044556219245849,Health Care,,
2025-07-16,2025-07-17,2025-07-30,signal_horizon,9,0,EA,long,0.02,0.02,equal_weight,1.0,0.02,0.0042704726971802,Communication Services,,
2025-07-16,2025-07-17,2025-07-30,signal_horizon,9,0,MDLZ,long,0.02,0.02,equal_weight,1.0,0.02,0.0042690921628923,Consumer Staples,,
2025-07-16,2025-07-17,2025-07-30,signal_horizon,9,0,NRG,long,0.02,0.02,equal_weight,1.0,0.02,0.003951116591819,Utilities,,
2025-07-16,2025-07-17,2025-07-30,signal_horizon,9,0,KDP,long,0.02,0.02,equal_weight,1.0,0.02,0.0036124333331285,Consumer Staples,,
2025-07-16,2025-07-17,2025-07-30,signal_horizon,9,0,SYY,long,0.02,0.02,equal_weight,1.0,0.02,0.0030674256533884,Consumer Staples,,
2025-07-16,2025-07-17,2025-07-30,signal_horizon,9,0,INTU,short,-0.02,0.02,equal_weight,1.0,-0.02,-0.0039958882746432,Information Technology,,
2025-07-16,2025-07-17,2025-07-30,signal_horizon,9,0,MSFT,short,-0.02,0.02,equal_weight,1.0,-0.02,-0.0032368180401372,Information Technology,,
2025-07-16,2025-07-17,2025-07-30,signal_horizon,9,0,CME,short,-0.02,0.02,equal_weight,1.0,-0.02,-0.0032078388978145,Unknown,,
2025-07-16,2025-07-17,2025-07-30,signal_horizon,9,0,QCOM,short,-0.02,0.02,equal_weight,1.0,-0.02,-0.0028169821474209,Information Technology,,
2025-07-16,2025-07-17,2025-07-30,signal_horizon,9,0,XOM,short,-0.02,0.02,equal_weight,1.0,-0.02,-0.0026548159496824,Energy,,
2025-07-16,2025-07-17,2025-07-30,signal_horizon,9,0,LIN,short,-0.02,0.02,equal_weight,1.0,-0.02,-0.0026513164465517,Materials,,
2025-07-16,2025-07-17,2025-07-30,signal_horizon,9,0,AON,short,-0.02,0.02,equal_weight,1.0,-0.02,-0.0025825189930766,Financials,,
2025-07-16,2025-07-17,2025-07-30,signal_horizon,9,0,CSCO,short,-0.02,0.02,equal_weight,1.0,-0.02,-0.0025544428544607,Information Technology,,
2025-07-16,2025-07-17,2025-07-30,signal_horizon,9,0,CVX,short,-0.02,0.02,equal_weight,1.0,-0.02,-0.0025393750322569,Energy,,
2025-07-16,2025-07-17,2025-07-30,signal_horizon,9,0,UNP,short,-0.02,0.02,equal_weight,1.0,-0.02,-0.0024436431761955,Industrials,,
2025-07-16,2025-07-17,2025-07-30,signal_horizon,9,0,SBUX,short,-0.02,0.02,equal_weight,1.0,-0.02,-0.0023364724003871,Consumer Discretionary,,
2025-07-16,2025-07-17,2025-07-30,signal_horizon,9,0,GOOG,short,-0.02,0.02,equal_weight,1.0,-0.02,-0.0023228203968707,Communication Services,,
2025-07-16,2025-07-17,2025-07-30,signal_horizon,9,0,GOOGL,short,-0.02,0.02,equal_weight,1.0,-0.02,-0.0020615929521831,Communication Services,,
2025-07-16,2025-07-17,2025-07-30,signal_horizon,9,0,AMZN,short,-0.02,0.02,equal_weight,1.0,-0.02,-0.0019132533898213,Consumer Discretionary,,
2025-07-16,2025-07-17,2025-07-30,signal_horizon,9,0,MCD,short,-0.02,0.02,equal_weight,1.0,-0.02,-0.001504617097064,Consumer Discretionary,,
2025-07-16,2025-07-17,2025-07-30,signal_horizon,9,0,WELL,short,-0.02,0.02,equal_weight,1.0,-0.02,-0.0014701340767893,Real Estate,,
2025-07-16,2025-07-17,2025-07-30,signal_horizon,9,0,IBM,short,-0.02,0.02,equal_weight,1.0,-0.02,-0.0013785544862995,Information Technology,,
2025-07-16,2025-07-17,2025-07-30,signal_horizon,9,0,RTX,short,-0.02,0.02,equal_weight,1.0,-0.02,-0.0012352221947024,Industrials,,
2025-07-16,2025-07-17,2025-07-30,signal_horizon,9,0,ABBV,short,-0.02,0.02,equal_weight,1.0,-0.02,-0.001058275965137,Health Care,,
2025-07-16,2025-07-17,2025-07-30,signal_horizon,9,0,AJG,short,-0.02,0.02,equal_weight,1.0,-0.02,-0.0010277717148296,Financials,,
2025-07-16,2025-07-17,2025-07-30,signal_horizon,9,0,MRK,short,-0.02,0.02,equal_weight,1.0,-0.02,-0.0010074068944185,Health Care,,
2025-07-16,2025-07-17,2025-07-30,signal_horizon,9,0,TXN,short,-0.02,0.02,equal_weight,1.0,-0.02,-0.0008832175166552,Information Technology,,
2025-07-16,2025-07-17,2025-07-30,signal_horizon,9,0,BMY,short,-0.02,0.02,equal_weight,1.0,-0.02,-0.0007897669000438,Health Care,,
2025-07-16,2025-07-17,2025-07-30,signal_horizon,9,0,BDX,short,-0.02,0.02,equal_weight,1.0,-0.02,-0.0007705233541854,Health Care,,
2025-07-16,2025-07-17,2025-07-30,signal_horizon,9,0,LHX,short,-0.02,0.02,equal_weight,1.0,-0.02,-0.0007012558131124,Industrials,,
2025-07-16,2025-07-17,2025-07-30,signal_horizon,9,0,KVUE,short,-0.02,0.02,equal_weight,1.0,-0.02,-0.0006494207783911,Consumer Staples,,
2025-07-16,2025-07-17,2025-07-30,signal_horizon,9,0,BRK-B,short,-0.02,0.02,equal_weight,1.0,-0.02,-0.0006421353247084,Financials,,
2025-07-16,2025-07-17,2025-07-30,signal_horizon,9,0,HLT,short,-0.02,0.02,equal_weight,1.0,-0.02,-0.0005470163149731,Consumer Discretionary,,
2025-07-16,2025-07-17,2025-07-30,signal_horizon,9,0,AAPL,short,-0.02,0.02,equal_weight,1.0,-0.02,-0.0005390282990468,Information Technology,,
2025-07-16,2025-07-17,2025-07-30,signal_horizon,9,0,SCHW,short,-0.02,0.02,equal_weight,1.0,-0.02,-0.0003996012536889,Financials,,
2025-07-16,2025-07-17,2025-07-30,signal_horizon,9,0,PLD,short,-0.02,0.02,equal_weight,1.0,-0.02,-0.000376567191524,Unknown,,
2025-07-16,2025-07-17,2025-07-30,signal_horizon,9,0,BK,short,-0.02,0.02,equal_weight,1.0,-0.02,-0.0003689723506836,Financials,,
2025-07-16,2025-07-17,2025-07-30,signal_horizon,9,0,JPM,short,-0.02,0.02,equal_weight,1.0,-0.02,-0.0003088192204569,Financials,,
2025-07-16,2025-07-17,2025-07-30,signal_horizon,9,0,APH,short,-0.02,0.02,equal_weight,1.0,-0.02,-0.0002675481484341,Unknown,,
2025-07-16,2025-07-17,2025-07-30,signal_horizon,9,0,GE,short,-0.02,0.02,equal_weight,1.0,-0.02,-0.0002379776972893,Industrials,,
2025-07-16,2025-07-17,2025-07-30,signal_horizon,9,0,EOG,short,-0.02,0.02,equal_weight,1.0,-0.02,-0.0001665904464494,Energy,,
2025-07-16,2025-07-17,2025-07-30,signal_horizon,9,0,GEV,short,-0.02,0.02,equal_weight,1.0,-0.02,-0.0001325749672154,Industrials,,
2025-07-16,2025-07-17,2025-07-30,signal_horizon,9,0,PEP,short,-0.02,0.02,equal_weight,1.0,-0.02,-9.486190510801764e-05,Consumer Staples,,
2025-07-16,2025-07-17,2025-07-30,signal_horizon,9,0,MA,short,-0.02,0.02,equal_weight,1.0,-0.02,-9.277986756673002e-05,Financials,,
2025-07-16,2025-07-17,2025-07-30,signal_horizon,9,0,JCI,short,-0.02,0.02,equal_weight,1.0,-0.02,-5.104176692937443e-05,Unknown,,
2025-07-16,2025-07-17,2025-07-30,signal_horizon,9,0,TT,short,-0.02,0.02,equal_weight,1.0,-0.02,9.526001954141332e-05,Industrials,,
2025-07-16,2025-07-17,2025-07-30,signal_horizon,9,0,CSX,short,-0.02,0.02,equal_weight,1.0,-0.02,0.0001296033678304,Industrials,,
2025-07-16,2025-07-17,2025-07-30,signal_horizon,9,0,VRTX,short,-0.02,0.02,equal_weight,1.0,-0.02,0.0002181434295017,Unknown,,
2025-07-16,2025-07-17,2025-07-30,signal_horizon,9,0,KO,short,-0.02,0.02,equal_weight,1.0,-0.02,0.0003034432681749,Consumer Staples,,
2025-07-16,2025-07-17,2025-07-30,signal_horizon,9,0,PG,short,-0.02,0.02,equal_weight,1.0,-0.02,0.000533726143962,Consumer Staples,,
2025-07-16,2025-07-17,2025-07-30,signal_horizon,9,0,NEE,short,-0.02,0.02,equal_weight,1.0,-0.02,0.0006279524061672,Utilities,,
2025-07-16,2025-07-17,2025-07-30,signal_horizon,9,0,ETR,short,-0.02,0.02,equal_weight,1.0,-0.02,0.0009196510621655,Utilities,,
2025-07-16,2025-07-17,2025-07-30,signal_horizon,9,0,PM,short,-0.02,0.02,equal_weight,1.0,-0.02,0.0009699334401308,Consumer Staples,,
2025-07-16,2025-07-17,2025-07-30,signal_horizon,9,0,CL,short,-0.02,0.02,equal_weight,1.0,-0.02,0.0011667606282781,Consumer Staples,,
2025-07-16,2025-07-17,2025-07-30,signal_horizon,9,0,WMT,short,-0.02,0.02,equal_weight,1.0,-0.02,0.0012861333703521,Consumer Staples,,
2025-07-30,2025-07-31,2025-08-13,signal_horizon,9,0,FIX,long,0.02,0.02,equal_weight,1.0,0.02,0.0186092759674539,Industrials,,
2025-07-30,2025-07-31,2025-08-13,signal_horizon,9,0,ELV,long,0.02,0.02,equal_weight,1.0,0.02,0.0162220356648166,Health Care,,
2025-07-30,2025-07-31,2025-08-13,signal_horizon,9,0,TEL,long,0.02,0.02,equal_weight,1.0,0.02,0.0129208269366067,Information Technology,,
2025-07-30,2025-07-31,2025-08-13,signal_horizon,9,0,TSLA,long,0.02,0.02,equal_weight,1.0,0.02,0.0124370246675755,Consumer Discretionary,,
2025-07-30,2025-07-31,2025-08-13,signal_horizon,9,0,BKR,long,0.02,0.02,equal_weight,1.0,0.02,0.0117042698780836,Energy,,
2025-07-30,2025-07-31,2025-08-13,signal_horizon,9,0,DHI,long,0.02,0.02,equal_weight,1.0,0.02,0.0116865651800109,Consumer Discretionary,,
2025-07-30,2025-07-31,2025-08-13,signal_horizon,9,0,SATS,long,0.02,0.02,equal_weight,1.0,0.02,0.0110697739064388,Communication Services,,
2025-07-30,2025-07-31,2025-08-13,signal_horizon,9,0,CIEN,long,0.02,0.02,equal_weight,1.0,0.02,0.0101227713816811,Information Technology,,
2025-07-30,2025-07-31,2025-08-13,signal_horizon,9,0,GEV,long,0.02,0.02,equal_weight,1.0,0.02,0.0094577317602303,Industrials,,
2025-07-30,2025-07-31,2025-08-13,signal_horizon,9,0,AXON,long,0.02,0.02,equal_weight,1.0,0.02,0.0087702916541546,Industrials,,
2025-07-30,2025-07-31,2025-08-13,signal_horizon,9,0,COIN,long,0.02,0.02,equal_weight,1.0,0.02,0.0086356721401755,Financials,,
2025-07-30,2025-07-31,2025-08-13,signal_horizon,9,0,LITE,long,0.02,0.02,equal_weight,1.0,0.02,0.0084604005006988,Information Technology,,
2025-07-30,2025-07-31,2025-08-13,signal_horizon,9,0,NOC,long,0.02,0.02,equal_weight,1.0,0.02,0.0084516865701074,Unknown,,
2025-07-30,2025-07-31,2025-08-13,signal_horizon,9,0,WDAY,long,0.02,0.02,equal_weight,1.0,0.02,0.0082822805359784,Information Technology,,
2025-07-30,2025-07-31,2025-08-13,signal_horizon,9,0,FTNT,long,0.02,0.02,equal_weight,1.0,0.02,0.0082433251918287,Information Technology,,
2025-07-30,2025-07-31,2025-08-13,signal_horizon,9,0,PCG,long,0.02,0.02,equal_weight,1.0,0.02,0.0081869955676617,Utilities,,
2025-07-30,2025-07-31,2025-08-13,signal_horizon,9,0,HSY,long,0.02,0.02,equal_weight,1.0,0.02,0.0081431793281014,Consumer Staples,,
2025-07-30,2025-07-31,2025-08-13,signal_horizon,9,0,HOOD,long,0.02,0.02,equal_weight,1.0,0.02,0.0080605045973193,Financials,,
2025-07-30,2025-07-31,2025-08-13,signal_horizon,9,0,ACGL,long,0.02,0.02,equal_weight,1.0,0.02,0.0079709525972919,Financials,,
2025-07-30,2025-07-31,2025-08-13,signal_horizon,9,0,APP,long,0.02,0.02,equal_weight,1.0,0.02,0.0078963140891642,Information Technology,,
2025-07-30,2025-07-31,2025-08-13,signal_horizon,9,0,GRMN,long,0.02,0.02,equal_weight,1.0,0.02,0.0078746452746385,Consumer Discretionary,,
2025-07-30,2025-07-31,2025-08-13,signal_horizon,9,0,ROST,long,0.02,0.02,equal_weight,1.0,0.02,0.0078427213027175,Consumer Discretionary,,
2025-07-30,2025-07-31,2025-08-13,signal_horizon,9,0,KVUE,long,0.02,0.02,equal_weight,1.0,0.02,0.0077778776292386,Consumer Staples,,
2025-07-30,2025-07-31,2025-08-13,signal_horizon,9,0,XYZ,long,0.02,0.02,equal_weight,1.0,0.02,0.0074765702007423,Financials,,
2025-07-30,2025-07-31,2025-08-13,signal_horizon,9,0,NRG,long,0.02,0.02,equal_weight,1.0,0.02,0.0072872291098137,Utilities,,
2025-07-30,2025-07-31,2025-08-13,signal_horizon,9,0,EME,long,0.02,0.02,equal_weight,1.0,0.02,0.0071896314827478,Industrials,,
2025-07-30,2025-07-31,2025-08-13,signal_horizon,9,0,ODFL,long,0.02,0.02,equal_weight,1.0,0.02,0.0071870207720074,Industrials,,
2025-07-30,2025-07-31,2025-08-13,signal_horizon,9,0,DAL,long,0.02,0.02,equal_weight,1.0,0.02,0.0071492527877078,Industrials,,
2025-07-30,2025-07-31,2025-08-13,signal_horizon,9,0,COHR,long,0.02,0.02,equal_weight,1.0,0.02,0.0070671833117704,Information Technology,,
2025-07-30,2025-07-31,2025-08-13,signal_horizon,9,0,EQT,long,0.02,0.02,equal_weight,1.0,0.02,0.0070231444242484,Energy,,
2025-07-30,2025-07-31,2025-08-13,signal_horizon,9,0,WBD,long,0.02,0.02,equal_weight,1.0,0.02,0.0070006062137847,Communication Services,,
2025-07-30,2025-07-31,2025-08-13,signal_horizon,9,0,FCX,long,0.02,0.02,equal_weight,1.0,0.02,0.0068576427670043,Materials,,
2025-07-30,2025-07-31,2025-08-13,signal_horizon,9,0,NEM,long,0.02,0.02,equal_weight,1.0,0.02,0.0068171653058481,Unknown,,
2025-07-30,2025-07-31,2025-08-13,signal_horizon,9,0,BX,long,0.02,0.02,equal_weight,1.0,0.02,0.0068150144341958,Financials,,
2025-07-30,2025-07-31,2025-08-13,signal_horizon,9,0,HAL,long,0.02,0.02,equal_weight,1.0,0.02,0.0068035491246942,Energy,,
2025-07-30,2025-07-31,2025-08-13,signal_horizon,9,0,MNST,long,0.02,0.02,equal_weight,1.0,0.02,0.006681776340185,Consumer Staples,,
2025-07-30,2025-07-31,2025-08-13,signal_horizon,9,0,MET,long,0.02,0.02,equal_weight,1.0,0.02,0.0066776671095286,Financials,,
2025-07-30,2025-07-31,2025-08-13,signal_horizon,9,0,CARR,long,0.02,0.02,equal_weight,1.0,0.02,0.0066060307552493,Industrials,,
2025-07-30,2025-07-31,2025-08-13,signal_horizon,9,0,EQIX,long,0.02,0.02,equal_weight,1.0,0.02,0.0065947316068448,Unknown,,
2025-07-30,2025-07-31,2025-08-13,signal_horizon,9,0,FDX,long,0.02,0.02,equal_weight,1.0,0.02,0.0065301406210272,Unknown,,
2025-07-30,2025-07-31,2025-08-13,signal_horizon,9,0,TMO,long,0.02,0.02,equal_weight,1.0,0.02,0.0065245306445051,Health Care,,
2025-07-30,2025-07-31,2025-08-13,signal_horizon,9,0,APO,long,0.02,0.02,equal_weight,1.0,0.02,0.0062999902432668,Financials,,
2025-07-30,2025-07-31,2025-08-13,signal_horizon,9,0,A,long,0.02,0.02,equal_weight,1.0,0.02,0.0061582513975447,Health Care,,
2025-07-30,2025-07-31,2025-08-13,signal_horizon,9,0,KMB,long,0.02,0.02,equal_weight,1.0,0.02,0.0060606761133676,Consumer Staples,,
2025-07-30,2025-07-31,2025-08-13,signal_horizon,9,0,CEG,long,0.02,0.02,equal_weight,1.0,0.02,0.005288538123878,Unknown,,
2025-07-30,2025-07-31,2025-08-13,signal_horizon,9,0,ZTS,long,0.02,0.02,equal_weight,1.0,0.02,0.0052510049478054,Health Care,,
2025-07-30,2025-07-31,2025-08-13,signal_horizon,9,0,VTR,long,0.02,0.02,equal_weight,1.0,0.02,0.0046788555064263,Real Estate,,
2025-07-30,2025-07-31,2025-08-13,signal_horizon,9,0,ADM,long,0.02,0.02,equal_weight,1.0,0.02,0.0042249488897943,Consumer Staples,,
2025-07-30,2025-07-31,2025-08-13,signal_horizon,9,0,MDLZ,long,0.02,0.02,equal_weight,1.0,0.02,0.0041656958115326,Consumer Staples,,
2025-07-30,2025-07-31,2025-08-13,signal_horizon,9,0,CL,long,0.02,0.02,equal_weight,1.0,0.02,0.0034978509651787,Consumer Staples,,
2025-07-30,2025-07-31,2025-08-13,signal_horizon,9,0,UNP,short,-0.02,0.02,equal_weight,1.0,-0.02,-0.0036730264894316,Industrials,,
2025-07-30,2025-07-31,2025-08-13,signal_horizon,9,0,CVX,short,-0.02,0.02,equal_weight,1.0,-0.02,-0.0034312623356212,Energy,,
2025-07-30,2025-07-31,2025-08-13,signal_horizon,9,0,IBM,short,-0.02,0.02,equal_weight,1.0,-0.02,-0.0033574604821958,Information Technology,,
2025-07-30,2025-07-31,2025-08-13,signal_horizon,9,0,XOM,short,-0.02,0.02,equal_weight,1.0,-0.02,-0.0024451433186621,Energy,,
2025-07-30,2025-07-31,2025-08-13,signal_horizon,9,0,HON,short,-0.02,0.02,equal_weight,1.0,-0.02,-0.0022093378390283,Industrials,,
2025-07-30,2025-07-31,2025-08-13,signal_horizon,9,0,NSC,short,-0.02,0.02,equal_weight,1.0,-0.02,-0.0022014963936658,Industrials,,
2025-07-30,2025-07-31,2025-08-13,signal_horizon,9,0,COST,short,-0.02,0.02,equal_weight,1.0,-0.02,-0.0021219581457441,Consumer Staples,,
2025-07-30,2025-07-31,2025-08-13,signal_horizon,9,0,KLAC,short,-0.02,0.02,equal_weight,1.0,-0.02,-0.002117618951067,Information Technology,,
2025-07-30,2025-07-31,2025-08-13,signal_horizon,9,0,ORCL,short,-0.02,0.02,equal_weight,1.0,-0.02,-0.0017277031295362,Information Technology,,
2025-07-30,2025-07-31,2025-08-13,signal_horizon,9,0,GS,short,-0.02,0.02,equal_weight,1.0,-0.02,-0.0016495773843755,Financials,,
2025-07-30,2025-07-31,2025-08-13,signal_horizon,9,0,MSFT,short,-0.02,0.02,equal_weight,1.0,-0.02,-0.0015800059649237,Information Technology,,
2025-07-30,2025-07-31,2025-08-13,signal_horizon,9,0,COF,short,-0.02,0.02,equal_weight,1.0,-0.02,-0.0014457536577178,Unknown,,
2025-07-30,2025-07-31,2025-08-13,signal_horizon,9,0,AMZN,short,-0.02,0.02,equal_weight,1.0,-0.02,-0.0012414522956047,Consumer Discretionary,,
2025-07-30,2025-07-31,2025-08-13,signal_horizon,9,0,MCO,short,-0.02,0.02,equal_weight,1.0,-0.02,-0.0012292598398664,Financials,,
2025-07-30,2025-07-31,2025-08-13,signal_horizon,9,0,BAC,short,-0.02,0.02,equal_weight,1.0,-0.02,-0.0009716384983167,Financials,,
2025-07-30,2025-07-31,2025-08-13,signal_horizon,9,0,JPM,short,-0.02,0.02,equal_weight,1.0,-0.02,-0.0009613207765323,Financials,,
2025-07-30,2025-07-31,2025-08-13,signal_horizon,9,0,BRK-B,short,-0.02,0.02,equal_weight,1.0,-0.02,-0.0008376992237406,Financials,,
2025-07-30,2025-07-31,2025-08-13,signal_horizon,9,0,ICE,short,-0.02,0.02,equal_weight,1.0,-0.02,-0.0008158563435247,Financials,,
2025-07-30,2025-07-31,2025-08-13,signal_horizon,9,0,MS,short,-0.02,0.02,equal_weight,1.0,-0.02,-0.0007945228854151,Financials,,
2025-07-30,2025-07-31,2025-08-13,signal_horizon,9,0,AAPL,short,-0.02,0.02,equal_weight,1.0,-0.02,-0.0006100255048288,Information Technology,,
2025-07-30,2025-07-31,2025-08-13,signal_horizon,9,0,RCL,short,-0.02,0.02,equal_weight,1.0,-0.02,-0.0005832336041779,Consumer Discretionary,,
2025-07-30,2025-07-31,2025-08-13,signal_horizon,9,0,CSCO,short,-0.02,0.02,equal_weight,1.0,-0.02,-0.0005286960261903,Information Technology,,
2025-07-30,2025-07-31,2025-08-13,signal_horizon,9,0,AMAT,short,-0.02,0.02,equal_weight,1.0,-0.02,-0.0004552277468322,Information Technology,,
2025-07-30,2025-07-31,2025-08-13,signal_horizon,9,0,AEP,short,-0.02,0.02,equal_weight,1.0,-0.02,-0.0004423630089209,Utilities,,
2025-07-30,2025-07-31,2025-08-13,signal_horizon,9,0,APH,short,-0.02,0.02,equal_weight,1.0,-0.02,-0.0003623004154412,Unknown,,
2025-07-30,2025-07-31,2025-08-13,signal_horizon,9,0,LHX,short,-0.02,0.02,equal_weight,1.0,-0.02,-0.00030879871192,Industrials,,
2025-07-30,2025-07-31,2025-08-13,signal_horizon,9,0,META,short,-0.02,0.02,equal_weight,1.0,-0.02,-6.088763023616299e-05,Communication Services,,
2025-07-30,2025-07-31,2025-08-13,signal_horizon,9,0,BA,short,-0.02,0.02,equal_weight,1.0,-0.02,-4.399781507954427e-05,Industrials,,
2025-07-30,2025-07-31,2025-08-13,signal_horizon,9,0,MDT,short,-0.02,0.02,equal_weight,1.0,-0.02,9.489295699275236e-06,Health Care,,
2025-07-30,2025-07-31,2025-08-13,signal_horizon,9,0,ISRG,short,-0.02,0.02,equal_weight,1.0,-0.02,3.100734199281807e-05,Health Care,,
2025-07-30,2025-07-31,2025-08-13,signal_horizon,9,0,EMR,short,-0.02,0.02,equal_weight,1.0,-0.02,6.426492970542914e-05,Industrials,,
2025-07-30,2025-07-31,2025-08-13,signal_horizon,9,0,SBUX,short,-0.02,0.02,equal_weight,1.0,-0.02,7.350502509980122e-05,Consumer Discretionary,,
2025-07-30,2025-07-31,2025-08-13,signal_horizon,9,0,CCL,short,-0.02,0.02,equal_weight,1.0,-0.02,0.0001514536506158,Consumer Discretionary,,
2025-07-30,2025-07-31,2025-08-13,signal_horizon,9,0,ABBV,short,-0.02,0.02,equal_weight,1.0,-0.02,0.0003285670242193,Health Care,,
2025-07-30,2025-07-31,2025-08-13,signal_horizon,9,0,LRCX,short,-0.02,0.02,equal_weight,1.0,-0.02,0.0004865214394334,Unknown,,
2025-07-30,2025-07-31,2025-08-13,signal_horizon,9,0,COP,short,-0.02,0.02,equal_weight,1.0,-0.02,0.0004873198868205,Energy,,
2025-07-30,2025-07-31,2025-08-13,signal_horizon,9,0,RTX,short,-0.02,0.02,equal_weight,1.0,-0.02,0.0005326451947828,Industrials,,
2025-07-30,2025-07-31,2025-08-13,signal_horizon,9,0,MRK,short,-0.02,0.02,equal_weight,1.0,-0.02,0.0005528751039291,Health Care,,
2025-07-30,2025-07-31,2025-08-13,signal_horizon,9,0,ADI,short,-0.02,0.02,equal_weight,1.0,-0.02,0.0006353631775254,Unknown,,
2025-07-30,2025-07-31,2025-08-13,signal_horizon,9,0,LIN,short,-0.02,0.02,equal_weight,1.0,-0.02,0.0006523723284772,Materials,,
2025-07-30,2025-07-31,2025-08-13,signal_horizon,9,0,PEP,short,-0.02,0.02,equal_weight,1.0,-0.02,0.0007074734359024,Consumer Staples,,
2025-07-30,2025-07-31,2025-08-13,signal_horizon,9,0,DIS,short,-0.02,0.02,equal_weight,1.0,-0.02,0.0008784926769338,Communication Services,,
2025-07-30,2025-07-31,2025-08-13,signal_horizon,9,0,SO,short,-0.02,0.02,equal_weight,1.0,-0.02,0.0009979534163463,Unknown,,
2025-07-30,2025-07-31,2025-08-13,signal_horizon,9,0,KO,short,-0.02,0.02,equal_weight,1.0,-0.02,0.0011764986612229,Consumer Staples,,
2025-07-30,2025-07-31,2025-08-13,signal_horizon,9,0,WMT,short,-0.02,0.02,equal_weight,1.0,-0.02,0.001260638487008,Consumer Staples,,
2025-07-30,2025-07-31,2025-08-13,signal_horizon,9,0,NEE,short,-0.02,0.02,equal_weight,1.0,-0.02,0.0016402539286333,Utilities,,
2025-07-30,2025-07-31,2025-08-13,signal_horizon,9,0,CBRE,short,-0.02,0.02,equal_weight,1.0,-0.02,0.0017729496479245,Real Estate,,
2025-07-30,2025-07-31,2025-08-13,signal_horizon,9,0,KDP,short,-0.02,0.02,equal_weight,1.0,-0.02,0.0020435496520299,Consumer Staples,,
2025-07-30,2025-07-31,2025-08-13,signal_horizon,9,0,PM,short,-0.02,0.02,equal_weight,1.0,-0.02,0.0021492810852473,Consumer Staples,,
2025-07-30,2025-07-31,2025-08-13,signal_horizon,9,0,PG,short,-0.02,0.02,equal_weight,1.0,-0.02,0.0028546353093695,Consumer Staples,,
2025-08-13,2025-08-14,2025-08-27,signal_horizon,9,0,FIX,long,0.02,0.02,equal_weight,1.0,0.02,0.0167396093352794,Industrials,,
2025-08-13,2025-08-14,2025-08-27,signal_horizon,9,0,APP,long,0.02,0.02,equal_weight,1.0,0.02,0.015960869307663,Information Technology,,
2025-08-13,2025-08-14,2025-08-27,signal_horizon,9,0,IDXX,long,0.02,0.02,equal_weight,1.0,0.02,0.0135712896101681,Health Care,,
2025-08-13,2025-08-14,2025-08-27,signal_horizon,9,0,EBAY,long,0.02,0.02,equal_weight,1.0,0.02,0.0098713059648576,Consumer Discretionary,,
2025-08-13,2025-08-14,2025-08-27,signal_horizon,9,0,AXON,long,0.02,0.02,equal_weight,1.0,0.02,0.0097644088177253,Industrials,,
2025-08-13,2025-08-14,2025-08-27,signal_horizon,9,0,DHI,long,0.02,0.02,equal_weight,1.0,0.02,0.0090425901859039,Consumer Discretionary,,
2025-08-13,2025-08-14,2025-08-27,signal_horizon,9,0,OTIS,long,0.02,0.02,equal_weight,1.0,0.02,0.0089761268340751,Industrials,,
2025-08-13,2025-08-14,2025-08-27,signal_horizon,9,0,TER,long,0.02,0.02,equal_weight,1.0,0.02,0.0086867027468499,Information Technology,,
2025-08-13,2025-08-14,2025-08-27,signal_horizon,9,0,GLW,long,0.02,0.02,equal_weight,1.0,0.02,0.008603201436771,Information Technology,,
2025-08-13,2025-08-14,2025-08-27,signal_horizon,9,0,GEV,long,0.02,0.02,equal_weight,1.0,0.02,0.008546905206835,Industrials,,
2025-08-13,2025-08-14,2025-08-27,signal_horizon,9,0,NRG,long,0.02,0.02,equal_weight,1.0,0.02,0.0084485156350713,Utilities,,
2025-08-13,2025-08-14,2025-08-27,signal_horizon,9,0,EQT,long,0.02,0.02,equal_weight,1.0,0.02,0.0079597724102554,Energy,,
2025-08-13,2025-08-14,2025-08-27,signal_horizon,9,0,CI,long,0.02,0.02,equal_weight,1.0,0.02,0.0074020957956672,Health Care,,
2025-08-13,2025-08-14,2025-08-27,signal_horizon,9,0,TSLA,long,0.02,0.02,equal_weight,1.0,0.02,0.0073015980372609,Consumer Discretionary,,
2025-08-13,2025-08-14,2025-08-27,signal_horizon,9,0,EA,long,0.02,0.02,equal_weight,1.0,0.02,0.0072272040833242,Communication Services,,
2025-08-13,2025-08-14,2025-08-27,signal_horizon,9,0,TPL,long,0.02,0.02,equal_weight,1.0,0.02,0.0071034739007917,Energy,,
2025-08-13,2025-08-14,2025-08-27,signal_horizon,9,0,PCG,long,0.02,0.02,equal_weight,1.0,0.02,0.0068591168644519,Utilities,,
2025-08-13,2025-08-14,2025-08-27,signal_horizon,9,0,CARR,long,0.02,0.02,equal_weight,1.0,0.02,0.0068198350155988,Industrials,,
2025-08-13,2025-08-14,2025-08-27,signal_horizon,9,0,HCA,long,0.02,0.02,equal_weight,1.0,0.02,0.006775530925275,Unknown,,
2025-08-13,2025-08-14,2025-08-27,signal_horizon,9,0,NEM,long,0.02,0.02,equal_weight,1.0,0.02,0.0067487090771979,Unknown,,
2025-08-13,2025-08-14,2025-08-27,signal_horizon,9,0,FTNT,long,0.02,0.02,equal_weight,1.0,0.02,0.0066955378380711,Information Technology,,
2025-08-13,2025-08-14,2025-08-27,signal_horizon,9,0,ANET,long,0.02,0.02,equal_weight,1.0,0.02,0.0066768905735121,Information Technology,,
2025-08-13,2025-08-14,2025-08-27,signal_horizon,9,0,CRH,long,0.02,0.02,equal_weight,1.0,0.02,0.0066271294941852,Materials,,
2025-08-13,2025-08-14,2025-08-27,signal_horizon,9,0,CIEN,long,0.02,0.02,equal_weight,1.0,0.02,0.0065865580544556,Information Technology,,
2025-08-13,2025-08-14,2025-08-27,signal_horizon,9,0,AJG,long,0.02,0.02,equal_weight,1.0,0.02,0.0065134106002803,Financials,,
2025-08-13,2025-08-14,2025-08-27,signal_horizon,9,0,BKR,long,0.02,0.02,equal_weight,1.0,0.02,0.0064019600530096,Energy,,
2025-08-13,2025-08-14,2025-08-27,signal_horizon,9,0,AMP,long,0.02,0.02,equal_weight,1.0,0.02,0.0061797897829237,Financials,,
2025-08-13,2025-08-14,2025-08-27,signal_horizon,9,0,MU,long,0.02,0.02,equal_weight,1.0,0.02,0.0061677525813305,Information Technology,,
2025-08-13,2025-08-14,2025-08-27,signal_horizon,9,0,ODFL,long,0.02,0.02,equal_weight,1.0,0.02,0.006103345521594,Industrials,,
2025-08-13,2025-08-14,2025-08-27,signal_horizon,9,0,CMG,long,0.02,0.02,equal_weight,1.0,0.02,0.0059148091608395,Consumer Discretionary,,
2025-08-13,2025-08-14,2025-08-27,signal_horizon,9,0,EME,long,0.02,0.02,equal_weight,1.0,0.02,0.0057896496567172,Industrials,,
2025-08-13,2025-08-14,2025-08-27,signal_horizon,9,0,MNST,long,0.02,0.02,equal_weight,1.0,0.02,0.0057380955228128,Consumer Staples,,
2025-08-13,2025-08-14,2025-08-27,signal_horizon,9,0,UNH,long,0.02,0.02,equal_weight,1.0,0.02,0.0055715762268569,Health Care,,
2025-08-13,2025-08-14,2025-08-27,signal_horizon,9,0,EQIX,long,0.02,0.02,equal_weight,1.0,0.02,0.0054833851878992,Unknown,,
2025-08-13,2025-08-14,2025-08-27,signal_horizon,9,0,AFL,long,0.02,0.02,equal_weight,1.0,0.02,0.0054450534462105,Financials,,
2025-08-13,2025-08-14,2025-08-27,signal_horizon,9,0,CVS,long,0.02,0.02,equal_weight,1.0,0.02,0.0054335356771748,Unknown,,
2025-08-13,2025-08-14,2025-08-27,signal_horizon,9,0,HIG,long,0.02,0.02,equal_weight,1.0,0.02,0.0053957286649034,Financials,,
2025-08-13,2025-08-14,2025-08-27,signal_horizon,9,0,AIG,long,0.02,0.02,equal_weight,1.0,0.02,0.0053937082208447,Financials,,
2025-08-13,2025-08-14,2025-08-27,signal_horizon,9,0,HOOD,long,0.02,0.02,equal_weight,1.0,0.02,0.0053287570078705,Financials,,
2025-08-13,2025-08-14,2025-08-27,signal_horizon,9,0,MET,long,0.02,0.02,equal_weight,1.0,0.02,0.0053004696170978,Financials,,
2025-08-13,2025-08-14,2025-08-27,signal_horizon,9,0,KMB,long,0.02,0.02,equal_weight,1.0,0.02,0.0052172984044036,Consumer Staples,,
2025-08-13,2025-08-14,2025-08-27,signal_horizon,9,0,CEG,long,0.02,0.02,equal_weight,1.0,0.02,0.0050916654596072,Unknown,,
2025-08-13,2025-08-14,2025-08-27,signal_horizon,9,0,PSA,long,0.02,0.02,equal_weight,1.0,0.02,0.004934125009351,Real Estate,,
2025-08-13,2025-08-14,2025-08-27,signal_horizon,9,0,PM,long,0.02,0.02,equal_weight,1.0,0.02,0.0048621300240488,Consumer Staples,,
2025-08-13,2025-08-14,2025-08-27,signal_horizon,9,0,A,long,0.02,0.02,equal_weight,1.0,0.02,0.0048396427249381,Health Care,,
2025-08-13,2025-08-14,2025-08-27,signal_horizon,9,0,SATS,long,0.02,0.02,equal_weight,1.0,0.02,0.0048358483506535,Communication Services,,
2025-08-13,2025-08-14,2025-08-27,signal_horizon,9,0,ADM,long,0.02,0.02,equal_weight,1.0,0.02,0.0042736766484846,Consumer Staples,,
2025-08-13,2025-08-14,2025-08-27,signal_horizon,9,0,HSY,long,0.02,0.02,equal_weight,1.0,0.02,0.0033823976041002,Consumer Staples,,
2025-08-13,2025-08-14,2025-08-27,signal_horizon,9,0,MO,long,0.02,0.02,equal_weight,1.0,0.02,0.0033565955365693,Consumer Staples,,
2025-08-13,2025-08-14,2025-08-27,signal_horizon,9,0,MDLZ,long,0.02,0.02,equal_weight,1.0,0.02,0.0031677732226058,Consumer Staples,,
2025-08-13,2025-08-14,2025-08-27,signal_horizon,9,0,CVX,short,-0.02,0.02,equal_weight,1.0,-0.02,-0.005058280850767,Energy,,
2025-08-13,2025-08-14,2025-08-27,signal_horizon,9,0,MSFT,short,-0.02,0.02,equal_weight,1.0,-0.02,-0.0045941512860582,Information Technology,,
2025-08-13,2025-08-14,2025-08-27,signal_horizon,9,0,CAT,short,-0.02,0.02,equal_weight,1.0,-0.02,-0.0039347861198169,Industrials,,
2025-08-13,2025-08-14,2025-08-27,signal_horizon,9,0,XOM,short,-0.02,0.02,equal_weight,1.0,-0.02,-0.0031014881562234,Energy,,
2025-08-13,2025-08-14,2025-08-27,signal_horizon,9,0,REGN,short,-0.02,0.02,equal_weight,1.0,-0.02,-0.0028538084744727,Health Care,,
2025-08-13,2025-08-14,2025-08-27,signal_horizon,9,0,GS,short,-0.02,0.02,equal_weight,1.0,-0.02,-0.0026757520058116,Financials,,
2025-08-13,2025-08-14,2025-08-27,signal_horizon,9,0,EMR,short,-0.02,0.02,equal_weight,1.0,-0.02,-0.0026275670539875,Industrials,,
2025-08-13,2025-08-14,2025-08-27,signal_horizon,9,0,BA,short,-0.02,0.02,equal_weight,1.0,-0.02,-0.0024608316150496,Industrials,,
2025-08-13,2025-08-14,2025-08-27,signal_horizon,9,0,NSC,short,-0.02,0.02,equal_weight,1.0,-0.02,-0.0023339105948339,Industrials,,
2025-08-13,2025-08-14,2025-08-27,signal_horizon,9,0,AMAT,short,-0.02,0.02,equal_weight,1.0,-0.02,-0.0021485526684919,Information Technology,,
2025-08-13,2025-08-14,2025-08-27,signal_horizon,9,0,TDG,short,-0.02,0.02,equal_weight,1.0,-0.02,-0.0021059003530591,Industrials,,
2025-08-13,2025-08-14,2025-08-27,signal_horizon,9,0,BLK,short,-0.02,0.02,equal_weight,1.0,-0.02,-0.0019752386452493,Financials,,
2025-08-13,2025-08-14,2025-08-27,signal_horizon,9,0,NKE,short,-0.02,0.02,equal_weight,1.0,-0.02,-0.0018888769639783,Consumer Discretionary,,
2025-08-13,2025-08-14,2025-08-27,signal_horizon,9,0,UNP,short,-0.02,0.02,equal_weight,1.0,-0.02,-0.0017214879374269,Industrials,,
2025-08-13,2025-08-14,2025-08-27,signal_horizon,9,0,MA,short,-0.02,0.02,equal_weight,1.0,-0.02,-0.0016161110719916,Financials,,
2025-08-13,2025-08-14,2025-08-27,signal_horizon,9,0,STX,short,-0.02,0.02,equal_weight,1.0,-0.02,-0.0015801146668899,Information Technology,,
2025-08-13,2025-08-14,2025-08-27,signal_horizon,9,0,DDOG,short,-0.02,0.02,equal_weight,1.0,-0.02,-0.0015142266668854,Information Technology,,
2025-08-13,2025-08-14,2025-08-27,signal_horizon,9,0,CSCO,short,-0.02,0.02,equal_weight,1.0,-0.02,-0.0014750022030235,Information Technology,,
2025-08-13,2025-08-14,2025-08-27,signal_horizon,9,0,LHX,short,-0.02,0.02,equal_weight,1.0,-0.02,-0.0014306321474519,Industrials,,
2025-08-13,2025-08-14,2025-08-27,signal_horizon,9,0,JPM,short,-0.02,0.02,equal_weight,1.0,-0.02,-0.0014017617964393,Financials,,
2025-08-13,2025-08-14,2025-08-27,signal_horizon,9,0,COF,short,-0.02,0.02,equal_weight,1.0,-0.02,-0.0013266366027268,Unknown,,
2025-08-13,2025-08-14,2025-08-27,signal_horizon,9,0,BRK-B,short,-0.02,0.02,equal_weight,1.0,-0.02,-0.0012597389861821,Financials,,
2025-08-13,2025-08-14,2025-08-27,signal_horizon,9,0,KLAC,short,-0.02,0.02,equal_weight,1.0,-0.02,-0.0011414811803543,Information Technology,,
2025-08-13,2025-08-14,2025-08-27,signal_horizon,9,0,ORCL,short,-0.02,0.02,equal_weight,1.0,-0.02,-0.0011136798200196,Information Technology,,
2025-08-13,2025-08-14,2025-08-27,signal_horizon,9,0,JNJ,short,-0.02,0.02,equal_weight,1.0,-0.02,-0.0009502285385403,Health Care,,
2025-08-13,2025-08-14,2025-08-27,signal_horizon,9,0,MCD,short,-0.02,0.02,equal_weight,1.0,-0.02,-0.0008718226327507,Consumer Discretionary,,
2025-08-13,2025-08-14,2025-08-27,signal_horizon,9,0,C,short,-0.02,0.02,equal_weight,1.0,-0.02,-0.0008299409589373,Financials,,
2025-08-13,2025-08-14,2025-08-27,signal_horizon,9,0,PH,short,-0.02,0.02,equal_weight,1.0,-0.02,-0.0007485291887582,Unknown,,
2025-08-13,2025-08-14,2025-08-27,signal_horizon,9,0,AEP,short,-0.02,0.02,equal_weight,1.0,-0.02,-0.000722703082388,Utilities,,
2025-08-13,2025-08-14,2025-08-27,signal_horizon,9,0,RCL,short,-0.02,0.02,equal_weight,1.0,-0.02,-0.0007160137474276,Consumer Discretionary,,
2025-08-13,2025-08-14,2025-08-27,signal_horizon,9,0,LLY,short,-0.02,0.02,equal_weight,1.0,-0.02,-0.0005836045492545,Health Care,,
2025-08-13,2025-08-14,2025-08-27,signal_horizon,9,0,COP,short,-0.02,0.02,equal_weight,1.0,-0.02,-0.0005466722951563,Energy,,
2025-08-13,2025-08-14,2025-08-27,signal_horizon,9,0,SO,short,-0.02,0.02,equal_weight,1.0,-0.02,-0.0004882997571896,Unknown,,
2025-08-13,2025-08-14,2025-08-27,signal_horizon,9,0,ELV,short,-0.02,0.02,equal_weight,1.0,-0.02,-0.0004705474725227,Health Care,,
2025-08-13,2025-08-14,2025-08-27,signal_horizon,9,0,CCL,short,-0.02,0.02,equal_weight,1.0,-0.02,-0.0003309119270084,Consumer Discretionary,,
2025-08-13,2025-08-14,2025-08-27,signal_horizon,9,0,BX,short,-0.02,0.02,equal_weight,1.0,-0.02,-0.0001599325766619,Financials,,
2025-08-13,2025-08-14,2025-08-27,signal_horizon,9,0,T,short,-0.02,0.02,equal_weight,1.0,-0.02,-0.0001255667461874,Communication Services,,
2025-08-13,2025-08-14,2025-08-27,signal_horizon,9,0,PEP,short,-0.02,0.02,equal_weight,1.0,-0.02,-6.98517861833232e-05,Consumer Staples,,
2025-08-13,2025-08-14,2025-08-27,signal_horizon,9,0,LIN,short,-0.02,0.02,equal_weight,1.0,-0.02,-5.362481716678099e-05,Materials,,
2025-08-13,2025-08-14,2025-08-27,signal_horizon,9,0,DIS,short,-0.02,0.02,equal_weight,1.0,-0.02,0.0001584189505969,Communication Services,,
2025-08-13,2025-08-14,2025-08-27,signal_horizon,9,0,V,short,-0.02,0.02,equal_weight,1.0,-0.02,0.0001699965734278,Unknown,,
2025-08-13,2025-08-14,2025-08-27,signal_horizon,9,0,SYY,short,-0.02,0.02,equal_weight,1.0,-0.02,0.0002846415370833,Consumer Staples,,
2025-08-13,2025-08-14,2025-08-27,signal_horizon,9,0,ADI,short,-0.02,0.02,equal_weight,1.0,-0.02,0.0002874678332454,Unknown,,
2025-08-13,2025-08-14,2025-08-27,signal_horizon,9,0,WEC,short,-0.02,0.02,equal_weight,1.0,-0.02,0.000304484685018,Utilities,,
2025-08-13,2025-08-14,2025-08-27,signal_horizon,9,0,WMT,short,-0.02,0.02,equal_weight,1.0,-0.02,0.0005171824305809,Consumer Staples,,
2025-08-13,2025-08-14,2025-08-27,signal_horizon,9,0,PG,short,-0.02,0.02,equal_weight,1.0,-0.02,0.0005400375204491,Consumer Staples,,
2025-08-13,2025-08-14,2025-08-27,signal_horizon,9,0,WELL,short,-0.02,0.02,equal_weight,1.0,-0.02,0.0006952880704628,Real Estate,,
2025-08-13,2025-08-14,2025-08-27,signal_horizon,9,0,KO,short,-0.02,0.02,equal_weight,1.0,-0.02,0.0011096868193728,Consumer Staples,,
2025-08-13,2025-08-14,2025-08-27,signal_horizon,9,0,COST,short,-0.02,0.02,equal_weight,1.0,-0.02,0.0014510617512707,Consumer Staples,,
2025-08-13,2025-08-14,2025-08-27,signal_horizon,9,0,KR,short,-0.02,0.02,equal_weight,1.0,-0.02,0.0016289388184811,Consumer Staples,,
2025-08-27,2025-08-28,2025-09-11,signal_horizon,9,0,SATS,long,0.02,0.02,equal_weight,1.0,0.02,0.0249425133815737,Communication Services,,
2025-08-27,2025-08-28,2025-09-11,signal_horizon,9,0,ANET,long,0.02,0.02,equal_weight,1.0,0.02,0.0131729387083909,Information Technology,,
2025-08-27,2025-08-28,2025-09-11,signal_horizon,9,0,IDXX,long,0.02,0.02,equal_weight,1.0,0.02,0.0130345763123503,Health Care,,
2025-08-27,2025-08-28,2025-09-11,signal_horizon,9,0,SNDK,long,0.02,0.02,equal_weight,1.0,0.02,0.012971954133307,Information Technology,,
2025-08-27,2025-08-28,2025-09-11,signal_horizon,9,0,EBAY,long,0.02,0.02,equal_weight,1.0,0.02,0.0128461247815906,Consumer Discretionary,,
2025-08-27,2025-08-28,2025-09-11,signal_horizon,9,0,APP,long,0.02,0.02,equal_weight,1.0,0.02,0.0117059580982331,Information Technology,,
2025-08-27,2025-08-28,2025-09-11,signal_horizon,9,0,INTC,long,0.02,0.02,equal_weight,1.0,0.02,0.0115569551710605,Information Technology,,
2025-08-27,2025-08-28,2025-09-11,signal_horizon,9,0,UNH,long,0.02,0.02,equal_weight,1.0,0.02,0.0114086685842794,Health Care,,
2025-08-27,2025-08-28,2025-09-11,signal_horizon,9,0,ADM,long,0.02,0.02,equal_weight,1.0,0.02,0.0113044176625098,Consumer Staples,,
2025-08-27,2025-08-28,2025-09-11,signal_horizon,9,0,DAL,long,0.02,0.02,equal_weight,1.0,0.02,0.010887595609641,Industrials,,
2025-08-27,2025-08-28,2025-09-11,signal_horizon,9,0,MPWR,long,0.02,0.02,equal_weight,1.0,0.02,0.0105461413164888,Information Technology,,
2025-08-27,2025-08-28,2025-09-11,signal_horizon,9,0,AXON,long,0.02,0.02,equal_weight,1.0,0.02,0.0104849868628149,Industrials,,
2025-08-27,2025-08-28,2025-09-11,signal_horizon,9,0,CRH,long,0.02,0.02,equal_weight,1.0,0.02,0.0096189131325756,Materials,,
2025-08-27,2025-08-28,2025-09-11,signal_horizon,9,0,HCA,long,0.02,0.02,equal_weight,1.0,0.02,0.0085642898161676,Unknown,,
2025-08-27,2025-08-28,2025-09-11,signal_horizon,9,0,MET,long,0.02,0.02,equal_weight,1.0,0.02,0.008388841546055,Financials,,
2025-08-27,2025-08-28,2025-09-11,signal_horizon,9,0,PRU,long,0.02,0.02,equal_weight,1.0,0.02,0.0082908412357646,Financials,,
2025-08-27,2025-08-28,2025-09-11,signal_horizon,9,0,ODFL,long,0.02,0.02,equal_weight,1.0,0.02,0.008290039377614,Industrials,,
2025-08-27,2025-08-28,2025-09-11,signal_horizon,9,0,CVS,long,0.02,0.02,equal_weight,1.0,0.02,0.0082777292789444,Unknown,,
2025-08-27,2025-08-28,2025-09-11,signal_horizon,9,0,MNST,long,0.02,0.02,equal_weight,1.0,0.02,0.0081667793648894,Consumer Staples,,
2025-08-27,2025-08-28,2025-09-11,signal_horizon,9,0,FTNT,long,0.02,0.02,equal_weight,1.0,0.02,0.0081445551243439,Information Technology,,
2025-08-27,2025-08-28,2025-09-11,signal_horizon,9,0,FITB,long,0.02,0.02,equal_weight,1.0,0.02,0.0079139516729205,Financials,,
2025-08-27,2025-08-28,2025-09-11,signal_horizon,9,0,NRG,long,0.02,0.02,equal_weight,1.0,0.02,0.0077596248976866,Utilities,,
2025-08-27,2025-08-28,2025-09-11,signal_horizon,9,0,NXPI,long,0.02,0.02,equal_weight,1.0,0.02,0.0077385501235432,Information Technology,,
2025-08-27,2025-08-28,2025-09-11,signal_horizon,9,0,VRTX,long,0.02,0.02,equal_weight,1.0,0.02,0.0077231602346485,Unknown,,
2025-08-27,2025-08-28,2025-09-11,signal_horizon,9,0,VLO,long,0.02,0.02,equal_weight,1.0,0.02,0.0076339920338436,Energy,,
2025-08-27,2025-08-28,2025-09-11,signal_horizon,9,0,ADI,long,0.02,0.02,equal_weight,1.0,0.02,0.0075763659624804,Unknown,,
2025-08-27,2025-08-28,2025-09-11,signal_horizon,9,0,NEM,long,0.02,0.02,equal_weight,1.0,0.02,0.0074420885265689,Unknown,,
2025-08-27,2025-08-28,2025-09-11,signal_horizon,9,0,FAST,long,0.02,0.02,equal_weight,1.0,0.02,0.0072724154320878,Industrials,,
2025-08-27,2025-08-28,2025-09-11,signal_horizon,9,0,CI,long,0.02,0.02,equal_weight,1.0,0.02,0.0071591692683397,Health Care,,
2025-08-27,2025-08-28,2025-09-11,signal_horizon,9,0,GWW,long,0.02,0.02,equal_weight,1.0,0.02,0.0070481751409067,Industrials,,
2025-08-27,2025-08-28,2025-09-11,signal_horizon,9,0,ELV,long,0.02,0.02,equal_weight,1.0,0.02,0.0069868922494634,Health Care,,
2025-08-27,2025-08-28,2025-09-11,signal_horizon,9,0,WBD,long,0.02,0.02,equal_weight,1.0,0.02,0.006836774548818,Communication Services,,
2025-08-27,2025-08-28,2025-09-11,signal_horizon,9,0,DHI,long,0.02,0.02,equal_weight,1.0,0.02,0.0067287853539563,Consumer Discretionary,,
2025-08-27,2025-08-28,2025-09-11,signal_horizon,9,0,CMI,long,0.02,0.02,equal_weight,1.0,0.02,0.0066231460032572,Industrials,,
2025-08-27,2025-08-28,2025-09-11,signal_horizon,9,0,MTB,long,0.02,0.02,equal_weight,1.0,0.02,0.0063597997468152,Financials,,
2025-08-27,2025-08-28,2025-09-11,signal_horizon,9,0,AIG,long,0.02,0.02,equal_weight,1.0,0.02,0.0062224509206805,Financials,,
2025-08-27,2025-08-28,2025-09-11,signal_horizon,9,0,PSX,long,0.02,0.02,equal_weight,1.0,0.02,0.0061604486009062,Energy,,
2025-08-27,2025-08-28,2025-09-11,signal_horizon,9,0,HOOD,long,0.02,0.02,equal_weight,1.0,0.02,0.0060443925150597,Financials,,
2025-08-27,2025-08-28,2025-09-11,signal_horizon,9,0,URI,long,0.02,0.02,equal_weight,1.0,0.02,0.0059571278904898,Industrials,,
2025-08-27,2025-08-28,2025-09-11,signal_horizon,9,0,TSLA,long,0.02,0.02,equal_weight,1.0,0.02,0.0059168685942675,Consumer Discretionary,,
2025-08-27,2025-08-28,2025-09-11,signal_horizon,9,0,TFC,long,0.02,0.02,equal_weight,1.0,0.02,0.0058508237953291,Financials,,
2025-08-27,2025-08-28,2025-09-11,signal_horizon,9,0,CVNA,long,0.02,0.02,equal_weight,1.0,0.02,0.0057916635898642,Consumer Discretionary,,
2025-08-27,2025-08-28,2025-09-11,signal_horizon,9,0,HAL,long,0.02,0.02,equal_weight,1.0,0.02,0.0056439949005079,Energy,,
2025-08-27,2025-08-28,2025-09-11,signal_horizon,9,0,ATO,long,0.02,0.02,equal_weight,1.0,0.02,0.0052516545195449,Utilities,,
2025-08-27,2025-08-28,2025-09-11,signal_horizon,9,0,SPG,long,0.02,0.02,equal_weight,1.0,0.02,0.0048755619413251,Real Estate,,
2025-08-27,2025-08-28,2025-09-11,signal_horizon,9,0,KR,long,0.02,0.02,equal_weight,1.0,0.02,0.0044620000265703,Consumer Staples,,
2025-08-27,2025-08-28,2025-09-11,signal_horizon,9,0,MO,long,0.02,0.02,equal_weight,1.0,0.02,0.0043914888013404,Consumer Staples,,
2025-08-27,2025-08-28,2025-09-11,signal_horizon,9,0,HSY,long,0.02,0.02,equal_weight,1.0,0.02,0.0041803308066155,Consumer Staples,,
2025-08-27,2025-08-28,2025-09-11,signal_horizon,9,0,KMB,long,0.02,0.02,equal_weight,1.0,0.02,0.0040799187292881,Consumer Staples,,
2025-08-27,2025-08-28,2025-09-11,signal_horizon,9,0,SYY,long,0.02,0.02,equal_weight,1.0,0.02,0.0037223256129685,Consumer Staples,,
2025-08-27,2025-08-28,2025-09-11,signal_horizon,9,0,INTU,short,-0.02,0.02,equal_weight,1.0,-0.02,-0.0046628796830293,Information Technology,,
2025-08-27,2025-08-28,2025-09-11,signal_horizon,9,0,CMG,short,-0.02,0.02,equal_weight,1.0,-0.02,-0.0039868035207386,Consumer Discretionary,,
2025-08-27,2025-08-28,2025-09-11,signal_horizon,9,0,TGT,short,-0.02,0.02,equal_weight,1.0,-0.02,-0.0029766110189292,Unknown,,
2025-08-27,2025-08-28,2025-09-11,signal_horizon,9,0,SNPS,short,-0.02,0.02,equal_weight,1.0,-0.02,-0.0028058253256416,Information Technology,,
2025-08-27,2025-08-28,2025-09-11,signal_horizon,9,0,VZ,short,-0.02,0.02,equal_weight,1.0,-0.02,-0.0025564618830075,Communication Services,,
2025-08-27,2025-08-28,2025-09-11,signal_horizon,9,0,LIN,short,-0.02,0.02,equal_weight,1.0,-0.02,-0.0022283544125962,Materials,,
2025-08-27,2025-08-28,2025-09-11,signal_horizon,9,0,TMUS,short,-0.02,0.02,equal_weight,1.0,-0.02,-0.0022106651503367,Communication Services,,
2025-08-27,2025-08-28,2025-09-11,signal_horizon,9,0,MSFT,short,-0.02,0.02,equal_weight,1.0,-0.02,-0.0021633872382806,Information Technology,,
2025-08-27,2025-08-28,2025-09-11,signal_horizon,9,0,ISRG,short,-0.02,0.02,equal_weight,1.0,-0.02,-0.002065120357473,Health Care,,
2025-08-27,2025-08-28,2025-09-11,signal_horizon,9,0,MCD,short,-0.02,0.02,equal_weight,1.0,-0.02,-0.0019753731116924,Consumer Discretionary,,
2025-08-27,2025-08-28,2025-09-11,signal_horizon,9,0,ROP,short,-0.02,0.02,equal_weight,1.0,-0.02,-0.0018339732941213,Information Technology,,
2025-08-27,2025-08-28,2025-09-11,signal_horizon,9,0,JNJ,short,-0.02,0.02,equal_weight,1.0,-0.02,-0.0017705201280851,Health Care,,
2025-08-27,2025-08-28,2025-09-11,signal_horizon,9,0,CVX,short,-0.02,0.02,equal_weight,1.0,-0.02,-0.0016668876987769,Energy,,
2025-08-27,2025-08-28,2025-09-11,signal_horizon,9,0,JPM,short,-0.02,0.02,equal_weight,1.0,-0.02,-0.0016529435222083,Financials,,
2025-08-27,2025-08-28,2025-09-11,signal_horizon,9,0,MDT,short,-0.02,0.02,equal_weight,1.0,-0.02,-0.0015642040024513,Health Care,,
2025-08-27,2025-08-28,2025-09-11,signal_horizon,9,0,MA,short,-0.02,0.02,equal_weight,1.0,-0.02,-0.0014526636615765,Financials,,
2025-08-27,2025-08-28,2025-09-11,signal_horizon,9,0,BX,short,-0.02,0.02,equal_weight,1.0,-0.02,-0.0014404876425295,Financials,,
2025-08-27,2025-08-28,2025-09-11,signal_horizon,9,0,CDNS,short,-0.02,0.02,equal_weight,1.0,-0.02,-0.0013506765623721,Information Technology,,
2025-08-27,2025-08-28,2025-09-11,signal_horizon,9,0,CSX,short,-0.02,0.02,equal_weight,1.0,-0.02,-0.0010751236328006,Industrials,,
2025-08-27,2025-08-28,2025-09-11,signal_horizon,9,0,COP,short,-0.02,0.02,equal_weight,1.0,-0.02,-0.0007992940797428,Energy,,
2025-08-27,2025-08-28,2025-09-11,signal_horizon,9,0,ETN,short,-0.02,0.02,equal_weight,1.0,-0.02,-0.0007843255467533,Industrials,,
2025-08-27,2025-08-28,2025-09-11,signal_horizon,9,0,RTX,short,-0.02,0.02,equal_weight,1.0,-0.02,-0.0006674189711894,Industrials,,
2025-08-27,2025-08-28,2025-09-11,signal_horizon,9,0,ORCL,short,-0.02,0.02,equal_weight,1.0,-0.02,-0.000654285157211,Information Technology,,
2025-08-27,2025-08-28,2025-09-11,signal_horizon,9,0,ADP,short,-0.02,0.02,equal_weight,1.0,-0.02,-0.0006287548101571,Information Technology,,
2025-08-27,2025-08-28,2025-09-11,signal_horizon,9,0,GE,short,-0.02,0.02,equal_weight,1.0,-0.02,-0.0005793898668448,Industrials,,
2025-08-27,2025-08-28,2025-09-11,signal_horizon,9,0,AMGN,short,-0.02,0.02,equal_weight,1.0,-0.02,-0.0004766780305361,Health Care,,
2025-08-27,2025-08-28,2025-09-11,signal_horizon,9,0,TJX,short,-0.02,0.02,equal_weight,1.0,-0.02,-0.0003826902472661,Consumer Discretionary,,
2025-08-27,2025-08-28,2025-09-11,signal_horizon,9,0,GS,short,-0.02,0.02,equal_weight,1.0,-0.02,-0.0002631827416007,Financials,,
2025-08-27,2025-08-28,2025-09-11,signal_horizon,9,0,PG,short,-0.02,0.02,equal_weight,1.0,-0.02,-0.0001193004557412,Consumer Staples,,
2025-08-27,2025-08-28,2025-09-11,signal_horizon,9,0,WMT,short,-0.02,0.02,equal_weight,1.0,-0.02,-0.0001122111150736,Consumer Staples,,
2025-08-27,2025-08-28,2025-09-11,signal_horizon,9,0,SCHW,short,-0.02,0.02,equal_weight,1.0,-0.02,-9.934123127985808e-05,Financials,,
2025-08-27,2025-08-28,2025-09-11,signal_horizon,9,0,AEP,short,-0.02,0.02,equal_weight,1.0,-0.02,-8.675346711080003e-05,Utilities,,
2025-08-27,2025-08-28,2025-09-11,signal_horizon,9,0,PEP,short,-0.02,0.02,equal_weight,1.0,-0.02,-8.158740556411142e-05,Consumer Staples,,
2025-08-27,2025-08-28,2025-09-11,signal_horizon,9,0,COST,short,-0.02,0.02,equal_weight,1.0,-0.02,-6.526397201710198e-05,Consumer Staples,,
2025-08-27,2025-08-28,2025-09-11,signal_horizon,9,0,V,short,-0.02,0.02,equal_weight,1.0,-0.02,3.832874424905129e-05,Unknown,,
2025-08-27,2025-08-28,2025-09-11,signal_horizon,9,0,GEV,short,-0.02,0.02,equal_weight,1.0,-0.02,4.160977295178815e-05,Industrials,,
2025-08-27,2025-08-28,2025-09-11,signal_horizon,9,0,NKE,short,-0.02,0.02,equal_weight,1.0,-0.02,6.627880803511399e-05,Consumer Discretionary,,
2025-08-27,2025-08-28,2025-09-11,signal_horizon,9,0,XOM,short,-0.02,0.02,equal_weight,1.0,-0.02,8.163898578642695e-05,Energy,,
2025-08-27,2025-08-28,2025-09-11,signal_horizon,9,0,AON,short,-0.02,0.02,equal_weight,1.0,-0.02,0.0001271616053675,Financials,,
2025-08-27,2025-08-28,2025-09-11,signal_horizon,9,0,UNP,short,-0.02,0.02,equal_weight,1.0,-0.02,0.0001573142370002,Industrials,,
2025-08-27,2025-08-28,2025-09-11,signal_horizon,9,0,CB,short,-0.02,0.02,equal_weight,1.0,-0.02,0.0002434669231327,Unknown,,
2025-08-27,2025-08-28,2025-09-11,signal_horizon,9,0,EMR,short,-0.02,0.02,equal_weight,1.0,-0.02,0.0003736293095982,Industrials,,
2025-08-27,2025-08-28,2025-09-11,signal_horizon,9,0,EQIX,short,-0.02,0.02,equal_weight,1.0,-0.02,0.0003932100217273,Unknown,,
2025-08-27,2025-08-28,2025-09-11,signal_horizon,9,0,BRK-B,short,-0.02,0.02,equal_weight,1.0,-0.02,0.00048349551471,Financials,,
2025-08-27,2025-08-28,2025-09-11,signal_horizon,9,0,KO,short,-0.02,0.02,equal_weight,1.0,-0.02,0.0006777755960486,Consumer Staples,,
2025-08-27,2025-08-28,2025-09-11,signal_horizon,9,0,SO,short,-0.02,0.02,equal_weight,1.0,-0.02,0.0006824111746657,Unknown,,
2025-08-27,2025-08-28,2025-09-11,signal_horizon,9,0,XEL,short,-0.02,0.02,equal_weight,1.0,-0.02,0.0008221795803613,Utilities,,
2025-08-27,2025-08-28,2025-09-11,signal_horizon,9,0,KDP,short,-0.02,0.02,equal_weight,1.0,-0.02,0.0009341405578411,Consumer Staples,,
2025-08-27,2025-08-28,2025-09-11,signal_horizon,9,0,WELL,short,-0.02,0.02,equal_weight,1.0,-0.02,0.0012374180641238,Real Estate,,
2025-08-27,2025-08-28,2025-09-11,signal_horizon,9,0,CL,short,-0.02,0.02,equal_weight,1.0,-0.02,0.0014110185650705,Consumer Staples,,
2025-09-11,2025-09-12,2025-09-25,signal_horizon,9,0,CIEN,long,0.02,0.02,equal_weight,1.0,0.02,0.0179912512178847,Information Technology,,
2025-09-11,2025-09-12,2025-09-25,signal_horizon,9,0,SATS,long,0.02,0.02,equal_weight,1.0,0.02,0.0139112265610103,Communication Services,,
2025-09-11,2025-09-12,2025-09-25,signal_horizon,9,0,KDP,long,0.02,0.02,equal_weight,1.0,0.02,0.0135020790686849,Consumer Staples,,
2025-09-11,2025-09-12,2025-09-25,signal_horizon,9,0,SNDK,long,0.02,0.02,equal_weight,1.0,0.02,0.0133953090619583,Information Technology,,
2025-09-11,2025-09-12,2025-09-25,signal_horizon,9,0,ORCL,long,0.02,0.02,equal_weight,1.0,0.02,0.0131994712568949,Information Technology,,
2025-09-11,2025-09-12,2025-09-25,signal_horizon,9,0,WBD,long,0.02,0.02,equal_weight,1.0,0.02,0.0125628141776035,Communication Services,,
2025-09-11,2025-09-12,2025-09-25,signal_horizon,9,0,COHR,long,0.02,0.02,equal_weight,1.0,0.02,0.0108447387206038,Information Technology,,
2025-09-11,2025-09-12,2025-09-25,signal_horizon,9,0,LITE,long,0.02,0.02,equal_weight,1.0,0.02,0.0103161946827534,Information Technology,,
2025-09-11,2025-09-12,2025-09-25,signal_horizon,9,0,COIN,long,0.02,0.02,equal_weight,1.0,0.02,0.0100044612294647,Financials,,
2025-09-11,2025-09-12,2025-09-25,signal_horizon,9,0,ODFL,long,0.02,0.02,equal_weight,1.0,0.02,0.0088593625617897,Industrials,,
2025-09-11,2025-09-12,2025-09-25,signal_horizon,9,0,CARR,long,0.02,0.02,equal_weight,1.0,0.02,0.0086355959342984,Industrials,,
2025-09-11,2025-09-12,2025-09-25,signal_horizon,9,0,UNH,long,0.02,0.02,equal_weight,1.0,0.02,0.0084953837005964,Health Care,,
2025-09-11,2025-09-12,2025-09-25,signal_horizon,9,0,LRCX,long,0.02,0.02,equal_weight,1.0,0.02,0.0079444648342515,Unknown,,
2025-09-11,2025-09-12,2025-09-25,signal_horizon,9,0,HOOD,long,0.02,0.02,equal_weight,1.0,0.02,0.0078260840142435,Financials,,
2025-09-11,2025-09-12,2025-09-25,signal_horizon,9,0,MU,long,0.02,0.02,equal_weight,1.0,0.02,0.007669166683644,Information Technology,,
2025-09-11,2025-09-12,2025-09-25,signal_horizon,9,0,FCX,long,0.02,0.02,equal_weight,1.0,0.02,0.007399393235937,Materials,,
2025-09-11,2025-09-12,2025-09-25,signal_horizon,9,0,IRM,long,0.02,0.02,equal_weight,1.0,0.02,0.0072693489794838,Real Estate,,
2025-09-11,2025-09-12,2025-09-25,signal_horizon,9,0,STX,long,0.02,0.02,equal_weight,1.0,0.02,0.0071455675748752,Information Technology,,
2025-09-11,2025-09-12,2025-09-25,signal_horizon,9,0,CVNA,long,0.02,0.02,equal_weight,1.0,0.02,0.0071015184335051,Consumer Discretionary,,
2025-09-11,2025-09-12,2025-09-25,signal_horizon,9,0,RCL,long,0.02,0.02,equal_weight,1.0,0.02,0.0070818448315642,Consumer Discretionary,,
2025-09-11,2025-09-12,2025-09-25,signal_horizon,9,0,CAH,long,0.02,0.02,equal_weight,1.0,0.02,0.0070533093227819,Health Care,,
2025-09-11,2025-09-12,2025-09-25,signal_horizon,9,0,NRG,long,0.02,0.02,equal_weight,1.0,0.02,0.0066380662325306,Utilities,,
2025-09-11,2025-09-12,2025-09-25,signal_horizon,9,0,VRTX,long,0.02,0.02,equal_weight,1.0,0.02,0.0065909951837983,Unknown,,
2025-09-11,2025-09-12,2025-09-25,signal_horizon,9,0,OTIS,long,0.02,0.02,equal_weight,1.0,0.02,0.0065780897007553,Industrials,,
2025-09-11,2025-09-12,2025-09-25,signal_horizon,9,0,GEHC,long,0.02,0.02,equal_weight,1.0,0.02,0.0065463460201749,Health Care,,
2025-09-11,2025-09-12,2025-09-25,signal_horizon,9,0,CCL,long,0.02,0.02,equal_weight,1.0,0.02,0.0063523535760896,Consumer Discretionary,,
2025-09-11,2025-09-12,2025-09-25,signal_horizon,9,0,MTB,long,0.02,0.02,equal_weight,1.0,0.02,0.0062654648999725,Financials,,
2025-09-11,2025-09-12,2025-09-25,signal_horizon,9,0,IR,long,0.02,0.02,equal_weight,1.0,0.02,0.0061464478776053,Industrials,,
2025-09-11,2025-09-12,2025-09-25,signal_horizon,9,0,EQT,long,0.02,0.02,equal_weight,1.0,0.02,0.0059703161320781,Energy,,
2025-09-11,2025-09-12,2025-09-25,signal_horizon,9,0,MDLZ,long,0.02,0.02,equal_weight,1.0,0.02,0.0059681115409655,Consumer Staples,,
2025-09-11,2025-09-12,2025-09-25,signal_horizon,9,0,CMG,long,0.02,0.02,equal_weight,1.0,0.02,0.005938806746453,Consumer Discretionary,,
2025-09-11,2025-09-12,2025-09-25,signal_horizon,9,0,FDX,long,0.02,0.02,equal_weight,1.0,0.02,0.0058331861251148,Unknown,,
2025-09-11,2025-09-12,2025-09-25,signal_horizon,9,0,UPS,long,0.02,0.02,equal_weight,1.0,0.02,0.0057276696878892,Industrials,,
2025-09-11,2025-09-12,2025-09-25,signal_horizon,9,0,MPC,long,0.02,0.02,equal_weight,1.0,0.02,0.0056220376929021,Energy,,
2025-09-11,2025-09-12,2025-09-25,signal_horizon,9,0,TPL,long,0.02,0.02,equal_weight,1.0,0.02,0.0055859521050605,Energy,,
2025-09-11,2025-09-12,2025-09-25,signal_horizon,9,0,ISRG,long,0.02,0.02,equal_weight,1.0,0.02,0.0055675433799226,Health Care,,
2025-09-11,2025-09-12,2025-09-25,signal_horizon,9,0,PLD,long,0.02,0.02,equal_weight,1.0,0.02,0.0054575905178222,Unknown,,
2025-09-11,2025-09-12,2025-09-25,signal_horizon,9,0,KR,long,0.02,0.02,equal_weight,1.0,0.02,0.0054455527359514,Consumer Staples,,
2025-09-11,2025-09-12,2025-09-25,signal_horizon,9,0,AMP,long,0.02,0.02,equal_weight,1.0,0.02,0.0053020566897201,Financials,,
2025-09-11,2025-09-12,2025-09-25,signal_horizon,9,0,HWM,long,0.02,0.02,equal_weight,1.0,0.02,0.0052871613745466,Industrials,,
2025-09-11,2025-09-12,2025-09-25,signal_horizon,9,0,FITB,long,0.02,0.02,equal_weight,1.0,0.02,0.0051334846750263,Financials,,
2025-09-11,2025-09-12,2025-09-25,signal_horizon,9,0,HBAN,long,0.02,0.02,equal_weight,1.0,0.02,0.0051217540898398,Financials,,
2025-09-11,2025-09-12,2025-09-25,signal_horizon,9,0,WAB,long,0.02,0.02,equal_weight,1.0,0.02,0.0051150748789629,Industrials,,
2025-09-11,2025-09-12,2025-09-25,signal_horizon,9,0,PNC,long,0.02,0.02,equal_weight,1.0,0.02,0.0050638395545347,Unknown,,
2025-09-11,2025-09-12,2025-09-25,signal_horizon,9,0,PYPL,long,0.02,0.02,equal_weight,1.0,0.02,0.0050272990310607,Financials,,
2025-09-11,2025-09-12,2025-09-25,signal_horizon,9,0,CL,long,0.02,0.02,equal_weight,1.0,0.02,0.0045392800471311,Consumer Staples,,
2025-09-11,2025-09-12,2025-09-25,signal_horizon,9,0,VST,long,0.02,0.02,equal_weight,1.0,0.02,0.0043078961915472,Utilities,,
2025-09-11,2025-09-12,2025-09-25,signal_horizon,9,0,SYY,long,0.02,0.02,equal_weight,1.0,0.02,0.0042890319397781,Consumer Staples,,
2025-09-11,2025-09-12,2025-09-25,signal_horizon,9,0,PM,long,0.02,0.02,equal_weight,1.0,0.02,0.0038243119951132,Consumer Staples,,
2025-09-11,2025-09-12,2025-09-25,signal_horizon,9,0,KMB,long,0.02,0.02,equal_weight,1.0,0.02,0.0033968840031008,Consumer Staples,,
2025-09-11,2025-09-12,2025-09-25,signal_horizon,9,0,ANET,short,-0.02,0.02,equal_weight,1.0,-0.02,-0.0037874883869363,Information Technology,,
2025-09-11,2025-09-12,2025-09-25,signal_horizon,9,0,MSFT,short,-0.02,0.02,equal_weight,1.0,-0.02,-0.0033999581712525,Information Technology,,
2025-09-11,2025-09-12,2025-09-25,signal_horizon,9,0,TMUS,short,-0.02,0.02,equal_weight,1.0,-0.02,-0.0033981807995154,Communication Services,,
2025-09-11,2025-09-12,2025-09-25,signal_horizon,9,0,META,short,-0.02,0.02,equal_weight,1.0,-0.02,-0.0033152903125868,Communication Services,,
2025-09-11,2025-09-12,2025-09-25,signal_horizon,9,0,MSI,short,-0.02,0.02,equal_weight,1.0,-0.02,-0.0032836545377763,Information Technology,,
2025-09-11,2025-09-12,2025-09-25,signal_horizon,9,0,PEP,short,-0.02,0.02,equal_weight,1.0,-0.02,-0.0032114756356767,Consumer Staples,,
2025-09-11,2025-09-12,2025-09-25,signal_horizon,9,0,GLW,short,-0.02,0.02,equal_weight,1.0,-0.02,-0.003048529328296,Information Technology,,
2025-09-11,2025-09-12,2025-09-25,signal_horizon,9,0,MA,short,-0.02,0.02,equal_weight,1.0,-0.02,-0.0030028597469479,Financials,,
2025-09-11,2025-09-12,2025-09-25,signal_horizon,9,0,CVX,short,-0.02,0.02,equal_weight,1.0,-0.02,-0.0028784405195602,Energy,,
2025-09-11,2025-09-12,2025-09-25,signal_horizon,9,0,CMI,short,-0.02,0.02,equal_weight,1.0,-0.02,-0.0025306179648556,Industrials,,
2025-09-11,2025-09-12,2025-09-25,signal_horizon,9,0,KVUE,short,-0.02,0.02,equal_weight,1.0,-0.02,-0.0024479172504358,Consumer Staples,,
2025-09-11,2025-09-12,2025-09-25,signal_horizon,9,0,AAPL,short,-0.02,0.02,equal_weight,1.0,-0.02,-0.0024352069297,Information Technology,,
2025-09-11,2025-09-12,2025-09-25,signal_horizon,9,0,JNJ,short,-0.02,0.02,equal_weight,1.0,-0.02,-0.0024281945583199,Health Care,,
2025-09-11,2025-09-12,2025-09-25,signal_horizon,9,0,ROST,short,-0.02,0.02,equal_weight,1.0,-0.02,-0.0023217507978294,Consumer Discretionary,,
2025-09-11,2025-09-12,2025-09-25,signal_horizon,9,0,TEL,short,-0.02,0.02,equal_weight,1.0,-0.02,-0.0022821940900882,Information Technology,,
2025-09-11,2025-09-12,2025-09-25,signal_horizon,9,0,TMO,short,-0.02,0.02,equal_weight,1.0,-0.02,-0.0021619726730876,Health Care,,
2025-09-11,2025-09-12,2025-09-25,signal_horizon,9,0,EME,short,-0.02,0.02,equal_weight,1.0,-0.02,-0.0021009413667943,Industrials,,
2025-09-11,2025-09-12,2025-09-25,signal_horizon,9,0,MO,short,-0.02,0.02,equal_weight,1.0,-0.02,-0.002047664261585,Consumer Staples,,
2025-09-11,2025-09-12,2025-09-25,signal_horizon,9,0,AMD,short,-0.02,0.02,equal_weight,1.0,-0.02,-0.0019248917107142,Information Technology,,
2025-09-11,2025-09-12,2025-09-25,signal_horizon,9,0,NOC,short,-0.02,0.02,equal_weight,1.0,-0.02,-0.0018548338408915,Unknown,,
2025-09-11,2025-09-12,2025-09-25,signal_horizon,9,0,ABBV,short,-0.02,0.02,equal_weight,1.0,-0.02,-0.0018347011729303,Health Care,,
2025-09-11,2025-09-12,2025-09-25,signal_horizon,9,0,TJX,short,-0.02,0.02,equal_weight,1.0,-0.02,-0.0017508247139784,Consumer Discretionary,,
2025-09-11,2025-09-12,2025-09-25,signal_horizon,9,0,APH,short,-0.02,0.02,equal_weight,1.0,-0.02,-0.0015600124330193,Unknown,,
2025-09-11,2025-09-12,2025-09-25,signal_horizon,9,0,MCD,short,-0.02,0.02,equal_weight,1.0,-0.02,-0.0014522577764058,Consumer Discretionary,,
2025-09-11,2025-09-12,2025-09-25,signal_horizon,9,0,BRK-B,short,-0.02,0.02,equal_weight,1.0,-0.02,-0.0014250281128837,Financials,,
2025-09-11,2025-09-12,2025-09-25,signal_horizon,9,0,CRH,short,-0.02,0.02,equal_weight,1.0,-0.02,-0.0013108253657554,Materials,,
2025-09-11,2025-09-12,2025-09-25,signal_horizon,9,0,FIX,short,-0.02,0.02,equal_weight,1.0,-0.02,-0.0012051355507606,Industrials,,
2025-09-11,2025-09-12,2025-09-25,signal_horizon,9,0,WELL,short,-0.02,0.02,equal_weight,1.0,-0.02,-0.0011801637190475,Real Estate,,
2025-09-11,2025-09-12,2025-09-25,signal_horizon,9,0,KO,short,-0.02,0.02,equal_weight,1.0,-0.02,-0.0011221861796692,Consumer Staples,,
2025-09-11,2025-09-12,2025-09-25,signal_horizon,9,0,NSC,short,-0.02,0.02,equal_weight,1.0,-0.02,-0.0010374360152623,Industrials,,
2025-09-11,2025-09-12,2025-09-25,signal_horizon,9,0,COP,short,-0.02,0.02,equal_weight,1.0,-0.02,-0.0008228533567415,Energy,,
2025-09-11,2025-09-12,2025-09-25,signal_horizon,9,0,IDXX,short,-0.02,0.02,equal_weight,1.0,-0.02,-0.0006247993355916,Health Care,,
2025-09-11,2025-09-12,2025-09-25,signal_horizon,9,0,GE,short,-0.02,0.02,equal_weight,1.0,-0.02,-0.0005591713590601,Industrials,,
2025-09-11,2025-09-12,2025-09-25,signal_horizon,9,0,AZO,short,-0.02,0.02,equal_weight,1.0,-0.02,-0.0005245324010496,Consumer Discretionary,,
2025-09-11,2025-09-12,2025-09-25,signal_horizon,9,0,SPGI,short,-0.02,0.02,equal_weight,1.0,-0.02,-0.0005198639081093,Financials,,
2025-09-11,2025-09-12,2025-09-25,signal_horizon,9,0,XOM,short,-0.02,0.02,equal_weight,1.0,-0.02,-0.0005051297783992,Energy,,
2025-09-11,2025-09-12,2025-09-25,signal_horizon,9,0,JPM,short,-0.02,0.02,equal_weight,1.0,-0.02,-0.0004558870440483,Financials,,
2025-09-11,2025-09-12,2025-09-25,signal_horizon,9,0,C,short,-0.02,0.02,equal_weight,1.0,-0.02,-0.000362019435767,Financials,,
2025-09-11,2025-09-12,2025-09-25,signal_horizon,9,0,COST,short,-0.02,0.02,equal_weight,1.0,-0.02,-1.1878561026945058e-05,Consumer Staples,,
2025-09-11,2025-09-12,2025-09-25,signal_horizon,9,0,RTX,short,-0.02,0.02,equal_weight,1.0,-0.02,0.0001072263338052,Industrials,,
2025-09-11,2025-09-12,2025-09-25,signal_horizon,9,0,URI,short,-0.02,0.02,equal_weight,1.0,-0.02,0.0001115357242133,Industrials,,
2025-09-11,2025-09-12,2025-09-25,signal_horizon,9,0,MS,short,-0.02,0.02,equal_weight,1.0,-0.02,0.0001458213019454,Financials,,
2025-09-11,2025-09-12,2025-09-25,signal_horizon,9,0,V,short,-0.02,0.02,equal_weight,1.0,-0.02,0.0001614647413284,Unknown,,
2025-09-11,2025-09-12,2025-09-25,signal_horizon,9,0,XEL,short,-0.02,0.02,equal_weight,1.0,-0.02,0.0002578171373684,Utilities,,
2025-09-11,2025-09-12,2025-09-25,signal_horizon,9,0,GS,short,-0.02,0.02,equal_weight,1.0,-0.02,0.0002949753154906,Financials,,
2025-09-11,2025-09-12,2025-09-25,signal_horizon,9,0,TGT,short,-0.02,0.02,equal_weight,1.0,-0.02,0.0003157694227638,Unknown,,
2025-09-11,2025-09-12,2025-09-25,signal_horizon,9,0,GILD,short,-0.02,0.02,equal_weight,1.0,-0.02,0.000474530600197,Unknown,,
2025-09-11,2025-09-12,2025-09-25,signal_horizon,9,0,ATO,short,-0.02,0.02,equal_weight,1.0,-0.02,0.0005884918222521,Utilities,,
2025-09-11,2025-09-12,2025-09-25,signal_horizon,9,0,PG,short,-0.02,0.02,equal_weight,1.0,-0.02,0.0008992387730485,Consumer Staples,,
2025-09-11,2025-09-12,2025-09-25,signal_horizon,9,0,HSY,short,-0.02,0.02,equal_weight,1.0,-0.02,0.002012771104573,Consumer Staples,,
2025-09-25,2025-09-26,2025-10-09,signal_horizon,9,0,SATS,long,0.02,0.02,equal_weight,1.0,0.02,0.0235568774972301,Communication Services,,
2025-09-25,2025-09-26,2025-10-09,signal_horizon,9,0,KVUE,long,0.02,0.02,equal_weight,1.0,0.02,0.0192316366454026,Consumer Staples,,
2025-09-25,2025-09-26,2025-10-09,signal_horizon,9,0,CIEN,long,0.02,0.02,equal_weight,1.0,0.02,0.0159156399774923,Information Technology,,
2025-09-25,2025-09-26,2025-10-09,signal_horizon,9,0,ORCL,long,0.02,0.02,equal_weight,1.0,0.02,0.0145743208016113,Information Technology,,
2025-09-25,2025-09-26,2025-10-09,signal_horizon,9,0,WBD,long,0.02,0.02,equal_weight,1.0,0.02,0.0145633994841997,Communication Services,,
2025-09-25,2025-09-26,2025-10-09,signal_horizon,9,0,INTC,long,0.02,0.02,equal_weight,1.0,0.02,0.0140387615256173,Information Technology,,
2025-09-25,2025-09-26,2025-10-09,signal_horizon,9,0,COHR,long,0.02,0.02,equal_weight,1.0,0.02,0.0133656235720268,Information Technology,,
2025-09-25,2025-09-26,2025-10-09,signal_horizon,9,0,AMAT,long,0.02,0.02,equal_weight,1.0,0.02,0.012877973120211,Information Technology,,
2025-09-25,2025-09-26,2025-10-09,signal_horizon,9,0,COIN,long,0.02,0.02,equal_weight,1.0,0.02,0.0127914578512132,Financials,,
2025-09-25,2025-09-26,2025-10-09,signal_horizon,9,0,SNPS,long,0.02,0.02,equal_weight,1.0,0.02,0.011478370356272,Information Technology,,
2025-09-25,2025-09-26,2025-10-09,signal_horizon,9,0,VRT,long,0.02,0.02,equal_weight,1.0,0.02,0.0114475685854489,Industrials,,
2025-09-25,2025-09-26,2025-10-09,signal_horizon,9,0,LRCX,long,0.02,0.02,equal_weight,1.0,0.02,0.0107316636976879,Unknown,,
2025-09-25,2025-09-26,2025-10-09,signal_horizon,9,0,LITE,long,0.02,0.02,equal_weight,1.0,0.02,0.0104184849392894,Information Technology,,
2025-09-25,2025-09-26,2025-10-09,signal_horizon,9,0,HOOD,long,0.02,0.02,equal_weight,1.0,0.02,0.009822712783387,Financials,,
2025-09-25,2025-09-26,2025-10-09,signal_horizon,9,0,TSLA,long,0.02,0.02,equal_weight,1.0,0.02,0.0097217590158844,Consumer Discretionary,,
2025-09-25,2025-09-26,2025-10-09,signal_horizon,9,0,GEHC,long,0.02,0.02,equal_weight,1.0,0.02,0.0095627846292947,Health Care,,
2025-09-25,2025-09-26,2025-10-09,signal_horizon,9,0,GEV,long,0.02,0.02,equal_weight,1.0,0.02,0.0087277735759578,Industrials,,
2025-09-25,2025-09-26,2025-10-09,signal_horizon,9,0,IRM,long,0.02,0.02,equal_weight,1.0,0.02,0.0086937111638442,Real Estate,,
2025-09-25,2025-09-26,2025-10-09,signal_horizon,9,0,NRG,long,0.02,0.02,equal_weight,1.0,0.02,0.0086363912916922,Utilities,,
2025-09-25,2025-09-26,2025-10-09,signal_horizon,9,0,FIX,long,0.02,0.02,equal_weight,1.0,0.02,0.0085971962648583,Industrials,,
2025-09-25,2025-09-26,2025-10-09,signal_horizon,9,0,KDP,long,0.02,0.02,equal_weight,1.0,0.02,0.0085728463316812,Consumer Staples,,
2025-09-25,2025-09-26,2025-10-09,signal_horizon,9,0,XYZ,long,0.02,0.02,equal_weight,1.0,0.02,0.0083894936637709,Financials,,
2025-09-25,2025-09-26,2025-10-09,signal_horizon,9,0,CRWD,long,0.02,0.02,equal_weight,1.0,0.02,0.0081704005424684,Unknown,,
2025-09-25,2025-09-26,2025-10-09,signal_horizon,9,0,CEG,long,0.02,0.02,equal_weight,1.0,0.02,0.0079225079511021,Unknown,,
2025-09-25,2025-09-26,2025-10-09,signal_horizon,9,0,APO,long,0.02,0.02,equal_weight,1.0,0.02,0.0078466693702997,Financials,,
2025-09-25,2025-09-26,2025-10-09,signal_horizon,9,0,CAH,long,0.02,0.02,equal_weight,1.0,0.02,0.0077744625538553,Health Care,,
2025-09-25,2025-09-26,2025-10-09,signal_horizon,9,0,VST,long,0.02,0.02,equal_weight,1.0,0.02,0.0076036944564687,Utilities,,
2025-09-25,2025-09-26,2025-10-09,signal_horizon,9,0,RCL,long,0.02,0.02,equal_weight,1.0,0.02,0.0074876709577974,Consumer Discretionary,,
2025-09-25,2025-09-26,2025-10-09,signal_horizon,9,0,EMR,long,0.02,0.02,equal_weight,1.0,0.02,0.0073993960954758,Industrials,,
2025-09-25,2025-09-26,2025-10-09,signal_horizon,9,0,CTVA,long,0.02,0.02,equal_weight,1.0,0.02,0.0073028131585023,Materials,,
2025-09-25,2025-09-26,2025-10-09,signal_horizon,9,0,FANG,long,0.02,0.02,equal_weight,1.0,0.02,0.0071372993592629,Energy,,
2025-09-25,2025-09-26,2025-10-09,signal_horizon,9,0,KKR,long,0.02,0.02,equal_weight,1.0,0.02,0.0070404957724774,Financials,,
2025-09-25,2025-09-26,2025-10-09,signal_horizon,9,0,A,long,0.02,0.02,equal_weight,1.0,0.02,0.0066212744430885,Health Care,,
2025-09-25,2025-09-26,2025-10-09,signal_horizon,9,0,CMG,long,0.02,0.02,equal_weight,1.0,0.02,0.0066099072187624,Consumer Discretionary,,
2025-09-25,2025-09-26,2025-10-09,signal_horizon,9,0,CARR,long,0.02,0.02,equal_weight,1.0,0.02,0.0064921365632787,Industrials,,
2025-09-25,2025-09-26,2025-10-09,signal_horizon,9,0,DELL,long,0.02,0.02,equal_weight,1.0,0.02,0.0063216257756365,Unknown,,
2025-09-25,2025-09-26,2025-10-09,signal_horizon,9,0,ISRG,long,0.02,0.02,equal_weight,1.0,0.02,0.006234872737752,Health Care,,
2025-09-25,2025-09-26,2025-10-09,signal_horizon,9,0,CVNA,long,0.02,0.02,equal_weight,1.0,0.02,0.0062252449868543,Consumer Discretionary,,
2025-09-25,2025-09-26,2025-10-09,signal_horizon,9,0,TDG,long,0.02,0.02,equal_weight,1.0,0.02,0.0061465126126341,Industrials,,
2025-09-25,2025-09-26,2025-10-09,signal_horizon,9,0,SCHW,long,0.02,0.02,equal_weight,1.0,0.02,0.0060971562740521,Financials,,
2025-09-25,2025-09-26,2025-10-09,signal_horizon,9,0,PWR,long,0.02,0.02,equal_weight,1.0,0.02,0.0060660482958501,Industrials,,
2025-09-25,2025-09-26,2025-10-09,signal_horizon,9,0,HAL,long,0.02,0.02,equal_weight,1.0,0.02,0.0059053678017641,Energy,,
2025-09-25,2025-09-26,2025-10-09,signal_horizon,9,0,APH,long,0.02,0.02,equal_weight,1.0,0.02,0.0058351416011145,Unknown,,
2025-09-25,2025-09-26,2025-10-09,signal_horizon,9,0,DVN,long,0.02,0.02,equal_weight,1.0,0.02,0.00576270398504,Energy,,
2025-09-25,2025-09-26,2025-10-09,signal_horizon,9,0,AMP,long,0.02,0.02,equal_weight,1.0,0.02,0.0055523297350781,Financials,,
2025-09-25,2025-09-26,2025-10-09,signal_horizon,9,0,HSY,long,0.02,0.02,equal_weight,1.0,0.02,0.0054483433375495,Consumer Staples,,
2025-09-25,2025-09-26,2025-10-09,signal_horizon,9,0,MDLZ,long,0.02,0.02,equal_weight,1.0,0.02,0.0051955513855748,Consumer Staples,,
2025-09-25,2025-09-26,2025-10-09,signal_horizon,9,0,SYY,long,0.02,0.02,equal_weight,1.0,0.02,0.0036760080074606,Consumer Staples,,
2025-09-25,2025-09-26,2025-10-09,signal_horizon,9,0,KR,long,0.02,0.02,equal_weight,1.0,0.02,0.0036452161817138,Consumer Staples,,
2025-09-25,2025-09-26,2025-10-09,signal_horizon,9,0,PM,long,0.02,0.02,equal_weight,1.0,0.02,0.0034978285907714,Consumer Staples,,
2025-09-25,2025-09-26,2025-10-09,signal_horizon,9,0,WELL,short,-0.02,0.02,equal_weight,1.0,-0.02,-0.0040643850637695,Real Estate,,
2025-09-25,2025-09-26,2025-10-09,signal_horizon,9,0,ADBE,short,-0.02,0.02,equal_weight,1.0,-0.02,-0.003224574497345,Information Technology,,
2025-09-25,2025-09-26,2025-10-09,signal_horizon,9,0,MSFT,short,-0.02,0.02,equal_weight,1.0,-0.02,-0.003046069513869,Information Technology,,
2025-09-25,2025-09-26,2025-10-09,signal_horizon,9,0,JNJ,short,-0.02,0.02,equal_weight,1.0,-0.02,-0.0025651962978499,Health Care,,
2025-09-25,2025-09-26,2025-10-09,signal_horizon,9,0,QCOM,short,-0.02,0.02,equal_weight,1.0,-0.02,-0.002259563100396,Information Technology,,
2025-09-25,2025-09-26,2025-10-09,signal_horizon,9,0,CSCO,short,-0.02,0.02,equal_weight,1.0,-0.02,-0.0020572659375395,Information Technology,,
2025-09-25,2025-09-26,2025-10-09,signal_horizon,9,0,AAPL,short,-0.02,0.02,equal_weight,1.0,-0.02,-0.0013811189072161,Information Technology,,
2025-09-25,2025-09-26,2025-10-09,signal_horizon,9,0,META,short,-0.02,0.02,equal_weight,1.0,-0.02,-0.0013439686800479,Communication Services,,
2025-09-25,2025-09-26,2025-10-09,signal_horizon,9,0,EA,short,-0.02,0.02,equal_weight,1.0,-0.02,-0.0013298483615551,Communication Services,,
2025-09-25,2025-09-26,2025-10-09,signal_horizon,9,0,COST,short,-0.02,0.02,equal_weight,1.0,-0.02,-0.0013298004891313,Consumer Staples,,
2025-09-25,2025-09-26,2025-10-09,signal_horizon,9,0,HD,short,-0.02,0.02,equal_weight,1.0,-0.02,-0.0012570586448382,Consumer Discretionary,,
2025-09-25,2025-09-26,2025-10-09,signal_horizon,9,0,BAC,short,-0.02,0.02,equal_weight,1.0,-0.02,-0.0011375982010663,Financials,,
2025-09-25,2025-09-26,2025-10-09,signal_horizon,9,0,HON,short,-0.02,0.02,equal_weight,1.0,-0.02,-0.0008746978250056,Industrials,,
2025-09-25,2025-09-26,2025-10-09,signal_horizon,9,0,UNP,short,-0.02,0.02,equal_weight,1.0,-0.02,-0.0007566873789929,Industrials,,
2025-09-25,2025-09-26,2025-10-09,signal_horizon,9,0,MSI,short,-0.02,0.02,equal_weight,1.0,-0.02,-0.0007272142156382,Information Technology,,
2025-09-25,2025-09-26,2025-10-09,signal_horizon,9,0,TEL,short,-0.02,0.02,equal_weight,1.0,-0.02,-0.0006965625515462,Information Technology,,
2025-09-25,2025-09-26,2025-10-09,signal_horizon,9,0,BRK-B,short,-0.02,0.02,equal_weight,1.0,-0.02,-0.0006411333312768,Financials,,
2025-09-25,2025-09-26,2025-10-09,signal_horizon,9,0,ABBV,short,-0.02,0.02,equal_weight,1.0,-0.02,-0.000554009037694,Health Care,,
2025-09-25,2025-09-26,2025-10-09,signal_horizon,9,0,MA,short,-0.02,0.02,equal_weight,1.0,-0.02,-0.0005229072424758,Financials,,
2025-09-25,2025-09-26,2025-10-09,signal_horizon,9,0,LMT,short,-0.02,0.02,equal_weight,1.0,-0.02,-0.0001070661887647,Industrials,,
2025-09-25,2025-09-26,2025-10-09,signal_horizon,9,0,WMT,short,-0.02,0.02,equal_weight,1.0,-0.02,-9.011005916032248e-05,Consumer Staples,,
2025-09-25,2025-09-26,2025-10-09,signal_horizon,9,0,JPM,short,-0.02,0.02,equal_weight,1.0,-0.02,-7.405050604836335e-05,Financials,,
2025-09-25,2025-09-26,2025-10-09,signal_horizon,9,0,PG,short,-0.02,0.02,equal_weight,1.0,-0.02,-5.458316726858752e-05,Consumer Staples,,
2025-09-25,2025-09-26,2025-10-09,signal_horizon,9,0,FDX,short,-0.02,0.02,equal_weight,1.0,-0.02,8.192731189266412e-05,Unknown,,
2025-09-25,2025-09-26,2025-10-09,signal_horizon,9,0,ADI,short,-0.02,0.02,equal_weight,1.0,-0.02,0.0001244800705232,Unknown,,
2025-09-25,2025-09-26,2025-10-09,signal_horizon,9,0,CVX,short,-0.02,0.02,equal_weight,1.0,-0.02,0.0001569762215066,Energy,,
2025-09-25,2025-09-26,2025-10-09,signal_horizon,9,0,NSC,short,-0.02,0.02,equal_weight,1.0,-0.02,0.000204436911698,Industrials,,
2025-09-25,2025-09-26,2025-10-09,signal_horizon,9,0,BLK,short,-0.02,0.02,equal_weight,1.0,-0.02,0.00025008043521,Financials,,
2025-09-25,2025-09-26,2025-10-09,signal_horizon,9,0,XOM,short,-0.02,0.02,equal_weight,1.0,-0.02,0.0003365703731758,Energy,,
2025-09-25,2025-09-26,2025-10-09,signal_horizon,9,0,LOW,short,-0.02,0.02,equal_weight,1.0,-0.02,0.0004509594829916,Consumer Discretionary,,
2025-09-25,2025-09-26,2025-10-09,signal_horizon,9,0,MO,short,-0.02,0.02,equal_weight,1.0,-0.02,0.0005945034059386,Consumer Staples,,
2025-09-25,2025-09-26,2025-10-09,signal_horizon,9,0,SHW,short,-0.02,0.02,equal_weight,1.0,-0.02,0.0005962703889539,Materials,,
2025-09-25,2025-09-26,2025-10-09,signal_horizon,9,0,AXP,short,-0.02,0.02,equal_weight,1.0,-0.02,0.0006320093091594,Financials,,
2025-09-25,2025-09-26,2025-10-09,signal_horizon,9,0,UNH,short,-0.02,0.02,equal_weight,1.0,-0.02,0.0007423088902146,Health Care,,
2025-09-25,2025-09-26,2025-10-09,signal_horizon,9,0,XEL,short,-0.02,0.02,equal_weight,1.0,-0.02,0.0008433201909788,Utilities,,
2025-09-25,2025-09-26,2025-10-09,signal_horizon,9,0,PSX,short,-0.02,0.02,equal_weight,1.0,-0.02,0.0008725875320991,Energy,,
2025-09-25,2025-09-26,2025-10-09,signal_horizon,9,0,DE,short,-0.02,0.02,equal_weight,1.0,-0.02,0.0009448282075988,Industrials,,
2025-09-25,2025-09-26,2025-10-09,signal_horizon,9,0,MS,short,-0.02,0.02,equal_weight,1.0,-0.02,0.0009870190595364,Financials,,
2025-09-25,2025-09-26,2025-10-09,signal_horizon,9,0,NEM,short,-0.02,0.02,equal_weight,1.0,-0.02,0.0010234991671073,Unknown,,
2025-09-25,2025-09-26,2025-10-09,signal_horizon,9,0,NOC,short,-0.02,0.02,equal_weight,1.0,-0.02,0.0010785091183843,Unknown,,
2025-09-25,2025-09-26,2025-10-09,signal_horizon,9,0,UBER,short,-0.02,0.02,equal_weight,1.0,-0.02,0.0013991910283621,Industrials,,
2025-09-25,2025-09-26,2025-10-09,signal_horizon,9,0,MCD,short,-0.02,0.02,equal_weight,1.0,-0.02,0.0014114139152808,Consumer Discretionary,,
2025-09-25,2025-09-26,2025-10-09,signal_horizon,9,0,TMO,short,-0.02,0.02,equal_weight,1.0,-0.02,0.0014221115661826,Health Care,,
2025-09-25,2025-09-26,2025-10-09,signal_horizon,9,0,TJX,short,-0.02,0.02,equal_weight,1.0,-0.02,0.0014409078463964,Consumer Discretionary,,
2025-09-25,2025-09-26,2025-10-09,signal_horizon,9,0,V,short,-0.02,0.02,equal_weight,1.0,-0.02,0.0014912906903292,Unknown,,
2025-09-25,2025-09-26,2025-10-09,signal_horizon,9,0,KO,short,-0.02,0.02,equal_weight,1.0,-0.02,0.0014958891084005,Consumer Staples,,
2025-09-25,2025-09-26,2025-10-09,signal_horizon,9,0,ADM,short,-0.02,0.02,equal_weight,1.0,-0.02,0.0017565136589211,Consumer Staples,,
2025-09-25,2025-09-26,2025-10-09,signal_horizon,9,0,GE,short,-0.02,0.02,equal_weight,1.0,-0.02,0.001813448383525,Industrials,,
2025-09-25,2025-09-26,2025-10-09,signal_horizon,9,0,PEP,short,-0.02,0.02,equal_weight,1.0,-0.02,0.0019890899650699,Consumer Staples,,
2025-09-25,2025-09-26,2025-10-09,signal_horizon,9,0,ATO,short,-0.02,0.02,equal_weight,1.0,-0.02,0.0020642019183187,Utilities,,
2025-10-09,2025-10-10,2025-10-23,signal_horizon,9,0,AMD,long,0.02,0.02,equal_weight,1.0,0.02,0.0236216514348083,Information Technology,,
2025-10-09,2025-10-10,2025-10-23,signal_horizon,9,0,COIN,long,0.02,0.02,equal_weight,1.0,0.02,0.0142760582782957,Financials,,
2025-10-09,2025-10-10,2025-10-23,signal_horizon,9,0,TER,long,0.02,0.02,equal_weight,1.0,0.02,0.0136367475796852,Information Technology,,
2025-10-09,2025-10-10,2025-10-23,signal_horizon,9,0,DELL,long,0.02,0.02,equal_weight,1.0,0.02,0.0129915347325028,Unknown,,
2025-10-09,2025-10-10,2025-10-23,signal_horizon,9,0,VRT,long,0.02,0.02,equal_weight,1.0,0.02,0.0126284330633783,Industrials,,
2025-10-09,2025-10-10,2025-10-23,signal_horizon,9,0,COHR,long,0.02,0.02,equal_weight,1.0,0.02,0.0112981090648278,Information Technology,,
2025-10-09,2025-10-10,2025-10-23,signal_horizon,9,0,FCX,long,0.02,0.02,equal_weight,1.0,0.02,0.0109713151322257,Materials,,
2025-10-09,2025-10-10,2025-10-23,signal_horizon,9,0,HOOD,long,0.02,0.02,equal_weight,1.0,0.02,0.0104527139693406,Financials,,
2025-10-09,2025-10-10,2025-10-23,signal_horizon,9,0,CEG,long,0.02,0.02,equal_weight,1.0,0.02,0.0101095268097834,Unknown,,
2025-10-09,2025-10-10,2025-10-23,signal_horizon,9,0,INTC,long,0.02,0.02,equal_weight,1.0,0.02,0.0098739778486105,Information Technology,,
2025-10-09,2025-10-10,2025-10-23,signal_horizon,9,0,WDC,long,0.02,0.02,equal_weight,1.0,0.02,0.0095892656986445,Information Technology,,
2025-10-09,2025-10-10,2025-10-23,signal_horizon,9,0,WBD,long,0.02,0.02,equal_weight,1.0,0.02,0.0093323562826967,Communication Services,,
2025-10-09,2025-10-10,2025-10-23,signal_horizon,9,0,AMAT,long,0.02,0.02,equal_weight,1.0,0.02,0.0092462582168111,Information Technology,,
2025-10-09,2025-10-10,2025-10-23,signal_horizon,9,0,LRCX,long,0.02,0.02,equal_weight,1.0,0.02,0.0089173670458163,Unknown,,
2025-10-09,2025-10-10,2025-10-23,signal_horizon,9,0,HAL,long,0.02,0.02,equal_weight,1.0,0.02,0.0087853286991643,Energy,,
2025-10-09,2025-10-10,2025-10-23,signal_horizon,9,0,A,long,0.02,0.02,equal_weight,1.0,0.02,0.0087691245597956,Health Care,,
2025-10-09,2025-10-10,2025-10-23,signal_horizon,9,0,XYZ,long,0.02,0.02,equal_weight,1.0,0.02,0.0086197165382348,Financials,,
2025-10-09,2025-10-10,2025-10-23,signal_horizon,9,0,MU,long,0.02,0.02,equal_weight,1.0,0.02,0.0084333951822276,Information Technology,,
2025-10-09,2025-10-10,2025-10-23,signal_horizon,9,0,TPL,long,0.02,0.02,equal_weight,1.0,0.02,0.0083226351150958,Energy,,
2025-10-09,2025-10-10,2025-10-23,signal_horizon,9,0,HSY,long,0.02,0.02,equal_weight,1.0,0.02,0.0081741168568874,Consumer Staples,,
2025-10-09,2025-10-10,2025-10-23,signal_horizon,9,0,PWR,long,0.02,0.02,equal_weight,1.0,0.02,0.0080704430786765,Industrials,,
2025-10-09,2025-10-10,2025-10-23,signal_horizon,9,0,FANG,long,0.02,0.02,equal_weight,1.0,0.02,0.0079682576992179,Energy,,
2025-10-09,2025-10-10,2025-10-23,signal_horizon,9,0,FIX,long,0.02,0.02,equal_weight,1.0,0.02,0.0076796703110864,Industrials,,
2025-10-09,2025-10-10,2025-10-23,signal_horizon,9,0,AXON,long,0.02,0.02,equal_weight,1.0,0.02,0.0075300497980372,Industrials,,
2025-10-09,2025-10-10,2025-10-23,signal_horizon,9,0,CVNA,long,0.02,0.02,equal_weight,1.0,0.02,0.0074947219416009,Consumer Discretionary,,
2025-10-09,2025-10-10,2025-10-23,signal_horizon,9,0,TMO,long,0.02,0.02,equal_weight,1.0,0.02,0.007357334929382,Health Care,,
2025-10-09,2025-10-10,2025-10-23,signal_horizon,9,0,IRM,long,0.02,0.02,equal_weight,1.0,0.02,0.0072469059979011,Real Estate,,
2025-10-09,2025-10-10,2025-10-23,signal_horizon,9,0,APO,long,0.02,0.02,equal_weight,1.0,0.02,0.0071669451112447,Financials,,
2025-10-09,2025-10-10,2025-10-23,signal_horizon,9,0,KKR,long,0.02,0.02,equal_weight,1.0,0.02,0.0071294326574245,Financials,,
2025-10-09,2025-10-10,2025-10-23,signal_horizon,9,0,LVS,long,0.02,0.02,equal_weight,1.0,0.02,0.0071038394263358,Consumer Discretionary,,
2025-10-09,2025-10-10,2025-10-23,signal_horizon,9,0,CSX,long,0.02,0.02,equal_weight,1.0,0.02,0.0067906886853599,Industrials,,
2025-10-09,2025-10-10,2025-10-23,signal_horizon,9,0,DHR,long,0.02,0.02,equal_weight,1.0,0.02,0.0067065599910824,Health Care,,
2025-10-09,2025-10-10,2025-10-23,signal_horizon,9,0,SYY,long,0.02,0.02,equal_weight,1.0,0.02,0.0065882905537279,Consumer Staples,,
2025-10-09,2025-10-10,2025-10-23,signal_horizon,9,0,PFE,long,0.02,0.02,equal_weight,1.0,0.02,0.0065721441545688,Health Care,,
2025-10-09,2025-10-10,2025-10-23,signal_horizon,9,0,CRWD,long,0.02,0.02,equal_weight,1.0,0.02,0.0065240367126247,Unknown,,
2025-10-09,2025-10-10,2025-10-23,signal_horizon,9,0,TSLA,long,0.02,0.02,equal_weight,1.0,0.02,0.0064902299795949,Consumer Discretionary,,
2025-10-09,2025-10-10,2025-10-23,signal_horizon,9,0,SRE,long,0.02,0.02,equal_weight,1.0,0.02,0.0064292334771963,Utilities,,
2025-10-09,2025-10-10,2025-10-23,signal_horizon,9,0,EBAY,long,0.02,0.02,equal_weight,1.0,0.02,0.0063614964388636,Consumer Discretionary,,
2025-10-09,2025-10-10,2025-10-23,signal_horizon,9,0,CTAS,long,0.02,0.02,equal_weight,1.0,0.02,0.0063176298307539,Industrials,,
2025-10-09,2025-10-10,2025-10-23,signal_horizon,9,0,PYPL,long,0.02,0.02,equal_weight,1.0,0.02,0.0062687468605749,Financials,,
2025-10-09,2025-10-10,2025-10-23,signal_horizon,9,0,CARR,long,0.02,0.02,equal_weight,1.0,0.02,0.0062505365456998,Industrials,,
2025-10-09,2025-10-10,2025-10-23,signal_horizon,9,0,MCK,long,0.02,0.02,equal_weight,1.0,0.02,0.006176818591046,Unknown,,
2025-10-09,2025-10-10,2025-10-23,signal_horizon,9,0,PCG,long,0.02,0.02,equal_weight,1.0,0.02,0.006066610153869,Utilities,,
2025-10-09,2025-10-10,2025-10-23,signal_horizon,9,0,ALL,long,0.02,0.02,equal_weight,1.0,0.02,0.0060644482387506,Financials,,
2025-10-09,2025-10-10,2025-10-23,signal_horizon,9,0,ADM,long,0.02,0.02,equal_weight,1.0,0.02,0.0056323191810105,Consumer Staples,,
2025-10-09,2025-10-10,2025-10-23,signal_horizon,9,0,KR,long,0.02,0.02,equal_weight,1.0,0.02,0.0053201023207642,Consumer Staples,,
2025-10-09,2025-10-10,2025-10-23,signal_horizon,9,0,EA,long,0.02,0.02,equal_weight,1.0,0.02,0.0052445346114222,Communication Services,,
2025-10-09,2025-10-10,2025-10-23,signal_horizon,9,0,MDLZ,long,0.02,0.02,equal_weight,1.0,0.02,0.0050156629786116,Consumer Staples,,
2025-10-09,2025-10-10,2025-10-23,signal_horizon,9,0,KVUE,long,0.02,0.02,equal_weight,1.0,0.02,0.0048403987407117,Consumer Staples,,
2025-10-09,2025-10-10,2025-10-23,signal_horizon,9,0,MNST,long,0.02,0.02,equal_weight,1.0,0.02,0.0045580375647784,Consumer Staples,,
2025-10-09,2025-10-10,2025-10-23,signal_horizon,9,0,FITB,short,-0.02,0.02,equal_weight,1.0,-0.02,-0.0024867926215145,Financials,,
2025-10-09,2025-10-10,2025-10-23,signal_horizon,9,0,ADBE,short,-0.02,0.02,equal_weight,1.0,-0.02,-0.0022688596673226,Information Technology,,
2025-10-09,2025-10-10,2025-10-23,signal_horizon,9,0,BAC,short,-0.02,0.02,equal_weight,1.0,-0.02,-0.0020300583392752,Financials,,
2025-10-09,2025-10-10,2025-10-23,signal_horizon,9,0,BRK-B,short,-0.02,0.02,equal_weight,1.0,-0.02,-0.0018569396827871,Financials,,
2025-10-09,2025-10-10,2025-10-23,signal_horizon,9,0,HD,short,-0.02,0.02,equal_weight,1.0,-0.02,-0.0018148985426034,Consumer Discretionary,,
2025-10-09,2025-10-10,2025-10-23,signal_horizon,9,0,DAL,short,-0.02,0.02,equal_weight,1.0,-0.02,-0.0015683906072025,Industrials,,
2025-10-09,2025-10-10,2025-10-23,signal_horizon,9,0,TXN,short,-0.02,0.02,equal_weight,1.0,-0.02,-0.0014579005135502,Information Technology,,
2025-10-09,2025-10-10,2025-10-23,signal_horizon,9,0,UNH,short,-0.02,0.02,equal_weight,1.0,-0.02,-0.0012879106328003,Health Care,,
2025-10-09,2025-10-10,2025-10-23,signal_horizon,9,0,MSFT,short,-0.02,0.02,equal_weight,1.0,-0.02,-0.0012110400511791,Information Technology,,
2025-10-09,2025-10-10,2025-10-23,signal_horizon,9,0,XOM,short,-0.02,0.02,equal_weight,1.0,-0.02,-0.0011530532459146,Energy,,
2025-10-09,2025-10-10,2025-10-23,signal_horizon,9,0,CSCO,short,-0.02,0.02,equal_weight,1.0,-0.02,-0.0008231454710763,Information Technology,,
2025-10-09,2025-10-10,2025-10-23,signal_horizon,9,0,APP,short,-0.02,0.02,equal_weight,1.0,-0.02,-0.0008137602318831,Information Technology,,
2025-10-09,2025-10-10,2025-10-23,signal_horizon,9,0,HON,short,-0.02,0.02,equal_weight,1.0,-0.02,-0.0008116385274558,Industrials,,
2025-10-09,2025-10-10,2025-10-23,signal_horizon,9,0,PANW,short,-0.02,0.02,equal_weight,1.0,-0.02,-0.0007551874229715,Information Technology,,
2025-10-09,2025-10-10,2025-10-23,signal_horizon,9,0,ACN,short,-0.02,0.02,equal_weight,1.0,-0.02,-0.0005046170917043,Information Technology,,
2025-10-09,2025-10-10,2025-10-23,signal_horizon,9,0,LMT,short,-0.02,0.02,equal_weight,1.0,-0.02,-0.0004580011059812,Industrials,,
2025-10-09,2025-10-10,2025-10-23,signal_horizon,9,0,JPM,short,-0.02,0.02,equal_weight,1.0,-0.02,-0.0003926766661351,Financials,,
2025-10-09,2025-10-10,2025-10-23,signal_horizon,9,0,CVX,short,-0.02,0.02,equal_weight,1.0,-0.02,-0.000283618534249,Energy,,
2025-10-09,2025-10-10,2025-10-23,signal_horizon,9,0,AXP,short,-0.02,0.02,equal_weight,1.0,-0.02,-0.000271214546082,Financials,,
2025-10-09,2025-10-10,2025-10-23,signal_horizon,9,0,JNJ,short,-0.02,0.02,equal_weight,1.0,-0.02,-4.579185597486233e-05,Health Care,,
2025-10-09,2025-10-10,2025-10-23,signal_horizon,9,0,GS,short,-0.02,0.02,equal_weight,1.0,-0.02,4.343032251261157e-05,Financials,,
2025-10-09,2025-10-10,2025-10-23,signal_horizon,9,0,MPC,short,-0.02,0.02,equal_weight,1.0,-0.02,5.430180951802507e-05,Energy,,
2025-10-09,2025-10-10,2025-10-23,signal_horizon,9,0,UPS,short,-0.02,0.02,equal_weight,1.0,-0.02,8.447476103499258e-05,Industrials,,
2025-10-09,2025-10-10,2025-10-23,signal_horizon,9,0,V,short,-0.02,0.02,equal_weight,1.0,-0.02,0.0001554964755262,Unknown,,
2025-10-09,2025-10-10,2025-10-23,signal_horizon,9,0,DIS,short,-0.02,0.02,equal_weight,1.0,-0.02,0.0004231299363417,Communication Services,,
2025-10-09,2025-10-10,2025-10-23,signal_horizon,9,0,SPG,short,-0.02,0.02,equal_weight,1.0,-0.02,0.0005448173946877,Real Estate,,
2025-10-09,2025-10-10,2025-10-23,signal_horizon,9,0,ADI,short,-0.02,0.02,equal_weight,1.0,-0.02,0.0005699622379726,Unknown,,
2025-10-09,2025-10-10,2025-10-23,signal_horizon,9,0,MCD,short,-0.02,0.02,equal_weight,1.0,-0.02,0.0005989666509122,Consumer Discretionary,,
2025-10-09,2025-10-10,2025-10-23,signal_horizon,9,0,HCA,short,-0.02,0.02,equal_weight,1.0,-0.02,0.0006914443877256,Unknown,,
2025-10-09,2025-10-10,2025-10-23,signal_horizon,9,0,SHW,short,-0.02,0.02,equal_weight,1.0,-0.02,0.0007383142175584,Materials,,
2025-10-09,2025-10-10,2025-10-23,signal_horizon,9,0,PG,short,-0.02,0.02,equal_weight,1.0,-0.02,0.0008017101241749,Consumer Staples,,
2025-10-09,2025-10-10,2025-10-23,signal_horizon,9,0,LOW,short,-0.02,0.02,equal_weight,1.0,-0.02,0.00081020103374,Consumer Discretionary,,
2025-10-09,2025-10-10,2025-10-23,signal_horizon,9,0,CVS,short,-0.02,0.02,equal_weight,1.0,-0.02,0.0008358571814027,Unknown,,
2025-10-09,2025-10-10,2025-10-23,signal_horizon,9,0,WFC,short,-0.02,0.02,equal_weight,1.0,-0.02,0.0008401121170102,Financials,,
2025-10-09,2025-10-10,2025-10-23,signal_horizon,9,0,ABT,short,-0.02,0.02,equal_weight,1.0,-0.02,0.0008938140226021,Health Care,,
2025-10-09,2025-10-10,2025-10-23,signal_horizon,9,0,COF,short,-0.02,0.02,equal_weight,1.0,-0.02,0.0009103797984173,Unknown,,
2025-10-09,2025-10-10,2025-10-23,signal_horizon,9,0,ZTS,short,-0.02,0.02,equal_weight,1.0,-0.02,0.0010329258781588,Health Care,,
2025-10-09,2025-10-10,2025-10-23,signal_horizon,9,0,TJX,short,-0.02,0.02,equal_weight,1.0,-0.02,0.0010784582347605,Consumer Discretionary,,
2025-10-09,2025-10-10,2025-10-23,signal_horizon,9,0,ATO,short,-0.02,0.02,equal_weight,1.0,-0.02,0.0013964274841039,Utilities,,
2025-10-09,2025-10-10,2025-10-23,signal_horizon,9,0,KO,short,-0.02,0.02,equal_weight,1.0,-0.02,0.0014193220066578,Consumer Staples,,
2025-10-09,2025-10-10,2025-10-23,signal_horizon,9,0,UNP,short,-0.02,0.02,equal_weight,1.0,-0.02,0.0014292453906471,Industrials,,
2025-10-09,2025-10-10,2025-10-23,signal_horizon,9,0,KDP,short,-0.02,0.02,equal_weight,1.0,-0.02,0.001452081479646,Consumer Staples,,
2025-10-09,2025-10-10,2025-10-23,signal_horizon,9,0,GE,short,-0.02,0.02,equal_weight,1.0,-0.02,0.0015748575465093,Industrials,,
2025-10-09,2025-10-10,2025-10-23,signal_horizon,9,0,DE,short,-0.02,0.02,equal_weight,1.0,-0.02,0.0016624894118562,Industrials,,
2025-10-09,2025-10-10,2025-10-23,signal_horizon,9,0,CL,short,-0.02,0.02,equal_weight,1.0,-0.02,0.0016752005712662,Consumer Staples,,
2025-10-09,2025-10-10,2025-10-23,signal_horizon,9,0,D,short,-0.02,0.02,equal_weight,1.0,-0.02,0.0017882195149967,Utilities,,
2025-10-09,2025-10-10,2025-10-23,signal_horizon,9,0,VZ,short,-0.02,0.02,equal_weight,1.0,-0.02,0.0018044833132523,Communication Services,,
2025-10-09,2025-10-10,2025-10-23,signal_horizon,9,0,MO,short,-0.02,0.02,equal_weight,1.0,-0.02,0.0022722357091653,Consumer Staples,,
2025-10-09,2025-10-10,2025-10-23,signal_horizon,9,0,COST,short,-0.02,0.02,equal_weight,1.0,-0.02,0.0022843351090041,Consumer Staples,,
2025-10-09,2025-10-10,2025-10-23,signal_horizon,9,0,PEP,short,-0.02,0.02,equal_weight,1.0,-0.02,0.0027339076141053,Consumer Staples,,
2025-10-23,2025-10-24,2025-11-06,signal_horizon,9,0,HOOD,long,0.02,0.02,equal_weight,1.0,0.02,0.0185171525232074,Financials,,
2025-10-23,2025-10-24,2025-11-06,signal_horizon,9,0,MU,long,0.02,0.02,equal_weight,1.0,0.02,0.0180083611904165,Information Technology,,
2025-10-23,2025-10-24,2025-11-06,signal_horizon,9,0,ISRG,long,0.02,0.02,equal_weight,1.0,0.02,0.0174653259358602,Health Care,,
2025-10-23,2025-10-24,2025-11-06,signal_horizon,9,0,LVS,long,0.02,0.02,equal_weight,1.0,0.02,0.0174400046404503,Consumer Discretionary,,
2025-10-23,2025-10-24,2025-11-06,signal_horizon,9,0,CIEN,long,0.02,0.02,equal_weight,1.0,0.02,0.0173986761515404,Information Technology,,
2025-10-23,2025-10-24,2025-11-06,signal_horizon,9,0,COHR,long,0.02,0.02,equal_weight,1.0,0.02,0.0171542075351394,Information Technology,,
2025-10-23,2025-10-24,2025-11-06,signal_horizon,9,0,AMD,long,0.02,0.02,equal_weight,1.0,0.02,0.0170312872771999,Information Technology,,
2025-10-23,2025-10-24,2025-11-06,signal_horizon,9,0,VRT,long,0.02,0.02,equal_weight,1.0,0.02,0.0166068053399034,Industrials,,
2025-10-23,2025-10-24,2025-11-06,signal_horizon,9,0,DELL,long,0.02,0.02,equal_weight,1.0,0.02,0.0160380128085917,Unknown,,
2025-10-23,2025-10-24,2025-11-06,signal_horizon,9,0,LRCX,long,0.02,0.02,equal_weight,1.0,0.02,0.0158819613628996,Unknown,,
2025-10-23,2025-10-24,2025-11-06,signal_horizon,9,0,XYZ,long,0.02,0.02,equal_weight,1.0,0.02,0.0157999550747397,Financials,,
2025-10-23,2025-10-24,2025-11-06,signal_horizon,9,0,CVNA,long,0.02,0.02,equal_weight,1.0,0.02,0.0154157739547985,Consumer Discretionary,,
2025-10-23,2025-10-24,2025-11-06,signal_horizon,9,0,SNDK,long,0.02,0.02,equal_weight,1.0,0.02,0.0152028016919106,Information Technology,,
2025-10-23,2025-10-24,2025-11-06,signal_horizon,9,0,MPWR,long,0.02,0.02,equal_weight,1.0,0.02,0.0145267228121368,Information Technology,,
2025-10-23,2025-10-24,2025-11-06,signal_horizon,9,0,KVUE,long,0.02,0.02,equal_weight,1.0,0.02,0.0144258775197655,Consumer Staples,,
2025-10-23,2025-10-24,2025-11-06,signal_horizon,9,0,TER,long,0.02,0.02,equal_weight,1.0,0.02,0.0143728886765265,Information Technology,,
2025-10-23,2025-10-24,2025-11-06,signal_horizon,9,0,CEG,long,0.02,0.02,equal_weight,1.0,0.02,0.0142647182705917,Unknown,,
2025-10-23,2025-10-24,2025-11-06,signal_horizon,9,0,PCG,long,0.02,0.02,equal_weight,1.0,0.02,0.0138654738181774,Utilities,,
2025-10-23,2025-10-24,2025-11-06,signal_horizon,9,0,NEM,long,0.02,0.02,equal_weight,1.0,0.02,0.0138389181655014,Unknown,,
2025-10-23,2025-10-24,2025-11-06,signal_horizon,9,0,PYPL,long,0.02,0.02,equal_weight,1.0,0.02,0.0137088542958658,Financials,,
2025-10-23,2025-10-24,2025-11-06,signal_horizon,9,0,FAST,long,0.02,0.02,equal_weight,1.0,0.02,0.0136341383598055,Industrials,,
2025-10-23,2025-10-24,2025-11-06,signal_horizon,9,0,HAL,long,0.02,0.02,equal_weight,1.0,0.02,0.0135451253491033,Energy,,
2025-10-23,2025-10-24,2025-11-06,signal_horizon,9,0,EME,long,0.02,0.02,equal_weight,1.0,0.02,0.0134137363055276,Industrials,,
2025-10-23,2025-10-24,2025-11-06,signal_horizon,9,0,FCX,long,0.02,0.02,equal_weight,1.0,0.02,0.0133612361623141,Materials,,
2025-10-23,2025-10-24,2025-11-06,signal_horizon,9,0,TSLA,long,0.02,0.02,equal_weight,1.0,0.02,0.0133099264170771,Consumer Discretionary,,
2025-10-23,2025-10-24,2025-11-06,signal_horizon,9,0,GM,long,0.02,0.02,equal_weight,1.0,0.02,0.0132557794566039,Consumer Discretionary,,
2025-10-23,2025-10-24,2025-11-06,signal_horizon,9,0,COIN,long,0.02,0.02,equal_weight,1.0,0.02,0.0129363753159048,Financials,,
2025-10-23,2025-10-24,2025-11-06,signal_horizon,9,0,A,long,0.02,0.02,equal_weight,1.0,0.02,0.0128710592532784,Health Care,,
2025-10-23,2025-10-24,2025-11-06,signal_horizon,9,0,TRGP,long,0.02,0.02,equal_weight,1.0,0.02,0.0124997889301198,Energy,,
2025-10-23,2025-10-24,2025-11-06,signal_horizon,9,0,PLD,long,0.02,0.02,equal_weight,1.0,0.02,0.0124682964752638,Unknown,,
2025-10-23,2025-10-24,2025-11-06,signal_horizon,9,0,TMO,long,0.02,0.02,equal_weight,1.0,0.02,0.0121540755203345,Health Care,,
2025-10-23,2025-10-24,2025-11-06,signal_horizon,9,0,KDP,long,0.02,0.02,equal_weight,1.0,0.02,0.0120944297866267,Consumer Staples,,
2025-10-23,2025-10-24,2025-11-06,signal_horizon,9,0,EQT,long,0.02,0.02,equal_weight,1.0,0.02,0.0120676153567062,Energy,,
2025-10-23,2025-10-24,2025-11-06,signal_horizon,9,0,APO,long,0.02,0.02,equal_weight,1.0,0.02,0.0118115422415071,Financials,,
2025-10-23,2025-10-24,2025-11-06,signal_horizon,9,0,WBD,long,0.02,0.02,equal_weight,1.0,0.02,0.0115874690095447,Communication Services,,
2025-10-23,2025-10-24,2025-11-06,signal_horizon,9,0,KR,long,0.02,0.02,equal_weight,1.0,0.02,0.0114529865825779,Consumer Staples,,
2025-10-23,2025-10-24,2025-11-06,signal_horizon,9,0,URI,long,0.02,0.02,equal_weight,1.0,0.02,0.0114360122218327,Industrials,,
2025-10-23,2025-10-24,2025-11-06,signal_horizon,9,0,IR,long,0.02,0.02,equal_weight,1.0,0.02,0.0114240977969452,Industrials,,
2025-10-23,2025-10-24,2025-11-06,signal_horizon,9,0,EA,long,0.02,0.02,equal_weight,1.0,0.02,0.0113714223534946,Communication Services,,
2025-10-23,2025-10-24,2025-11-06,signal_horizon,9,0,ODFL,long,0.02,0.02,equal_weight,1.0,0.02,0.0113616657136112,Industrials,,
2025-10-23,2025-10-24,2025-11-06,signal_horizon,9,0,AXON,long,0.02,0.02,equal_weight,1.0,0.02,0.0112984748039882,Industrials,,
2025-10-23,2025-10-24,2025-11-06,signal_horizon,9,0,MNST,long,0.02,0.02,equal_weight,1.0,0.02,0.0112974677468917,Consumer Staples,,
2025-10-23,2025-10-24,2025-11-06,signal_horizon,9,0,VST,long,0.02,0.02,equal_weight,1.0,0.02,0.0111711811108527,Utilities,,
2025-10-23,2025-10-24,2025-11-06,signal_horizon,9,0,MET,long,0.02,0.02,equal_weight,1.0,0.02,0.0109722903413202,Financials,,
2025-10-23,2025-10-24,2025-11-06,signal_horizon,9,0,STT,long,0.02,0.02,equal_weight,1.0,0.02,0.0108994273262853,Financials,,
2025-10-23,2025-10-24,2025-11-06,signal_horizon,9,0,PFE,long,0.02,0.02,equal_weight,1.0,0.02,0.0106516843302775,Health Care,,
2025-10-23,2025-10-24,2025-11-06,signal_horizon,9,0,MO,long,0.02,0.02,equal_weight,1.0,0.02,0.0101328678608139,Consumer Staples,,
2025-10-23,2025-10-24,2025-11-06,signal_horizon,9,0,ADM,long,0.02,0.02,equal_weight,1.0,0.02,0.0100203532271584,Consumer Staples,,
2025-10-23,2025-10-24,2025-11-06,signal_horizon,9,0,HSY,long,0.02,0.02,equal_weight,1.0,0.02,0.0097421621484946,Consumer Staples,,
2025-10-23,2025-10-24,2025-11-06,signal_horizon,9,0,CCI,long,0.02,0.02,equal_weight,1.0,0.02,0.0095566326837688,Real Estate,,
2025-10-23,2025-10-24,2025-11-06,signal_horizon,9,0,INTU,short,-0.02,0.02,equal_weight,1.0,-0.02,0.0018334391763362,Information Technology,,
2025-10-23,2025-10-24,2025-11-06,signal_horizon,9,0,CRM,short,-0.02,0.02,equal_weight,1.0,-0.02,0.0031481884982548,Information Technology,,
2025-10-23,2025-10-24,2025-11-06,signal_horizon,9,0,ADP,short,-0.02,0.02,equal_weight,1.0,-0.02,0.0031886658818901,Information Technology,,
2025-10-23,2025-10-24,2025-11-06,signal_horizon,9,0,NOW,short,-0.02,0.02,equal_weight,1.0,-0.02,0.0032154767824107,Information Technology,,
2025-10-23,2025-10-24,2025-11-06,signal_horizon,9,0,HD,short,-0.02,0.02,equal_weight,1.0,-0.02,0.0034419681706167,Consumer Discretionary,,
2025-10-23,2025-10-24,2025-11-06,signal_horizon,9,0,PM,short,-0.02,0.02,equal_weight,1.0,-0.02,0.0034540456312801,Consumer Staples,,
2025-10-23,2025-10-24,2025-11-06,signal_horizon,9,0,GS,short,-0.02,0.02,equal_weight,1.0,-0.02,0.0034626947809494,Financials,,
2025-10-23,2025-10-24,2025-11-06,signal_horizon,9,0,MSFT,short,-0.02,0.02,equal_weight,1.0,-0.02,0.0035028449171411,Information Technology,,
2025-10-23,2025-10-24,2025-11-06,signal_horizon,9,0,GE,short,-0.02,0.02,equal_weight,1.0,-0.02,0.0036305625932679,Industrials,,
2025-10-23,2025-10-24,2025-11-06,signal_horizon,9,0,AAPL,short,-0.02,0.02,equal_weight,1.0,-0.02,0.0036861337849204,Information Technology,,
2025-10-23,2025-10-24,2025-11-06,signal_horizon,9,0,CVX,short,-0.02,0.02,equal_weight,1.0,-0.02,0.0037524928040874,Energy,,
2025-10-23,2025-10-24,2025-11-06,signal_horizon,9,0,CSCO,short,-0.02,0.02,equal_weight,1.0,-0.02,0.0037982849863024,Information Technology,,
2025-10-23,2025-10-24,2025-11-06,signal_horizon,9,0,CCL,short,-0.02,0.02,equal_weight,1.0,-0.02,0.0039244231864608,Consumer Discretionary,,
2025-10-23,2025-10-24,2025-11-06,signal_horizon,9,0,COST,short,-0.02,0.02,equal_weight,1.0,-0.02,0.0039412004079054,Consumer Staples,,
2025-10-23,2025-10-24,2025-11-06,signal_horizon,9,0,JPM,short,-0.02,0.02,equal_weight,1.0,-0.02,0.0041640890285838,Financials,,
2025-10-23,2025-10-24,2025-11-06,signal_horizon,9,0,XOM,short,-0.02,0.02,equal_weight,1.0,-0.02,0.004167079281094,Energy,,
2025-10-23,2025-10-24,2025-11-06,signal_horizon,9,0,ABT,short,-0.02,0.02,equal_weight,1.0,-0.02,0.0041798308460108,Health Care,,
2025-10-23,2025-10-24,2025-11-06,signal_horizon,9,0,TJX,short,-0.02,0.02,equal_weight,1.0,-0.02,0.0043080833916008,Consumer Discretionary,,
2025-10-23,2025-10-24,2025-11-06,signal_horizon,9,0,SHW,short,-0.02,0.02,equal_weight,1.0,-0.02,0.0043906918191627,Materials,,
2025-10-23,2025-10-24,2025-11-06,signal_horizon,9,0,UNH,short,-0.02,0.02,equal_weight,1.0,-0.02,0.0045047711649203,Health Care,,
2025-10-23,2025-10-24,2025-11-06,signal_horizon,9,0,MCD,short,-0.02,0.02,equal_weight,1.0,-0.02,0.0045050871972575,Consumer Discretionary,,
2025-10-23,2025-10-24,2025-11-06,signal_horizon,9,0,JNJ,short,-0.02,0.02,equal_weight,1.0,-0.02,0.0047131775021823,Health Care,,
2025-10-23,2025-10-24,2025-11-06,signal_horizon,9,0,V,short,-0.02,0.02,equal_weight,1.0,-0.02,0.0050725580065431,Unknown,,
2025-10-23,2025-10-24,2025-11-06,signal_horizon,9,0,BRK-B,short,-0.02,0.02,equal_weight,1.0,-0.02,0.0050737052790423,Financials,,
2025-10-23,2025-10-24,2025-11-06,signal_horizon,9,0,LMT,short,-0.02,0.02,equal_weight,1.0,-0.02,0.0051438251946655,Industrials,,
2025-10-23,2025-10-24,2025-11-06,signal_horizon,9,0,CAH,short,-0.02,0.02,equal_weight,1.0,-0.02,0.0052036172178871,Health Care,,
2025-10-23,2025-10-24,2025-11-06,signal_horizon,9,0,CB,short,-0.02,0.02,equal_weight,1.0,-0.02,0.0053033862114697,Unknown,,
2025-10-23,2025-10-24,2025-11-06,signal_horizon,9,0,PAYX,short,-0.02,0.02,equal_weight,1.0,-0.02,0.0053266891575715,Industrials,,
2025-10-23,2025-10-24,2025-11-06,signal_horizon,9,0,DE,short,-0.02,0.02,equal_weight,1.0,-0.02,0.0054389610675683,Industrials,,
2025-10-23,2025-10-24,2025-11-06,signal_horizon,9,0,MA,short,-0.02,0.02,equal_weight,1.0,-0.02,0.005455266185414,Financials,,
2025-10-23,2025-10-24,2025-11-06,signal_horizon,9,0,PNC,short,-0.02,0.02,equal_weight,1.0,-0.02,0.0055715806603073,Unknown,,
2025-10-23,2025-10-24,2025-11-06,signal_horizon,9,0,BSX,short,-0.02,0.02,equal_weight,1.0,-0.02,0.005643139803397,Unknown,,
2025-10-23,2025-10-24,2025-11-06,signal_horizon,9,0,SYK,short,-0.02,0.02,equal_weight,1.0,-0.02,0.0057239660485684,Unknown,,
2025-10-23,2025-10-24,2025-11-06,signal_horizon,9,0,C,short,-0.02,0.02,equal_weight,1.0,-0.02,0.0057551972526637,Financials,,
2025-10-23,2025-10-24,2025-11-06,signal_horizon,9,0,TDG,short,-0.02,0.02,equal_weight,1.0,-0.02,0.0057713729982914,Industrials,,
2025-10-23,2025-10-24,2025-11-06,signal_horizon,9,0,MS,short,-0.02,0.02,equal_weight,1.0,-0.02,0.0057802497606269,Financials,,
2025-10-23,2025-10-24,2025-11-06,signal_horizon,9,0,HON,short,-0.02,0.02,equal_weight,1.0,-0.02,0.0058391284237779,Industrials,,
2025-10-23,2025-10-24,2025-11-06,signal_horizon,9,0,DTE,short,-0.02,0.02,equal_weight,1.0,-0.02,0.0060204445283302,Utilities,,
2025-10-23,2025-10-24,2025-11-06,signal_horizon,9,0,EOG,short,-0.02,0.02,equal_weight,1.0,-0.02,0.0061466477923147,Energy,,
2025-10-23,2025-10-24,2025-11-06,signal_horizon,9,0,SCHW,short,-0.02,0.02,equal_weight,1.0,-0.02,0.0061651912693576,Financials,,
2025-10-23,2025-10-24,2025-11-06,signal_horizon,9,0,D,short,-0.02,0.02,equal_weight,1.0,-0.02,0.0062093255240838,Utilities,,
2025-10-23,2025-10-24,2025-11-06,signal_horizon,9,0,GOOGL,short,-0.02,0.02,equal_weight,1.0,-0.02,0.0062162254216464,Communication Services,,
2025-10-23,2025-10-24,2025-11-06,signal_horizon,9,0,GOOG,short,-0.02,0.02,equal_weight,1.0,-0.02,0.0062751475992467,Communication Services,,
2025-10-23,2025-10-24,2025-11-06,signal_horizon,9,0,GWW,short,-0.02,0.02,equal_weight,1.0,-0.02,0.0063969334719995,Industrials,,
2025-10-23,2025-10-24,2025-11-06,signal_horizon,9,0,WMT,short,-0.02,0.02,equal_weight,1.0,-0.02,0.0064224366951282,Consumer Staples,,
2025-10-23,2025-10-24,2025-11-06,signal_horizon,9,0,PG,short,-0.02,0.02,equal_weight,1.0,-0.02,0.0066040245591277,Consumer Staples,,
2025-10-23,2025-10-24,2025-11-06,signal_horizon,9,0,KO,short,-0.02,0.02,equal_weight,1.0,-0.02,0.0068367453122265,Consumer Staples,,
2025-10-23,2025-10-24,2025-11-06,signal_horizon,9,0,CL,short,-0.02,0.02,equal_weight,1.0,-0.02,0.0073833270683833,Consumer Staples,,
2025-10-23,2025-10-24,2025-11-06,signal_horizon,9,0,CBRE,short,-0.02,0.02,equal_weight,1.0,-0.02,0.0075602286169166,Real Estate,,
2025-10-23,2025-10-24,2025-11-06,signal_horizon,9,0,MDLZ,short,-0.02,0.02,equal_weight,1.0,-0.02,0.0081472557806971,Consumer Staples,,
2025-11-06,2025-11-07,2025-11-20,signal_horizon,9,0,LVS,long,0.02,0.02,equal_weight,1.0,0.02,0.0202351398684294,Consumer Discretionary,,
2025-11-06,2025-11-07,2025-11-20,signal_horizon,9,0,TER,long,0.02,0.02,equal_weight,1.0,0.02,0.0178868512000861,Information Technology,,
2025-11-06,2025-11-07,2025-11-20,signal_horizon,9,0,LITE,long,0.02,0.02,equal_weight,1.0,0.02,0.0178737284948182,Information Technology,,
2025-11-06,2025-11-07,2025-11-20,signal_horizon,9,0,CAH,long,0.02,0.02,equal_weight,1.0,0.02,0.0167180973577042,Health Care,,
2025-11-06,2025-11-07,2025-11-20,signal_horizon,9,0,CVNA,long,0.02,0.02,equal_weight,1.0,0.02,0.0165146324244694,Consumer Discretionary,,
2025-11-06,2025-11-07,2025-11-20,signal_horizon,9,0,HAL,long,0.02,0.02,equal_weight,1.0,0.02,0.0162960183213,Energy,,
2025-11-06,2025-11-07,2025-11-20,signal_horizon,9,0,STX,long,0.02,0.02,equal_weight,1.0,0.02,0.0160512404362325,Information Technology,,
2025-11-06,2025-11-07,2025-11-20,signal_horizon,9,0,ISRG,long,0.02,0.02,equal_weight,1.0,0.02,0.01591531622523,Health Care,,
2025-11-06,2025-11-07,2025-11-20,signal_horizon,9,0,FIX,long,0.02,0.02,equal_weight,1.0,0.02,0.0155857925651955,Industrials,,
2025-11-06,2025-11-07,2025-11-20,signal_horizon,9,0,AMD,long,0.02,0.02,equal_weight,1.0,0.02,0.0150110948217736,Information Technology,,
2025-11-06,2025-11-07,2025-11-20,signal_horizon,9,0,FAST,long,0.02,0.02,equal_weight,1.0,0.02,0.0149122892589766,Industrials,,
2025-11-06,2025-11-07,2025-11-20,signal_horizon,9,0,LYV,long,0.02,0.02,equal_weight,1.0,0.02,0.0148188808221303,Communication Services,,
2025-11-06,2025-11-07,2025-11-20,signal_horizon,9,0,CCL,long,0.02,0.02,equal_weight,1.0,0.02,0.0146810215444349,Consumer Discretionary,,
2025-11-06,2025-11-07,2025-11-20,signal_horizon,9,0,SNPS,long,0.02,0.02,equal_weight,1.0,0.02,0.014600442667207,Information Technology,,
2025-11-06,2025-11-07,2025-11-20,signal_horizon,9,0,VST,long,0.02,0.02,equal_weight,1.0,0.02,0.014554262732483,Utilities,,
2025-11-06,2025-11-07,2025-11-20,signal_horizon,9,0,AXON,long,0.02,0.02,equal_weight,1.0,0.02,0.0143502907503221,Industrials,,
2025-11-06,2025-11-07,2025-11-20,signal_horizon,9,0,WDC,long,0.02,0.02,equal_weight,1.0,0.02,0.0143109062404399,Information Technology,,
2025-11-06,2025-11-07,2025-11-20,signal_horizon,9,0,EW,long,0.02,0.02,equal_weight,1.0,0.02,0.0142637690181207,Health Care,,
2025-11-06,2025-11-07,2025-11-20,signal_horizon,9,0,NEM,long,0.02,0.02,equal_weight,1.0,0.02,0.014262281046986,Unknown,,
2025-11-06,2025-11-07,2025-11-20,signal_horizon,9,0,EME,long,0.02,0.02,equal_weight,1.0,0.02,0.0142292682984384,Industrials,,
2025-11-06,2025-11-07,2025-11-20,signal_horizon,9,0,RCL,long,0.02,0.02,equal_weight,1.0,0.02,0.0141241096668181,Consumer Discretionary,,
2025-11-06,2025-11-07,2025-11-20,signal_horizon,9,0,KEYS,long,0.02,0.02,equal_weight,1.0,0.02,0.0140409420162339,Information Technology,,
2025-11-06,2025-11-07,2025-11-20,signal_horizon,9,0,NUE,long,0.02,0.02,equal_weight,1.0,0.02,0.0140383807302823,Materials,,
2025-11-06,2025-11-07,2025-11-20,signal_horizon,9,0,DAL,long,0.02,0.02,equal_weight,1.0,0.02,0.0138959924109982,Industrials,,
2025-11-06,2025-11-07,2025-11-20,signal_horizon,9,0,ZTS,long,0.02,0.02,equal_weight,1.0,0.02,0.0137752293133919,Health Care,,
2025-11-06,2025-11-07,2025-11-20,signal_horizon,9,0,PNC,long,0.02,0.02,equal_weight,1.0,0.02,0.0136966173502793,Unknown,,
2025-11-06,2025-11-07,2025-11-20,signal_horizon,9,0,CPRT,long,0.02,0.02,equal_weight,1.0,0.02,0.0136024584201169,Industrials,,
2025-11-06,2025-11-07,2025-11-20,signal_horizon,9,0,KKR,long,0.02,0.02,equal_weight,1.0,0.02,0.0135110018354204,Financials,,
2025-11-06,2025-11-07,2025-11-20,signal_horizon,9,0,BX,long,0.02,0.02,equal_weight,1.0,0.02,0.0134550911982133,Financials,,
2025-11-06,2025-11-07,2025-11-20,signal_horizon,9,0,KVUE,long,0.02,0.02,equal_weight,1.0,0.02,0.0133497808960967,Consumer Staples,,
2025-11-06,2025-11-07,2025-11-20,signal_horizon,9,0,NRG,long,0.02,0.02,equal_weight,1.0,0.02,0.0133014775075105,Utilities,,
2025-11-06,2025-11-07,2025-11-20,signal_horizon,9,0,APO,long,0.02,0.02,equal_weight,1.0,0.02,0.0132647283658517,Financials,,
2025-11-06,2025-11-07,2025-11-20,signal_horizon,9,0,CARR,long,0.02,0.02,equal_weight,1.0,0.02,0.0132620548881718,Industrials,,
2025-11-06,2025-11-07,2025-11-20,signal_horizon,9,0,ADM,long,0.02,0.02,equal_weight,1.0,0.02,0.0131432154476431,Consumer Staples,,
2025-11-06,2025-11-07,2025-11-20,signal_horizon,9,0,CMCSA,long,0.02,0.02,equal_weight,1.0,0.02,0.0130354960982309,Unknown,,
2025-11-06,2025-11-07,2025-11-20,signal_horizon,9,0,FITB,long,0.02,0.02,equal_weight,1.0,0.02,0.0130284033330013,Financials,,
2025-11-06,2025-11-07,2025-11-20,signal_horizon,9,0,SATS,long,0.02,0.02,equal_weight,1.0,0.02,0.0129994210338491,Communication Services,,
2025-11-06,2025-11-07,2025-11-20,signal_horizon,9,0,COF,long,0.02,0.02,equal_weight,1.0,0.02,0.0129206313162592,Unknown,,
2025-11-06,2025-11-07,2025-11-20,signal_horizon,9,0,HOOD,long,0.02,0.02,equal_weight,1.0,0.02,0.0126050181189132,Financials,,
2025-11-06,2025-11-07,2025-11-20,signal_horizon,9,0,TFC,long,0.02,0.02,equal_weight,1.0,0.02,0.0125559767365547,Financials,,
2025-11-06,2025-11-07,2025-11-20,signal_horizon,9,0,HBAN,long,0.02,0.02,equal_weight,1.0,0.02,0.0123854330639157,Financials,,
2025-11-06,2025-11-07,2025-11-20,signal_horizon,9,0,OXY,long,0.02,0.02,equal_weight,1.0,0.02,0.0122903662450107,Energy,,
2025-11-06,2025-11-07,2025-11-20,signal_horizon,9,0,DVN,long,0.02,0.02,equal_weight,1.0,0.02,0.0120770126859099,Energy,,
2025-11-06,2025-11-07,2025-11-20,signal_horizon,9,0,VTR,long,0.02,0.02,equal_weight,1.0,0.02,0.0118942429713594,Real Estate,,
2025-11-06,2025-11-07,2025-11-20,signal_horizon,9,0,SYY,long,0.02,0.02,equal_weight,1.0,0.02,0.0117833384780089,Consumer Staples,,
2025-11-06,2025-11-07,2025-11-20,signal_horizon,9,0,PLD,long,0.02,0.02,equal_weight,1.0,0.02,0.0117333437376205,Unknown,,
2025-11-06,2025-11-07,2025-11-20,signal_horizon,9,0,HSY,long,0.02,0.02,equal_weight,1.0,0.02,0.0115804389028932,Consumer Staples,,
2025-11-06,2025-11-07,2025-11-20,signal_horizon,9,0,KDP,long,0.02,0.02,equal_weight,1.0,0.02,0.0113743018651607,Consumer Staples,,
2025-11-06,2025-11-07,2025-11-20,signal_horizon,9,0,MO,long,0.02,0.02,equal_weight,1.0,0.02,0.0112563875481096,Consumer Staples,,
2025-11-06,2025-11-07,2025-11-20,signal_horizon,9,0,CL,long,0.02,0.02,equal_weight,1.0,0.02,0.0100823255073902,Consumer Staples,,
2025-11-06,2025-11-07,2025-11-20,signal_horizon,9,0,AMAT,short,-0.02,0.02,equal_weight,1.0,-0.02,0.0029624436932179,Information Technology,,
2025-11-06,2025-11-07,2025-11-20,signal_horizon,9,0,INTC,short,-0.02,0.02,equal_weight,1.0,-0.02,0.0040767474145981,Information Technology,,
2025-11-06,2025-11-07,2025-11-20,signal_horizon,9,0,XOM,short,-0.02,0.02,equal_weight,1.0,-0.02,0.004427026710224,Energy,,
2025-11-06,2025-11-07,2025-11-20,signal_horizon,9,0,MSFT,short,-0.02,0.02,equal_weight,1.0,-0.02,0.0044522112897442,Information Technology,,
2025-11-06,2025-11-07,2025-11-20,signal_horizon,9,0,IBM,short,-0.02,0.02,equal_weight,1.0,-0.02,0.0046697191844863,Information Technology,,
2025-11-06,2025-11-07,2025-11-20,signal_horizon,9,0,EA,short,-0.02,0.02,equal_weight,1.0,-0.02,0.0047071298234321,Communication Services,,
2025-11-06,2025-11-07,2025-11-20,signal_horizon,9,0,UNH,short,-0.02,0.02,equal_weight,1.0,-0.02,0.004929240496463,Health Care,,
2025-11-06,2025-11-07,2025-11-20,signal_horizon,9,0,BRK-B,short,-0.02,0.02,equal_weight,1.0,-0.02,0.0051163665477172,Financials,,
2025-11-06,2025-11-07,2025-11-20,signal_horizon,9,0,GS,short,-0.02,0.02,equal_weight,1.0,-0.02,0.0052844375840981,Financials,,
2025-11-06,2025-11-07,2025-11-20,signal_horizon,9,0,AAPL,short,-0.02,0.02,equal_weight,1.0,-0.02,0.0054833801471499,Information Technology,,
2025-11-06,2025-11-07,2025-11-20,signal_horizon,9,0,JPM,short,-0.02,0.02,equal_weight,1.0,-0.02,0.0055109428726468,Financials,,
2025-11-06,2025-11-07,2025-11-20,signal_horizon,9,0,SBUX,short,-0.02,0.02,equal_weight,1.0,-0.02,0.0055125248542622,Consumer Discretionary,,
2025-11-06,2025-11-07,2025-11-20,signal_horizon,9,0,ETN,short,-0.02,0.02,equal_weight,1.0,-0.02,0.0055787788061317,Industrials,,
2025-11-06,2025-11-07,2025-11-20,signal_horizon,9,0,PFE,short,-0.02,0.02,equal_weight,1.0,-0.02,0.0056047411811665,Health Care,,
2025-11-06,2025-11-07,2025-11-20,signal_horizon,9,0,PYPL,short,-0.02,0.02,equal_weight,1.0,-0.02,0.005633787539467,Financials,,
2025-11-06,2025-11-07,2025-11-20,signal_horizon,9,0,LIN,short,-0.02,0.02,equal_weight,1.0,-0.02,0.0057802485451599,Materials,,
2025-11-06,2025-11-07,2025-11-20,signal_horizon,9,0,MCD,short,-0.02,0.02,equal_weight,1.0,-0.02,0.0058395140104347,Consumer Discretionary,,
2025-11-06,2025-11-07,2025-11-20,signal_horizon,9,0,TJX,short,-0.02,0.02,equal_weight,1.0,-0.02,0.0058412580832517,Consumer Discretionary,,
2025-11-06,2025-11-07,2025-11-20,signal_horizon,9,0,GE,short,-0.02,0.02,equal_weight,1.0,-0.02,0.0058913228309344,Industrials,,
2025-11-06,2025-11-07,2025-11-20,signal_horizon,9,0,QCOM,short,-0.02,0.02,equal_weight,1.0,-0.02,0.0059058665492957,Information Technology,,
2025-11-06,2025-11-07,2025-11-20,signal_horizon,9,0,INTU,short,-0.02,0.02,equal_weight,1.0,-0.02,0.005988867468147,Information Technology,,
2025-11-06,2025-11-07,2025-11-20,signal_horizon,9,0,COR,short,-0.02,0.02,equal_weight,1.0,-0.02,0.0062395160689234,Health Care,,
2025-11-06,2025-11-07,2025-11-20,signal_horizon,9,0,CVX,short,-0.02,0.02,equal_weight,1.0,-0.02,0.0062773050694039,Energy,,
2025-11-06,2025-11-07,2025-11-20,signal_horizon,9,0,NEE,short,-0.02,0.02,equal_weight,1.0,-0.02,0.006378220243955,Utilities,,
2025-11-06,2025-11-07,2025-11-20,signal_horizon,9,0,TMO,short,-0.02,0.02,equal_weight,1.0,-0.02,0.0064494712799819,Health Care,,
2025-11-06,2025-11-07,2025-11-20,signal_horizon,9,0,MAR,short,-0.02,0.02,equal_weight,1.0,-0.02,0.0064919161910591,Consumer Discretionary,,
2025-11-06,2025-11-07,2025-11-20,signal_horizon,9,0,SCHW,short,-0.02,0.02,equal_weight,1.0,-0.02,0.006751332770089,Financials,,
2025-11-06,2025-11-07,2025-11-20,signal_horizon,9,0,PEP,short,-0.02,0.02,equal_weight,1.0,-0.02,0.0068027986376645,Consumer Staples,,
2025-11-06,2025-11-07,2025-11-20,signal_horizon,9,0,TTWO,short,-0.02,0.02,equal_weight,1.0,-0.02,0.0068107124756891,Communication Services,,
2025-11-06,2025-11-07,2025-11-20,signal_horizon,9,0,MS,short,-0.02,0.02,equal_weight,1.0,-0.02,0.0069496059929753,Financials,,
2025-11-06,2025-11-07,2025-11-20,signal_horizon,9,0,UNP,short,-0.02,0.02,equal_weight,1.0,-0.02,0.0070249125388052,Industrials,,
2025-11-06,2025-11-07,2025-11-20,signal_horizon,9,0,AEP,short,-0.02,0.02,equal_weight,1.0,-0.02,0.0070946152696753,Utilities,,
2025-11-06,2025-11-07,2025-11-20,signal_horizon,9,0,MPC,short,-0.02,0.02,equal_weight,1.0,-0.02,0.0071554478225756,Energy,,
2025-11-06,2025-11-07,2025-11-20,signal_horizon,9,0,MA,short,-0.02,0.02,equal_weight,1.0,-0.02,0.0071794432593088,Financials,,
2025-11-06,2025-11-07,2025-11-20,signal_horizon,9,0,VRT,short,-0.02,0.02,equal_weight,1.0,-0.02,0.0072817978549648,Industrials,,
2025-11-06,2025-11-07,2025-11-20,signal_horizon,9,0,LMT,short,-0.02,0.02,equal_weight,1.0,-0.02,0.0073310675431725,Industrials,,
2025-11-06,2025-11-07,2025-11-20,signal_horizon,9,0,ROK,short,-0.02,0.02,equal_weight,1.0,-0.02,0.0073737297260288,Industrials,,
2025-11-06,2025-11-07,2025-11-20,signal_horizon,9,0,DELL,short,-0.02,0.02,equal_weight,1.0,-0.02,0.0074295711348871,Unknown,,
2025-11-06,2025-11-07,2025-11-20,signal_horizon,9,0,GWW,short,-0.02,0.02,equal_weight,1.0,-0.02,0.0075859734921444,Industrials,,
2025-11-06,2025-11-07,2025-11-20,signal_horizon,9,0,O,short,-0.02,0.02,equal_weight,1.0,-0.02,0.0076694763519656,Real Estate,,
2025-11-06,2025-11-07,2025-11-20,signal_horizon,9,0,VRTX,short,-0.02,0.02,equal_weight,1.0,-0.02,0.0077283889268245,Unknown,,
2025-11-06,2025-11-07,2025-11-20,signal_horizon,9,0,MCK,short,-0.02,0.02,equal_weight,1.0,-0.02,0.0077850091998013,Unknown,,
2025-11-06,2025-11-07,2025-11-20,signal_horizon,9,0,COST,short,-0.02,0.02,equal_weight,1.0,-0.02,0.0078273721217061,Consumer Staples,,
2025-11-06,2025-11-07,2025-11-20,signal_horizon,9,0,CVS,short,-0.02,0.02,equal_weight,1.0,-0.02,0.0082688262662855,Unknown,,
2025-11-06,2025-11-07,2025-11-20,signal_horizon,9,0,CRWD,short,-0.02,0.02,equal_weight,1.0,-0.02,0.0085208134230412,Unknown,,
2025-11-06,2025-11-07,2025-11-20,signal_horizon,9,0,KO,short,-0.02,0.02,equal_weight,1.0,-0.02,0.0086504183594605,Consumer Staples,,
2025-11-06,2025-11-07,2025-11-20,signal_horizon,9,0,KMB,short,-0.02,0.02,equal_weight,1.0,-0.02,0.0087069235290673,Consumer Staples,,
2025-11-06,2025-11-07,2025-11-20,signal_horizon,9,0,PG,short,-0.02,0.02,equal_weight,1.0,-0.02,0.0088041285790914,Consumer Staples,,
2025-11-06,2025-11-07,2025-11-20,signal_horizon,9,0,WMT,short,-0.02,0.02,equal_weight,1.0,-0.02,0.0088438070671463,Consumer Staples,,
2025-11-06,2025-11-07,2025-11-20,signal_horizon,9,0,MDLZ,short,-0.02,0.02,equal_weight,1.0,-0.02,0.0088903088777283,Consumer Staples,,
2025-11-20,2025-11-21,2025-12-05,signal_horizon,9,0,SNDK,long,0.02,0.02,equal_weight,1.0,0.02,0.020358998157447,Information Technology,,
2025-11-20,2025-11-21,2025-12-05,signal_horizon,9,0,WDC,long,0.02,0.02,equal_weight,1.0,0.02,0.0161635861756941,Information Technology,,
2025-11-20,2025-11-21,2025-12-05,signal_horizon,9,0,COIN,long,0.02,0.02,equal_weight,1.0,0.02,0.0144274558089468,Financials,,
2025-11-20,2025-11-21,2025-12-05,signal_horizon,9,0,STX,long,0.02,0.02,equal_weight,1.0,0.02,0.0143667517187983,Information Technology,,
2025-11-20,2025-11-21,2025-12-05,signal_horizon,9,0,COHR,long,0.02,0.02,equal_weight,1.0,0.02,0.0131634963218727,Information Technology,,
2025-11-20,2025-11-21,2025-12-05,signal_horizon,9,0,CAH,long,0.02,0.02,equal_weight,1.0,0.02,0.0126001686831487,Health Care,,
2025-11-20,2025-11-21,2025-12-05,signal_horizon,9,0,FIX,long,0.02,0.02,equal_weight,1.0,0.02,0.0123722206041384,Industrials,,
2025-11-20,2025-11-21,2025-12-05,signal_horizon,9,0,CVNA,long,0.02,0.02,equal_weight,1.0,0.02,0.0122642198764957,Consumer Discretionary,,
2025-11-20,2025-11-21,2025-12-05,signal_horizon,9,0,EME,long,0.02,0.02,equal_weight,1.0,0.02,0.0119771665696844,Industrials,,
2025-11-20,2025-11-21,2025-12-05,signal_horizon,9,0,LITE,long,0.02,0.02,equal_weight,1.0,0.02,0.0112371886236758,Information Technology,,
2025-11-20,2025-11-21,2025-12-05,signal_horizon,9,0,TER,long,0.02,0.02,equal_weight,1.0,0.02,0.0110486990803908,Information Technology,,
2025-11-20,2025-11-21,2025-12-05,signal_horizon,9,0,SATS,long,0.02,0.02,equal_weight,1.0,0.02,0.0110466298888829,Communication Services,,
2025-11-20,2025-11-21,2025-12-05,signal_horizon,9,0,HOOD,long,0.02,0.02,equal_weight,1.0,0.02,0.0108568523372611,Financials,,
2025-11-20,2025-11-21,2025-12-05,signal_horizon,9,0,DASH,long,0.02,0.02,equal_weight,1.0,0.02,0.0107709735321802,Consumer Discretionary,,
2025-11-20,2025-11-21,2025-12-05,signal_horizon,9,0,NRG,long,0.02,0.02,equal_weight,1.0,0.02,0.0107431219554804,Utilities,,
2025-11-20,2025-11-21,2025-12-05,signal_horizon,9,0,MU,long,0.02,0.02,equal_weight,1.0,0.02,0.0106576853106208,Information Technology,,
2025-11-20,2025-11-21,2025-12-05,signal_horizon,9,0,NEM,long,0.02,0.02,equal_weight,1.0,0.02,0.0105539692736585,Unknown,,
2025-11-20,2025-11-21,2025-12-05,signal_horizon,9,0,VTR,long,0.02,0.02,equal_weight,1.0,0.02,0.0100660735667408,Real Estate,,
2025-11-20,2025-11-21,2025-12-05,signal_horizon,9,0,EBAY,long,0.02,0.02,equal_weight,1.0,0.02,0.0097965768695452,Consumer Discretionary,,
2025-11-20,2025-11-21,2025-12-05,signal_horizon,9,0,CI,long,0.02,0.02,equal_weight,1.0,0.02,0.0097593584116955,Health Care,,
2025-11-20,2025-11-21,2025-12-05,signal_horizon,9,0,HSY,long,0.02,0.02,equal_weight,1.0,0.02,0.009663498927396,Consumer Staples,,
2025-11-20,2025-11-21,2025-12-05,signal_horizon,9,0,DAL,long,0.02,0.02,equal_weight,1.0,0.02,0.0095439404823203,Industrials,,
2025-11-20,2025-11-21,2025-12-05,signal_horizon,9,0,LLY,long,0.02,0.02,equal_weight,1.0,0.02,0.0094269698101609,Health Care,,
2025-11-20,2025-11-21,2025-12-05,signal_horizon,9,0,LRCX,long,0.02,0.02,equal_weight,1.0,0.02,0.0092489444589852,Unknown,,
2025-11-20,2025-11-21,2025-12-05,signal_horizon,9,0,TRGP,long,0.02,0.02,equal_weight,1.0,0.02,0.00869410041604,Energy,,
2025-11-20,2025-11-21,2025-12-05,signal_horizon,9,0,CCL,long,0.02,0.02,equal_weight,1.0,0.02,0.0086724273616148,Consumer Discretionary,,
2025-11-20,2025-11-21,2025-12-05,signal_horizon,9,0,APD,long,0.02,0.02,equal_weight,1.0,0.02,0.0085377782693167,Materials,,
2025-11-20,2025-11-21,2025-12-05,signal_horizon,9,0,VST,long,0.02,0.02,equal_weight,1.0,0.02,0.0084369263026805,Utilities,,
2025-11-20,2025-11-21,2025-12-05,signal_horizon,9,0,AXON,long,0.02,0.02,equal_weight,1.0,0.02,0.008248544062368,Industrials,,
2025-11-20,2025-11-21,2025-12-05,signal_horizon,9,0,TPL,long,0.02,0.02,equal_weight,1.0,0.02,0.0081418531574154,Energy,,
2025-11-20,2025-11-21,2025-12-05,signal_horizon,9,0,KVUE,long,0.02,0.02,equal_weight,1.0,0.02,0.008056930080641,Consumer Staples,,
2025-11-20,2025-11-21,2025-12-05,signal_horizon,9,0,LYV,long,0.02,0.02,equal_weight,1.0,0.02,0.0079464600844169,Communication Services,,
2025-11-20,2025-11-21,2025-12-05,signal_horizon,9,0,IDXX,long,0.02,0.02,equal_weight,1.0,0.02,0.0078373702081777,Health Care,,
2025-11-20,2025-11-21,2025-12-05,signal_horizon,9,0,FAST,long,0.02,0.02,equal_weight,1.0,0.02,0.0077649639603246,Industrials,,
2025-11-20,2025-11-21,2025-12-05,signal_horizon,9,0,ADM,long,0.02,0.02,equal_weight,1.0,0.02,0.0074826043434295,Consumer Staples,,
2025-11-20,2025-11-21,2025-12-05,signal_horizon,9,0,CMI,long,0.02,0.02,equal_weight,1.0,0.02,0.0074718368174556,Industrials,,
2025-11-20,2025-11-21,2025-12-05,signal_horizon,9,0,AFL,long,0.02,0.02,equal_weight,1.0,0.02,0.0073450265706814,Financials,,
2025-11-20,2025-11-21,2025-12-05,signal_horizon,9,0,MTB,long,0.02,0.02,equal_weight,1.0,0.02,0.0072800594127977,Financials,,
2025-11-20,2025-11-21,2025-12-05,signal_horizon,9,0,HAL,long,0.02,0.02,equal_weight,1.0,0.02,0.0072397126358207,Energy,,
2025-11-20,2025-11-21,2025-12-05,signal_horizon,9,0,HIG,long,0.02,0.02,equal_weight,1.0,0.02,0.0071987669689194,Financials,,
2025-11-20,2025-11-21,2025-12-05,signal_horizon,9,0,MO,long,0.02,0.02,equal_weight,1.0,0.02,0.0071162108378768,Consumer Staples,,
2025-11-20,2025-11-21,2025-12-05,signal_horizon,9,0,GEV,long,0.02,0.02,equal_weight,1.0,0.02,0.0070996139427068,Industrials,,
2025-11-20,2025-11-21,2025-12-05,signal_horizon,9,0,MSCI,long,0.02,0.02,equal_weight,1.0,0.02,0.0070662425504258,Financials,,
2025-11-20,2025-11-21,2025-12-05,signal_horizon,9,0,APH,long,0.02,0.02,equal_weight,1.0,0.02,0.0070416415328286,Unknown,,
2025-11-20,2025-11-21,2025-12-05,signal_horizon,9,0,KMB,long,0.02,0.02,equal_weight,1.0,0.02,0.0070258237905739,Consumer Staples,,
2025-11-20,2025-11-21,2025-12-05,signal_horizon,9,0,MET,long,0.02,0.02,equal_weight,1.0,0.02,0.0068491799004351,Financials,,
2025-11-20,2025-11-21,2025-12-05,signal_horizon,9,0,CMCSA,long,0.02,0.02,equal_weight,1.0,0.02,0.0066867187533729,Unknown,,
2025-11-20,2025-11-21,2025-12-05,signal_horizon,9,0,SYY,long,0.02,0.02,equal_weight,1.0,0.02,0.0063912067355085,Consumer Staples,,
2025-11-20,2025-11-21,2025-12-05,signal_horizon,9,0,PNC,long,0.02,0.02,equal_weight,1.0,0.02,0.0063504770539359,Unknown,,
2025-11-20,2025-11-21,2025-12-05,signal_horizon,9,0,KR,long,0.02,0.02,equal_weight,1.0,0.02,0.0060531080663635,Consumer Staples,,
2025-11-20,2025-11-21,2025-12-05,signal_horizon,9,0,ACN,short,-0.02,0.02,equal_weight,1.0,-0.02,-0.0004227495242995,Information Technology,,
2025-11-20,2025-11-21,2025-12-05,signal_horizon,9,0,PYPL,short,-0.02,0.02,equal_weight,1.0,-0.02,-0.000102563016323,Financials,,
2025-11-20,2025-11-21,2025-12-05,signal_horizon,9,0,TMO,short,-0.02,0.02,equal_weight,1.0,-0.02,-5.5080504819115216e-05,Health Care,,
2025-11-20,2025-11-21,2025-12-05,signal_horizon,9,0,AAPL,short,-0.02,0.02,equal_weight,1.0,-0.02,5.697478603553139e-05,Information Technology,,
2025-11-20,2025-11-21,2025-12-05,signal_horizon,9,0,TJX,short,-0.02,0.02,equal_weight,1.0,-0.02,0.0005765976086703,Consumer Discretionary,,
2025-11-20,2025-11-21,2025-12-05,signal_horizon,9,0,DHR,short,-0.02,0.02,equal_weight,1.0,-0.02,0.0006226186496554,Health Care,,
2025-11-20,2025-11-21,2025-12-05,signal_horizon,9,0,INTU,short,-0.02,0.02,equal_weight,1.0,-0.02,0.0006493251782203,Information Technology,,
2025-11-20,2025-11-21,2025-12-05,signal_horizon,9,0,QCOM,short,-0.02,0.02,equal_weight,1.0,-0.02,0.0006809664564207,Information Technology,,
2025-11-20,2025-11-21,2025-12-05,signal_horizon,9,0,XOM,short,-0.02,0.02,equal_weight,1.0,-0.02,0.0007431381868194,Energy,,
2025-11-20,2025-11-21,2025-12-05,signal_horizon,9,0,MCD,short,-0.02,0.02,equal_weight,1.0,-0.02,0.0007835430949304,Consumer Discretionary,,
2025-11-20,2025-11-21,2025-12-05,signal_horizon,9,0,DIS,short,-0.02,0.02,equal_weight,1.0,-0.02,0.0008545445585965,Communication Services,,
2025-11-20,2025-11-21,2025-12-05,signal_horizon,9,0,INTC,short,-0.02,0.02,equal_weight,1.0,-0.02,0.0008549574290101,Information Technology,,
2025-11-20,2025-11-21,2025-12-05,signal_horizon,9,0,IBM,short,-0.02,0.02,equal_weight,1.0,-0.02,0.0008796203628261,Information Technology,,
2025-11-20,2025-11-21,2025-12-05,signal_horizon,9,0,SNPS,short,-0.02,0.02,equal_weight,1.0,-0.02,0.0008859867451729,Information Technology,,
2025-11-20,2025-11-21,2025-12-05,signal_horizon,9,0,NEE,short,-0.02,0.02,equal_weight,1.0,-0.02,0.0008982600480583,Utilities,,
2025-11-20,2025-11-21,2025-12-05,signal_horizon,9,0,ROST,short,-0.02,0.02,equal_weight,1.0,-0.02,0.00104869398871,Consumer Discretionary,,
2025-11-20,2025-11-21,2025-12-05,signal_horizon,9,0,DELL,short,-0.02,0.02,equal_weight,1.0,-0.02,0.0011026113641659,Unknown,,
2025-11-20,2025-11-21,2025-12-05,signal_horizon,9,0,UNP,short,-0.02,0.02,equal_weight,1.0,-0.02,0.0011419053584509,Industrials,,
2025-11-20,2025-11-21,2025-12-05,signal_horizon,9,0,JNJ,short,-0.02,0.02,equal_weight,1.0,-0.02,0.001192662224971,Health Care,,
2025-11-20,2025-11-21,2025-12-05,signal_horizon,9,0,NSC,short,-0.02,0.02,equal_weight,1.0,-0.02,0.001226675690926,Industrials,,
2025-11-20,2025-11-21,2025-12-05,signal_horizon,9,0,DE,short,-0.02,0.02,equal_weight,1.0,-0.02,0.001268320370698,Industrials,,
2025-11-20,2025-11-21,2025-12-05,signal_horizon,9,0,HD,short,-0.02,0.02,equal_weight,1.0,-0.02,0.0012804890888905,Consumer Discretionary,,
2025-11-20,2025-11-21,2025-12-05,signal_horizon,9,0,MA,short,-0.02,0.02,equal_weight,1.0,-0.02,0.0017156609261637,Financials,,
2025-11-20,2025-11-21,2025-12-05,signal_horizon,9,0,ISRG,short,-0.02,0.02,equal_weight,1.0,-0.02,0.0017553064555989,Health Care,,
2025-11-20,2025-11-21,2025-12-05,signal_horizon,9,0,LIN,short,-0.02,0.02,equal_weight,1.0,-0.02,0.0018934094252225,Materials,,
2025-11-20,2025-11-21,2025-12-05,signal_horizon,9,0,BRK-B,short,-0.02,0.02,equal_weight,1.0,-0.02,0.0019298038452318,Financials,,
2025-11-20,2025-11-21,2025-12-05,signal_horizon,9,0,EA,short,-0.02,0.02,equal_weight,1.0,-0.02,0.0019767183176201,Communication Services,,
2025-11-20,2025-11-21,2025-12-05,signal_horizon,9,0,CVX,short,-0.02,0.02,equal_weight,1.0,-0.02,0.0021784548298106,Energy,,
2025-11-20,2025-11-21,2025-12-05,signal_horizon,9,0,AXP,short,-0.02,0.02,equal_weight,1.0,-0.02,0.0022230438619153,Financials,,
2025-11-20,2025-11-21,2025-12-05,signal_horizon,9,0,PEP,short,-0.02,0.02,equal_weight,1.0,-0.02,0.0022390567950309,Consumer Staples,,
2025-11-20,2025-11-21,2025-12-05,signal_horizon,9,0,UPS,short,-0.02,0.02,equal_weight,1.0,-0.02,0.002316824587674,Industrials,,
2025-11-20,2025-11-21,2025-12-05,signal_horizon,9,0,RTX,short,-0.02,0.02,equal_weight,1.0,-0.02,0.0025426514951003,Industrials,,
2025-11-20,2025-11-21,2025-12-05,signal_horizon,9,0,COP,short,-0.02,0.02,equal_weight,1.0,-0.02,0.0026258985247861,Energy,,
2025-11-20,2025-11-21,2025-12-05,signal_horizon,9,0,V,short,-0.02,0.02,equal_weight,1.0,-0.02,0.0026307306251324,Unknown,,
2025-11-20,2025-11-21,2025-12-05,signal_horizon,9,0,KO,short,-0.02,0.02,equal_weight,1.0,-0.02,0.0026441183566586,Consumer Staples,,
2025-11-20,2025-11-21,2025-12-05,signal_horizon,9,0,GWW,short,-0.02,0.02,equal_weight,1.0,-0.02,0.0026746710904191,Industrials,,
2025-11-20,2025-11-21,2025-12-05,signal_horizon,9,0,COST,short,-0.02,0.02,equal_weight,1.0,-0.02,0.0027448628732616,Consumer Staples,,
2025-11-20,2025-11-21,2025-12-05,signal_horizon,9,0,PG,short,-0.02,0.02,equal_weight,1.0,-0.02,0.00276689253607,Consumer Staples,,
2025-11-20,2025-11-21,2025-12-05,signal_horizon,9,0,JPM,short,-0.02,0.02,equal_weight,1.0,-0.02,0.0028683025279817,Financials,,
2025-11-20,2025-11-21,2025-12-05,signal_horizon,9,0,HON,short,-0.02,0.02,equal_weight,1.0,-0.02,0.0029016756156766,Industrials,,
2025-11-20,2025-11-21,2025-12-05,signal_horizon,9,0,AMT,short,-0.02,0.02,equal_weight,1.0,-0.02,0.0030977003877286,Real Estate,,
2025-11-20,2025-11-21,2025-12-05,signal_horizon,9,0,SO,short,-0.02,0.02,equal_weight,1.0,-0.02,0.0031424103577256,Unknown,,
2025-11-20,2025-11-21,2025-12-05,signal_horizon,9,0,BAC,short,-0.02,0.02,equal_weight,1.0,-0.02,0.0032957863540275,Financials,,
2025-11-20,2025-11-21,2025-12-05,signal_horizon,9,0,WMT,short,-0.02,0.02,equal_weight,1.0,-0.02,0.0033886427956019,Consumer Staples,,
2025-11-20,2025-11-21,2025-12-05,signal_horizon,9,0,ATO,short,-0.02,0.02,equal_weight,1.0,-0.02,0.003464319698913,Utilities,,
2025-11-20,2025-11-21,2025-12-05,signal_horizon,9,0,BLK,short,-0.02,0.02,equal_weight,1.0,-0.02,0.003482596925946,Financials,,
2025-11-20,2025-11-21,2025-12-05,signal_horizon,9,0,CL,short,-0.02,0.02,equal_weight,1.0,-0.02,0.003847331890127,Consumer Staples,,
2025-11-20,2025-11-21,2025-12-05,signal_horizon,9,0,VRTX,short,-0.02,0.02,equal_weight,1.0,-0.02,0.0039432107185482,Unknown,,
2025-11-20,2025-11-21,2025-12-05,signal_horizon,9,0,TGT,short,-0.02,0.02,equal_weight,1.0,-0.02,0.0041905855202066,Unknown,,
2025-11-20,2025-11-21,2025-12-05,signal_horizon,9,0,MDLZ,short,-0.02,0.02,equal_weight,1.0,-0.02,0.0047669093543477,Consumer Staples,,
2025-12-05,2025-12-08,2025-12-19,signal_horizon,9,0,CVNA,long,0.02,0.02,equal_weight,1.0,0.02,0.0208632728560067,Consumer Discretionary,,
2025-12-05,2025-12-08,2025-12-19,signal_horizon,9,0,HOOD,long,0.02,0.02,equal_weight,1.0,0.02,0.0207269118960347,Financials,,
2025-12-05,2025-12-08,2025-12-19,signal_horizon,9,0,APP,long,0.02,0.02,equal_weight,1.0,0.02,0.0199128688113097,Information Technology,,
2025-12-05,2025-12-08,2025-12-19,signal_horizon,9,0,ADI,long,0.02,0.02,equal_weight,1.0,0.02,0.018175337572907,Unknown,,
2025-12-05,2025-12-08,2025-12-19,signal_horizon,9,0,INTC,long,0.02,0.02,equal_weight,1.0,0.02,0.0178810175217774,Information Technology,,
2025-12-05,2025-12-08,2025-12-19,signal_horizon,9,0,DAL,long,0.02,0.02,equal_weight,1.0,0.02,0.017117862105606,Industrials,,
2025-12-05,2025-12-08,2025-12-19,signal_horizon,9,0,NEM,long,0.02,0.02,equal_weight,1.0,0.02,0.0161400954407773,Unknown,,
2025-12-05,2025-12-08,2025-12-19,signal_horizon,9,0,MCHP,long,0.02,0.02,equal_weight,1.0,0.02,0.016114810513619,Information Technology,,
2025-12-05,2025-12-08,2025-12-19,signal_horizon,9,0,DASH,long,0.02,0.02,equal_weight,1.0,0.02,0.0160491973355954,Consumer Discretionary,,
2025-12-05,2025-12-08,2025-12-19,signal_horizon,9,0,VRT,long,0.02,0.02,equal_weight,1.0,0.02,0.01543936100438,Industrials,,
2025-12-05,2025-12-08,2025-12-19,signal_horizon,9,0,GEHC,long,0.02,0.02,equal_weight,1.0,0.02,0.0150411388903019,Health Care,,
2025-12-05,2025-12-08,2025-12-19,signal_horizon,9,0,HPE,long,0.02,0.02,equal_weight,1.0,0.02,0.0149510333459742,Information Technology,,
2025-12-05,2025-12-08,2025-12-19,signal_horizon,9,0,ODFL,long,0.02,0.02,equal_weight,1.0,0.02,0.0145446503444588,Industrials,,
2025-12-05,2025-12-08,2025-12-19,signal_horizon,9,0,NRG,long,0.02,0.02,equal_weight,1.0,0.02,0.0145003274684909,Utilities,,
2025-12-05,2025-12-08,2025-12-19,signal_horizon,9,0,TER,long,0.02,0.02,equal_weight,1.0,0.02,0.0144444355191412,Information Technology,,
2025-12-05,2025-12-08,2025-12-19,signal_horizon,9,0,DHI,long,0.02,0.02,equal_weight,1.0,0.02,0.0143589692920985,Consumer Discretionary,,
2025-12-05,2025-12-08,2025-12-19,signal_horizon,9,0,KEYS,long,0.02,0.02,equal_weight,1.0,0.02,0.014283289173674,Information Technology,,
2025-12-05,2025-12-08,2025-12-19,signal_horizon,9,0,GEV,long,0.02,0.02,equal_weight,1.0,0.02,0.0142540803824811,Industrials,,
2025-12-05,2025-12-08,2025-12-19,signal_horizon,9,0,FCX,long,0.02,0.02,equal_weight,1.0,0.02,0.0141033148681958,Materials,,
2025-12-05,2025-12-08,2025-12-19,signal_horizon,9,0,CMG,long,0.02,0.02,equal_weight,1.0,0.02,0.014082421560615,Consumer Discretionary,,
2025-12-05,2025-12-08,2025-12-19,signal_horizon,9,0,SNDK,long,0.02,0.02,equal_weight,1.0,0.02,0.0139936544215357,Information Technology,,
2025-12-05,2025-12-08,2025-12-19,signal_horizon,9,0,VST,long,0.02,0.02,equal_weight,1.0,0.02,0.0138362109623503,Utilities,,
2025-12-05,2025-12-08,2025-12-19,signal_horizon,9,0,DVN,long,0.02,0.02,equal_weight,1.0,0.02,0.0133509462442423,Energy,,
2025-12-05,2025-12-08,2025-12-19,signal_horizon,9,0,HSY,long,0.02,0.02,equal_weight,1.0,0.02,0.013170845177981,Consumer Staples,,
2025-12-05,2025-12-08,2025-12-19,signal_horizon,9,0,SATS,long,0.02,0.02,equal_weight,1.0,0.02,0.0126341020322166,Communication Services,,
2025-12-05,2025-12-08,2025-12-19,signal_horizon,9,0,DELL,long,0.02,0.02,equal_weight,1.0,0.02,0.0124740695689817,Unknown,,
2025-12-05,2025-12-08,2025-12-19,signal_horizon,9,0,FANG,long,0.02,0.02,equal_weight,1.0,0.02,0.0123849397052379,Energy,,
2025-12-05,2025-12-08,2025-12-19,signal_horizon,9,0,XYZ,long,0.02,0.02,equal_weight,1.0,0.02,0.0123521968678243,Financials,,
2025-12-05,2025-12-08,2025-12-19,signal_horizon,9,0,MRK,long,0.02,0.02,equal_weight,1.0,0.02,0.0123197890834198,Health Care,,
2025-12-05,2025-12-08,2025-12-19,signal_horizon,9,0,PCAR,long,0.02,0.02,equal_weight,1.0,0.02,0.0123043101619926,Industrials,,
2025-12-05,2025-12-08,2025-12-19,signal_horizon,9,0,COIN,long,0.02,0.02,equal_weight,1.0,0.02,0.0122919147525736,Financials,,
2025-12-05,2025-12-08,2025-12-19,signal_horizon,9,0,NFLX,long,0.02,0.02,equal_weight,1.0,0.02,0.0120622151553433,Communication Services,,
2025-12-05,2025-12-08,2025-12-19,signal_horizon,9,0,IRM,long,0.02,0.02,equal_weight,1.0,0.02,0.0118750000270282,Real Estate,,
2025-12-05,2025-12-08,2025-12-19,signal_horizon,9,0,SYY,long,0.02,0.02,equal_weight,1.0,0.02,0.011872320718993,Consumer Staples,,
2025-12-05,2025-12-08,2025-12-19,signal_horizon,9,0,APO,long,0.02,0.02,equal_weight,1.0,0.02,0.0117547923379547,Financials,,
2025-12-05,2025-12-08,2025-12-19,signal_horizon,9,0,FITB,long,0.02,0.02,equal_weight,1.0,0.02,0.0117357779567097,Financials,,
2025-12-05,2025-12-08,2025-12-19,signal_horizon,9,0,HBAN,long,0.02,0.02,equal_weight,1.0,0.02,0.0116868010111539,Financials,,
2025-12-05,2025-12-08,2025-12-19,signal_horizon,9,0,LRCX,long,0.02,0.02,equal_weight,1.0,0.02,0.0116129734669183,Unknown,,
2025-12-05,2025-12-08,2025-12-19,signal_horizon,9,0,CEG,long,0.02,0.02,equal_weight,1.0,0.02,0.0115394316801348,Unknown,,
2025-12-05,2025-12-08,2025-12-19,signal_horizon,9,0,WMT,long,0.02,0.02,equal_weight,1.0,0.02,0.0114868755253956,Consumer Staples,,
2025-12-05,2025-12-08,2025-12-19,signal_horizon,9,0,MNST,long,0.02,0.02,equal_weight,1.0,0.02,0.0113947827538477,Consumer Staples,,
2025-12-05,2025-12-08,2025-12-19,signal_horizon,9,0,WAB,long,0.02,0.02,equal_weight,1.0,0.02,0.0113935617657399,Industrials,,
2025-12-05,2025-12-08,2025-12-19,signal_horizon,9,0,LHX,long,0.02,0.02,equal_weight,1.0,0.02,0.0113388599966489,Industrials,,
2025-12-05,2025-12-08,2025-12-19,signal_horizon,9,0,USB,long,0.02,0.02,equal_weight,1.0,0.02,0.0111216731698969,Financials,,
2025-12-05,2025-12-08,2025-12-19,signal_horizon,9,0,BMY,long,0.02,0.02,equal_weight,1.0,0.02,0.0110615655358621,Health Care,,
2025-12-05,2025-12-08,2025-12-19,signal_horizon,9,0,ADM,long,0.02,0.02,equal_weight,1.0,0.02,0.0110412316108654,Consumer Staples,,
2025-12-05,2025-12-08,2025-12-19,signal_horizon,9,0,ELV,long,0.02,0.02,equal_weight,1.0,0.02,0.0106415144387821,Health Care,,
2025-12-05,2025-12-08,2025-12-19,signal_horizon,9,0,KDP,long,0.02,0.02,equal_weight,1.0,0.02,0.0104343595029927,Consumer Staples,,
2025-12-05,2025-12-08,2025-12-19,signal_horizon,9,0,HAL,long,0.02,0.02,equal_weight,1.0,0.02,0.0104194881918733,Energy,,
2025-12-05,2025-12-08,2025-12-19,signal_horizon,9,0,MDLZ,long,0.02,0.02,equal_weight,1.0,0.02,0.0098683114085813,Consumer Staples,,
2025-12-05,2025-12-08,2025-12-19,signal_horizon,9,0,INTU,short,-0.02,0.02,equal_weight,1.0,-0.02,0.001675808374896,Information Technology,,
2025-12-05,2025-12-08,2025-12-19,signal_horizon,9,0,BRK-B,short,-0.02,0.02,equal_weight,1.0,-0.02,0.0016774273340655,Financials,,
2025-12-05,2025-12-08,2025-12-19,signal_horizon,9,0,MA,short,-0.02,0.02,equal_weight,1.0,-0.02,0.0023318428322031,Financials,,
2025-12-05,2025-12-08,2025-12-19,signal_horizon,9,0,ADP,short,-0.02,0.02,equal_weight,1.0,-0.02,0.00281762251551,Information Technology,,
2025-12-05,2025-12-08,2025-12-19,signal_horizon,9,0,SPGI,short,-0.02,0.02,equal_weight,1.0,-0.02,0.0028222896283729,Financials,,
2025-12-05,2025-12-08,2025-12-19,signal_horizon,9,0,DE,short,-0.02,0.02,equal_weight,1.0,-0.02,0.002916656055047,Industrials,,
2025-12-05,2025-12-08,2025-12-19,signal_horizon,9,0,IBM,short,-0.02,0.02,equal_weight,1.0,-0.02,0.0029611503315056,Information Technology,,
2025-12-05,2025-12-08,2025-12-19,signal_horizon,9,0,AAPL,short,-0.02,0.02,equal_weight,1.0,-0.02,0.0030845198195377,Information Technology,,
2025-12-05,2025-12-08,2025-12-19,signal_horizon,9,0,WDAY,short,-0.02,0.02,equal_weight,1.0,-0.02,0.00308966417263,Information Technology,,
2025-12-05,2025-12-08,2025-12-19,signal_horizon,9,0,ADSK,short,-0.02,0.02,equal_weight,1.0,-0.02,0.0031019867495854,Information Technology,,
2025-12-05,2025-12-08,2025-12-19,signal_horizon,9,0,MCD,short,-0.02,0.02,equal_weight,1.0,-0.02,0.0031785812148365,Consumer Discretionary,,
2025-12-05,2025-12-08,2025-12-19,signal_horizon,9,0,MSI,short,-0.02,0.02,equal_weight,1.0,-0.02,0.0032321239930788,Information Technology,,
2025-12-05,2025-12-08,2025-12-19,signal_horizon,9,0,PLD,short,-0.02,0.02,equal_weight,1.0,-0.02,0.003729783983219,Unknown,,
2025-12-05,2025-12-08,2025-12-19,signal_horizon,9,0,KO,short,-0.02,0.02,equal_weight,1.0,-0.02,0.0038476695803268,Consumer Staples,,
2025-12-05,2025-12-08,2025-12-19,signal_horizon,9,0,ATO,short,-0.02,0.02,equal_weight,1.0,-0.02,0.0038696679807068,Utilities,,
2025-12-05,2025-12-08,2025-12-19,signal_horizon,9,0,SHW,short,-0.02,0.02,equal_weight,1.0,-0.02,0.0040463180077736,Materials,,
2025-12-05,2025-12-08,2025-12-19,signal_horizon,9,0,TJX,short,-0.02,0.02,equal_weight,1.0,-0.02,0.0040943681923085,Consumer Discretionary,,
2025-12-05,2025-12-08,2025-12-19,signal_horizon,9,0,EA,short,-0.02,0.02,equal_weight,1.0,-0.02,0.0041857653837931,Communication Services,,
2025-12-05,2025-12-08,2025-12-19,signal_horizon,9,0,TMO,short,-0.02,0.02,equal_weight,1.0,-0.02,0.0042038523026663,Health Care,,
2025-12-05,2025-12-08,2025-12-19,signal_horizon,9,0,COST,short,-0.02,0.02,equal_weight,1.0,-0.02,0.0043599471398347,Consumer Staples,,
2025-12-05,2025-12-08,2025-12-19,signal_horizon,9,0,AMZN,short,-0.02,0.02,equal_weight,1.0,-0.02,0.0044207629854553,Consumer Discretionary,,
2025-12-05,2025-12-08,2025-12-19,signal_horizon,9,0,CVX,short,-0.02,0.02,equal_weight,1.0,-0.02,0.0046383657110684,Energy,,
2025-12-05,2025-12-08,2025-12-19,signal_horizon,9,0,HON,short,-0.02,0.02,equal_weight,1.0,-0.02,0.0046656351926957,Industrials,,
2025-12-05,2025-12-08,2025-12-19,signal_horizon,9,0,SLB,short,-0.02,0.02,equal_weight,1.0,-0.02,0.0048637693898843,Energy,,
2025-12-05,2025-12-08,2025-12-19,signal_horizon,9,0,V,short,-0.02,0.02,equal_weight,1.0,-0.02,0.0048850842157986,Unknown,,
2025-12-05,2025-12-08,2025-12-19,signal_horizon,9,0,YUM,short,-0.02,0.02,equal_weight,1.0,-0.02,0.0049653674993175,Consumer Discretionary,,
2025-12-05,2025-12-08,2025-12-19,signal_horizon,9,0,WFC,short,-0.02,0.02,equal_weight,1.0,-0.02,0.0049875265107212,Financials,,
2025-12-05,2025-12-08,2025-12-19,signal_horizon,9,0,DIS,short,-0.02,0.02,equal_weight,1.0,-0.02,0.0049904334342161,Communication Services,,
2025-12-05,2025-12-08,2025-12-19,signal_horizon,9,0,XOM,short,-0.02,0.02,equal_weight,1.0,-0.02,0.0050832734064278,Energy,,
2025-12-05,2025-12-08,2025-12-19,signal_horizon,9,0,MMM,short,-0.02,0.02,equal_weight,1.0,-0.02,0.0052586729266409,Industrials,,
2025-12-05,2025-12-08,2025-12-19,signal_horizon,9,0,PEP,short,-0.02,0.02,equal_weight,1.0,-0.02,0.0052896673182833,Consumer Staples,,
2025-12-05,2025-12-08,2025-12-19,signal_horizon,9,0,BAC,short,-0.02,0.02,equal_weight,1.0,-0.02,0.005319430357503,Financials,,
2025-12-05,2025-12-08,2025-12-19,signal_horizon,9,0,COR,short,-0.02,0.02,equal_weight,1.0,-0.02,0.0053839047294506,Health Care,,
2025-12-05,2025-12-08,2025-12-19,signal_horizon,9,0,SRE,short,-0.02,0.02,equal_weight,1.0,-0.02,0.0055914201132401,Utilities,,
2025-12-05,2025-12-08,2025-12-19,signal_horizon,9,0,BSX,short,-0.02,0.02,equal_weight,1.0,-0.02,0.0055962481107838,Unknown,,
2025-12-05,2025-12-08,2025-12-19,signal_horizon,9,0,GE,short,-0.02,0.02,equal_weight,1.0,-0.02,0.0056052977430765,Industrials,,
2025-12-05,2025-12-08,2025-12-19,signal_horizon,9,0,TT,short,-0.02,0.02,equal_weight,1.0,-0.02,0.005689119691225,Industrials,,
2025-12-05,2025-12-08,2025-12-19,signal_horizon,9,0,CAT,short,-0.02,0.02,equal_weight,1.0,-0.02,0.0057600916580785,Industrials,,
2025-12-05,2025-12-08,2025-12-19,signal_horizon,9,0,MCK,short,-0.02,0.02,equal_weight,1.0,-0.02,0.0057648092803423,Unknown,,
2025-12-05,2025-12-08,2025-12-19,signal_horizon,9,0,AFL,short,-0.02,0.02,equal_weight,1.0,-0.02,0.0057747668172191,Financials,,
2025-12-05,2025-12-08,2025-12-19,signal_horizon,9,0,ITW,short,-0.02,0.02,equal_weight,1.0,-0.02,0.0057951965677957,Industrials,,
2025-12-05,2025-12-08,2025-12-19,signal_horizon,9,0,CAH,short,-0.02,0.02,equal_weight,1.0,-0.02,0.00582598627802,Health Care,,
2025-12-05,2025-12-08,2025-12-19,signal_horizon,9,0,CB,short,-0.02,0.02,equal_weight,1.0,-0.02,0.0058966987632068,Unknown,,
2025-12-05,2025-12-08,2025-12-19,signal_horizon,9,0,ISRG,short,-0.02,0.02,equal_weight,1.0,-0.02,0.0059126168403421,Health Care,,
2025-12-05,2025-12-08,2025-12-19,signal_horizon,9,0,JPM,short,-0.02,0.02,equal_weight,1.0,-0.02,0.0059246224535401,Financials,,
2025-12-05,2025-12-08,2025-12-19,signal_horizon,9,0,AMT,short,-0.02,0.02,equal_weight,1.0,-0.02,0.0061347026848834,Real Estate,,
2025-12-05,2025-12-08,2025-12-19,signal_horizon,9,0,KR,short,-0.02,0.02,equal_weight,1.0,-0.02,0.0064997988245338,Consumer Staples,,
2025-12-05,2025-12-08,2025-12-19,signal_horizon,9,0,PG,short,-0.02,0.02,equal_weight,1.0,-0.02,0.0071276142266813,Consumer Staples,,
2025-12-05,2025-12-08,2025-12-19,signal_horizon,9,0,PM,short,-0.02,0.02,equal_weight,1.0,-0.02,0.0071278013303023,Consumer Staples,,
2025-12-05,2025-12-08,2025-12-19,signal_horizon,9,0,KMB,short,-0.02,0.02,equal_weight,1.0,-0.02,0.0078290618013049,Consumer Staples,,
2025-12-19,2025-12-22,2026-01-06,signal_horizon,9,0,LITE,long,0.02,0.02,equal_weight,1.0,0.02,0.0186199020426667,Information Technology,,
2025-12-19,2025-12-22,2026-01-06,signal_horizon,9,0,COHR,long,0.02,0.02,equal_weight,1.0,0.02,0.0162272270198668,Information Technology,,
2025-12-19,2025-12-22,2026-01-06,signal_horizon,9,0,HOOD,long,0.02,0.02,equal_weight,1.0,0.02,0.0116235934683812,Financials,,
2025-12-19,2025-12-22,2026-01-06,signal_horizon,9,0,MCHP,long,0.02,0.02,equal_weight,1.0,0.02,0.0114128677458421,Information Technology,,
2025-12-19,2025-12-22,2026-01-06,signal_horizon,9,0,DASH,long,0.02,0.02,equal_weight,1.0,0.02,0.0102240732323592,Consumer Discretionary,,
2025-12-19,2025-12-22,2026-01-06,signal_horizon,9,0,ODFL,long,0.02,0.02,equal_weight,1.0,0.02,0.01002988377748,Industrials,,
2025-12-19,2025-12-22,2026-01-06,signal_horizon,9,0,DELL,long,0.02,0.02,equal_weight,1.0,0.02,0.0095744872072498,Unknown,,
2025-12-19,2025-12-22,2026-01-06,signal_horizon,9,0,GEV,long,0.02,0.02,equal_weight,1.0,0.02,0.0093773845348382,Industrials,,
2025-12-19,2025-12-22,2026-01-06,signal_horizon,9,0,VST,long,0.02,0.02,equal_weight,1.0,0.02,0.0093464794433623,Utilities,,
2025-12-19,2025-12-22,2026-01-06,signal_horizon,9,0,SATS,long,0.02,0.02,equal_weight,1.0,0.02,0.0089462225720478,Communication Services,,
2025-12-19,2025-12-22,2026-01-06,signal_horizon,9,0,CIEN,long,0.02,0.02,equal_weight,1.0,0.02,0.0088695991028512,Information Technology,,
2025-12-19,2025-12-22,2026-01-06,signal_horizon,9,0,CCL,long,0.02,0.02,equal_weight,1.0,0.02,0.0087890987422528,Consumer Discretionary,,
2025-12-19,2025-12-22,2026-01-06,signal_horizon,9,0,RCL,long,0.02,0.02,equal_weight,1.0,0.02,0.0087757515223623,Consumer Discretionary,,
2025-12-19,2025-12-22,2026-01-06,signal_horizon,9,0,XYZ,long,0.02,0.02,equal_weight,1.0,0.02,0.0086474476018283,Financials,,
2025-12-19,2025-12-22,2026-01-06,signal_horizon,9,0,APP,long,0.02,0.02,equal_weight,1.0,0.02,0.0083579029582547,Information Technology,,
2025-12-19,2025-12-22,2026-01-06,signal_horizon,9,0,CMG,long,0.02,0.02,equal_weight,1.0,0.02,0.0079794440592374,Consumer Discretionary,,
2025-12-19,2025-12-22,2026-01-06,signal_horizon,9,0,LYV,long,0.02,0.02,equal_weight,1.0,0.02,0.0077536332264971,Communication Services,,
2025-12-19,2025-12-22,2026-01-06,signal_horizon,9,0,IRM,long,0.02,0.02,equal_weight,1.0,0.02,0.0074590114815803,Real Estate,,
2025-12-19,2025-12-22,2026-01-06,signal_horizon,9,0,CEG,long,0.02,0.02,equal_weight,1.0,0.02,0.0074149994393769,Unknown,,
2025-12-19,2025-12-22,2026-01-06,signal_horizon,9,0,VRT,long,0.02,0.02,equal_weight,1.0,0.02,0.0073917458506131,Industrials,,
2025-12-19,2025-12-22,2026-01-06,signal_horizon,9,0,FCX,long,0.02,0.02,equal_weight,1.0,0.02,0.0073248791196259,Materials,,
2025-12-19,2025-12-22,2026-01-06,signal_horizon,9,0,INTC,long,0.02,0.02,equal_weight,1.0,0.02,0.007084983181014,Information Technology,,
2025-12-19,2025-12-22,2026-01-06,signal_horizon,9,0,COIN,long,0.02,0.02,equal_weight,1.0,0.02,0.0069571142885203,Financials,,
2025-12-19,2025-12-22,2026-01-06,signal_horizon,9,0,HPE,long,0.02,0.02,equal_weight,1.0,0.02,0.0067812997072713,Information Technology,,
2025-12-19,2025-12-22,2026-01-06,signal_horizon,9,0,BA,long,0.02,0.02,equal_weight,1.0,0.02,0.0066437889798924,Industrials,,
2025-12-19,2025-12-22,2026-01-06,signal_horizon,9,0,AIG,long,0.02,0.02,equal_weight,1.0,0.02,0.0063930936052189,Financials,,
2025-12-19,2025-12-22,2026-01-06,signal_horizon,9,0,EME,long,0.02,0.02,equal_weight,1.0,0.02,0.0061169223137735,Industrials,,
2025-12-19,2025-12-22,2026-01-06,signal_horizon,9,0,NEM,long,0.02,0.02,equal_weight,1.0,0.02,0.0060550602070218,Unknown,,
2025-12-19,2025-12-22,2026-01-06,signal_horizon,9,0,HBAN,long,0.02,0.02,equal_weight,1.0,0.02,0.0056780253828587,Financials,,
2025-12-19,2025-12-22,2026-01-06,signal_horizon,9,0,GEHC,long,0.02,0.02,equal_weight,1.0,0.02,0.0056455030120987,Health Care,,
2025-12-19,2025-12-22,2026-01-06,signal_horizon,9,0,ADM,long,0.02,0.02,equal_weight,1.0,0.02,0.0054453793170179,Consumer Staples,,
2025-12-19,2025-12-22,2026-01-06,signal_horizon,9,0,CMCSA,long,0.02,0.02,equal_weight,1.0,0.02,0.0052954385248708,Unknown,,
2025-12-19,2025-12-22,2026-01-06,signal_horizon,9,0,FITB,long,0.02,0.02,equal_weight,1.0,0.02,0.0052671595749206,Financials,,
2025-12-19,2025-12-22,2026-01-06,signal_horizon,9,0,TPL,long,0.02,0.02,equal_weight,1.0,0.02,0.0052477784088752,Energy,,
2025-12-19,2025-12-22,2026-01-06,signal_horizon,9,0,ELV,long,0.02,0.02,equal_weight,1.0,0.02,0.0051987697795258,Health Care,,
2025-12-19,2025-12-22,2026-01-06,signal_horizon,9,0,AXON,long,0.02,0.02,equal_weight,1.0,0.02,0.0051678759472718,Industrials,,
2025-12-19,2025-12-22,2026-01-06,signal_horizon,9,0,SYY,long,0.02,0.02,equal_weight,1.0,0.02,0.0050036813331684,Consumer Staples,,
2025-12-19,2025-12-22,2026-01-06,signal_horizon,9,0,EQT,long,0.02,0.02,equal_weight,1.0,0.02,0.0049514822879256,Energy,,
2025-12-19,2025-12-22,2026-01-06,signal_horizon,9,0,MET,long,0.02,0.02,equal_weight,1.0,0.02,0.0049193144767445,Financials,,
2025-12-19,2025-12-22,2026-01-06,signal_horizon,9,0,TGT,long,0.02,0.02,equal_weight,1.0,0.02,0.0047948965182346,Unknown,,
2025-12-19,2025-12-22,2026-01-06,signal_horizon,9,0,PWR,long,0.02,0.02,equal_weight,1.0,0.02,0.0047581087519718,Industrials,,
2025-12-19,2025-12-22,2026-01-06,signal_horizon,9,0,BMY,long,0.02,0.02,equal_weight,1.0,0.02,0.004682239279657,Health Care,,
2025-12-19,2025-12-22,2026-01-06,signal_horizon,9,0,KMB,long,0.02,0.02,equal_weight,1.0,0.02,0.0046779352829244,Consumer Staples,,
2025-12-19,2025-12-22,2026-01-06,signal_horizon,9,0,NRG,long,0.02,0.02,equal_weight,1.0,0.02,0.0044936325609825,Utilities,,
2025-12-19,2025-12-22,2026-01-06,signal_horizon,9,0,RMD,long,0.02,0.02,equal_weight,1.0,0.02,0.0044732731141661,Health Care,,
2025-12-19,2025-12-22,2026-01-06,signal_horizon,9,0,HSY,long,0.02,0.02,equal_weight,1.0,0.02,0.0042475763817996,Consumer Staples,,
2025-12-19,2025-12-22,2026-01-06,signal_horizon,9,0,KMI,long,0.02,0.02,equal_weight,1.0,0.02,0.0036768310333023,Energy,,
2025-12-19,2025-12-22,2026-01-06,signal_horizon,9,0,KR,long,0.02,0.02,equal_weight,1.0,0.02,0.0035737645027657,Consumer Staples,,
2025-12-19,2025-12-22,2026-01-06,signal_horizon,9,0,CL,long,0.02,0.02,equal_weight,1.0,0.02,0.0024581431835961,Consumer Staples,,
2025-12-19,2025-12-22,2026-01-06,signal_horizon,9,0,PG,long,0.02,0.02,equal_weight,1.0,0.02,0.0024491640204012,Consumer Staples,,
2025-12-19,2025-12-22,2026-01-06,signal_horizon,9,0,CSCO,short,-0.02,0.02,equal_weight,1.0,-0.02,-0.0074265032036318,Information Technology,,
2025-12-19,2025-12-22,2026-01-06,signal_horizon,9,0,TJX,short,-0.02,0.02,equal_weight,1.0,-0.02,-0.0047576823861375,Consumer Discretionary,,
2025-12-19,2025-12-22,2026-01-06,signal_horizon,9,0,IBM,short,-0.02,0.02,equal_weight,1.0,-0.02,-0.0043809441745804,Information Technology,,
2025-12-19,2025-12-22,2026-01-06,signal_horizon,9,0,ROP,short,-0.02,0.02,equal_weight,1.0,-0.02,-0.0040462113167156,Information Technology,,
2025-12-19,2025-12-22,2026-01-06,signal_horizon,9,0,AAPL,short,-0.02,0.02,equal_weight,1.0,-0.02,-0.0039362444341573,Information Technology,,
2025-12-19,2025-12-22,2026-01-06,signal_horizon,9,0,AMZN,short,-0.02,0.02,equal_weight,1.0,-0.02,-0.0038105497498189,Consumer Discretionary,,
2025-12-19,2025-12-22,2026-01-06,signal_horizon,9,0,PH,short,-0.02,0.02,equal_weight,1.0,-0.02,-0.0037828451448628,Unknown,,
2025-12-19,2025-12-22,2026-01-06,signal_horizon,9,0,CTAS,short,-0.02,0.02,equal_weight,1.0,-0.02,-0.0037386032495991,Industrials,,
2025-12-19,2025-12-22,2026-01-06,signal_horizon,9,0,XOM,short,-0.02,0.02,equal_weight,1.0,-0.02,-0.0037298004046406,Energy,,
2025-12-19,2025-12-22,2026-01-06,signal_horizon,9,0,MCD,short,-0.02,0.02,equal_weight,1.0,-0.02,-0.0036968383742538,Consumer Discretionary,,
2025-12-19,2025-12-22,2026-01-06,signal_horizon,9,0,JCI,short,-0.02,0.02,equal_weight,1.0,-0.02,-0.0034211361876469,Unknown,,
2025-12-19,2025-12-22,2026-01-06,signal_horizon,9,0,MPWR,short,-0.02,0.02,equal_weight,1.0,-0.02,-0.0033761160777579,Information Technology,,
2025-12-19,2025-12-22,2026-01-06,signal_horizon,9,0,INTU,short,-0.02,0.02,equal_weight,1.0,-0.02,-0.0031091955074903,Information Technology,,
2025-12-19,2025-12-22,2026-01-06,signal_horizon,9,0,HON,short,-0.02,0.02,equal_weight,1.0,-0.02,-0.0029486355702901,Industrials,,
2025-12-19,2025-12-22,2026-01-06,signal_horizon,9,0,ADSK,short,-0.02,0.02,equal_weight,1.0,-0.02,-0.0029321960982954,Information Technology,,
2025-12-19,2025-12-22,2026-01-06,signal_horizon,9,0,LVS,short,-0.02,0.02,equal_weight,1.0,-0.02,-0.0024283144688366,Consumer Discretionary,,
2025-12-19,2025-12-22,2026-01-06,signal_horizon,9,0,PLD,short,-0.02,0.02,equal_weight,1.0,-0.02,-0.0022803707773448,Unknown,,
2025-12-19,2025-12-22,2026-01-06,signal_horizon,9,0,SPGI,short,-0.02,0.02,equal_weight,1.0,-0.02,-0.0022757771444179,Financials,,
2025-12-19,2025-12-22,2026-01-06,signal_horizon,9,0,SHW,short,-0.02,0.02,equal_weight,1.0,-0.02,-0.0022259379615982,Materials,,
2025-12-19,2025-12-22,2026-01-06,signal_horizon,9,0,WELL,short,-0.02,0.02,equal_weight,1.0,-0.02,-0.0022169879417324,Real Estate,,
2025-12-19,2025-12-22,2026-01-06,signal_horizon,9,0,CVX,short,-0.02,0.02,equal_weight,1.0,-0.02,-0.002140287175871,Energy,,
2025-12-19,2025-12-22,2026-01-06,signal_horizon,9,0,BRK-B,short,-0.02,0.02,equal_weight,1.0,-0.02,-0.0021146136193376,Financials,,
2025-12-19,2025-12-22,2026-01-06,signal_horizon,9,0,EA,short,-0.02,0.02,equal_weight,1.0,-0.02,-0.0018382558531898,Communication Services,,
2025-12-19,2025-12-22,2026-01-06,signal_horizon,9,0,BAC,short,-0.02,0.02,equal_weight,1.0,-0.02,-0.0018190444199152,Financials,,
2025-12-19,2025-12-22,2026-01-06,signal_horizon,9,0,AXP,short,-0.02,0.02,equal_weight,1.0,-0.02,-0.0018158162433029,Financials,,
2025-12-19,2025-12-22,2026-01-06,signal_horizon,9,0,DE,short,-0.02,0.02,equal_weight,1.0,-0.02,-0.0017660368625129,Industrials,,
2025-12-19,2025-12-22,2026-01-06,signal_horizon,9,0,PEP,short,-0.02,0.02,equal_weight,1.0,-0.02,-0.0017424370501184,Consumer Staples,,
2025-12-19,2025-12-22,2026-01-06,signal_horizon,9,0,ISRG,short,-0.02,0.02,equal_weight,1.0,-0.02,-0.0016185580837113,Health Care,,
2025-12-19,2025-12-22,2026-01-06,signal_horizon,9,0,COST,short,-0.02,0.02,equal_weight,1.0,-0.02,-0.0014510783629781,Consumer Staples,,
2025-12-19,2025-12-22,2026-01-06,signal_horizon,9,0,CB,short,-0.02,0.02,equal_weight,1.0,-0.02,-0.0013318539528701,Unknown,,
2025-12-19,2025-12-22,2026-01-06,signal_horizon,9,0,ATO,short,-0.02,0.02,equal_weight,1.0,-0.02,-0.0013128517205967,Utilities,,
2025-12-19,2025-12-22,2026-01-06,signal_horizon,9,0,MCO,short,-0.02,0.02,equal_weight,1.0,-0.02,-0.0012318970994434,Financials,,
2025-12-19,2025-12-22,2026-01-06,signal_horizon,9,0,KO,short,-0.02,0.02,equal_weight,1.0,-0.02,-0.0011946887371684,Consumer Staples,,
2025-12-19,2025-12-22,2026-01-06,signal_horizon,9,0,VZ,short,-0.02,0.02,equal_weight,1.0,-0.02,-0.0011559249202705,Communication Services,,
2025-12-19,2025-12-22,2026-01-06,signal_horizon,9,0,KVUE,short,-0.02,0.02,equal_weight,1.0,-0.02,-0.0010039637325781,Consumer Staples,,
2025-12-19,2025-12-22,2026-01-06,signal_horizon,9,0,GD,short,-0.02,0.02,equal_weight,1.0,-0.02,-0.0008740628055748,Unknown,,
2025-12-19,2025-12-22,2026-01-06,signal_horizon,9,0,JNJ,short,-0.02,0.02,equal_weight,1.0,-0.02,-0.0008088719368119,Health Care,,
2025-12-19,2025-12-22,2026-01-06,signal_horizon,9,0,JPM,short,-0.02,0.02,equal_weight,1.0,-0.02,-0.0007991603763247,Financials,,
2025-12-19,2025-12-22,2026-01-06,signal_horizon,9,0,UPS,short,-0.02,0.02,equal_weight,1.0,-0.02,-0.000717400237904,Industrials,,
2025-12-19,2025-12-22,2026-01-06,signal_horizon,9,0,ITW,short,-0.02,0.02,equal_weight,1.0,-0.02,-0.0007152615264953,Industrials,,
2025-12-19,2025-12-22,2026-01-06,signal_horizon,9,0,NEE,short,-0.02,0.02,equal_weight,1.0,-0.02,-0.0006322119642177,Utilities,,
2025-12-19,2025-12-22,2026-01-06,signal_horizon,9,0,AME,short,-0.02,0.02,equal_weight,1.0,-0.02,-0.0005617071158656,Industrials,,
2025-12-19,2025-12-22,2026-01-06,signal_horizon,9,0,VLO,short,-0.02,0.02,equal_weight,1.0,-0.02,-0.0005211774147242,Energy,,
2025-12-19,2025-12-22,2026-01-06,signal_horizon,9,0,GE,short,-0.02,0.02,equal_weight,1.0,-0.02,-0.0004566601930992,Industrials,,
2025-12-19,2025-12-22,2026-01-06,signal_horizon,9,0,AMGN,short,-0.02,0.02,equal_weight,1.0,-0.02,-0.0003842285445496,Health Care,,
2025-12-19,2025-12-22,2026-01-06,signal_horizon,9,0,GS,short,-0.02,0.02,equal_weight,1.0,-0.02,-0.0003483061199248,Financials,,
2025-12-19,2025-12-22,2026-01-06,signal_horizon,9,0,TMO,short,-0.02,0.02,equal_weight,1.0,-0.02,-0.0001463051927722,Health Care,,
2025-12-19,2025-12-22,2026-01-06,signal_horizon,9,0,MO,short,-0.02,0.02,equal_weight,1.0,-0.02,0.0001236842316556,Consumer Staples,,
2025-12-19,2025-12-22,2026-01-06,signal_horizon,9,0,MNST,short,-0.02,0.02,equal_weight,1.0,-0.02,0.0010807930505905,Consumer Staples,,
2025-12-19,2025-12-22,2026-01-06,signal_horizon,9,0,KDP,short,-0.02,0.02,equal_weight,1.0,-0.02,0.0016086405111975,Consumer Staples,,
2026-01-06,2026-01-07,2026-01-21,signal_horizon,9,0,SNDK,long,0.02,0.02,equal_weight,1.0,0.02,0.0231022476656796,Information Technology,,
2026-01-06,2026-01-07,2026-01-21,signal_horizon,9,0,LITE,long,0.02,0.02,equal_weight,1.0,0.02,0.02196250035129,Information Technology,,
2026-01-06,2026-01-07,2026-01-21,signal_horizon,9,0,SATS,long,0.02,0.02,equal_weight,1.0,0.02,0.017704369793438,Communication Services,,
2026-01-06,2026-01-07,2026-01-21,signal_horizon,9,0,MU,long,0.02,0.02,equal_weight,1.0,0.02,0.0171647679987554,Information Technology,,
2026-01-06,2026-01-07,2026-01-21,signal_horizon,9,0,CIEN,long,0.02,0.02,equal_weight,1.0,0.02,0.016629848004337,Information Technology,,
2026-01-06,2026-01-07,2026-01-21,signal_horizon,9,0,CCL,long,0.02,0.02,equal_weight,1.0,0.02,0.0118601154747072,Consumer Discretionary,,
2026-01-06,2026-01-07,2026-01-21,signal_horizon,9,0,LRCX,long,0.02,0.02,equal_weight,1.0,0.02,0.011325229993958,Unknown,,
2026-01-06,2026-01-07,2026-01-21,signal_horizon,9,0,VRT,long,0.02,0.02,equal_weight,1.0,0.02,0.0107503157951065,Industrials,,
2026-01-06,2026-01-07,2026-01-21,signal_horizon,9,0,WDC,long,0.02,0.02,equal_weight,1.0,0.02,0.0103639610857863,Information Technology,,
2026-01-06,2026-01-07,2026-01-21,signal_horizon,9,0,HOOD,long,0.02,0.02,equal_weight,1.0,0.02,0.0095123915194273,Financials,,
2026-01-06,2026-01-07,2026-01-21,signal_horizon,9,0,RCL,long,0.02,0.02,equal_weight,1.0,0.02,0.0090899858350787,Consumer Discretionary,,
2026-01-06,2026-01-07,2026-01-21,signal_horizon,9,0,COHR,long,0.02,0.02,equal_weight,1.0,0.02,0.0090002686405533,Information Technology,,
2026-01-06,2026-01-07,2026-01-21,signal_horizon,9,0,GEV,long,0.02,0.02,equal_weight,1.0,0.02,0.0082132971182071,Industrials,,
2026-01-06,2026-01-07,2026-01-21,signal_horizon,9,0,IRM,long,0.02,0.02,equal_weight,1.0,0.02,0.0081747167763403,Real Estate,,
2026-01-06,2026-01-07,2026-01-21,signal_horizon,9,0,XYZ,long,0.02,0.02,equal_weight,1.0,0.02,0.0080826504298646,Financials,,
2026-01-06,2026-01-07,2026-01-21,signal_horizon,9,0,PCG,long,0.02,0.02,equal_weight,1.0,0.02,0.0076444581353452,Utilities,,
2026-01-06,2026-01-07,2026-01-21,signal_horizon,9,0,APH,long,0.02,0.02,equal_weight,1.0,0.02,0.0073801887585561,Unknown,,
2026-01-06,2026-01-07,2026-01-21,signal_horizon,9,0,AIG,long,0.02,0.02,equal_weight,1.0,0.02,0.0068985914046471,Financials,,
2026-01-06,2026-01-07,2026-01-21,signal_horizon,9,0,DELL,long,0.02,0.02,equal_weight,1.0,0.02,0.0067873532848964,Unknown,,
2026-01-06,2026-01-07,2026-01-21,signal_horizon,9,0,AXON,long,0.02,0.02,equal_weight,1.0,0.02,0.0066347346696556,Industrials,,
2026-01-06,2026-01-07,2026-01-21,signal_horizon,9,0,PSX,long,0.02,0.02,equal_weight,1.0,0.02,0.0066102604186641,Energy,,
2026-01-06,2026-01-07,2026-01-21,signal_horizon,9,0,GLW,long,0.02,0.02,equal_weight,1.0,0.02,0.0065942523213556,Information Technology,,
2026-01-06,2026-01-07,2026-01-21,signal_horizon,9,0,NRG,long,0.02,0.02,equal_weight,1.0,0.02,0.0065511549718549,Utilities,,
2026-01-06,2026-01-07,2026-01-21,signal_horizon,9,0,TPL,long,0.02,0.02,equal_weight,1.0,0.02,0.0064952572697111,Energy,,
2026-01-06,2026-01-07,2026-01-21,signal_horizon,9,0,ADM,long,0.02,0.02,equal_weight,1.0,0.02,0.006419662038441,Consumer Staples,,
2026-01-06,2026-01-07,2026-01-21,signal_horizon,9,0,EME,long,0.02,0.02,equal_weight,1.0,0.02,0.0063889211613021,Industrials,,
2026-01-06,2026-01-07,2026-01-21,signal_horizon,9,0,HWM,long,0.02,0.02,equal_weight,1.0,0.02,0.0062394394505549,Industrials,,
2026-01-06,2026-01-07,2026-01-21,signal_horizon,9,0,FCX,long,0.02,0.02,equal_weight,1.0,0.02,0.0062386535226518,Materials,,
2026-01-06,2026-01-07,2026-01-21,signal_horizon,9,0,PWR,long,0.02,0.02,equal_weight,1.0,0.02,0.0059769444765861,Industrials,,
2026-01-06,2026-01-07,2026-01-21,signal_horizon,9,0,NEM,long,0.02,0.02,equal_weight,1.0,0.02,0.0059548072895093,Unknown,,
2026-01-06,2026-01-07,2026-01-21,signal_horizon,9,0,NKE,long,0.02,0.02,equal_weight,1.0,0.02,0.0058676000279002,Consumer Discretionary,,
2026-01-06,2026-01-07,2026-01-21,signal_horizon,9,0,A,long,0.02,0.02,equal_weight,1.0,0.02,0.0055970172913277,Health Care,,
2026-01-06,2026-01-07,2026-01-21,signal_horizon,9,0,SYY,long,0.02,0.02,equal_weight,1.0,0.02,0.0055396750406935,Consumer Staples,,
2026-01-06,2026-01-07,2026-01-21,signal_horizon,9,0,CEG,long,0.02,0.02,equal_weight,1.0,0.02,0.0054851339874194,Unknown,,
2026-01-06,2026-01-07,2026-01-21,signal_horizon,9,0,FITB,long,0.02,0.02,equal_weight,1.0,0.02,0.0052701444805363,Financials,,
2026-01-06,2026-01-07,2026-01-21,signal_horizon,9,0,FIX,long,0.02,0.02,equal_weight,1.0,0.02,0.0051776940348569,Industrials,,
2026-01-06,2026-01-07,2026-01-21,signal_horizon,9,0,EBAY,long,0.02,0.02,equal_weight,1.0,0.02,0.0051219400475281,Consumer Discretionary,,
2026-01-06,2026-01-07,2026-01-21,signal_horizon,9,0,AJG,long,0.02,0.02,equal_weight,1.0,0.02,0.0050673985572701,Financials,,
2026-01-06,2026-01-07,2026-01-21,signal_horizon,9,0,MSCI,long,0.02,0.02,equal_weight,1.0,0.02,0.0050406932224802,Financials,,
2026-01-06,2026-01-07,2026-01-21,signal_horizon,9,0,WBD,long,0.02,0.02,equal_weight,1.0,0.02,0.0050270799858157,Communication Services,,
2026-01-06,2026-01-07,2026-01-21,signal_horizon,9,0,KDP,long,0.02,0.02,equal_weight,1.0,0.02,0.0049502161627461,Consumer Staples,,
2026-01-06,2026-01-07,2026-01-21,signal_horizon,9,0,MET,long,0.02,0.02,equal_weight,1.0,0.02,0.0049014158801473,Financials,,
2026-01-06,2026-01-07,2026-01-21,signal_horizon,9,0,GEHC,long,0.02,0.02,equal_weight,1.0,0.02,0.0048746975746039,Health Care,,
2026-01-06,2026-01-07,2026-01-21,signal_horizon,9,0,ELV,long,0.02,0.02,equal_weight,1.0,0.02,0.0047552208698291,Health Care,,
2026-01-06,2026-01-07,2026-01-21,signal_horizon,9,0,MPC,long,0.02,0.02,equal_weight,1.0,0.02,0.004602656649747,Energy,,
2026-01-06,2026-01-07,2026-01-21,signal_horizon,9,0,BDX,long,0.02,0.02,equal_weight,1.0,0.02,0.0041308674226072,Health Care,,
2026-01-06,2026-01-07,2026-01-21,signal_horizon,9,0,KR,long,0.02,0.02,equal_weight,1.0,0.02,0.0040299601668289,Consumer Staples,,
2026-01-06,2026-01-07,2026-01-21,signal_horizon,9,0,PM,long,0.02,0.02,equal_weight,1.0,0.02,0.0032252477564392,Consumer Staples,,
2026-01-06,2026-01-07,2026-01-21,signal_horizon,9,0,MNST,long,0.02,0.02,equal_weight,1.0,0.02,0.0027485339704752,Consumer Staples,,
2026-01-06,2026-01-07,2026-01-21,signal_horizon,9,0,CL,long,0.02,0.02,equal_weight,1.0,0.02,0.0024639849283648,Consumer Staples,,
2026-01-06,2026-01-07,2026-01-21,signal_horizon,9,0,CSCO,short,-0.02,0.02,equal_weight,1.0,-0.02,-0.0062131102365477,Information Technology,,
2026-01-06,2026-01-07,2026-01-21,signal_horizon,9,0,AAPL,short,-0.02,0.02,equal_weight,1.0,-0.02,-0.0057477465078142,Information Technology,,
2026-01-06,2026-01-07,2026-01-21,signal_horizon,9,0,BRK-B,short,-0.02,0.02,equal_weight,1.0,-0.02,-0.0037803661693158,Financials,,
2026-01-06,2026-01-07,2026-01-21,signal_horizon,9,0,IBM,short,-0.02,0.02,equal_weight,1.0,-0.02,-0.0036841136789405,Information Technology,,
2026-01-06,2026-01-07,2026-01-21,signal_horizon,9,0,MCD,short,-0.02,0.02,equal_weight,1.0,-0.02,-0.0029149626571601,Consumer Discretionary,,
2026-01-06,2026-01-07,2026-01-21,signal_horizon,9,0,MSFT,short,-0.02,0.02,equal_weight,1.0,-0.02,-0.0028262014689711,Information Technology,,
2026-01-06,2026-01-07,2026-01-21,signal_horizon,9,0,APP,short,-0.02,0.02,equal_weight,1.0,-0.02,-0.0026297624847545,Information Technology,,
2026-01-06,2026-01-07,2026-01-21,signal_horizon,9,0,WELL,short,-0.02,0.02,equal_weight,1.0,-0.02,-0.0023495023911415,Real Estate,,
2026-01-06,2026-01-07,2026-01-21,signal_horizon,9,0,FTNT,short,-0.02,0.02,equal_weight,1.0,-0.02,-0.0021409596125883,Information Technology,,
2026-01-06,2026-01-07,2026-01-21,signal_horizon,9,0,TJX,short,-0.02,0.02,equal_weight,1.0,-0.02,-0.0020359761762023,Consumer Discretionary,,
2026-01-06,2026-01-07,2026-01-21,signal_horizon,9,0,CRH,short,-0.02,0.02,equal_weight,1.0,-0.02,-0.0019291711154576,Materials,,
2026-01-06,2026-01-07,2026-01-21,signal_horizon,9,0,TXN,short,-0.02,0.02,equal_weight,1.0,-0.02,-0.0019273183107071,Information Technology,,
2026-01-06,2026-01-07,2026-01-21,signal_horizon,9,0,META,short,-0.02,0.02,equal_weight,1.0,-0.02,-0.001855768511137,Communication Services,,
2026-01-06,2026-01-07,2026-01-21,signal_horizon,9,0,ORLY,short,-0.02,0.02,equal_weight,1.0,-0.02,-0.0014540608653296,Consumer Discretionary,,
2026-01-06,2026-01-07,2026-01-21,signal_horizon,9,0,HD,short,-0.02,0.02,equal_weight,1.0,-0.02,-0.0010626284051113,Consumer Discretionary,,
2026-01-06,2026-01-07,2026-01-21,signal_horizon,9,0,BAC,short,-0.02,0.02,equal_weight,1.0,-0.02,-0.0010449004321832,Financials,,
2026-01-06,2026-01-07,2026-01-21,signal_horizon,9,0,EA,short,-0.02,0.02,equal_weight,1.0,-0.02,-0.000987206082335,Communication Services,,
2026-01-06,2026-01-07,2026-01-21,signal_horizon,9,0,CTAS,short,-0.02,0.02,equal_weight,1.0,-0.02,-0.0009464367710776,Industrials,,
2026-01-06,2026-01-07,2026-01-21,signal_horizon,9,0,AMGN,short,-0.02,0.02,equal_weight,1.0,-0.02,-0.000776153219142,Health Care,,
2026-01-06,2026-01-07,2026-01-21,signal_horizon,9,0,VRTX,short,-0.02,0.02,equal_weight,1.0,-0.02,-0.0007621370885027,Unknown,,
2026-01-06,2026-01-07,2026-01-21,signal_horizon,9,0,ADI,short,-0.02,0.02,equal_weight,1.0,-0.02,-0.0007603392621308,Unknown,,
2026-01-06,2026-01-07,2026-01-21,signal_horizon,9,0,PH,short,-0.02,0.02,equal_weight,1.0,-0.02,-0.0005291642533172,Unknown,,
2026-01-06,2026-01-07,2026-01-21,signal_horizon,9,0,COST,short,-0.02,0.02,equal_weight,1.0,-0.02,-0.0004218531403778,Consumer Staples,,
2026-01-06,2026-01-07,2026-01-21,signal_horizon,9,0,CVX,short,-0.02,0.02,equal_weight,1.0,-0.02,-0.000408469451511,Energy,,
2026-01-06,2026-01-07,2026-01-21,signal_horizon,9,0,TDG,short,-0.02,0.02,equal_weight,1.0,-0.02,-0.0003763357023532,Industrials,,
2026-01-06,2026-01-07,2026-01-21,signal_horizon,9,0,XOM,short,-0.02,0.02,equal_weight,1.0,-0.02,-0.0003535979361661,Energy,,
2026-01-06,2026-01-07,2026-01-21,signal_horizon,9,0,JNJ,short,-0.02,0.02,equal_weight,1.0,-0.02,-0.0002854562785197,Health Care,,
2026-01-06,2026-01-07,2026-01-21,signal_horizon,9,0,UNP,short,-0.02,0.02,equal_weight,1.0,-0.02,-0.000266423184892,Industrials,,
2026-01-06,2026-01-07,2026-01-21,signal_horizon,9,0,GS,short,-0.02,0.02,equal_weight,1.0,-0.02,-0.0002166467778724,Financials,,
2026-01-06,2026-01-07,2026-01-21,signal_horizon,9,0,CRWD,short,-0.02,0.02,equal_weight,1.0,-0.02,-0.0001922226493917,Unknown,,
2026-01-06,2026-01-07,2026-01-21,signal_horizon,9,0,PGR,short,-0.02,0.02,equal_weight,1.0,-0.02,-0.000188136632635,Financials,,
2026-01-06,2026-01-07,2026-01-21,signal_horizon,9,0,RSG,short,-0.02,0.02,equal_weight,1.0,-0.02,-8.424094670802905e-05,Industrials,,
2026-01-06,2026-01-07,2026-01-21,signal_horizon,9,0,UPS,short,-0.02,0.02,equal_weight,1.0,-0.02,-4.711340061534195e-05,Industrials,,
2026-01-06,2026-01-07,2026-01-21,signal_horizon,9,0,NEE,short,-0.02,0.02,equal_weight,1.0,-0.02,-4.7060732996818814e-05,Utilities,,
2026-01-06,2026-01-07,2026-01-21,signal_horizon,9,0,DE,short,-0.02,0.02,equal_weight,1.0,-0.02,-4.446282311538845e-05,Industrials,,
2026-01-06,2026-01-07,2026-01-21,signal_horizon,9,0,ITW,short,-0.02,0.02,equal_weight,1.0,-0.02,5.5033127635668215e-05,Industrials,,
2026-01-06,2026-01-07,2026-01-21,signal_horizon,9,0,BLK,short,-0.02,0.02,equal_weight,1.0,-0.02,8.192886873766014e-05,Financials,,
2026-01-06,2026-01-07,2026-01-21,signal_horizon,9,0,ABBV,short,-0.02,0.02,equal_weight,1.0,-0.02,0.0001244062391538,Health Care,,
2026-01-06,2026-01-07,2026-01-21,signal_horizon,9,0,MRSH,short,-0.02,0.02,equal_weight,1.0,-0.02,0.0001312590169819,Financials,,
2026-01-06,2026-01-07,2026-01-21,signal_horizon,9,0,KVUE,short,-0.02,0.02,equal_weight,1.0,-0.02,0.0001592626559999,Consumer Staples,,
2026-01-06,2026-01-07,2026-01-21,signal_horizon,9,0,AEP,short,-0.02,0.02,equal_weight,1.0,-0.02,0.0003255171166552,Utilities,,
2026-01-06,2026-01-07,2026-01-21,signal_horizon,9,0,GILD,short,-0.02,0.02,equal_weight,1.0,-0.02,0.0003634037480409,Unknown,,
2026-01-06,2026-01-07,2026-01-21,signal_horizon,9,0,KO,short,-0.02,0.02,equal_weight,1.0,-0.02,0.0004008920616131,Consumer Staples,,
2026-01-06,2026-01-07,2026-01-21,signal_horizon,9,0,AXP,short,-0.02,0.02,equal_weight,1.0,-0.02,0.0004414566268093,Financials,,
2026-01-06,2026-01-07,2026-01-21,signal_horizon,9,0,COP,short,-0.02,0.02,equal_weight,1.0,-0.02,0.0006755566544977,Energy,,
2026-01-06,2026-01-07,2026-01-21,signal_horizon,9,0,TMO,short,-0.02,0.02,equal_weight,1.0,-0.02,0.0010668074907967,Health Care,,
2026-01-06,2026-01-07,2026-01-21,signal_horizon,9,0,PEP,short,-0.02,0.02,equal_weight,1.0,-0.02,0.0015227164636637,Consumer Staples,,
2026-01-06,2026-01-07,2026-01-21,signal_horizon,9,0,MO,short,-0.02,0.02,equal_weight,1.0,-0.02,0.0015377976870635,Consumer Staples,,
2026-01-06,2026-01-07,2026-01-21,signal_horizon,9,0,MDLZ,short,-0.02,0.02,equal_weight,1.0,-0.02,0.001798976371141,Consumer Staples,,
2026-01-06,2026-01-07,2026-01-21,signal_horizon,9,0,PG,short,-0.02,0.02,equal_weight,1.0,-0.02,0.0018445480628131,Consumer Staples,,
2026-01-21,2026-01-22,2026-02-04,signal_horizon,9,0,INTC,long,0.02,0.02,equal_weight,1.0,0.02,0.0153394291057625,Information Technology,,
2026-01-21,2026-01-22,2026-02-04,signal_horizon,9,0,COIN,long,0.02,0.02,equal_weight,1.0,0.02,0.0137797118377561,Financials,,
2026-01-21,2026-01-22,2026-02-04,signal_horizon,9,0,WDC,long,0.02,0.02,equal_weight,1.0,0.02,0.0128816372617188,Information Technology,,
2026-01-21,2026-01-22,2026-02-04,signal_horizon,9,0,STX,long,0.02,0.02,equal_weight,1.0,0.02,0.0113914010436062,Information Technology,,
2026-01-21,2026-01-22,2026-02-04,signal_horizon,9,0,VST,long,0.02,0.02,equal_weight,1.0,0.02,0.0112711652496057,Utilities,,
2026-01-21,2026-01-22,2026-02-04,signal_horizon,9,0,TPL,long,0.02,0.02,equal_weight,1.0,0.02,0.0107239928449177,Energy,,
2026-01-21,2026-01-22,2026-02-04,signal_horizon,9,0,HOOD,long,0.02,0.02,equal_weight,1.0,0.02,0.010522625588958,Financials,,
2026-01-21,2026-01-22,2026-02-04,signal_horizon,9,0,FIX,long,0.02,0.02,equal_weight,1.0,0.02,0.0103155861685966,Industrials,,
2026-01-21,2026-01-22,2026-02-04,signal_horizon,9,0,VRT,long,0.02,0.02,equal_weight,1.0,0.02,0.0093808501720793,Industrials,,
2026-01-21,2026-01-22,2026-02-04,signal_horizon,9,0,SATS,long,0.02,0.02,equal_weight,1.0,0.02,0.0092892038360954,Communication Services,,
2026-01-21,2026-01-22,2026-02-04,signal_horizon,9,0,NRG,long,0.02,0.02,equal_weight,1.0,0.02,0.0092036860911346,Utilities,,
2026-01-21,2026-01-22,2026-02-04,signal_horizon,9,0,LRCX,long,0.02,0.02,equal_weight,1.0,0.02,0.0091170719127726,Unknown,,
2026-01-21,2026-01-22,2026-02-04,signal_horizon,9,0,ORCL,long,0.02,0.02,equal_weight,1.0,0.02,0.008591381160679,Information Technology,,
2026-01-21,2026-01-22,2026-02-04,signal_horizon,9,0,IDXX,long,0.02,0.02,equal_weight,1.0,0.02,0.0082425824677342,Health Care,,
2026-01-21,2026-01-22,2026-02-04,signal_horizon,9,0,ADM,long,0.02,0.02,equal_weight,1.0,0.02,0.0080149711263171,Consumer Staples,,
2026-01-21,2026-01-22,2026-02-04,signal_horizon,9,0,MU,long,0.02,0.02,equal_weight,1.0,0.02,0.0078051909584278,Information Technology,,
2026-01-21,2026-01-22,2026-02-04,signal_horizon,9,0,DELL,long,0.02,0.02,equal_weight,1.0,0.02,0.0075868874592419,Unknown,,
2026-01-21,2026-01-22,2026-02-04,signal_horizon,9,0,A,long,0.02,0.02,equal_weight,1.0,0.02,0.0075804217584151,Health Care,,
2026-01-21,2026-01-22,2026-02-04,signal_horizon,9,0,AMD,long,0.02,0.02,equal_weight,1.0,0.02,0.0075715685664748,Information Technology,,
2026-01-21,2026-01-22,2026-02-04,signal_horizon,9,0,IRM,long,0.02,0.02,equal_weight,1.0,0.02,0.0074313855083014,Real Estate,,
2026-01-21,2026-01-22,2026-02-04,signal_horizon,9,0,LVS,long,0.02,0.02,equal_weight,1.0,0.02,0.0070933851125035,Consumer Discretionary,,
2026-01-21,2026-01-22,2026-02-04,signal_horizon,9,0,EME,long,0.02,0.02,equal_weight,1.0,0.02,0.0069889321291384,Industrials,,
2026-01-21,2026-01-22,2026-02-04,signal_horizon,9,0,XYZ,long,0.02,0.02,equal_weight,1.0,0.02,0.006809271416191,Financials,,
2026-01-21,2026-01-22,2026-02-04,signal_horizon,9,0,MPC,long,0.02,0.02,equal_weight,1.0,0.02,0.0067237911080098,Energy,,
2026-01-21,2026-01-22,2026-02-04,signal_horizon,9,0,SNDK,long,0.02,0.02,equal_weight,1.0,0.02,0.006559584216606,Information Technology,,
2026-01-21,2026-01-22,2026-02-04,signal_horizon,9,0,APH,long,0.02,0.02,equal_weight,1.0,0.02,0.0065337240778859,Unknown,,
2026-01-21,2026-01-22,2026-02-04,signal_horizon,9,0,CRWD,long,0.02,0.02,equal_weight,1.0,0.02,0.006512300104283,Unknown,,
2026-01-21,2026-01-22,2026-02-04,signal_horizon,9,0,PYPL,long,0.02,0.02,equal_weight,1.0,0.02,0.0064768260075913,Financials,,
2026-01-21,2026-01-22,2026-02-04,signal_horizon,9,0,COR,long,0.02,0.02,equal_weight,1.0,0.02,0.0063286801850342,Health Care,,
2026-01-21,2026-01-22,2026-02-04,signal_horizon,9,0,DHI,long,0.02,0.02,equal_weight,1.0,0.02,0.0061541988232541,Consumer Discretionary,,
2026-01-21,2026-01-22,2026-02-04,signal_horizon,9,0,MO,long,0.02,0.02,equal_weight,1.0,0.02,0.006037075636087,Consumer Staples,,
2026-01-21,2026-01-22,2026-02-04,signal_horizon,9,0,UBER,long,0.02,0.02,equal_weight,1.0,0.02,0.0059555354876251,Industrials,,
2026-01-21,2026-01-22,2026-02-04,signal_horizon,9,0,AZO,long,0.02,0.02,equal_weight,1.0,0.02,0.0059250627669419,Consumer Discretionary,,
2026-01-21,2026-01-22,2026-02-04,signal_horizon,9,0,RMD,long,0.02,0.02,equal_weight,1.0,0.02,0.0059072410804728,Health Care,,
2026-01-21,2026-01-22,2026-02-04,signal_horizon,9,0,BKR,long,0.02,0.02,equal_weight,1.0,0.02,0.0058032048349406,Energy,,
2026-01-21,2026-01-22,2026-02-04,signal_horizon,9,0,NKE,long,0.02,0.02,equal_weight,1.0,0.02,0.0057585729438685,Consumer Discretionary,,
2026-01-21,2026-01-22,2026-02-04,signal_horizon,9,0,AXON,long,0.02,0.02,equal_weight,1.0,0.02,0.0057432798215215,Industrials,,
2026-01-21,2026-01-22,2026-02-04,signal_horizon,9,0,MET,long,0.02,0.02,equal_weight,1.0,0.02,0.0056111118052433,Financials,,
2026-01-21,2026-01-22,2026-02-04,signal_horizon,9,0,NFLX,long,0.02,0.02,equal_weight,1.0,0.02,0.0055410284432689,Communication Services,,
2026-01-21,2026-01-22,2026-02-04,signal_horizon,9,0,TGT,long,0.02,0.02,equal_weight,1.0,0.02,0.0053189207970814,Unknown,,
2026-01-21,2026-01-22,2026-02-04,signal_horizon,9,0,KR,long,0.02,0.02,equal_weight,1.0,0.02,0.0052700311758153,Consumer Staples,,
2026-01-21,2026-01-22,2026-02-04,signal_horizon,9,0,APD,long,0.02,0.02,equal_weight,1.0,0.02,0.0049272557610258,Materials,,
2026-01-21,2026-01-22,2026-02-04,signal_horizon,9,0,MDLZ,long,0.02,0.02,equal_weight,1.0,0.02,0.0047400942565802,Consumer Staples,,
2026-01-21,2026-01-22,2026-02-04,signal_horizon,9,0,MSCI,long,0.02,0.02,equal_weight,1.0,0.02,0.0046135867410625,Financials,,
2026-01-21,2026-01-22,2026-02-04,signal_horizon,9,0,PWR,long,0.02,0.02,equal_weight,1.0,0.02,0.0044801019652161,Industrials,,
2026-01-21,2026-01-22,2026-02-04,signal_horizon,9,0,IR,long,0.02,0.02,equal_weight,1.0,0.02,0.0044249766897018,Industrials,,
2026-01-21,2026-01-22,2026-02-04,signal_horizon,9,0,AIG,long,0.02,0.02,equal_weight,1.0,0.02,0.0042406950703634,Financials,,
2026-01-21,2026-01-22,2026-02-04,signal_horizon,9,0,SYY,long,0.02,0.02,equal_weight,1.0,0.02,0.0038366595708481,Consumer Staples,,
2026-01-21,2026-01-22,2026-02-04,signal_horizon,9,0,CL,long,0.02,0.02,equal_weight,1.0,0.02,0.0034310994262439,Consumer Staples,,
2026-01-21,2026-01-22,2026-02-04,signal_horizon,9,0,COST,long,0.02,0.02,equal_weight,1.0,0.02,0.0033045320542273,Consumer Staples,,
2026-01-21,2026-01-22,2026-02-04,signal_horizon,9,0,WMT,short,-0.02,0.02,equal_weight,1.0,-0.02,-0.0049923425652365,Consumer Staples,,
2026-01-21,2026-01-22,2026-02-04,signal_horizon,9,0,COF,short,-0.02,0.02,equal_weight,1.0,-0.02,-0.0044510019111135,Unknown,,
2026-01-21,2026-01-22,2026-02-04,signal_horizon,9,0,CRM,short,-0.02,0.02,equal_weight,1.0,-0.02,-0.0043578168519454,Information Technology,,
2026-01-21,2026-01-22,2026-02-04,signal_horizon,9,0,PNC,short,-0.02,0.02,equal_weight,1.0,-0.02,-0.0043293071393627,Unknown,,
2026-01-21,2026-01-22,2026-02-04,signal_horizon,9,0,ADBE,short,-0.02,0.02,equal_weight,1.0,-0.02,-0.0039337183748453,Information Technology,,
2026-01-21,2026-01-22,2026-02-04,signal_horizon,9,0,SNPS,short,-0.02,0.02,equal_weight,1.0,-0.02,-0.003780267659522,Information Technology,,
2026-01-21,2026-01-22,2026-02-04,signal_horizon,9,0,DAL,short,-0.02,0.02,equal_weight,1.0,-0.02,-0.0036248662902145,Industrials,,
2026-01-21,2026-01-22,2026-02-04,signal_horizon,9,0,WM,short,-0.02,0.02,equal_weight,1.0,-0.02,-0.0033270593069937,Industrials,,
2026-01-21,2026-01-22,2026-02-04,signal_horizon,9,0,MSI,short,-0.02,0.02,equal_weight,1.0,-0.02,-0.0033149954222708,Information Technology,,
2026-01-21,2026-01-22,2026-02-04,signal_horizon,9,0,V,short,-0.02,0.02,equal_weight,1.0,-0.02,-0.0032540734971278,Unknown,,
2026-01-21,2026-01-22,2026-02-04,signal_horizon,9,0,CVX,short,-0.02,0.02,equal_weight,1.0,-0.02,-0.0032346424630675,Energy,,
2026-01-21,2026-01-22,2026-02-04,signal_horizon,9,0,LIN,short,-0.02,0.02,equal_weight,1.0,-0.02,-0.0026441571379579,Materials,,
2026-01-21,2026-01-22,2026-02-04,signal_horizon,9,0,WFC,short,-0.02,0.02,equal_weight,1.0,-0.02,-0.0025381868838261,Financials,,
2026-01-21,2026-01-22,2026-02-04,signal_horizon,9,0,SPG,short,-0.02,0.02,equal_weight,1.0,-0.02,-0.0025229846976083,Real Estate,,
2026-01-21,2026-01-22,2026-02-04,signal_horizon,9,0,QCOM,short,-0.02,0.02,equal_weight,1.0,-0.02,-0.0023326832993885,Information Technology,,
2026-01-21,2026-01-22,2026-02-04,signal_horizon,9,0,MRK,short,-0.02,0.02,equal_weight,1.0,-0.02,-0.0022098807306829,Health Care,,
2026-01-21,2026-01-22,2026-02-04,signal_horizon,9,0,ADP,short,-0.02,0.02,equal_weight,1.0,-0.02,-0.002208388571955,Information Technology,,
2026-01-21,2026-01-22,2026-02-04,signal_horizon,9,0,MA,short,-0.02,0.02,equal_weight,1.0,-0.02,-0.0020879290437568,Financials,,
2026-01-21,2026-01-22,2026-02-04,signal_horizon,9,0,BKNG,short,-0.02,0.02,equal_weight,1.0,-0.02,-0.0020359053954624,Consumer Discretionary,,
2026-01-21,2026-01-22,2026-02-04,signal_horizon,9,0,TXN,short,-0.02,0.02,equal_weight,1.0,-0.02,-0.0019997116158748,Information Technology,,
2026-01-21,2026-01-22,2026-02-04,signal_horizon,9,0,WBD,short,-0.02,0.02,equal_weight,1.0,-0.02,-0.001980502544878,Communication Services,,
2026-01-21,2026-01-22,2026-02-04,signal_horizon,9,0,CMCSA,short,-0.02,0.02,equal_weight,1.0,-0.02,-0.0019194801343366,Unknown,,
2026-01-21,2026-01-22,2026-02-04,signal_horizon,9,0,COP,short,-0.02,0.02,equal_weight,1.0,-0.02,-0.0019046264563674,Energy,,
2026-01-21,2026-01-22,2026-02-04,signal_horizon,9,0,WMB,short,-0.02,0.02,equal_weight,1.0,-0.02,-0.0018643826828244,Energy,,
2026-01-21,2026-01-22,2026-02-04,signal_horizon,9,0,ADI,short,-0.02,0.02,equal_weight,1.0,-0.02,-0.0016631564403448,Unknown,,
2026-01-21,2026-01-22,2026-02-04,signal_horizon,9,0,CMG,short,-0.02,0.02,equal_weight,1.0,-0.02,-0.0014400384335926,Consumer Discretionary,,
2026-01-21,2026-01-22,2026-02-04,signal_horizon,9,0,BAC,short,-0.02,0.02,equal_weight,1.0,-0.02,-0.0014166561785442,Financials,,
2026-01-21,2026-01-22,2026-02-04,signal_horizon,9,0,JPM,short,-0.02,0.02,equal_weight,1.0,-0.02,-0.0013292220767707,Financials,,
2026-01-21,2026-01-22,2026-02-04,signal_horizon,9,0,USB,short,-0.02,0.02,equal_weight,1.0,-0.02,-0.0013235789803763,Financials,,
2026-01-21,2026-01-22,2026-02-04,signal_horizon,9,0,TJX,short,-0.02,0.02,equal_weight,1.0,-0.02,-0.001305583304775,Consumer Discretionary,,
2026-01-21,2026-01-22,2026-02-04,signal_horizon,9,0,KVUE,short,-0.02,0.02,equal_weight,1.0,-0.02,-0.0012785696229813,Consumer Staples,,
2026-01-21,2026-01-22,2026-02-04,signal_horizon,9,0,REGN,short,-0.02,0.02,equal_weight,1.0,-0.02,-0.0011987773707879,Health Care,,
2026-01-21,2026-01-22,2026-02-04,signal_horizon,9,0,GS,short,-0.02,0.02,equal_weight,1.0,-0.02,-0.0011728444711958,Financials,,
2026-01-21,2026-01-22,2026-02-04,signal_horizon,9,0,CVNA,short,-0.02,0.02,equal_weight,1.0,-0.02,-0.0011483002353908,Consumer Discretionary,,
2026-01-21,2026-01-22,2026-02-04,signal_horizon,9,0,DHR,short,-0.02,0.02,equal_weight,1.0,-0.02,-0.0011265159261524,Health Care,,
2026-01-21,2026-01-22,2026-02-04,signal_horizon,9,0,RTX,short,-0.02,0.02,equal_weight,1.0,-0.02,-0.0009701446693183,Industrials,,
2026-01-21,2026-01-22,2026-02-04,signal_horizon,9,0,C,short,-0.02,0.02,equal_weight,1.0,-0.02,-0.0009237298171139,Financials,,
2026-01-21,2026-01-22,2026-02-04,signal_horizon,9,0,XEL,short,-0.02,0.02,equal_weight,1.0,-0.02,-0.0007472522725497,Utilities,,
2026-01-21,2026-01-22,2026-02-04,signal_horizon,9,0,BA,short,-0.02,0.02,equal_weight,1.0,-0.02,-0.000693401098336,Industrials,,
2026-01-21,2026-01-22,2026-02-04,signal_horizon,9,0,MNST,short,-0.02,0.02,equal_weight,1.0,-0.02,-0.0006347920397073,Consumer Staples,,
2026-01-21,2026-01-22,2026-02-04,signal_horizon,9,0,PCAR,short,-0.02,0.02,equal_weight,1.0,-0.02,-0.0005883329425136,Industrials,,
2026-01-21,2026-01-22,2026-02-04,signal_horizon,9,0,META,short,-0.02,0.02,equal_weight,1.0,-0.02,-0.0004897091559053,Communication Services,,
2026-01-21,2026-01-22,2026-02-04,signal_horizon,9,0,UNP,short,-0.02,0.02,equal_weight,1.0,-0.02,-0.0002888671697056,Industrials,,
2026-01-21,2026-01-22,2026-02-04,signal_horizon,9,0,ATO,short,-0.02,0.02,equal_weight,1.0,-0.02,-0.0002262503232465,Utilities,,
2026-01-21,2026-01-22,2026-02-04,signal_horizon,9,0,GEV,short,-0.02,0.02,equal_weight,1.0,-0.02,-0.0001716324231767,Industrials,,
2026-01-21,2026-01-22,2026-02-04,signal_horizon,9,0,UNH,short,-0.02,0.02,equal_weight,1.0,-0.02,-8.747775070976375e-05,Health Care,,
2026-01-21,2026-01-22,2026-02-04,signal_horizon,9,0,KO,short,-0.02,0.02,equal_weight,1.0,-0.02,0.0006250591741317,Consumer Staples,,
2026-01-21,2026-01-22,2026-02-04,signal_horizon,9,0,PG,short,-0.02,0.02,equal_weight,1.0,-0.02,0.0006952758830836,Consumer Staples,,
2026-01-21,2026-01-22,2026-02-04,signal_horizon,9,0,KMB,short,-0.02,0.02,equal_weight,1.0,-0.02,0.0009975672062832,Consumer Staples,,
2026-01-21,2026-01-22,2026-02-04,signal_horizon,9,0,PEP,short,-0.02,0.02,equal_weight,1.0,-0.02,0.0011587811801408,Consumer Staples,,
2026-02-04,2026-02-05,2026-02-19,signal_horizon,9,0,APP,long,0.02,0.02,equal_weight,1.0,0.02,0.0181721150958538,Information Technology,,
2026-02-04,2026-02-05,2026-02-19,signal_horizon,9,0,CEG,long,0.02,0.02,equal_weight,1.0,0.02,0.0137569619878423,Unknown,,
2026-02-04,2026-02-05,2026-02-19,signal_horizon,9,0,DDOG,long,0.02,0.02,equal_weight,1.0,0.02,0.0127336577878735,Information Technology,,
2026-02-04,2026-02-05,2026-02-19,signal_horizon,9,0,HOOD,long,0.02,0.02,equal_weight,1.0,0.02,0.0114560476601949,Financials,,
2026-02-04,2026-02-05,2026-02-19,signal_horizon,9,0,COIN,long,0.02,0.02,equal_weight,1.0,0.02,0.011303260888615,Financials,,
2026-02-04,2026-02-05,2026-02-19,signal_horizon,9,0,LVS,long,0.02,0.02,equal_weight,1.0,0.02,0.0111664581119195,Consumer Discretionary,,
2026-02-04,2026-02-05,2026-02-19,signal_horizon,9,0,NRG,long,0.02,0.02,equal_weight,1.0,0.02,0.0108273731478917,Utilities,,
2026-02-04,2026-02-05,2026-02-19,signal_horizon,9,0,VST,long,0.02,0.02,equal_weight,1.0,0.02,0.0104207868564852,Utilities,,
2026-02-04,2026-02-05,2026-02-19,signal_horizon,9,0,LITE,long,0.02,0.02,equal_weight,1.0,0.02,0.0102543744238312,Information Technology,,
2026-02-04,2026-02-05,2026-02-19,signal_horizon,9,0,EQT,long,0.02,0.02,equal_weight,1.0,0.02,0.0090169439673772,Energy,,
2026-02-04,2026-02-05,2026-02-19,signal_horizon,9,0,SYY,long,0.02,0.02,equal_weight,1.0,0.02,0.0084286530150189,Consumer Staples,,
2026-02-04,2026-02-05,2026-02-19,signal_horizon,9,0,VRT,long,0.02,0.02,equal_weight,1.0,0.02,0.0083751431380894,Industrials,,
2026-02-04,2026-02-05,2026-02-19,signal_horizon,9,0,BSX,long,0.02,0.02,equal_weight,1.0,0.02,0.0083056541495044,Unknown,,
2026-02-04,2026-02-05,2026-02-19,signal_horizon,9,0,FIX,long,0.02,0.02,equal_weight,1.0,0.02,0.0082665961867351,Industrials,,
2026-02-04,2026-02-05,2026-02-19,signal_horizon,9,0,MU,long,0.02,0.02,equal_weight,1.0,0.02,0.0079967353183925,Information Technology,,
2026-02-04,2026-02-05,2026-02-19,signal_horizon,9,0,INTU,long,0.02,0.02,equal_weight,1.0,0.02,0.0079118493338593,Information Technology,,
2026-02-04,2026-02-05,2026-02-19,signal_horizon,9,0,PWR,long,0.02,0.02,equal_weight,1.0,0.02,0.0078994429565862,Industrials,,
2026-02-04,2026-02-05,2026-02-19,signal_horizon,9,0,RCL,long,0.02,0.02,equal_weight,1.0,0.02,0.007772928147701,Consumer Discretionary,,
2026-02-04,2026-02-05,2026-02-19,signal_horizon,9,0,DVN,long,0.02,0.02,equal_weight,1.0,0.02,0.0074853593902001,Energy,,
2026-02-04,2026-02-05,2026-02-19,signal_horizon,9,0,WDC,long,0.02,0.02,equal_weight,1.0,0.02,0.007217666393871,Information Technology,,
2026-02-04,2026-02-05,2026-02-19,signal_horizon,9,0,GEHC,long,0.02,0.02,equal_weight,1.0,0.02,0.0071889938019942,Health Care,,
2026-02-04,2026-02-05,2026-02-19,signal_horizon,9,0,PAYX,long,0.02,0.02,equal_weight,1.0,0.02,0.0071119488394184,Industrials,,
2026-02-04,2026-02-05,2026-02-19,signal_horizon,9,0,APH,long,0.02,0.02,equal_weight,1.0,0.02,0.0070873944691211,Unknown,,
2026-02-04,2026-02-05,2026-02-19,signal_horizon,9,0,STX,long,0.02,0.02,equal_weight,1.0,0.02,0.0070513401300904,Information Technology,,
2026-02-04,2026-02-05,2026-02-19,signal_horizon,9,0,A,long,0.02,0.02,equal_weight,1.0,0.02,0.0070043650205589,Health Care,,
2026-02-04,2026-02-05,2026-02-19,signal_horizon,9,0,FANG,long,0.02,0.02,equal_weight,1.0,0.02,0.0069816890290351,Energy,,
2026-02-04,2026-02-05,2026-02-19,signal_horizon,9,0,PYPL,long,0.02,0.02,equal_weight,1.0,0.02,0.0068825801917575,Financials,,
2026-02-04,2026-02-05,2026-02-19,signal_horizon,9,0,XYZ,long,0.02,0.02,equal_weight,1.0,0.02,0.0068504564475041,Financials,,
2026-02-04,2026-02-05,2026-02-19,signal_horizon,9,0,EME,long,0.02,0.02,equal_weight,1.0,0.02,0.0068244751583858,Industrials,,
2026-02-04,2026-02-05,2026-02-19,signal_horizon,9,0,CRWD,long,0.02,0.02,equal_weight,1.0,0.02,0.0067712722470666,Unknown,,
2026-02-04,2026-02-05,2026-02-19,signal_horizon,9,0,DELL,long,0.02,0.02,equal_weight,1.0,0.02,0.0066962912257455,Unknown,,
2026-02-04,2026-02-05,2026-02-19,signal_horizon,9,0,KR,long,0.02,0.02,equal_weight,1.0,0.02,0.0065279525611116,Consumer Staples,,
2026-02-04,2026-02-05,2026-02-19,signal_horizon,9,0,DHI,long,0.02,0.02,equal_weight,1.0,0.02,0.0064219785153833,Consumer Discretionary,,
2026-02-04,2026-02-05,2026-02-19,signal_horizon,9,0,GEV,long,0.02,0.02,equal_weight,1.0,0.02,0.0064047389332441,Industrials,,
2026-02-04,2026-02-05,2026-02-19,signal_horizon,9,0,T,long,0.02,0.02,equal_weight,1.0,0.02,0.0063609504169083,Communication Services,,
2026-02-04,2026-02-05,2026-02-19,signal_horizon,9,0,VZ,long,0.02,0.02,equal_weight,1.0,0.02,0.0063030018987792,Communication Services,,
2026-02-04,2026-02-05,2026-02-19,signal_horizon,9,0,HIG,long,0.02,0.02,equal_weight,1.0,0.02,0.0062484256768879,Financials,,
2026-02-04,2026-02-05,2026-02-19,signal_horizon,9,0,ALL,long,0.02,0.02,equal_weight,1.0,0.02,0.006097849774158,Financials,,
2026-02-04,2026-02-05,2026-02-19,signal_horizon,9,0,ABT,long,0.02,0.02,equal_weight,1.0,0.02,0.006093963184189,Health Care,,
2026-02-04,2026-02-05,2026-02-19,signal_horizon,9,0,CPRT,long,0.02,0.02,equal_weight,1.0,0.02,0.0060481024917994,Industrials,,
2026-02-04,2026-02-05,2026-02-19,signal_horizon,9,0,AIG,long,0.02,0.02,equal_weight,1.0,0.02,0.0058791673568674,Financials,,
2026-02-04,2026-02-05,2026-02-19,signal_horizon,9,0,AZO,long,0.02,0.02,equal_weight,1.0,0.02,0.0058359701012082,Consumer Discretionary,,
2026-02-04,2026-02-05,2026-02-19,signal_horizon,9,0,IDXX,long,0.02,0.02,equal_weight,1.0,0.02,0.0055528656977381,Health Care,,
2026-02-04,2026-02-05,2026-02-19,signal_horizon,9,0,MLM,long,0.02,0.02,equal_weight,1.0,0.02,0.0054973143796013,Materials,,
2026-02-04,2026-02-05,2026-02-19,signal_horizon,9,0,CCI,long,0.02,0.02,equal_weight,1.0,0.02,0.0054916741097101,Real Estate,,
2026-02-04,2026-02-05,2026-02-19,signal_horizon,9,0,KDP,long,0.02,0.02,equal_weight,1.0,0.02,0.0053080172800579,Consumer Staples,,
2026-02-04,2026-02-05,2026-02-19,signal_horizon,9,0,ADM,long,0.02,0.02,equal_weight,1.0,0.02,0.0047611156571062,Consumer Staples,,
2026-02-04,2026-02-05,2026-02-19,signal_horizon,9,0,CL,long,0.02,0.02,equal_weight,1.0,0.02,0.0047381577356331,Consumer Staples,,
2026-02-04,2026-02-05,2026-02-19,signal_horizon,9,0,HSY,long,0.02,0.02,equal_weight,1.0,0.02,0.0046983569178876,Consumer Staples,,
2026-02-04,2026-02-05,2026-02-19,signal_horizon,9,0,KO,long,0.02,0.02,equal_weight,1.0,0.02,0.0040771793923491,Consumer Staples,,
2026-02-04,2026-02-05,2026-02-19,signal_horizon,9,0,MCHP,short,-0.02,0.02,equal_weight,1.0,-0.02,-0.0046869651602064,Information Technology,,
2026-02-04,2026-02-05,2026-02-19,signal_horizon,9,0,BA,short,-0.02,0.02,equal_weight,1.0,-0.02,-0.0037456513492737,Industrials,,
2026-02-04,2026-02-05,2026-02-19,signal_horizon,9,0,NXPI,short,-0.02,0.02,equal_weight,1.0,-0.02,-0.0036220354489428,Information Technology,,
2026-02-04,2026-02-05,2026-02-19,signal_horizon,9,0,AXON,short,-0.02,0.02,equal_weight,1.0,-0.02,-0.0035838807417585,Industrials,,
2026-02-04,2026-02-05,2026-02-19,signal_horizon,9,0,SNPS,short,-0.02,0.02,equal_weight,1.0,-0.02,-0.0029211912634021,Information Technology,,
2026-02-04,2026-02-05,2026-02-19,signal_horizon,9,0,WMT,short,-0.02,0.02,equal_weight,1.0,-0.02,-0.0027796616353775,Consumer Staples,,
2026-02-04,2026-02-05,2026-02-19,signal_horizon,9,0,CVX,short,-0.02,0.02,equal_weight,1.0,-0.02,-0.0027112699761691,Energy,,
2026-02-04,2026-02-05,2026-02-19,signal_horizon,9,0,MSI,short,-0.02,0.02,equal_weight,1.0,-0.02,-0.0023735614620406,Information Technology,,
2026-02-04,2026-02-05,2026-02-19,signal_horizon,9,0,SLB,short,-0.02,0.02,equal_weight,1.0,-0.02,-0.0019342136192913,Energy,,
2026-02-04,2026-02-05,2026-02-19,signal_horizon,9,0,COST,short,-0.02,0.02,equal_weight,1.0,-0.02,-0.0014005351401709,Consumer Staples,,
2026-02-04,2026-02-05,2026-02-19,signal_horizon,9,0,FITB,short,-0.02,0.02,equal_weight,1.0,-0.02,-0.0013626035711213,Financials,,
2026-02-04,2026-02-05,2026-02-19,signal_horizon,9,0,HD,short,-0.02,0.02,equal_weight,1.0,-0.02,-0.001348679015194,Consumer Discretionary,,
2026-02-04,2026-02-05,2026-02-19,signal_horizon,9,0,SBUX,short,-0.02,0.02,equal_weight,1.0,-0.02,-0.0013370891248846,Consumer Discretionary,,
2026-02-04,2026-02-05,2026-02-19,signal_horizon,9,0,EMR,short,-0.02,0.02,equal_weight,1.0,-0.02,-0.001245345195397,Industrials,,
2026-02-04,2026-02-05,2026-02-19,signal_horizon,9,0,LIN,short,-0.02,0.02,equal_weight,1.0,-0.02,-0.0011604073388092,Materials,,
2026-02-04,2026-02-05,2026-02-19,signal_horizon,9,0,KLAC,short,-0.02,0.02,equal_weight,1.0,-0.02,-0.0011387770178276,Information Technology,,
2026-02-04,2026-02-05,2026-02-19,signal_horizon,9,0,EA,short,-0.02,0.02,equal_weight,1.0,-0.02,-0.0011137237075792,Communication Services,,
2026-02-04,2026-02-05,2026-02-19,signal_horizon,9,0,SCHW,short,-0.02,0.02,equal_weight,1.0,-0.02,-0.0010858055928287,Financials,,
2026-02-04,2026-02-05,2026-02-19,signal_horizon,9,0,MSFT,short,-0.02,0.02,equal_weight,1.0,-0.02,-0.0009248768286428,Information Technology,,
2026-02-04,2026-02-05,2026-02-19,signal_horizon,9,0,UPS,short,-0.02,0.02,equal_weight,1.0,-0.02,-0.0007657669964037,Industrials,,
2026-02-04,2026-02-05,2026-02-19,signal_horizon,9,0,MRK,short,-0.02,0.02,equal_weight,1.0,-0.02,-0.0006959465304261,Health Care,,
2026-02-04,2026-02-05,2026-02-19,signal_horizon,9,0,GS,short,-0.02,0.02,equal_weight,1.0,-0.02,-0.0006639921435968,Financials,,
2026-02-04,2026-02-05,2026-02-19,signal_horizon,9,0,USB,short,-0.02,0.02,equal_weight,1.0,-0.02,-0.0006184099904114,Financials,,
2026-02-04,2026-02-05,2026-02-19,signal_horizon,9,0,TER,short,-0.02,0.02,equal_weight,1.0,-0.02,-0.0005341369387978,Information Technology,,
2026-02-04,2026-02-05,2026-02-19,signal_horizon,9,0,PH,short,-0.02,0.02,equal_weight,1.0,-0.02,-0.0004973033069639,Unknown,,
2026-02-04,2026-02-05,2026-02-19,signal_horizon,9,0,CMG,short,-0.02,0.02,equal_weight,1.0,-0.02,-0.0004616811935714,Consumer Discretionary,,
2026-02-04,2026-02-05,2026-02-19,signal_horizon,9,0,TMO,short,-0.02,0.02,equal_weight,1.0,-0.02,-0.0001805977833202,Health Care,,
2026-02-04,2026-02-05,2026-02-19,signal_horizon,9,0,MCD,short,-0.02,0.02,equal_weight,1.0,-0.02,-0.0001040270577309,Consumer Discretionary,,
2026-02-04,2026-02-05,2026-02-19,signal_horizon,9,0,CMCSA,short,-0.02,0.02,equal_weight,1.0,-0.02,-9.016794398461309e-05,Unknown,,
2026-02-04,2026-02-05,2026-02-19,signal_horizon,9,0,HAL,short,-0.02,0.02,equal_weight,1.0,-0.02,-8.436647052408519e-05,Energy,,
2026-02-04,2026-02-05,2026-02-19,signal_horizon,9,0,ADI,short,-0.02,0.02,equal_weight,1.0,-0.02,-5.672720065441118e-05,Unknown,,
2026-02-04,2026-02-05,2026-02-19,signal_horizon,9,0,PCAR,short,-0.02,0.02,equal_weight,1.0,-0.02,4.437592926741056e-06,Industrials,,
2026-02-04,2026-02-05,2026-02-19,signal_horizon,9,0,BDX,short,-0.02,0.02,equal_weight,1.0,-0.02,0.0001373171716069,Health Care,,
2026-02-04,2026-02-05,2026-02-19,signal_horizon,9,0,C,short,-0.02,0.02,equal_weight,1.0,-0.02,0.0003314862536118,Financials,,
2026-02-04,2026-02-05,2026-02-19,signal_horizon,9,0,RTX,short,-0.02,0.02,equal_weight,1.0,-0.02,0.0004044042749232,Industrials,,
2026-02-04,2026-02-05,2026-02-19,signal_horizon,9,0,HBAN,short,-0.02,0.02,equal_weight,1.0,-0.02,0.0004215498828879,Financials,,
2026-02-04,2026-02-05,2026-02-19,signal_horizon,9,0,BRK-B,short,-0.02,0.02,equal_weight,1.0,-0.02,0.0004838218926835,Financials,,
2026-02-04,2026-02-05,2026-02-19,signal_horizon,9,0,TGT,short,-0.02,0.02,equal_weight,1.0,-0.02,0.000577351144552,Unknown,,
2026-02-04,2026-02-05,2026-02-19,signal_horizon,9,0,PNC,short,-0.02,0.02,equal_weight,1.0,-0.02,0.0007544148874985,Unknown,,
2026-02-04,2026-02-05,2026-02-19,signal_horizon,9,0,KVUE,short,-0.02,0.02,equal_weight,1.0,-0.02,0.0007729786867836,Consumer Staples,,
2026-02-04,2026-02-05,2026-02-19,signal_horizon,9,0,CI,short,-0.02,0.02,equal_weight,1.0,-0.02,0.0008515319113357,Health Care,,
2026-02-04,2026-02-05,2026-02-19,signal_horizon,9,0,ATO,short,-0.02,0.02,equal_weight,1.0,-0.02,0.0008637089572308,Utilities,,
2026-02-04,2026-02-05,2026-02-19,signal_horizon,9,0,CMI,short,-0.02,0.02,equal_weight,1.0,-0.02,0.0009594091221868,Industrials,,
2026-02-04,2026-02-05,2026-02-19,signal_horizon,9,0,SATS,short,-0.02,0.02,equal_weight,1.0,-0.02,0.0010563583195358,Communication Services,,
2026-02-04,2026-02-05,2026-02-19,signal_horizon,9,0,XEL,short,-0.02,0.02,equal_weight,1.0,-0.02,0.0011568406942843,Utilities,,
2026-02-04,2026-02-05,2026-02-19,signal_horizon,9,0,SPG,short,-0.02,0.02,equal_weight,1.0,-0.02,0.0014549305967679,Real Estate,,
2026-02-04,2026-02-05,2026-02-19,signal_horizon,9,0,PG,short,-0.02,0.02,equal_weight,1.0,-0.02,0.0019072432957649,Consumer Staples,,
2026-02-04,2026-02-05,2026-02-19,signal_horizon,9,0,PM,short,-0.02,0.02,equal_weight,1.0,-0.02,0.0021665996536989,Consumer Staples,,
2026-02-04,2026-02-05,2026-02-19,signal_horizon,9,0,MNST,short,-0.02,0.02,equal_weight,1.0,-0.02,0.0025239957275632,Consumer Staples,,
2026-02-04,2026-02-05,2026-02-19,signal_horizon,9,0,PEP,short,-0.02,0.02,equal_weight,1.0,-0.02,0.0028535555044302,Consumer Staples,,
2026-02-19,2026-02-20,2026-03-05,signal_horizon,9,0,SNDK,long,0.02,0.02,equal_weight,1.0,0.02,0.0172009004068891,Information Technology,,
2026-02-19,2026-02-20,2026-03-05,signal_horizon,9,0,HOOD,long,0.02,0.02,equal_weight,1.0,0.02,0.0142368353253167,Financials,,
2026-02-19,2026-02-20,2026-03-05,signal_horizon,9,0,AXON,long,0.02,0.02,equal_weight,1.0,0.02,0.0110833396538308,Industrials,,
2026-02-19,2026-02-20,2026-03-05,signal_horizon,9,0,CVNA,long,0.02,0.02,equal_weight,1.0,0.02,0.010550784814656,Consumer Discretionary,,
2026-02-19,2026-02-20,2026-03-05,signal_horizon,9,0,INTU,long,0.02,0.02,equal_weight,1.0,0.02,0.0100904638019581,Information Technology,,
2026-02-19,2026-02-20,2026-03-05,signal_horizon,9,0,STX,long,0.02,0.02,equal_weight,1.0,0.02,0.0094370771112301,Information Technology,,
2026-02-19,2026-02-20,2026-03-05,signal_horizon,9,0,LVS,long,0.02,0.02,equal_weight,1.0,0.02,0.0094343906667278,Consumer Discretionary,,
2026-02-19,2026-02-20,2026-03-05,signal_horizon,9,0,SATS,long,0.02,0.02,equal_weight,1.0,0.02,0.009174993651932,Communication Services,,
2026-02-19,2026-02-20,2026-03-05,signal_horizon,9,0,VRT,long,0.02,0.02,equal_weight,1.0,0.02,0.009170566997232,Industrials,,
2026-02-19,2026-02-20,2026-03-05,signal_horizon,9,0,BKNG,long,0.02,0.02,equal_weight,1.0,0.02,0.0091197082330938,Consumer Discretionary,,
2026-02-19,2026-02-20,2026-03-05,signal_horizon,9,0,COIN,long,0.02,0.02,equal_weight,1.0,0.02,0.0086472003365139,Financials,,
2026-02-19,2026-02-20,2026-03-05,signal_horizon,9,0,WDC,long,0.02,0.02,equal_weight,1.0,0.02,0.0085783939534697,Information Technology,,
2026-02-19,2026-02-20,2026-03-05,signal_horizon,9,0,APP,long,0.02,0.02,equal_weight,1.0,0.02,0.0084325665752325,Information Technology,,
2026-02-19,2026-02-20,2026-03-05,signal_horizon,9,0,WDAY,long,0.02,0.02,equal_weight,1.0,0.02,0.0083105431240641,Information Technology,,
2026-02-19,2026-02-20,2026-03-05,signal_horizon,9,0,PYPL,long,0.02,0.02,equal_weight,1.0,0.02,0.0074817050799298,Financials,,
2026-02-19,2026-02-20,2026-03-05,signal_horizon,9,0,APH,long,0.02,0.02,equal_weight,1.0,0.02,0.0073894262575177,Unknown,,
2026-02-19,2026-02-20,2026-03-05,signal_horizon,9,0,PCG,long,0.02,0.02,equal_weight,1.0,0.02,0.0073241533588007,Utilities,,
2026-02-19,2026-02-20,2026-03-05,signal_horizon,9,0,CCL,long,0.02,0.02,equal_weight,1.0,0.02,0.0073158455534112,Consumer Discretionary,,
2026-02-19,2026-02-20,2026-03-05,signal_horizon,9,0,NEM,long,0.02,0.02,equal_weight,1.0,0.02,0.0072858637729652,Unknown,,
2026-02-19,2026-02-20,2026-03-05,signal_horizon,9,0,XYZ,long,0.02,0.02,equal_weight,1.0,0.02,0.0071782332428656,Financials,,
2026-02-19,2026-02-20,2026-03-05,signal_horizon,9,0,ELV,long,0.02,0.02,equal_weight,1.0,0.02,0.0071103459476937,Health Care,,
2026-02-19,2026-02-20,2026-03-05,signal_horizon,9,0,BSX,long,0.02,0.02,equal_weight,1.0,0.02,0.0070903496293741,Unknown,,
2026-02-19,2026-02-20,2026-03-05,signal_horizon,9,0,GLW,long,0.02,0.02,equal_weight,1.0,0.02,0.007028722529338,Information Technology,,
2026-02-19,2026-02-20,2026-03-05,signal_horizon,9,0,CRWD,long,0.02,0.02,equal_weight,1.0,0.02,0.0068485129107589,Unknown,,
2026-02-19,2026-02-20,2026-03-05,signal_horizon,9,0,NRG,long,0.02,0.02,equal_weight,1.0,0.02,0.0067473501054513,Utilities,,
2026-02-19,2026-02-20,2026-03-05,signal_horizon,9,0,TTWO,long,0.02,0.02,equal_weight,1.0,0.02,0.0063992855315056,Communication Services,,
2026-02-19,2026-02-20,2026-03-05,signal_horizon,9,0,NUE,long,0.02,0.02,equal_weight,1.0,0.02,0.0063757607675571,Materials,,
2026-02-19,2026-02-20,2026-03-05,signal_horizon,9,0,KDP,long,0.02,0.02,equal_weight,1.0,0.02,0.0063605687156535,Consumer Staples,,
2026-02-19,2026-02-20,2026-03-05,signal_horizon,9,0,SYY,long,0.02,0.02,equal_weight,1.0,0.02,0.0063514373163012,Consumer Staples,,
2026-02-19,2026-02-20,2026-03-05,signal_horizon,9,0,APO,long,0.02,0.02,equal_weight,1.0,0.02,0.0062868264468164,Financials,,
2026-02-19,2026-02-20,2026-03-05,signal_horizon,9,0,PAYX,long,0.02,0.02,equal_weight,1.0,0.02,0.00626745247463,Industrials,,
2026-02-19,2026-02-20,2026-03-05,signal_horizon,9,0,CVS,long,0.02,0.02,equal_weight,1.0,0.02,0.0060595792345248,Unknown,,
2026-02-19,2026-02-20,2026-03-05,signal_horizon,9,0,DAL,long,0.02,0.02,equal_weight,1.0,0.02,0.0060594745096841,Industrials,,
2026-02-19,2026-02-20,2026-03-05,signal_horizon,9,0,MPC,long,0.02,0.02,equal_weight,1.0,0.02,0.0060542492031084,Energy,,
2026-02-19,2026-02-20,2026-03-05,signal_horizon,9,0,MSCI,long,0.02,0.02,equal_weight,1.0,0.02,0.0059578346929352,Financials,,
2026-02-19,2026-02-20,2026-03-05,signal_horizon,9,0,TRGP,long,0.02,0.02,equal_weight,1.0,0.02,0.0059250424973399,Energy,,
2026-02-19,2026-02-20,2026-03-05,signal_horizon,9,0,OKE,long,0.02,0.02,equal_weight,1.0,0.02,0.0057867272366901,Energy,,
2026-02-19,2026-02-20,2026-03-05,signal_horizon,9,0,UNH,long,0.02,0.02,equal_weight,1.0,0.02,0.0057090954189678,Health Care,,
2026-02-19,2026-02-20,2026-03-05,signal_horizon,9,0,A,long,0.02,0.02,equal_weight,1.0,0.02,0.0053360495384215,Health Care,,
2026-02-19,2026-02-20,2026-03-05,signal_horizon,9,0,AJG,long,0.02,0.02,equal_weight,1.0,0.02,0.0053006970022394,Financials,,
2026-02-19,2026-02-20,2026-03-05,signal_horizon,9,0,CCI,long,0.02,0.02,equal_weight,1.0,0.02,0.0052423236410044,Real Estate,,
2026-02-19,2026-02-20,2026-03-05,signal_horizon,9,0,ODFL,long,0.02,0.02,equal_weight,1.0,0.02,0.005145049932491,Industrials,,
2026-02-19,2026-02-20,2026-03-05,signal_horizon,9,0,HSY,long,0.02,0.02,equal_weight,1.0,0.02,0.0049011318405932,Consumer Staples,,
2026-02-19,2026-02-20,2026-03-05,signal_horizon,9,0,EME,long,0.02,0.02,equal_weight,1.0,0.02,0.0048458009037091,Industrials,,
2026-02-19,2026-02-20,2026-03-05,signal_horizon,9,0,URI,long,0.02,0.02,equal_weight,1.0,0.02,0.0047977984917057,Industrials,,
2026-02-19,2026-02-20,2026-03-05,signal_horizon,9,0,WMT,long,0.02,0.02,equal_weight,1.0,0.02,0.0046451113170096,Consumer Staples,,
2026-02-19,2026-02-20,2026-03-05,signal_horizon,9,0,CL,long,0.02,0.02,equal_weight,1.0,0.02,0.0046209201744124,Consumer Staples,,
2026-02-19,2026-02-20,2026-03-05,signal_horizon,9,0,IDXX,long,0.02,0.02,equal_weight,1.0,0.02,0.0045176275624638,Health Care,,
2026-02-19,2026-02-20,2026-03-05,signal_horizon,9,0,KR,long,0.02,0.02,equal_weight,1.0,0.02,0.0044001663335144,Consumer Staples,,
2026-02-19,2026-02-20,2026-03-05,signal_horizon,9,0,ADM,long,0.02,0.02,equal_weight,1.0,0.02,0.0040162775241988,Consumer Staples,,
2026-02-19,2026-02-20,2026-03-05,signal_horizon,9,0,BRK-B,short,-0.02,0.02,equal_weight,1.0,-0.02,-0.0033751307995076,Financials,,
2026-02-19,2026-02-20,2026-03-05,signal_horizon,9,0,JPM,short,-0.02,0.02,equal_weight,1.0,-0.02,-0.0019783772888992,Financials,,
2026-02-19,2026-02-20,2026-03-05,signal_horizon,9,0,AAPL,short,-0.02,0.02,equal_weight,1.0,-0.02,-0.0018721159885809,Information Technology,,
2026-02-19,2026-02-20,2026-03-05,signal_horizon,9,0,FITB,short,-0.02,0.02,equal_weight,1.0,-0.02,-0.0017912813470099,Financials,,
2026-02-19,2026-02-20,2026-03-05,signal_horizon,9,0,COST,short,-0.02,0.02,equal_weight,1.0,-0.02,-0.0017595952453366,Consumer Staples,,
2026-02-19,2026-02-20,2026-03-05,signal_horizon,9,0,NVDA,short,-0.02,0.02,equal_weight,1.0,-0.02,-0.0016414662925739,Information Technology,,
2026-02-19,2026-02-20,2026-03-05,signal_horizon,9,0,MCD,short,-0.02,0.02,equal_weight,1.0,-0.02,-0.0015586624580771,Consumer Discretionary,,
2026-02-19,2026-02-20,2026-03-05,signal_horizon,9,0,CSCO,short,-0.02,0.02,equal_weight,1.0,-0.02,-0.0015230191959147,Information Technology,,
2026-02-19,2026-02-20,2026-03-05,signal_horizon,9,0,AVGO,short,-0.02,0.02,equal_weight,1.0,-0.02,-0.001522428834891,Information Technology,,
2026-02-19,2026-02-20,2026-03-05,signal_horizon,9,0,AMAT,short,-0.02,0.02,equal_weight,1.0,-0.02,-0.0013822629695578,Information Technology,,
2026-02-19,2026-02-20,2026-03-05,signal_horizon,9,0,SBUX,short,-0.02,0.02,equal_weight,1.0,-0.02,-0.0011733275926133,Consumer Discretionary,,
2026-02-19,2026-02-20,2026-03-05,signal_horizon,9,0,BA,short,-0.02,0.02,equal_weight,1.0,-0.02,-0.0011477901902464,Industrials,,
2026-02-19,2026-02-20,2026-03-05,signal_horizon,9,0,MSI,short,-0.02,0.02,equal_weight,1.0,-0.02,-0.0010100848679806,Information Technology,,
2026-02-19,2026-02-20,2026-03-05,signal_horizon,9,0,LIN,short,-0.02,0.02,equal_weight,1.0,-0.02,-0.0010062190117349,Materials,,
2026-02-19,2026-02-20,2026-03-05,signal_horizon,9,0,CVX,short,-0.02,0.02,equal_weight,1.0,-0.02,-0.000929501137202,Energy,,
2026-02-19,2026-02-20,2026-03-05,signal_horizon,9,0,ADP,short,-0.02,0.02,equal_weight,1.0,-0.02,-0.0008176066458917,Information Technology,,
2026-02-19,2026-02-20,2026-03-05,signal_horizon,9,0,NOC,short,-0.02,0.02,equal_weight,1.0,-0.02,-0.000614733054055,Unknown,,
2026-02-19,2026-02-20,2026-03-05,signal_horizon,9,0,EA,short,-0.02,0.02,equal_weight,1.0,-0.02,-0.000525203538495,Communication Services,,
2026-02-19,2026-02-20,2026-03-05,signal_horizon,9,0,GS,short,-0.02,0.02,equal_weight,1.0,-0.02,-0.0005010516280802,Financials,,
2026-02-19,2026-02-20,2026-03-05,signal_horizon,9,0,LMT,short,-0.02,0.02,equal_weight,1.0,-0.02,-0.0004893074973738,Industrials,,
2026-02-19,2026-02-20,2026-03-05,signal_horizon,9,0,HD,short,-0.02,0.02,equal_weight,1.0,-0.02,-0.0003180342601785,Consumer Discretionary,,
2026-02-19,2026-02-20,2026-03-05,signal_horizon,9,0,GE,short,-0.02,0.02,equal_weight,1.0,-0.02,-0.0002897513164012,Industrials,,
2026-02-19,2026-02-20,2026-03-05,signal_horizon,9,0,SO,short,-0.02,0.02,equal_weight,1.0,-0.02,-0.0002874177038697,Unknown,,
2026-02-19,2026-02-20,2026-03-05,signal_horizon,9,0,HLT,short,-0.02,0.02,equal_weight,1.0,-0.02,-0.0001349857787267,Consumer Discretionary,,
2026-02-19,2026-02-20,2026-03-05,signal_horizon,9,0,SCHW,short,-0.02,0.02,equal_weight,1.0,-0.02,-3.781771222682016e-05,Financials,,
2026-02-19,2026-02-20,2026-03-05,signal_horizon,9,0,AXP,short,-0.02,0.02,equal_weight,1.0,-0.02,6.50548109827936e-05,Financials,,
2026-02-19,2026-02-20,2026-03-05,signal_horizon,9,0,SLB,short,-0.02,0.02,equal_weight,1.0,-0.02,7.729834627339218e-05,Energy,,
2026-02-19,2026-02-20,2026-03-05,signal_horizon,9,0,XOM,short,-0.02,0.02,equal_weight,1.0,-0.02,0.0001521358007069,Energy,,
2026-02-19,2026-02-20,2026-03-05,signal_horizon,9,0,SYK,short,-0.02,0.02,equal_weight,1.0,-0.02,0.0001865770914648,Unknown,,
2026-02-19,2026-02-20,2026-03-05,signal_horizon,9,0,RTX,short,-0.02,0.02,equal_weight,1.0,-0.02,0.0002106864992173,Industrials,,
2026-02-19,2026-02-20,2026-03-05,signal_horizon,9,0,EQIX,short,-0.02,0.02,equal_weight,1.0,-0.02,0.0002232073688244,Unknown,,
2026-02-19,2026-02-20,2026-03-05,signal_horizon,9,0,BAC,short,-0.02,0.02,equal_weight,1.0,-0.02,0.0002602764821686,Financials,,
2026-02-19,2026-02-20,2026-03-05,signal_horizon,9,0,ZTS,short,-0.02,0.02,equal_weight,1.0,-0.02,0.0002858319532181,Health Care,,
2026-02-19,2026-02-20,2026-03-05,signal_horizon,9,0,CTAS,short,-0.02,0.02,equal_weight,1.0,-0.02,0.0003500772709238,Industrials,,
2026-02-19,2026-02-20,2026-03-05,signal_horizon,9,0,AME,short,-0.02,0.02,equal_weight,1.0,-0.02,0.0005670998297195,Industrials,,
2026-02-19,2026-02-20,2026-03-05,signal_horizon,9,0,CME,short,-0.02,0.02,equal_weight,1.0,-0.02,0.0006319306100847,Unknown,,
2026-02-19,2026-02-20,2026-03-05,signal_horizon,9,0,GOOG,short,-0.02,0.02,equal_weight,1.0,-0.02,0.0006642509985696,Communication Services,,
2026-02-19,2026-02-20,2026-03-05,signal_horizon,9,0,WM,short,-0.02,0.02,equal_weight,1.0,-0.02,0.0006925834388732,Industrials,,
2026-02-19,2026-02-20,2026-03-05,signal_horizon,9,0,PG,short,-0.02,0.02,equal_weight,1.0,-0.02,0.0007350564618788,Consumer Staples,,
2026-02-19,2026-02-20,2026-03-05,signal_horizon,9,0,MNST,short,-0.02,0.02,equal_weight,1.0,-0.02,0.0011676352723423,Consumer Staples,,
2026-02-19,2026-02-20,2026-03-05,signal_horizon,9,0,NEE,short,-0.02,0.02,equal_weight,1.0,-0.02,0.0011952650583375,Utilities,,
2026-02-19,2026-02-20,2026-03-05,signal_horizon,9,0,KO,short,-0.02,0.02,equal_weight,1.0,-0.02,0.001297233033642,Consumer Staples,,
2026-02-19,2026-02-20,2026-03-05,signal_horizon,9,0,ABBV,short,-0.02,0.02,equal_weight,1.0,-0.02,0.0013164119604335,Health Care,,
2026-02-19,2026-02-20,2026-03-05,signal_horizon,9,0,XEL,short,-0.02,0.02,equal_weight,1.0,-0.02,0.0013547715587099,Utilities,,
2026-02-19,2026-02-20,2026-03-05,signal_horizon,9,0,JNJ,short,-0.02,0.02,equal_weight,1.0,-0.02,0.0014068258763844,Health Care,,
2026-02-19,2026-02-20,2026-03-05,signal_horizon,9,0,SPG,short,-0.02,0.02,equal_weight,1.0,-0.02,0.0014126583744198,Real Estate,,
2026-02-19,2026-02-20,2026-03-05,signal_horizon,9,0,ISRG,short,-0.02,0.02,equal_weight,1.0,-0.02,0.001648503600978,Health Care,,
2026-02-19,2026-02-20,2026-03-05,signal_horizon,9,0,PM,short,-0.02,0.02,equal_weight,1.0,-0.02,0.0017082033904935,Consumer Staples,,
2026-02-19,2026-02-20,2026-03-05,signal_horizon,9,0,KMB,short,-0.02,0.02,equal_weight,1.0,-0.02,0.0022678718022864,Consumer Staples,,
2026-02-19,2026-02-20,2026-03-05,signal_horizon,9,0,KVUE,short,-0.02,0.02,equal_weight,1.0,-0.02,0.0026756785326501,Consumer Staples,,
2026-03-05,2026-03-06,2026-03-19,signal_horizon,9,0,LITE,long,0.02,0.02,equal_weight,1.0,0.02,0.0232209221108211,Information Technology,,
2026-03-05,2026-03-06,2026-03-19,signal_horizon,9,0,VRT,long,0.02,0.02,equal_weight,1.0,0.02,0.0229863008456205,Industrials,,
2026-03-05,2026-03-06,2026-03-19,signal_horizon,9,0,AXON,long,0.02,0.02,equal_weight,1.0,0.02,0.0226688286693775,Industrials,,
2026-03-05,2026-03-06,2026-03-19,signal_horizon,9,0,TPL,long,0.02,0.02,equal_weight,1.0,0.02,0.0210527066524209,Energy,,
2026-03-05,2026-03-06,2026-03-19,signal_horizon,9,0,KEYS,long,0.02,0.02,equal_weight,1.0,0.02,0.0203274905077112,Information Technology,,
2026-03-05,2026-03-06,2026-03-19,signal_horizon,9,0,DELL,long,0.02,0.02,equal_weight,1.0,0.02,0.0198863989267741,Unknown,,
2026-03-05,2026-03-06,2026-03-19,signal_horizon,9,0,COHR,long,0.02,0.02,equal_weight,1.0,0.02,0.019817796092007,Information Technology,,
2026-03-05,2026-03-06,2026-03-19,signal_horizon,9,0,XYZ,long,0.02,0.02,equal_weight,1.0,0.02,0.0196787829135016,Financials,,
2026-03-05,2026-03-06,2026-03-19,signal_horizon,9,0,GRMN,long,0.02,0.02,equal_weight,1.0,0.02,0.019639039281888,Consumer Discretionary,,
2026-03-05,2026-03-06,2026-03-19,signal_horizon,9,0,CEG,long,0.02,0.02,equal_weight,1.0,0.02,0.0192075024226041,Unknown,,
2026-03-05,2026-03-06,2026-03-19,signal_horizon,9,0,APP,long,0.02,0.02,equal_weight,1.0,0.02,0.0190137605079724,Information Technology,,
2026-03-05,2026-03-06,2026-03-19,signal_horizon,9,0,GLW,long,0.02,0.02,equal_weight,1.0,0.02,0.0186726341989065,Information Technology,,
2026-03-05,2026-03-06,2026-03-19,signal_horizon,9,0,COIN,long,0.02,0.02,equal_weight,1.0,0.02,0.0186576654040512,Financials,,
2026-03-05,2026-03-06,2026-03-19,signal_horizon,9,0,CIEN,long,0.02,0.02,equal_weight,1.0,0.02,0.0169794353300983,Information Technology,,
2026-03-05,2026-03-06,2026-03-19,signal_horizon,9,0,FIX,long,0.02,0.02,equal_weight,1.0,0.02,0.0162583358150352,Industrials,,
2026-03-05,2026-03-06,2026-03-19,signal_horizon,9,0,NFLX,long,0.02,0.02,equal_weight,1.0,0.02,0.0157145788611258,Communication Services,,
2026-03-05,2026-03-06,2026-03-19,signal_horizon,9,0,SATS,long,0.02,0.02,equal_weight,1.0,0.02,0.0146477949029619,Communication Services,,
2026-03-05,2026-03-06,2026-03-19,signal_horizon,9,0,PWR,long,0.02,0.02,equal_weight,1.0,0.02,0.0144105821289258,Industrials,,
2026-03-05,2026-03-06,2026-03-19,signal_horizon,9,0,SNDK,long,0.02,0.02,equal_weight,1.0,0.02,0.0143001654666345,Information Technology,,
2026-03-05,2026-03-06,2026-03-19,signal_horizon,9,0,CCL,long,0.02,0.02,equal_weight,1.0,0.02,0.0137355188037672,Consumer Discretionary,,
2026-03-05,2026-03-06,2026-03-19,signal_horizon,9,0,HWM,long,0.02,0.02,equal_weight,1.0,0.02,0.0136491571581056,Industrials,,
2026-03-05,2026-03-06,2026-03-19,signal_horizon,9,0,EW,long,0.02,0.02,equal_weight,1.0,0.02,0.0135552857478205,Health Care,,
2026-03-05,2026-03-06,2026-03-19,signal_horizon,9,0,IRM,long,0.02,0.02,equal_weight,1.0,0.02,0.0132267585531673,Real Estate,,
2026-03-05,2026-03-06,2026-03-19,signal_horizon,9,0,RMD,long,0.02,0.02,equal_weight,1.0,0.02,0.0131994375191092,Health Care,,
2026-03-05,2026-03-06,2026-03-19,signal_horizon,9,0,HOOD,long,0.02,0.02,equal_weight,1.0,0.02,0.0130886908741267,Financials,,
2026-03-05,2026-03-06,2026-03-19,signal_horizon,9,0,PCG,long,0.02,0.02,equal_weight,1.0,0.02,0.0130649131399424,Utilities,,
2026-03-05,2026-03-06,2026-03-19,signal_horizon,9,0,ABNB,long,0.02,0.02,equal_weight,1.0,0.02,0.0129987073185376,Consumer Discretionary,,
2026-03-05,2026-03-06,2026-03-19,signal_horizon,9,0,HSY,long,0.02,0.02,equal_weight,1.0,0.02,0.0129012951866376,Consumer Staples,,
2026-03-05,2026-03-06,2026-03-19,signal_horizon,9,0,LVS,long,0.02,0.02,equal_weight,1.0,0.02,0.0124525261938014,Consumer Discretionary,,
2026-03-05,2026-03-06,2026-03-19,signal_horizon,9,0,CAH,long,0.02,0.02,equal_weight,1.0,0.02,0.0123911508822088,Health Care,,
2026-03-05,2026-03-06,2026-03-19,signal_horizon,9,0,VST,long,0.02,0.02,equal_weight,1.0,0.02,0.0122822510711958,Utilities,,
2026-03-05,2026-03-06,2026-03-19,signal_horizon,9,0,AJG,long,0.02,0.02,equal_weight,1.0,0.02,0.0121267463460994,Financials,,
2026-03-05,2026-03-06,2026-03-19,signal_horizon,9,0,FCX,long,0.02,0.02,equal_weight,1.0,0.02,0.0120414188529645,Materials,,
2026-03-05,2026-03-06,2026-03-19,signal_horizon,9,0,NEM,long,0.02,0.02,equal_weight,1.0,0.02,0.0119942501602835,Unknown,,
2026-03-05,2026-03-06,2026-03-19,signal_horizon,9,0,CRWD,long,0.02,0.02,equal_weight,1.0,0.02,0.0118787466290242,Unknown,,
2026-03-05,2026-03-06,2026-03-19,signal_horizon,9,0,MCK,long,0.02,0.02,equal_weight,1.0,0.02,0.0118595420617243,Unknown,,
2026-03-05,2026-03-06,2026-03-19,signal_horizon,9,0,NDAQ,long,0.02,0.02,equal_weight,1.0,0.02,0.0117959346585704,Financials,,
2026-03-05,2026-03-06,2026-03-19,signal_horizon,9,0,GEV,long,0.02,0.02,equal_weight,1.0,0.02,0.0116953575589595,Industrials,,
2026-03-05,2026-03-06,2026-03-19,signal_horizon,9,0,MSCI,long,0.02,0.02,equal_weight,1.0,0.02,0.0116137125339258,Financials,,
2026-03-05,2026-03-06,2026-03-19,signal_horizon,9,0,GEHC,long,0.02,0.02,equal_weight,1.0,0.02,0.0114606752121337,Health Care,,
2026-03-05,2026-03-06,2026-03-19,signal_horizon,9,0,OXY,long,0.02,0.02,equal_weight,1.0,0.02,0.0114127162695733,Energy,,
2026-03-05,2026-03-06,2026-03-19,signal_horizon,9,0,EQT,long,0.02,0.02,equal_weight,1.0,0.02,0.0112275762012421,Energy,,
2026-03-05,2026-03-06,2026-03-19,signal_horizon,9,0,KDP,long,0.02,0.02,equal_weight,1.0,0.02,0.0111978344316581,Consumer Staples,,
2026-03-05,2026-03-06,2026-03-19,signal_horizon,9,0,KR,long,0.02,0.02,equal_weight,1.0,0.02,0.0111449103217499,Consumer Staples,,
2026-03-05,2026-03-06,2026-03-19,signal_horizon,9,0,CMI,long,0.02,0.02,equal_weight,1.0,0.02,0.0107957506958573,Industrials,,
2026-03-05,2026-03-06,2026-03-19,signal_horizon,9,0,HBAN,long,0.02,0.02,equal_weight,1.0,0.02,0.0107729502748226,Financials,,
2026-03-05,2026-03-06,2026-03-19,signal_horizon,9,0,SYY,long,0.02,0.02,equal_weight,1.0,0.02,0.0106201850908759,Consumer Staples,,
2026-03-05,2026-03-06,2026-03-19,signal_horizon,9,0,KMB,long,0.02,0.02,equal_weight,1.0,0.02,0.0102720394466581,Consumer Staples,,
2026-03-05,2026-03-06,2026-03-19,signal_horizon,9,0,PM,long,0.02,0.02,equal_weight,1.0,0.02,0.0102608539633008,Consumer Staples,,
2026-03-05,2026-03-06,2026-03-19,signal_horizon,9,0,ADM,long,0.02,0.02,equal_weight,1.0,0.02,0.0102203285006153,Consumer Staples,,
2026-03-05,2026-03-06,2026-03-19,signal_horizon,9,0,TXN,short,-0.02,0.02,equal_weight,1.0,-0.02,0.0030537677657358,Information Technology,,
2026-03-05,2026-03-06,2026-03-19,signal_horizon,9,0,AAPL,short,-0.02,0.02,equal_weight,1.0,-0.02,0.0034478979430849,Information Technology,,
2026-03-05,2026-03-06,2026-03-19,signal_horizon,9,0,BRK-B,short,-0.02,0.02,equal_weight,1.0,-0.02,0.0036395651324195,Financials,,
2026-03-05,2026-03-06,2026-03-19,signal_horizon,9,0,MSFT,short,-0.02,0.02,equal_weight,1.0,-0.02,0.0037647758134227,Information Technology,,
2026-03-05,2026-03-06,2026-03-19,signal_horizon,9,0,WDAY,short,-0.02,0.02,equal_weight,1.0,-0.02,0.0038301443474018,Information Technology,,
2026-03-05,2026-03-06,2026-03-19,signal_horizon,9,0,GOOG,short,-0.02,0.02,equal_weight,1.0,-0.02,0.0040590898087413,Communication Services,,
2026-03-05,2026-03-06,2026-03-19,signal_horizon,9,0,QCOM,short,-0.02,0.02,equal_weight,1.0,-0.02,0.0042831999425414,Information Technology,,
2026-03-05,2026-03-06,2026-03-19,signal_horizon,9,0,BSX,short,-0.02,0.02,equal_weight,1.0,-0.02,0.0043110813750801,Unknown,,
2026-03-05,2026-03-06,2026-03-19,signal_horizon,9,0,HD,short,-0.02,0.02,equal_weight,1.0,-0.02,0.0043600036703182,Consumer Discretionary,,
2026-03-05,2026-03-06,2026-03-19,signal_horizon,9,0,GOOGL,short,-0.02,0.02,equal_weight,1.0,-0.02,0.004434133295117,Communication Services,,
2026-03-05,2026-03-06,2026-03-19,signal_horizon,9,0,COST,short,-0.02,0.02,equal_weight,1.0,-0.02,0.0044941992100431,Consumer Staples,,
2026-03-05,2026-03-06,2026-03-19,signal_horizon,9,0,CVX,short,-0.02,0.02,equal_weight,1.0,-0.02,0.0045746930998625,Energy,,
2026-03-05,2026-03-06,2026-03-19,signal_horizon,9,0,ADBE,short,-0.02,0.02,equal_weight,1.0,-0.02,0.0048958183632373,Information Technology,,
2026-03-05,2026-03-06,2026-03-19,signal_horizon,9,0,NEE,short,-0.02,0.02,equal_weight,1.0,-0.02,0.004907370671511,Utilities,,
2026-03-05,2026-03-06,2026-03-19,signal_horizon,9,0,AXP,short,-0.02,0.02,equal_weight,1.0,-0.02,0.0049306251286427,Financials,,
2026-03-05,2026-03-06,2026-03-19,signal_horizon,9,0,PANW,short,-0.02,0.02,equal_weight,1.0,-0.02,0.0049329102636597,Information Technology,,
2026-03-05,2026-03-06,2026-03-19,signal_horizon,9,0,MCD,short,-0.02,0.02,equal_weight,1.0,-0.02,0.0049590104597993,Consumer Discretionary,,
2026-03-05,2026-03-06,2026-03-19,signal_horizon,9,0,AMZN,short,-0.02,0.02,equal_weight,1.0,-0.02,0.0049860790987839,Consumer Discretionary,,
2026-03-05,2026-03-06,2026-03-19,signal_horizon,9,0,LMT,short,-0.02,0.02,equal_weight,1.0,-0.02,0.0050246517879444,Industrials,,
2026-03-05,2026-03-06,2026-03-19,signal_horizon,9,0,NKE,short,-0.02,0.02,equal_weight,1.0,-0.02,0.0050638746013428,Consumer Discretionary,,
2026-03-05,2026-03-06,2026-03-19,signal_horizon,9,0,XOM,short,-0.02,0.02,equal_weight,1.0,-0.02,0.0050862481516452,Energy,,
2026-03-05,2026-03-06,2026-03-19,signal_horizon,9,0,HON,short,-0.02,0.02,equal_weight,1.0,-0.02,0.0055095266314052,Industrials,,
2026-03-05,2026-03-06,2026-03-19,signal_horizon,9,0,CTAS,short,-0.02,0.02,equal_weight,1.0,-0.02,0.0055958178843481,Industrials,,
2026-03-05,2026-03-06,2026-03-19,signal_horizon,9,0,TGT,short,-0.02,0.02,equal_weight,1.0,-0.02,0.0057569398282642,Unknown,,
2026-03-05,2026-03-06,2026-03-19,signal_horizon,9,0,TMO,short,-0.02,0.02,equal_weight,1.0,-0.02,0.0060360442898482,Health Care,,
2026-03-05,2026-03-06,2026-03-19,signal_horizon,9,0,BAC,short,-0.02,0.02,equal_weight,1.0,-0.02,0.0062239234959895,Financials,,
2026-03-05,2026-03-06,2026-03-19,signal_horizon,9,0,DHR,short,-0.02,0.02,equal_weight,1.0,-0.02,0.0062289531765108,Health Care,,
2026-03-05,2026-03-06,2026-03-19,signal_horizon,9,0,JPM,short,-0.02,0.02,equal_weight,1.0,-0.02,0.0062411387734388,Financials,,
2026-03-05,2026-03-06,2026-03-19,signal_horizon,9,0,PGR,short,-0.02,0.02,equal_weight,1.0,-0.02,0.006248112099925,Financials,,
2026-03-05,2026-03-06,2026-03-19,signal_horizon,9,0,BLK,short,-0.02,0.02,equal_weight,1.0,-0.02,0.006259673543849,Financials,,
2026-03-05,2026-03-06,2026-03-19,signal_horizon,9,0,COP,short,-0.02,0.02,equal_weight,1.0,-0.02,0.0062929125636964,Energy,,
2026-03-05,2026-03-06,2026-03-19,signal_horizon,9,0,FDX,short,-0.02,0.02,equal_weight,1.0,-0.02,0.0063262799864443,Unknown,,
2026-03-05,2026-03-06,2026-03-19,signal_horizon,9,0,SCHW,short,-0.02,0.02,equal_weight,1.0,-0.02,0.0063539695700123,Financials,,
2026-03-05,2026-03-06,2026-03-19,signal_horizon,9,0,SYK,short,-0.02,0.02,equal_weight,1.0,-0.02,0.0063626297693464,Unknown,,
2026-03-05,2026-03-06,2026-03-19,signal_horizon,9,0,O,short,-0.02,0.02,equal_weight,1.0,-0.02,0.0064289878889212,Real Estate,,
2026-03-05,2026-03-06,2026-03-19,signal_horizon,9,0,ED,short,-0.02,0.02,equal_weight,1.0,-0.02,0.0064630007312623,Utilities,,
2026-03-05,2026-03-06,2026-03-19,signal_horizon,9,0,RTX,short,-0.02,0.02,equal_weight,1.0,-0.02,0.0064949033260218,Industrials,,
2026-03-05,2026-03-06,2026-03-19,signal_horizon,9,0,JNJ,short,-0.02,0.02,equal_weight,1.0,-0.02,0.0064949773065943,Health Care,,
2026-03-05,2026-03-06,2026-03-19,signal_horizon,9,0,CB,short,-0.02,0.02,equal_weight,1.0,-0.02,0.0065139913900972,Unknown,,
2026-03-05,2026-03-06,2026-03-19,signal_horizon,9,0,UNP,short,-0.02,0.02,equal_weight,1.0,-0.02,0.0065741855655259,Industrials,,
2026-03-05,2026-03-06,2026-03-19,signal_horizon,9,0,ELV,short,-0.02,0.02,equal_weight,1.0,-0.02,0.0065839937249441,Health Care,,
2026-03-05,2026-03-06,2026-03-19,signal_horizon,9,0,APD,short,-0.02,0.02,equal_weight,1.0,-0.02,0.0066834727962359,Materials,,
2026-03-05,2026-03-06,2026-03-19,signal_horizon,9,0,UBER,short,-0.02,0.02,equal_weight,1.0,-0.02,0.0067476018753224,Industrials,,
2026-03-05,2026-03-06,2026-03-19,signal_horizon,9,0,PEP,short,-0.02,0.02,equal_weight,1.0,-0.02,0.0068047597303695,Consumer Staples,,
2026-03-05,2026-03-06,2026-03-19,signal_horizon,9,0,CARR,short,-0.02,0.02,equal_weight,1.0,-0.02,0.0068555555751848,Industrials,,
2026-03-05,2026-03-06,2026-03-19,signal_horizon,9,0,PG,short,-0.02,0.02,equal_weight,1.0,-0.02,0.0074873433387748,Consumer Staples,,
2026-03-05,2026-03-06,2026-03-19,signal_horizon,9,0,KO,short,-0.02,0.02,equal_weight,1.0,-0.02,0.0075152600063736,Consumer Staples,,
2026-03-05,2026-03-06,2026-03-19,signal_horizon,9,0,MNST,short,-0.02,0.02,equal_weight,1.0,-0.02,0.0079150297310476,Consumer Staples,,
2026-03-05,2026-03-06,2026-03-19,signal_horizon,9,0,KVUE,short,-0.02,0.02,equal_weight,1.0,-0.02,0.0095418639484176,Consumer Staples,,
2026-03-05,2026-03-06,2026-03-19,signal_horizon,9,0,MO,short,-0.02,0.02,equal_weight,1.0,-0.02,0.0096897677791715,Consumer Staples,,
2026-03-19,2026-03-20,2026-04-02,signal_horizon,9,0,COIN,long,0.02,0.02,equal_weight,1.0,0.02,0.0221866232663147,Financials,,
2026-03-19,2026-03-20,2026-04-02,signal_horizon,9,0,AXON,long,0.02,0.02,equal_weight,1.0,0.02,0.0217699405504711,Industrials,,
2026-03-19,2026-03-20,2026-04-02,signal_horizon,9,0,XYZ,long,0.02,0.02,equal_weight,1.0,0.02,0.0200160262224392,Financials,,
2026-03-19,2026-03-20,2026-04-02,signal_horizon,9,0,APP,long,0.02,0.02,equal_weight,1.0,0.02,0.0193275022258614,Information Technology,,
2026-03-19,2026-03-20,2026-04-02,signal_horizon,9,0,DELL,long,0.02,0.02,equal_weight,1.0,0.02,0.0189676807274195,Unknown,,
2026-03-19,2026-03-20,2026-04-02,signal_horizon,9,0,TPL,long,0.02,0.02,equal_weight,1.0,0.02,0.0185339199395245,Energy,,
2026-03-19,2026-03-20,2026-04-02,signal_horizon,9,0,LITE,long,0.02,0.02,equal_weight,1.0,0.02,0.0178189402666694,Information Technology,,
2026-03-19,2026-03-20,2026-04-02,signal_horizon,9,0,SNDK,long,0.02,0.02,equal_weight,1.0,0.02,0.0178125531535663,Information Technology,,
2026-03-19,2026-03-20,2026-04-02,signal_horizon,9,0,CVNA,long,0.02,0.02,equal_weight,1.0,0.02,0.017279870764766,Consumer Discretionary,,
2026-03-19,2026-03-20,2026-04-02,signal_horizon,9,0,HOOD,long,0.02,0.02,equal_weight,1.0,0.02,0.017207837195641,Financials,,
2026-03-19,2026-03-20,2026-04-02,signal_horizon,9,0,KEYS,long,0.02,0.02,equal_weight,1.0,0.02,0.0171056151499769,Information Technology,,
2026-03-19,2026-03-20,2026-04-02,signal_horizon,9,0,NFLX,long,0.02,0.02,equal_weight,1.0,0.02,0.0170257530934232,Communication Services,,
2026-03-19,2026-03-20,2026-04-02,signal_horizon,9,0,CRWD,long,0.02,0.02,equal_weight,1.0,0.02,0.0162674503225594,Unknown,,
2026-03-19,2026-03-20,2026-04-02,signal_horizon,9,0,DDOG,long,0.02,0.02,equal_weight,1.0,0.02,0.0161766536072292,Information Technology,,
2026-03-19,2026-03-20,2026-04-02,signal_horizon,9,0,CCL,long,0.02,0.02,equal_weight,1.0,0.02,0.0159989943344053,Consumer Discretionary,,
2026-03-19,2026-03-20,2026-04-02,signal_horizon,9,0,TTWO,long,0.02,0.02,equal_weight,1.0,0.02,0.0159814749623462,Communication Services,,
2026-03-19,2026-03-20,2026-04-02,signal_horizon,9,0,INTU,long,0.02,0.02,equal_weight,1.0,0.02,0.0157846657786303,Information Technology,,
2026-03-19,2026-03-20,2026-04-02,signal_horizon,9,0,MU,long,0.02,0.02,equal_weight,1.0,0.02,0.0155446819721776,Information Technology,,
2026-03-19,2026-03-20,2026-04-02,signal_horizon,9,0,ODFL,long,0.02,0.02,equal_weight,1.0,0.02,0.0151708182147781,Industrials,,
2026-03-19,2026-03-20,2026-04-02,signal_horizon,9,0,LRCX,long,0.02,0.02,equal_weight,1.0,0.02,0.015109387379953,Unknown,,
2026-03-19,2026-03-20,2026-04-02,signal_horizon,9,0,DASH,long,0.02,0.02,equal_weight,1.0,0.02,0.0149856061755972,Consumer Discretionary,,
2026-03-19,2026-03-20,2026-04-02,signal_horizon,9,0,COF,long,0.02,0.02,equal_weight,1.0,0.02,0.0148792297134345,Unknown,,
2026-03-19,2026-03-20,2026-04-02,signal_horizon,9,0,CBRE,long,0.02,0.02,equal_weight,1.0,0.02,0.0147971311611461,Real Estate,,
2026-03-19,2026-03-20,2026-04-02,signal_horizon,9,0,MPC,long,0.02,0.02,equal_weight,1.0,0.02,0.0142638325536576,Energy,,
2026-03-19,2026-03-20,2026-04-02,signal_horizon,9,0,GEHC,long,0.02,0.02,equal_weight,1.0,0.02,0.0142567096305704,Health Care,,
2026-03-19,2026-03-20,2026-04-02,signal_horizon,9,0,EW,long,0.02,0.02,equal_weight,1.0,0.02,0.014121761337516,Health Care,,
2026-03-19,2026-03-20,2026-04-02,signal_horizon,9,0,URI,long,0.02,0.02,equal_weight,1.0,0.02,0.014082748335336,Industrials,,
2026-03-19,2026-03-20,2026-04-02,signal_horizon,9,0,EBAY,long,0.02,0.02,equal_weight,1.0,0.02,0.0140772522851315,Consumer Discretionary,,
2026-03-19,2026-03-20,2026-04-02,signal_horizon,9,0,CEG,long,0.02,0.02,equal_weight,1.0,0.02,0.0138680734286486,Unknown,,
2026-03-19,2026-03-20,2026-04-02,signal_horizon,9,0,EMR,long,0.02,0.02,equal_weight,1.0,0.02,0.0138631460663009,Industrials,,
2026-03-19,2026-03-20,2026-04-02,signal_horizon,9,0,IDXX,long,0.02,0.02,equal_weight,1.0,0.02,0.0138144480561219,Health Care,,
2026-03-19,2026-03-20,2026-04-02,signal_horizon,9,0,NDAQ,long,0.02,0.02,equal_weight,1.0,0.02,0.0136072073208097,Financials,,
2026-03-19,2026-03-20,2026-04-02,signal_horizon,9,0,VLO,long,0.02,0.02,equal_weight,1.0,0.02,0.0135016417742143,Energy,,
2026-03-19,2026-03-20,2026-04-02,signal_horizon,9,0,ROK,long,0.02,0.02,equal_weight,1.0,0.02,0.013148558970192,Industrials,,
2026-03-19,2026-03-20,2026-04-02,signal_horizon,9,0,RMD,long,0.02,0.02,equal_weight,1.0,0.02,0.0130587906600112,Health Care,,
2026-03-19,2026-03-20,2026-04-02,signal_horizon,9,0,KDP,long,0.02,0.02,equal_weight,1.0,0.02,0.0129655415359355,Consumer Staples,,
2026-03-19,2026-03-20,2026-04-02,signal_horizon,9,0,FCX,long,0.02,0.02,equal_weight,1.0,0.02,0.0129602427930008,Materials,,
2026-03-19,2026-03-20,2026-04-02,signal_horizon,9,0,PAYX,long,0.02,0.02,equal_weight,1.0,0.02,0.0128468021056853,Industrials,,
2026-03-19,2026-03-20,2026-04-02,signal_horizon,9,0,AJG,long,0.02,0.02,equal_weight,1.0,0.02,0.0127582678345549,Financials,,
2026-03-19,2026-03-20,2026-04-02,signal_horizon,9,0,APO,long,0.02,0.02,equal_weight,1.0,0.02,0.0126945743946326,Financials,,
2026-03-19,2026-03-20,2026-04-02,signal_horizon,9,0,SYY,long,0.02,0.02,equal_weight,1.0,0.02,0.0126725314621583,Consumer Staples,,
2026-03-19,2026-03-20,2026-04-02,signal_horizon,9,0,PYPL,long,0.02,0.02,equal_weight,1.0,0.02,0.0126632646604809,Financials,,
2026-03-19,2026-03-20,2026-04-02,signal_horizon,9,0,ADM,long,0.02,0.02,equal_weight,1.0,0.02,0.0126266286129503,Consumer Staples,,
2026-03-19,2026-03-20,2026-04-02,signal_horizon,9,0,CPRT,long,0.02,0.02,equal_weight,1.0,0.02,0.0125722059040547,Industrials,,
2026-03-19,2026-03-20,2026-04-02,signal_horizon,9,0,XEL,long,0.02,0.02,equal_weight,1.0,0.02,0.0124027943066185,Utilities,,
2026-03-19,2026-03-20,2026-04-02,signal_horizon,9,0,KR,long,0.02,0.02,equal_weight,1.0,0.02,0.0122559162814998,Consumer Staples,,
2026-03-19,2026-03-20,2026-04-02,signal_horizon,9,0,ETR,long,0.02,0.02,equal_weight,1.0,0.02,0.0121642835824805,Utilities,,
2026-03-19,2026-03-20,2026-04-02,signal_horizon,9,0,KVUE,long,0.02,0.02,equal_weight,1.0,0.02,0.0121194914050421,Consumer Staples,,
2026-03-19,2026-03-20,2026-04-02,signal_horizon,9,0,MNST,long,0.02,0.02,equal_weight,1.0,0.02,0.0119975185971209,Consumer Staples,,
2026-03-19,2026-03-20,2026-04-02,signal_horizon,9,0,HSY,long,0.02,0.02,equal_weight,1.0,0.02,0.0118994447594009,Consumer Staples,,
2026-03-19,2026-03-20,2026-04-02,signal_horizon,9,0,AAPL,short,-0.02,0.02,equal_weight,1.0,-0.02,0.0045000974910674,Information Technology,,
2026-03-19,2026-03-20,2026-04-02,signal_horizon,9,0,BRK-B,short,-0.02,0.02,equal_weight,1.0,-0.02,0.0048770360498751,Financials,,
2026-03-19,2026-03-20,2026-04-02,signal_horizon,9,0,CSCO,short,-0.02,0.02,equal_weight,1.0,-0.02,0.0049680453657877,Information Technology,,
2026-03-19,2026-03-20,2026-04-02,signal_horizon,9,0,PEP,short,-0.02,0.02,equal_weight,1.0,-0.02,0.0050858723972758,Consumer Staples,,
2026-03-19,2026-03-20,2026-04-02,signal_horizon,9,0,QCOM,short,-0.02,0.02,equal_weight,1.0,-0.02,0.0053001529342047,Information Technology,,
2026-03-19,2026-03-20,2026-04-02,signal_horizon,9,0,JNJ,short,-0.02,0.02,equal_weight,1.0,-0.02,0.0055314227958105,Health Care,,
2026-03-19,2026-03-20,2026-04-02,signal_horizon,9,0,TXN,short,-0.02,0.02,equal_weight,1.0,-0.02,0.005568265291541,Information Technology,,
2026-03-19,2026-03-20,2026-04-02,signal_horizon,9,0,COST,short,-0.02,0.02,equal_weight,1.0,-0.02,0.0057622875238924,Consumer Staples,,
2026-03-19,2026-03-20,2026-04-02,signal_horizon,9,0,DE,short,-0.02,0.02,equal_weight,1.0,-0.02,0.0058715767624551,Industrials,,
2026-03-19,2026-03-20,2026-04-02,signal_horizon,9,0,ADBE,short,-0.02,0.02,equal_weight,1.0,-0.02,0.0060073882018041,Information Technology,,
2026-03-19,2026-03-20,2026-04-02,signal_horizon,9,0,PFE,short,-0.02,0.02,equal_weight,1.0,-0.02,0.0060306230853295,Health Care,,
2026-03-19,2026-03-20,2026-04-02,signal_horizon,9,0,MSI,short,-0.02,0.02,equal_weight,1.0,-0.02,0.0061971437297973,Information Technology,,
2026-03-19,2026-03-20,2026-04-02,signal_horizon,9,0,JPM,short,-0.02,0.02,equal_weight,1.0,-0.02,0.0062052189879572,Financials,,
2026-03-19,2026-03-20,2026-04-02,signal_horizon,9,0,CVX,short,-0.02,0.02,equal_weight,1.0,-0.02,0.0062243293299434,Energy,,
2026-03-19,2026-03-20,2026-04-02,signal_horizon,9,0,HD,short,-0.02,0.02,equal_weight,1.0,-0.02,0.0064023254607594,Consumer Discretionary,,
2026-03-19,2026-03-20,2026-04-02,signal_horizon,9,0,ITW,short,-0.02,0.02,equal_weight,1.0,-0.02,0.0065844616314627,Industrials,,
2026-03-19,2026-03-20,2026-04-02,signal_horizon,9,0,AVGO,short,-0.02,0.02,equal_weight,1.0,-0.02,0.0065919435424799,Information Technology,,
2026-03-19,2026-03-20,2026-04-02,signal_horizon,9,0,NKE,short,-0.02,0.02,equal_weight,1.0,-0.02,0.0066783084409169,Consumer Discretionary,,
2026-03-19,2026-03-20,2026-04-02,signal_horizon,9,0,NEE,short,-0.02,0.02,equal_weight,1.0,-0.02,0.0068038296962281,Utilities,,
2026-03-19,2026-03-20,2026-04-02,signal_horizon,9,0,GILD,short,-0.02,0.02,equal_weight,1.0,-0.02,0.0071650328342583,Unknown,,
2026-03-19,2026-03-20,2026-04-02,signal_horizon,9,0,DUK,short,-0.02,0.02,equal_weight,1.0,-0.02,0.0073072575601526,Unknown,,
2026-03-19,2026-03-20,2026-04-02,signal_horizon,9,0,FDX,short,-0.02,0.02,equal_weight,1.0,-0.02,0.0073540176121816,Unknown,,
2026-03-19,2026-03-20,2026-04-02,signal_horizon,9,0,MCD,short,-0.02,0.02,equal_weight,1.0,-0.02,0.0073873141260576,Consumer Discretionary,,
2026-03-19,2026-03-20,2026-04-02,signal_horizon,9,0,FANG,short,-0.02,0.02,equal_weight,1.0,-0.02,0.0074123336116905,Energy,,
2026-03-19,2026-03-20,2026-04-02,signal_horizon,9,0,KO,short,-0.02,0.02,equal_weight,1.0,-0.02,0.0074275117635802,Consumer Staples,,
2026-03-19,2026-03-20,2026-04-02,signal_horizon,9,0,BK,short,-0.02,0.02,equal_weight,1.0,-0.02,0.0074583662327989,Financials,,
2026-03-19,2026-03-20,2026-04-02,signal_horizon,9,0,EA,short,-0.02,0.02,equal_weight,1.0,-0.02,0.0074956950113844,Communication Services,,
2026-03-19,2026-03-20,2026-04-02,signal_horizon,9,0,WELL,short,-0.02,0.02,equal_weight,1.0,-0.02,0.0075777278748156,Real Estate,,
2026-03-19,2026-03-20,2026-04-02,signal_horizon,9,0,WBD,short,-0.02,0.02,equal_weight,1.0,-0.02,0.0076951655550219,Communication Services,,
2026-03-19,2026-03-20,2026-04-02,signal_horizon,9,0,HON,short,-0.02,0.02,equal_weight,1.0,-0.02,0.0077756966866359,Industrials,,
2026-03-19,2026-03-20,2026-04-02,signal_horizon,9,0,MA,short,-0.02,0.02,equal_weight,1.0,-0.02,0.0078023002616322,Financials,,
2026-03-19,2026-03-20,2026-04-02,signal_horizon,9,0,LMT,short,-0.02,0.02,equal_weight,1.0,-0.02,0.0078152191875993,Industrials,,
2026-03-19,2026-03-20,2026-04-02,signal_horizon,9,0,VRT,short,-0.02,0.02,equal_weight,1.0,-0.02,0.0078663751458811,Industrials,,
2026-03-19,2026-03-20,2026-04-02,signal_horizon,9,0,PWR,short,-0.02,0.02,equal_weight,1.0,-0.02,0.0079281353104409,Industrials,,
2026-03-19,2026-03-20,2026-04-02,signal_horizon,9,0,HLT,short,-0.02,0.02,equal_weight,1.0,-0.02,0.0080096381583432,Consumer Discretionary,,
2026-03-19,2026-03-20,2026-04-02,signal_horizon,9,0,CAT,short,-0.02,0.02,equal_weight,1.0,-0.02,0.0080256659074448,Industrials,,
2026-03-19,2026-03-20,2026-04-02,signal_horizon,9,0,LIN,short,-0.02,0.02,equal_weight,1.0,-0.02,0.0081595019475476,Materials,,
2026-03-19,2026-03-20,2026-04-02,signal_horizon,9,0,BAC,short,-0.02,0.02,equal_weight,1.0,-0.02,0.0081826663824851,Financials,,
2026-03-19,2026-03-20,2026-04-02,signal_horizon,9,0,SYK,short,-0.02,0.02,equal_weight,1.0,-0.02,0.0082047258530029,Unknown,,
2026-03-19,2026-03-20,2026-04-02,signal_horizon,9,0,C,short,-0.02,0.02,equal_weight,1.0,-0.02,0.0082318700124297,Financials,,
2026-03-19,2026-03-20,2026-04-02,signal_horizon,9,0,V,short,-0.02,0.02,equal_weight,1.0,-0.02,0.0082821928133388,Unknown,,
2026-03-19,2026-03-20,2026-04-02,signal_horizon,9,0,GS,short,-0.02,0.02,equal_weight,1.0,-0.02,0.0083448740579707,Financials,,
2026-03-19,2026-03-20,2026-04-02,signal_horizon,9,0,XOM,short,-0.02,0.02,equal_weight,1.0,-0.02,0.0085190459388642,Energy,,
2026-03-19,2026-03-20,2026-04-02,signal_horizon,9,0,MRK,short,-0.02,0.02,equal_weight,1.0,-0.02,0.0087446623850432,Health Care,,
2026-03-19,2026-03-20,2026-04-02,signal_horizon,9,0,COR,short,-0.02,0.02,equal_weight,1.0,-0.02,0.0089226669532802,Health Care,,
2026-03-19,2026-03-20,2026-04-02,signal_horizon,9,0,ATO,short,-0.02,0.02,equal_weight,1.0,-0.02,0.0090771154664715,Utilities,,
2026-03-19,2026-03-20,2026-04-02,signal_horizon,9,0,PG,short,-0.02,0.02,equal_weight,1.0,-0.02,0.0093363681325589,Consumer Staples,,
2026-03-19,2026-03-20,2026-04-02,signal_horizon,9,0,WMT,short,-0.02,0.02,equal_weight,1.0,-0.02,0.0103115219870178,Consumer Staples,,
2026-03-19,2026-03-20,2026-04-02,signal_horizon,9,0,MO,short,-0.02,0.02,equal_weight,1.0,-0.02,0.0109086069848928,Consumer Staples,,
2026-03-19,2026-03-20,2026-04-02,signal_horizon,9,0,MDLZ,short,-0.02,0.02,equal_weight,1.0,-0.02,0.011366969246608,Consumer Staples,,
2026-04-02,2026-04-06,2026-04-17,signal_horizon,9,0,SNDK,long,0.02,0.02,equal_weight,1.0,0.02,0.0255262568227124,Information Technology,,
2026-04-02,2026-04-06,2026-04-17,signal_horizon,9,0,CIEN,long,0.02,0.02,equal_weight,1.0,0.02,0.0219550479998725,Information Technology,,
2026-04-02,2026-04-06,2026-04-17,signal_horizon,9,0,WDC,long,0.02,0.02,equal_weight,1.0,0.02,0.0211182359209169,Information Technology,,
2026-04-02,2026-04-06,2026-04-17,signal_horizon,9,0,LITE,long,0.02,0.02,equal_weight,1.0,0.02,0.0201907784837823,Information Technology,,
2026-04-02,2026-04-06,2026-04-17,signal_horizon,9,0,NEM,long,0.02,0.02,equal_weight,1.0,0.02,0.018962327759371,Unknown,,
2026-04-02,2026-04-06,2026-04-17,signal_horizon,9,0,INTC,long,0.02,0.02,equal_weight,1.0,0.02,0.0182749005567427,Information Technology,,
2026-04-02,2026-04-06,2026-04-17,signal_horizon,9,0,STX,long,0.02,0.02,equal_weight,1.0,0.02,0.0181131499378343,Information Technology,,
2026-04-02,2026-04-06,2026-04-17,signal_horizon,9,0,LRCX,long,0.02,0.02,equal_weight,1.0,0.02,0.0177296988790169,Unknown,,
2026-04-02,2026-04-06,2026-04-17,signal_horizon,9,0,HPE,long,0.02,0.02,equal_weight,1.0,0.02,0.0173695876819454,Information Technology,,
2026-04-02,2026-04-06,2026-04-17,signal_horizon,9,0,NKE,long,0.02,0.02,equal_weight,1.0,0.02,0.0172370255130155,Consumer Discretionary,,
2026-04-02,2026-04-06,2026-04-17,signal_horizon,9,0,SATS,long,0.02,0.02,equal_weight,1.0,0.02,0.0168682733430113,Communication Services,,
2026-04-02,2026-04-06,2026-04-17,signal_horizon,9,0,CVNA,long,0.02,0.02,equal_weight,1.0,0.02,0.0168597517160887,Consumer Discretionary,,
2026-04-02,2026-04-06,2026-04-17,signal_horizon,9,0,AXON,long,0.02,0.02,equal_weight,1.0,0.02,0.0160980868726712,Industrials,,
2026-04-02,2026-04-06,2026-04-17,signal_horizon,9,0,DAL,long,0.02,0.02,equal_weight,1.0,0.02,0.0160870514117535,Industrials,,
2026-04-02,2026-04-06,2026-04-17,signal_horizon,9,0,FIX,long,0.02,0.02,equal_weight,1.0,0.02,0.016084052649522,Industrials,,
2026-04-02,2026-04-06,2026-04-17,signal_horizon,9,0,FCX,long,0.02,0.02,equal_weight,1.0,0.02,0.0157303252168528,Materials,,
2026-04-02,2026-04-06,2026-04-17,signal_horizon,9,0,XYZ,long,0.02,0.02,equal_weight,1.0,0.02,0.0152823139970914,Financials,,
2026-04-02,2026-04-06,2026-04-17,signal_horizon,9,0,DELL,long,0.02,0.02,equal_weight,1.0,0.02,0.0151091529466759,Unknown,,
2026-04-02,2026-04-06,2026-04-17,signal_horizon,9,0,ADM,long,0.02,0.02,equal_weight,1.0,0.02,0.0148817696330111,Consumer Staples,,
2026-04-02,2026-04-06,2026-04-17,signal_horizon,9,0,APO,long,0.02,0.02,equal_weight,1.0,0.02,0.0148132069177619,Financials,,
2026-04-02,2026-04-06,2026-04-17,signal_horizon,9,0,EW,long,0.02,0.02,equal_weight,1.0,0.02,0.0146306407995801,Health Care,,
2026-04-02,2026-04-06,2026-04-17,signal_horizon,9,0,OXY,long,0.02,0.02,equal_weight,1.0,0.02,0.0143942612811205,Energy,,
2026-04-02,2026-04-06,2026-04-17,signal_horizon,9,0,HOOD,long,0.02,0.02,equal_weight,1.0,0.02,0.0143806433299026,Financials,,
2026-04-02,2026-04-06,2026-04-17,signal_horizon,9,0,LYV,long,0.02,0.02,equal_weight,1.0,0.02,0.0140511040408217,Communication Services,,
2026-04-02,2026-04-06,2026-04-17,signal_horizon,9,0,CCI,long,0.02,0.02,equal_weight,1.0,0.02,0.0140322142066397,Real Estate,,
2026-04-02,2026-04-06,2026-04-17,signal_horizon,9,0,ODFL,long,0.02,0.02,equal_weight,1.0,0.02,0.0137679718587801,Industrials,,
2026-04-02,2026-04-06,2026-04-17,signal_horizon,9,0,SLB,long,0.02,0.02,equal_weight,1.0,0.02,0.0136134713268327,Energy,,
2026-04-02,2026-04-06,2026-04-17,signal_horizon,9,0,CCL,long,0.02,0.02,equal_weight,1.0,0.02,0.0134934084168359,Consumer Discretionary,,
2026-04-02,2026-04-06,2026-04-17,signal_horizon,9,0,HAL,long,0.02,0.02,equal_weight,1.0,0.02,0.0134289780690913,Energy,,
2026-04-02,2026-04-06,2026-04-17,signal_horizon,9,0,APH,long,0.02,0.02,equal_weight,1.0,0.02,0.0133464644876743,Unknown,,
2026-04-02,2026-04-06,2026-04-17,signal_horizon,9,0,BA,long,0.02,0.02,equal_weight,1.0,0.02,0.0132615760935395,Industrials,,
2026-04-02,2026-04-06,2026-04-17,signal_horizon,9,0,RMD,long,0.02,0.02,equal_weight,1.0,0.02,0.0131139646603904,Health Care,,
2026-04-02,2026-04-06,2026-04-17,signal_horizon,9,0,KKR,long,0.02,0.02,equal_weight,1.0,0.02,0.0129912001351746,Financials,,
2026-04-02,2026-04-06,2026-04-17,signal_horizon,9,0,CEG,long,0.02,0.02,equal_weight,1.0,0.02,0.0129911350517138,Unknown,,
2026-04-02,2026-04-06,2026-04-17,signal_horizon,9,0,FITB,long,0.02,0.02,equal_weight,1.0,0.02,0.0129486152640266,Financials,,
2026-04-02,2026-04-06,2026-04-17,signal_horizon,9,0,NDAQ,long,0.02,0.02,equal_weight,1.0,0.02,0.0129145927451506,Financials,,
2026-04-02,2026-04-06,2026-04-17,signal_horizon,9,0,IDXX,long,0.02,0.02,equal_weight,1.0,0.02,0.0128911373155302,Health Care,,
2026-04-02,2026-04-06,2026-04-17,signal_horizon,9,0,EME,long,0.02,0.02,equal_weight,1.0,0.02,0.0128859748923825,Industrials,,
2026-04-02,2026-04-06,2026-04-17,signal_horizon,9,0,ELV,long,0.02,0.02,equal_weight,1.0,0.02,0.012716161049872,Health Care,,
2026-04-02,2026-04-06,2026-04-17,signal_horizon,9,0,VST,long,0.02,0.02,equal_weight,1.0,0.02,0.0126378212516305,Utilities,,
2026-04-02,2026-04-06,2026-04-17,signal_horizon,9,0,EMR,long,0.02,0.02,equal_weight,1.0,0.02,0.0126254925682112,Industrials,,
2026-04-02,2026-04-06,2026-04-17,signal_horizon,9,0,STT,long,0.02,0.02,equal_weight,1.0,0.02,0.0125981220562126,Financials,,
2026-04-02,2026-04-06,2026-04-17,signal_horizon,9,0,RCL,long,0.02,0.02,equal_weight,1.0,0.02,0.0125977679454505,Consumer Discretionary,,
2026-04-02,2026-04-06,2026-04-17,signal_horizon,9,0,NRG,long,0.02,0.02,equal_weight,1.0,0.02,0.0123703255970164,Utilities,,
2026-04-02,2026-04-06,2026-04-17,signal_horizon,9,0,MNST,long,0.02,0.02,equal_weight,1.0,0.02,0.0123639239056344,Consumer Staples,,
2026-04-02,2026-04-06,2026-04-17,signal_horizon,9,0,KR,long,0.02,0.02,equal_weight,1.0,0.02,0.0120979941785306,Consumer Staples,,
2026-04-02,2026-04-06,2026-04-17,signal_horizon,9,0,KVUE,long,0.02,0.02,equal_weight,1.0,0.02,0.0120721822035986,Consumer Staples,,
2026-04-02,2026-04-06,2026-04-17,signal_horizon,9,0,MDLZ,long,0.02,0.02,equal_weight,1.0,0.02,0.0120596289404365,Consumer Staples,,
2026-04-02,2026-04-06,2026-04-17,signal_horizon,9,0,KDP,long,0.02,0.02,equal_weight,1.0,0.02,0.0119283278813006,Consumer Staples,,
2026-04-02,2026-04-06,2026-04-17,signal_horizon,9,0,PM,long,0.02,0.02,equal_weight,1.0,0.02,0.0119154422485419,Consumer Staples,,
2026-04-02,2026-04-06,2026-04-17,signal_horizon,9,0,QCOM,short,-0.02,0.02,equal_weight,1.0,-0.02,-0.0016448410307124,Information Technology,,
2026-04-02,2026-04-06,2026-04-17,signal_horizon,9,0,ADP,short,-0.02,0.02,equal_weight,1.0,-0.02,0.0023907461211858,Information Technology,,
2026-04-02,2026-04-06,2026-04-17,signal_horizon,9,0,CSCO,short,-0.02,0.02,equal_weight,1.0,-0.02,0.0029012503941264,Information Technology,,
2026-04-02,2026-04-06,2026-04-17,signal_horizon,9,0,ABT,short,-0.02,0.02,equal_weight,1.0,-0.02,0.0032279375307058,Health Care,,
2026-04-02,2026-04-06,2026-04-17,signal_horizon,9,0,VZ,short,-0.02,0.02,equal_weight,1.0,-0.02,0.0035025477945294,Communication Services,,
2026-04-02,2026-04-06,2026-04-17,signal_horizon,9,0,AAPL,short,-0.02,0.02,equal_weight,1.0,-0.02,0.0035576389518826,Information Technology,,
2026-04-02,2026-04-06,2026-04-17,signal_horizon,9,0,ACN,short,-0.02,0.02,equal_weight,1.0,-0.02,0.0039393120824218,Information Technology,,
2026-04-02,2026-04-06,2026-04-17,signal_horizon,9,0,CMCSA,short,-0.02,0.02,equal_weight,1.0,-0.02,0.0039723910565139,Unknown,,
2026-04-02,2026-04-06,2026-04-17,signal_horizon,9,0,UPS,short,-0.02,0.02,equal_weight,1.0,-0.02,0.0041881851791701,Industrials,,
2026-04-02,2026-04-06,2026-04-17,signal_horizon,9,0,PG,short,-0.02,0.02,equal_weight,1.0,-0.02,0.004259167507109,Consumer Staples,,
2026-04-02,2026-04-06,2026-04-17,signal_horizon,9,0,BRK-B,short,-0.02,0.02,equal_weight,1.0,-0.02,0.0046706130011929,Financials,,
2026-04-02,2026-04-06,2026-04-17,signal_horizon,9,0,MSFT,short,-0.02,0.02,equal_weight,1.0,-0.02,0.0047577317405897,Information Technology,,
2026-04-02,2026-04-06,2026-04-17,signal_horizon,9,0,HD,short,-0.02,0.02,equal_weight,1.0,-0.02,0.0052063962257334,Consumer Discretionary,,
2026-04-02,2026-04-06,2026-04-17,signal_horizon,9,0,NEE,short,-0.02,0.02,equal_weight,1.0,-0.02,0.0052380777315263,Utilities,,
2026-04-02,2026-04-06,2026-04-17,signal_horizon,9,0,FDX,short,-0.02,0.02,equal_weight,1.0,-0.02,0.0054002807614825,Unknown,,
2026-04-02,2026-04-06,2026-04-17,signal_horizon,9,0,TPL,short,-0.02,0.02,equal_weight,1.0,-0.02,0.0054737829634177,Energy,,
2026-04-02,2026-04-06,2026-04-17,signal_horizon,9,0,DE,short,-0.02,0.02,equal_weight,1.0,-0.02,0.0054906944383149,Industrials,,
2026-04-02,2026-04-06,2026-04-17,signal_horizon,9,0,JPM,short,-0.02,0.02,equal_weight,1.0,-0.02,0.0054962404552841,Financials,,
2026-04-02,2026-04-06,2026-04-17,signal_horizon,9,0,LMT,short,-0.02,0.02,equal_weight,1.0,-0.02,0.0056238488309886,Industrials,,
2026-04-02,2026-04-06,2026-04-17,signal_horizon,9,0,CDNS,short,-0.02,0.02,equal_weight,1.0,-0.02,0.0058496128783129,Information Technology,,
2026-04-02,2026-04-06,2026-04-17,signal_horizon,9,0,PGR,short,-0.02,0.02,equal_weight,1.0,-0.02,0.0059256387706187,Financials,,
2026-04-02,2026-04-06,2026-04-17,signal_horizon,9,0,TMUS,short,-0.02,0.02,equal_weight,1.0,-0.02,0.0060632730552594,Communication Services,,
2026-04-02,2026-04-06,2026-04-17,signal_horizon,9,0,LIN,short,-0.02,0.02,equal_weight,1.0,-0.02,0.006075914973619,Materials,,
2026-04-02,2026-04-06,2026-04-17,signal_horizon,9,0,MCD,short,-0.02,0.02,equal_weight,1.0,-0.02,0.0060905916638695,Consumer Discretionary,,
2026-04-02,2026-04-06,2026-04-17,signal_horizon,9,0,UNP,short,-0.02,0.02,equal_weight,1.0,-0.02,0.0063051963611287,Industrials,,
2026-04-02,2026-04-06,2026-04-17,signal_horizon,9,0,MRK,short,-0.02,0.02,equal_weight,1.0,-0.02,0.0063272786197982,Health Care,,
2026-04-02,2026-04-06,2026-04-17,signal_horizon,9,0,WMB,short,-0.02,0.02,equal_weight,1.0,-0.02,0.0065907221685452,Energy,,
2026-04-02,2026-04-06,2026-04-17,signal_horizon,9,0,ITW,short,-0.02,0.02,equal_weight,1.0,-0.02,0.0066239795192128,Industrials,,
2026-04-02,2026-04-06,2026-04-17,signal_horizon,9,0,MA,short,-0.02,0.02,equal_weight,1.0,-0.02,0.0068173614035506,Financials,,
2026-04-02,2026-04-06,2026-04-17,signal_horizon,9,0,TJX,short,-0.02,0.02,equal_weight,1.0,-0.02,0.0068283017511469,Consumer Discretionary,,
2026-04-02,2026-04-06,2026-04-17,signal_horizon,9,0,UNH,short,-0.02,0.02,equal_weight,1.0,-0.02,0.00691202562193,Health Care,,
2026-04-02,2026-04-06,2026-04-17,signal_horizon,9,0,TRV,short,-0.02,0.02,equal_weight,1.0,-0.02,0.0069560142074275,Financials,,
2026-04-02,2026-04-06,2026-04-17,signal_horizon,9,0,V,short,-0.02,0.02,equal_weight,1.0,-0.02,0.0069594549710408,Unknown,,
2026-04-02,2026-04-06,2026-04-17,signal_horizon,9,0,NSC,short,-0.02,0.02,equal_weight,1.0,-0.02,0.006994064216257,Industrials,,
2026-04-02,2026-04-06,2026-04-17,signal_horizon,9,0,AMGN,short,-0.02,0.02,equal_weight,1.0,-0.02,0.0070741623567754,Health Care,,
2026-04-02,2026-04-06,2026-04-17,signal_horizon,9,0,MRSH,short,-0.02,0.02,equal_weight,1.0,-0.02,0.0072449511225365,Financials,,
2026-04-02,2026-04-06,2026-04-17,signal_horizon,9,0,CB,short,-0.02,0.02,equal_weight,1.0,-0.02,0.0074720343469683,Unknown,,
2026-04-02,2026-04-06,2026-04-17,signal_horizon,9,0,AXP,short,-0.02,0.02,equal_weight,1.0,-0.02,0.0074755330001065,Financials,,
2026-04-02,2026-04-06,2026-04-17,signal_horizon,9,0,CVX,short,-0.02,0.02,equal_weight,1.0,-0.02,0.0075100283994994,Energy,,
2026-04-02,2026-04-06,2026-04-17,signal_horizon,9,0,WELL,short,-0.02,0.02,equal_weight,1.0,-0.02,0.0076131861451908,Real Estate,,
2026-04-02,2026-04-06,2026-04-17,signal_horizon,9,0,EQIX,short,-0.02,0.02,equal_weight,1.0,-0.02,0.0076185525588416,Unknown,,
2026-04-02,2026-04-06,2026-04-17,signal_horizon,9,0,CAT,short,-0.02,0.02,equal_weight,1.0,-0.02,0.007821902028952,Industrials,,
2026-04-02,2026-04-06,2026-04-17,signal_horizon,9,0,WMT,short,-0.02,0.02,equal_weight,1.0,-0.02,0.0079845248488922,Consumer Staples,,
2026-04-02,2026-04-06,2026-04-17,signal_horizon,9,0,GM,short,-0.02,0.02,equal_weight,1.0,-0.02,0.0080565342125418,Consumer Discretionary,,
2026-04-02,2026-04-06,2026-04-17,signal_horizon,9,0,ATO,short,-0.02,0.02,equal_weight,1.0,-0.02,0.008133995350775,Utilities,,
2026-04-02,2026-04-06,2026-04-17,signal_horizon,9,0,KO,short,-0.02,0.02,equal_weight,1.0,-0.02,0.0082029352977227,Consumer Staples,,
2026-04-02,2026-04-06,2026-04-17,signal_horizon,9,0,KMB,short,-0.02,0.02,equal_weight,1.0,-0.02,0.0083323994313454,Consumer Staples,,
2026-04-02,2026-04-06,2026-04-17,signal_horizon,9,0,COST,short,-0.02,0.02,equal_weight,1.0,-0.02,0.0084287826466923,Consumer Staples,,
2026-04-02,2026-04-06,2026-04-17,signal_horizon,9,0,PEP,short,-0.02,0.02,equal_weight,1.0,-0.02,0.0086357904788017,Consumer Staples,,
2026-04-02,2026-04-06,2026-04-17,signal_horizon,9,0,MO,short,-0.02,0.02,equal_weight,1.0,-0.02,0.0095754599347024,Consumer Staples,,
2026-04-17,2026-04-20,2026-05-01,signal_horizon,9,0,MU,long,0.02,0.02,equal_weight,1.0,0.02,0.0189614011050422,Information Technology,,
2026-04-17,2026-04-20,2026-05-01,signal_horizon,9,0,CVNA,long,0.02,0.02,equal_weight,1.0,0.02,0.0183616831511015,Consumer Discretionary,,
2026-04-17,2026-04-20,2026-05-01,signal_horizon,9,0,SYY,long,0.02,0.02,equal_weight,1.0,0.02,0.0183310297360073,Consumer Staples,,
2026-04-17,2026-04-20,2026-05-01,signal_horizon,9,0,HOOD,long,0.02,0.02,equal_weight,1.0,0.02,0.0173294439512354,Financials,,
2026-04-17,2026-04-20,2026-05-01,signal_horizon,9,0,META,long,0.02,0.02,equal_weight,1.0,0.02,0.0173194418863257,Communication Services,,
2026-04-17,2026-04-20,2026-05-01,signal_horizon,9,0,CCL,long,0.02,0.02,equal_weight,1.0,0.02,0.017245858513704,Consumer Discretionary,,
2026-04-17,2026-04-20,2026-05-01,signal_horizon,9,0,LRCX,long,0.02,0.02,equal_weight,1.0,0.02,0.0170465195139027,Unknown,,
2026-04-17,2026-04-20,2026-05-01,signal_horizon,9,0,NRG,long,0.02,0.02,equal_weight,1.0,0.02,0.0169429943201942,Utilities,,
2026-04-17,2026-04-20,2026-05-01,signal_horizon,9,0,ANET,long,0.02,0.02,equal_weight,1.0,0.02,0.0159278516540775,Information Technology,,
2026-04-17,2026-04-20,2026-05-01,signal_horizon,9,0,MPWR,long,0.02,0.02,equal_weight,1.0,0.02,0.0158154476498993,Information Technology,,
2026-04-17,2026-04-20,2026-05-01,signal_horizon,9,0,SNDK,long,0.02,0.02,equal_weight,1.0,0.02,0.0155947550060445,Information Technology,,
2026-04-17,2026-04-20,2026-05-01,signal_horizon,9,0,APH,long,0.02,0.02,equal_weight,1.0,0.02,0.015537828434125,Unknown,,
2026-04-17,2026-04-20,2026-05-01,signal_horizon,9,0,CARR,long,0.02,0.02,equal_weight,1.0,0.02,0.0152474791259996,Industrials,,
2026-04-17,2026-04-20,2026-05-01,signal_horizon,9,0,FCX,long,0.02,0.02,equal_weight,1.0,0.02,0.0151879789392459,Materials,,
2026-04-17,2026-04-20,2026-05-01,signal_horizon,9,0,WDC,long,0.02,0.02,equal_weight,1.0,0.02,0.0151255724337321,Information Technology,,
2026-04-17,2026-04-20,2026-05-01,signal_horizon,9,0,TPL,long,0.02,0.02,equal_weight,1.0,0.02,0.0149604051164487,Energy,,
2026-04-17,2026-04-20,2026-05-01,signal_horizon,9,0,NEM,long,0.02,0.02,equal_weight,1.0,0.02,0.0145838085888419,Unknown,,
2026-04-17,2026-04-20,2026-05-01,signal_horizon,9,0,STX,long,0.02,0.02,equal_weight,1.0,0.02,0.0143881144480358,Information Technology,,
2026-04-17,2026-04-20,2026-05-01,signal_horizon,9,0,GLW,long,0.02,0.02,equal_weight,1.0,0.02,0.0143023214002682,Information Technology,,
2026-04-17,2026-04-20,2026-05-01,signal_horizon,9,0,TFC,long,0.02,0.02,equal_weight,1.0,0.02,0.013227085661323,Financials,,
2026-04-17,2026-04-20,2026-05-01,signal_horizon,9,0,GEHC,long,0.02,0.02,equal_weight,1.0,0.02,0.0131296581983939,Health Care,,
2026-04-17,2026-04-20,2026-05-01,signal_horizon,9,0,EMR,long,0.02,0.02,equal_weight,1.0,0.02,0.0131006183961104,Industrials,,
2026-04-17,2026-04-20,2026-05-01,signal_horizon,9,0,IR,long,0.02,0.02,equal_weight,1.0,0.02,0.0129590786303434,Industrials,,
2026-04-17,2026-04-20,2026-05-01,signal_horizon,9,0,VST,long,0.02,0.02,equal_weight,1.0,0.02,0.0125515798874965,Utilities,,
2026-04-17,2026-04-20,2026-05-01,signal_horizon,9,0,GOOGL,long,0.02,0.02,equal_weight,1.0,0.02,0.0124825565500513,Communication Services,,
2026-04-17,2026-04-20,2026-05-01,signal_horizon,9,0,APO,long,0.02,0.02,equal_weight,1.0,0.02,0.0122078789026102,Financials,,
2026-04-17,2026-04-20,2026-05-01,signal_horizon,9,0,ROK,long,0.02,0.02,equal_weight,1.0,0.02,0.012030988724685,Industrials,,
2026-04-17,2026-04-20,2026-05-01,signal_horizon,9,0,HBAN,long,0.02,0.02,equal_weight,1.0,0.02,0.0119855232649287,Financials,,
2026-04-17,2026-04-20,2026-05-01,signal_horizon,9,0,RMD,long,0.02,0.02,equal_weight,1.0,0.02,0.0119805972805866,Health Care,,
2026-04-17,2026-04-20,2026-05-01,signal_horizon,9,0,BKR,long,0.02,0.02,equal_weight,1.0,0.02,0.0119531297450466,Energy,,
2026-04-17,2026-04-20,2026-05-01,signal_horizon,9,0,FITB,long,0.02,0.02,equal_weight,1.0,0.02,0.0119270677774008,Financials,,
2026-04-17,2026-04-20,2026-05-01,signal_horizon,9,0,CBRE,long,0.02,0.02,equal_weight,1.0,0.02,0.0114260186642851,Real Estate,,
2026-04-17,2026-04-20,2026-05-01,signal_horizon,9,0,FIX,long,0.02,0.02,equal_weight,1.0,0.02,0.0114199172544974,Industrials,,
2026-04-17,2026-04-20,2026-05-01,signal_horizon,9,0,PH,long,0.02,0.02,equal_weight,1.0,0.02,0.0114070185983383,Unknown,,
2026-04-17,2026-04-20,2026-05-01,signal_horizon,9,0,DASH,long,0.02,0.02,equal_weight,1.0,0.02,0.0114032909480545,Consumer Discretionary,,
2026-04-17,2026-04-20,2026-05-01,signal_horizon,9,0,CMI,long,0.02,0.02,equal_weight,1.0,0.02,0.0113989784951687,Industrials,,
2026-04-17,2026-04-20,2026-05-01,signal_horizon,9,0,BA,long,0.02,0.02,equal_weight,1.0,0.02,0.0113854879062096,Industrials,,
2026-04-17,2026-04-20,2026-05-01,signal_horizon,9,0,MNST,long,0.02,0.02,equal_weight,1.0,0.02,0.0113111557784298,Consumer Staples,,
2026-04-17,2026-04-20,2026-05-01,signal_horizon,9,0,MET,long,0.02,0.02,equal_weight,1.0,0.02,0.0111852385229132,Financials,,
2026-04-17,2026-04-20,2026-05-01,signal_horizon,9,0,RCL,long,0.02,0.02,equal_weight,1.0,0.02,0.0111797072676406,Consumer Discretionary,,
2026-04-17,2026-04-20,2026-05-01,signal_horizon,9,0,KKR,long,0.02,0.02,equal_weight,1.0,0.02,0.0110157257851896,Financials,,
2026-04-17,2026-04-20,2026-05-01,signal_horizon,9,0,ELV,long,0.02,0.02,equal_weight,1.0,0.02,0.010968215256177,Health Care,,
2026-04-17,2026-04-20,2026-05-01,signal_horizon,9,0,SLB,long,0.02,0.02,equal_weight,1.0,0.02,0.0109681341260051,Energy,,
2026-04-17,2026-04-20,2026-05-01,signal_horizon,9,0,ADI,long,0.02,0.02,equal_weight,1.0,0.02,0.0108682461095666,Unknown,,
2026-04-17,2026-04-20,2026-05-01,signal_horizon,9,0,COR,long,0.02,0.02,equal_weight,1.0,0.02,0.0107251530613652,Health Care,,
2026-04-17,2026-04-20,2026-05-01,signal_horizon,9,0,PM,long,0.02,0.02,equal_weight,1.0,0.02,0.0103239353218758,Consumer Staples,,
2026-04-17,2026-04-20,2026-05-01,signal_horizon,9,0,KDP,long,0.02,0.02,equal_weight,1.0,0.02,0.0100634243386966,Consumer Staples,,
2026-04-17,2026-04-20,2026-05-01,signal_horizon,9,0,CL,long,0.02,0.02,equal_weight,1.0,0.02,0.0099127154793007,Consumer Staples,,
2026-04-17,2026-04-20,2026-05-01,signal_horizon,9,0,HSY,long,0.02,0.02,equal_weight,1.0,0.02,0.0095038618966806,Consumer Staples,,
2026-04-17,2026-04-20,2026-05-01,signal_horizon,9,0,KVUE,long,0.02,0.02,equal_weight,1.0,0.02,0.0090904819819132,Consumer Staples,,
2026-04-17,2026-04-20,2026-05-01,signal_horizon,9,0,INTU,short,-0.02,0.02,equal_weight,1.0,-0.02,-0.0033443530287235,Information Technology,,
2026-04-17,2026-04-20,2026-05-01,signal_horizon,9,0,QCOM,short,-0.02,0.02,equal_weight,1.0,-0.02,-0.0022897374603957,Information Technology,,
2026-04-17,2026-04-20,2026-05-01,signal_horizon,9,0,LIN,short,-0.02,0.02,equal_weight,1.0,-0.02,-0.0013741454269616,Materials,,
2026-04-17,2026-04-20,2026-05-01,signal_horizon,9,0,ROP,short,-0.02,0.02,equal_weight,1.0,-0.02,-0.0008710811642278,Information Technology,,
2026-04-17,2026-04-20,2026-05-01,signal_horizon,9,0,ADP,short,-0.02,0.02,equal_weight,1.0,-0.02,-0.0007852393083887,Information Technology,,
2026-04-17,2026-04-20,2026-05-01,signal_horizon,9,0,OXY,short,-0.02,0.02,equal_weight,1.0,-0.02,-0.0003152486858798,Energy,,
2026-04-17,2026-04-20,2026-05-01,signal_horizon,9,0,ACN,short,-0.02,0.02,equal_weight,1.0,-0.02,-0.0002867923987835,Information Technology,,
2026-04-17,2026-04-20,2026-05-01,signal_horizon,9,0,ROST,short,-0.02,0.02,equal_weight,1.0,-0.02,0.0001663070984528,Consumer Discretionary,,
2026-04-17,2026-04-20,2026-05-01,signal_horizon,9,0,MCD,short,-0.02,0.02,equal_weight,1.0,-0.02,0.0004620727648875,Consumer Discretionary,,
2026-04-17,2026-04-20,2026-05-01,signal_horizon,9,0,PLTR,short,-0.02,0.02,equal_weight,1.0,-0.02,0.0006198843391924,Information Technology,,
2026-04-17,2026-04-20,2026-05-01,signal_horizon,9,0,CSCO,short,-0.02,0.02,equal_weight,1.0,-0.02,0.0006367838054172,Information Technology,,
2026-04-17,2026-04-20,2026-05-01,signal_horizon,9,0,TJX,short,-0.02,0.02,equal_weight,1.0,-0.02,0.0011279418875297,Consumer Discretionary,,
2026-04-17,2026-04-20,2026-05-01,signal_horizon,9,0,COST,short,-0.02,0.02,equal_weight,1.0,-0.02,0.0015028716604488,Consumer Staples,,
2026-04-17,2026-04-20,2026-05-01,signal_horizon,9,0,BRK-B,short,-0.02,0.02,equal_weight,1.0,-0.02,0.0015194375954118,Financials,,
2026-04-17,2026-04-20,2026-05-01,signal_horizon,9,0,UNP,short,-0.02,0.02,equal_weight,1.0,-0.02,0.0019570743384903,Industrials,,
2026-04-17,2026-04-20,2026-05-01,signal_horizon,9,0,LMT,short,-0.02,0.02,equal_weight,1.0,-0.02,0.0019606750798777,Industrials,,
2026-04-17,2026-04-20,2026-05-01,signal_horizon,9,0,ABT,short,-0.02,0.02,equal_weight,1.0,-0.02,0.0023637364843951,Health Care,,
2026-04-17,2026-04-20,2026-05-01,signal_horizon,9,0,VZ,short,-0.02,0.02,equal_weight,1.0,-0.02,0.0024966050849703,Communication Services,,
2026-04-17,2026-04-20,2026-05-01,signal_horizon,9,0,CB,short,-0.02,0.02,equal_weight,1.0,-0.02,0.0025889036545282,Unknown,,
2026-04-17,2026-04-20,2026-05-01,signal_horizon,9,0,LHX,short,-0.02,0.02,equal_weight,1.0,-0.02,0.0026051801618052,Industrials,,
2026-04-17,2026-04-20,2026-05-01,signal_horizon,9,0,TRV,short,-0.02,0.02,equal_weight,1.0,-0.02,0.0026264187428942,Financials,,
2026-04-17,2026-04-20,2026-05-01,signal_horizon,9,0,RTX,short,-0.02,0.02,equal_weight,1.0,-0.02,0.0026352747668193,Industrials,,
2026-04-17,2026-04-20,2026-05-01,signal_horizon,9,0,WM,short,-0.02,0.02,equal_weight,1.0,-0.02,0.0027605673658409,Industrials,,
2026-04-17,2026-04-20,2026-05-01,signal_horizon,9,0,TGT,short,-0.02,0.02,equal_weight,1.0,-0.02,0.0028092236905031,Unknown,,
2026-04-17,2026-04-20,2026-05-01,signal_horizon,9,0,MCO,short,-0.02,0.02,equal_weight,1.0,-0.02,0.0028546533164653,Financials,,
2026-04-17,2026-04-20,2026-05-01,signal_horizon,9,0,PGR,short,-0.02,0.02,equal_weight,1.0,-0.02,0.0029168828739722,Financials,,
2026-04-17,2026-04-20,2026-05-01,signal_horizon,9,0,T,short,-0.02,0.02,equal_weight,1.0,-0.02,0.00305428958365,Communication Services,,
2026-04-17,2026-04-20,2026-05-01,signal_horizon,9,0,COP,short,-0.02,0.02,equal_weight,1.0,-0.02,0.0030932245046251,Energy,,
2026-04-17,2026-04-20,2026-05-01,signal_horizon,9,0,SPGI,short,-0.02,0.02,equal_weight,1.0,-0.02,0.0030971329616579,Financials,,
2026-04-17,2026-04-20,2026-05-01,signal_horizon,9,0,MRK,short,-0.02,0.02,equal_weight,1.0,-0.02,0.003099807189916,Health Care,,
2026-04-17,2026-04-20,2026-05-01,signal_horizon,9,0,MO,short,-0.02,0.02,equal_weight,1.0,-0.02,0.0032042980769076,Consumer Staples,,
2026-04-17,2026-04-20,2026-05-01,signal_horizon,9,0,MA,short,-0.02,0.02,equal_weight,1.0,-0.02,0.0032918243190315,Financials,,
2026-04-17,2026-04-20,2026-05-01,signal_horizon,9,0,HON,short,-0.02,0.02,equal_weight,1.0,-0.02,0.0032971649433823,Industrials,,
2026-04-17,2026-04-20,2026-05-01,signal_horizon,9,0,JNJ,short,-0.02,0.02,equal_weight,1.0,-0.02,0.0033899225084702,Health Care,,
2026-04-17,2026-04-20,2026-05-01,signal_horizon,9,0,WELL,short,-0.02,0.02,equal_weight,1.0,-0.02,0.0034270856487235,Real Estate,,
2026-04-17,2026-04-20,2026-05-01,signal_horizon,9,0,EQIX,short,-0.02,0.02,equal_weight,1.0,-0.02,0.0034481499149017,Unknown,,
2026-04-17,2026-04-20,2026-05-01,signal_horizon,9,0,BKNG,short,-0.02,0.02,equal_weight,1.0,-0.02,0.0034974462627601,Consumer Discretionary,,
2026-04-17,2026-04-20,2026-05-01,signal_horizon,9,0,PAYX,short,-0.02,0.02,equal_weight,1.0,-0.02,0.0035075038028124,Industrials,,
2026-04-17,2026-04-20,2026-05-01,signal_horizon,9,0,PG,short,-0.02,0.02,equal_weight,1.0,-0.02,0.0035472315716925,Consumer Staples,,
2026-04-17,2026-04-20,2026-05-01,signal_horizon,9,0,AMGN,short,-0.02,0.02,equal_weight,1.0,-0.02,0.0035884038672759,Health Care,,
2026-04-17,2026-04-20,2026-05-01,signal_horizon,9,0,CMCSA,short,-0.02,0.02,equal_weight,1.0,-0.02,0.0037687645033866,Unknown,,
2026-04-17,2026-04-20,2026-05-01,signal_horizon,9,0,SO,short,-0.02,0.02,equal_weight,1.0,-0.02,0.0038214297596354,Unknown,,
2026-04-17,2026-04-20,2026-05-01,signal_horizon,9,0,EOG,short,-0.02,0.02,equal_weight,1.0,-0.02,0.00391555625367,Energy,,
2026-04-17,2026-04-20,2026-05-01,signal_horizon,9,0,JPM,short,-0.02,0.02,equal_weight,1.0,-0.02,0.0039175922877066,Financials,,
2026-04-17,2026-04-20,2026-05-01,signal_horizon,9,0,ATO,short,-0.02,0.02,equal_weight,1.0,-0.02,0.0040373875102109,Utilities,,
2026-04-17,2026-04-20,2026-05-01,signal_horizon,9,0,NEE,short,-0.02,0.02,equal_weight,1.0,-0.02,0.0040646211816652,Utilities,,
2026-04-17,2026-04-20,2026-05-01,signal_horizon,9,0,KR,short,-0.02,0.02,equal_weight,1.0,-0.02,0.0047912942034162,Consumer Staples,,
2026-04-17,2026-04-20,2026-05-01,signal_horizon,9,0,ADM,short,-0.02,0.02,equal_weight,1.0,-0.02,0.004882399447512,Consumer Staples,,
2026-04-17,2026-04-20,2026-05-01,signal_horizon,9,0,KO,short,-0.02,0.02,equal_weight,1.0,-0.02,0.0049823287616989,Consumer Staples,,
2026-04-17,2026-04-20,2026-05-01,signal_horizon,9,0,WMT,short,-0.02,0.02,equal_weight,1.0,-0.02,0.0052045987676536,Consumer Staples,,
2026-05-01,2026-05-04,2026-05-15,signal_horizon,9,0,TPL,long,0.02,0.02,equal_weight,1.0,0.02,0.019591584418563,Energy,,
2026-05-01,2026-05-04,2026-05-15,signal_horizon,9,0,NXPI,long,0.02,0.02,equal_weight,1.0,0.02,0.0175204497293936,Information Technology,,
2026-05-01,2026-05-04,2026-05-15,signal_horizon,9,0,SNDK,long,0.02,0.02,equal_weight,1.0,0.02,0.016325458050339,Information Technology,,
2026-05-01,2026-05-04,2026-05-15,signal_horizon,9,0,URI,long,0.02,0.02,equal_weight,1.0,0.02,0.0155332976979206,Industrials,,
2026-05-01,2026-05-04,2026-05-15,signal_horizon,9,0,AXON,long,0.02,0.02,equal_weight,1.0,0.02,0.0153518109607291,Industrials,,
2026-05-01,2026-05-04,2026-05-15,signal_horizon,9,0,NOC,long,0.02,0.02,equal_weight,1.0,0.02,0.0151585056787451,Unknown,,
2026-05-01,2026-05-04,2026-05-15,signal_horizon,9,0,IR,long,0.02,0.02,equal_weight,1.0,0.02,0.0149017526012244,Industrials,,
2026-05-01,2026-05-04,2026-05-15,signal_horizon,9,0,NRG,long,0.02,0.02,equal_weight,1.0,0.02,0.0148535409495398,Utilities,,
2026-05-01,2026-05-04,2026-05-15,signal_horizon,9,0,CCL,long,0.02,0.02,equal_weight,1.0,0.02,0.0145652375739668,Consumer Discretionary,,
2026-05-01,2026-05-04,2026-05-15,signal_horizon,9,0,MU,long,0.02,0.02,equal_weight,1.0,0.02,0.014326968281732,Information Technology,,
2026-05-01,2026-05-04,2026-05-15,signal_horizon,9,0,HSY,long,0.02,0.02,equal_weight,1.0,0.02,0.0142833326572264,Consumer Staples,,
2026-05-01,2026-05-04,2026-05-15,signal_horizon,9,0,NEM,long,0.02,0.02,equal_weight,1.0,0.02,0.0137898181712992,Unknown,,
2026-05-01,2026-05-04,2026-05-15,signal_horizon,9,0,HOOD,long,0.02,0.02,equal_weight,1.0,0.02,0.0137777636609595,Financials,,
2026-05-01,2026-05-04,2026-05-15,signal_horizon,9,0,KDP,long,0.02,0.02,equal_weight,1.0,0.02,0.0131484883002042,Consumer Staples,,
2026-05-01,2026-05-04,2026-05-15,signal_horizon,9,0,SYY,long,0.02,0.02,equal_weight,1.0,0.02,0.0127881684612475,Consumer Staples,,
2026-05-01,2026-05-04,2026-05-15,signal_horizon,9,0,CTAS,long,0.02,0.02,equal_weight,1.0,0.02,0.0124483344996794,Industrials,,
2026-05-01,2026-05-04,2026-05-15,signal_horizon,9,0,QCOM,long,0.02,0.02,equal_weight,1.0,0.02,0.0122667092272566,Information Technology,,
2026-05-01,2026-05-04,2026-05-15,signal_horizon,9,0,ECL,long,0.02,0.02,equal_weight,1.0,0.02,0.0121585899144691,Materials,,
2026-05-01,2026-05-04,2026-05-15,signal_horizon,9,0,VST,long,0.02,0.02,equal_weight,1.0,0.02,0.0121044939693434,Utilities,,
2026-05-01,2026-05-04,2026-05-15,signal_horizon,9,0,INTC,long,0.02,0.02,equal_weight,1.0,0.02,0.0120447509731317,Information Technology,,
2026-05-01,2026-05-04,2026-05-15,signal_horizon,9,0,CMCSA,long,0.02,0.02,equal_weight,1.0,0.02,0.0116171369693683,Unknown,,
2026-05-01,2026-05-04,2026-05-15,signal_horizon,9,0,GRMN,long,0.02,0.02,equal_weight,1.0,0.02,0.0115479443332095,Consumer Discretionary,,
2026-05-01,2026-05-04,2026-05-15,signal_horizon,9,0,CVNA,long,0.02,0.02,equal_weight,1.0,0.02,0.0114037882388802,Consumer Discretionary,,
2026-05-01,2026-05-04,2026-05-15,signal_horizon,9,0,CEG,long,0.02,0.02,equal_weight,1.0,0.02,0.0113907572961659,Unknown,,
2026-05-01,2026-05-04,2026-05-15,signal_horizon,9,0,COR,long,0.02,0.02,equal_weight,1.0,0.02,0.0113213428753563,Health Care,,
2026-05-01,2026-05-04,2026-05-15,signal_horizon,9,0,RMD,long,0.02,0.02,equal_weight,1.0,0.02,0.0112962194988481,Health Care,,
2026-05-01,2026-05-04,2026-05-15,signal_horizon,9,0,F,long,0.02,0.02,equal_weight,1.0,0.02,0.0112142592815699,Consumer Discretionary,,
2026-05-01,2026-05-04,2026-05-15,signal_horizon,9,0,TTWO,long,0.02,0.02,equal_weight,1.0,0.02,0.0111059285636005,Communication Services,,
2026-05-01,2026-05-04,2026-05-15,signal_horizon,9,0,APO,long,0.02,0.02,equal_weight,1.0,0.02,0.0110652168730093,Financials,,
2026-05-01,2026-05-04,2026-05-15,signal_horizon,9,0,HIG,long,0.02,0.02,equal_weight,1.0,0.02,0.0109359962934259,Financials,,
2026-05-01,2026-05-04,2026-05-15,signal_horizon,9,0,XYZ,long,0.02,0.02,equal_weight,1.0,0.02,0.010882272264405,Financials,,
2026-05-01,2026-05-04,2026-05-15,signal_horizon,9,0,SYK,long,0.02,0.02,equal_weight,1.0,0.02,0.0108613182303349,Unknown,,
2026-05-01,2026-05-04,2026-05-15,signal_horizon,9,0,WDAY,long,0.02,0.02,equal_weight,1.0,0.02,0.0108497239667244,Information Technology,,
2026-05-01,2026-05-04,2026-05-15,signal_horizon,9,0,ACGL,long,0.02,0.02,equal_weight,1.0,0.02,0.0108273613620193,Financials,,
2026-05-01,2026-05-04,2026-05-15,signal_horizon,9,0,NOW,long,0.02,0.02,equal_weight,1.0,0.02,0.0107874415737664,Information Technology,,
2026-05-01,2026-05-04,2026-05-15,signal_horizon,9,0,AMGN,long,0.02,0.02,equal_weight,1.0,0.02,0.0107576655548715,Health Care,,
2026-05-01,2026-05-04,2026-05-15,signal_horizon,9,0,LMT,long,0.02,0.02,equal_weight,1.0,0.02,0.0107063771397911,Industrials,,
2026-05-01,2026-05-04,2026-05-15,signal_horizon,9,0,IDXX,long,0.02,0.02,equal_weight,1.0,0.02,0.0104685580536383,Health Care,,
2026-05-01,2026-05-04,2026-05-15,signal_horizon,9,0,EMR,long,0.02,0.02,equal_weight,1.0,0.02,0.0104101684214147,Industrials,,
2026-05-01,2026-05-04,2026-05-15,signal_horizon,9,0,KVUE,long,0.02,0.02,equal_weight,1.0,0.02,0.0102599625623614,Consumer Staples,,
2026-05-01,2026-05-04,2026-05-15,signal_horizon,9,0,MNST,long,0.02,0.02,equal_weight,1.0,0.02,0.0101899269736397,Consumer Staples,,
2026-05-01,2026-05-04,2026-05-15,signal_horizon,9,0,LYV,long,0.02,0.02,equal_weight,1.0,0.02,0.010177231799548,Communication Services,,
2026-05-01,2026-05-04,2026-05-15,signal_horizon,9,0,AON,long,0.02,0.02,equal_weight,1.0,0.02,0.0101663241032811,Financials,,
2026-05-01,2026-05-04,2026-05-15,signal_horizon,9,0,TDG,long,0.02,0.02,equal_weight,1.0,0.02,0.0100300212506122,Industrials,,
2026-05-01,2026-05-04,2026-05-15,signal_horizon,9,0,MRSH,long,0.02,0.02,equal_weight,1.0,0.02,0.010010812793915,Financials,,
2026-05-01,2026-05-04,2026-05-15,signal_horizon,9,0,PSX,long,0.02,0.02,equal_weight,1.0,0.02,0.0099614264844595,Energy,,
2026-05-01,2026-05-04,2026-05-15,signal_horizon,9,0,BKR,long,0.02,0.02,equal_weight,1.0,0.02,0.0094893145832275,Energy,,
2026-05-01,2026-05-04,2026-05-15,signal_horizon,9,0,PSA,long,0.02,0.02,equal_weight,1.0,0.02,0.009263224835169,Real Estate,,
2026-05-01,2026-05-04,2026-05-15,signal_horizon,9,0,KMB,long,0.02,0.02,equal_weight,1.0,0.02,0.0089536901215255,Consumer Staples,,
2026-05-01,2026-05-04,2026-05-15,signal_horizon,9,0,KR,long,0.02,0.02,equal_weight,1.0,0.02,0.0087553517434798,Consumer Staples,,
2026-05-01,2026-05-04,2026-05-15,signal_horizon,9,0,IBM,short,-0.02,0.02,equal_weight,1.0,-0.02,0.0013571922055684,Information Technology,,
2026-05-01,2026-05-04,2026-05-15,signal_horizon,9,0,SBUX,short,-0.02,0.02,equal_weight,1.0,-0.02,0.0015047692419157,Consumer Discretionary,,
2026-05-01,2026-05-04,2026-05-15,signal_horizon,9,0,V,short,-0.02,0.02,equal_weight,1.0,-0.02,0.0020226851136719,Unknown,,
2026-05-01,2026-05-04,2026-05-15,signal_horizon,9,0,CSCO,short,-0.02,0.02,equal_weight,1.0,-0.02,0.002395548475829,Information Technology,,
2026-05-01,2026-05-04,2026-05-15,signal_horizon,9,0,AAPL,short,-0.02,0.02,equal_weight,1.0,-0.02,0.0024908515991133,Information Technology,,
2026-05-01,2026-05-04,2026-05-15,signal_horizon,9,0,COST,short,-0.02,0.02,equal_weight,1.0,-0.02,0.0025133026420722,Consumer Staples,,
2026-05-01,2026-05-04,2026-05-15,signal_horizon,9,0,EQIX,short,-0.02,0.02,equal_weight,1.0,-0.02,0.002549430206883,Unknown,,
2026-05-01,2026-05-04,2026-05-15,signal_horizon,9,0,ROP,short,-0.02,0.02,equal_weight,1.0,-0.02,0.0030294705497543,Information Technology,,
2026-05-01,2026-05-04,2026-05-15,signal_horizon,9,0,CAT,short,-0.02,0.02,equal_weight,1.0,-0.02,0.003903946829174,Industrials,,
2026-05-01,2026-05-04,2026-05-15,signal_horizon,9,0,AMZN,short,-0.02,0.02,equal_weight,1.0,-0.02,0.003947950765552,Consumer Discretionary,,
2026-05-01,2026-05-04,2026-05-15,signal_horizon,9,0,BA,short,-0.02,0.02,equal_weight,1.0,-0.02,0.0039690616993697,Industrials,,
2026-05-01,2026-05-04,2026-05-15,signal_horizon,9,0,KO,short,-0.02,0.02,equal_weight,1.0,-0.02,0.0040271041225442,Consumer Staples,,
2026-05-01,2026-05-04,2026-05-15,signal_horizon,9,0,JPM,short,-0.02,0.02,equal_weight,1.0,-0.02,0.0040904401116754,Financials,,
2026-05-01,2026-05-04,2026-05-15,signal_horizon,9,0,BRK-B,short,-0.02,0.02,equal_weight,1.0,-0.02,0.0040991759908742,Financials,,
2026-05-01,2026-05-04,2026-05-15,signal_horizon,9,0,BAC,short,-0.02,0.02,equal_weight,1.0,-0.02,0.004157016868037,Financials,,
2026-05-01,2026-05-04,2026-05-15,signal_horizon,9,0,WMT,short,-0.02,0.02,equal_weight,1.0,-0.02,0.0042247070529047,Consumer Staples,,
2026-05-01,2026-05-04,2026-05-15,signal_horizon,9,0,SLB,short,-0.02,0.02,equal_weight,1.0,-0.02,0.0042248107060453,Energy,,
2026-05-01,2026-05-04,2026-05-15,signal_horizon,9,0,PEP,short,-0.02,0.02,equal_weight,1.0,-0.02,0.0042980930930208,Consumer Staples,,
2026-05-01,2026-05-04,2026-05-15,signal_horizon,9,0,LIN,short,-0.02,0.02,equal_weight,1.0,-0.02,0.0043405810918895,Materials,,
2026-05-01,2026-05-04,2026-05-15,signal_horizon,9,0,ROST,short,-0.02,0.02,equal_weight,1.0,-0.02,0.0044585733875163,Consumer Discretionary,,
2026-05-01,2026-05-04,2026-05-15,signal_horizon,9,0,ETR,short,-0.02,0.02,equal_weight,1.0,-0.02,0.0045184977419615,Utilities,,
2026-05-01,2026-05-04,2026-05-15,signal_horizon,9,0,ETN,short,-0.02,0.02,equal_weight,1.0,-0.02,0.0045550975820937,Industrials,,
2026-05-01,2026-05-04,2026-05-15,signal_horizon,9,0,GS,short,-0.02,0.02,equal_weight,1.0,-0.02,0.0047286026404076,Financials,,
2026-05-01,2026-05-04,2026-05-15,signal_horizon,9,0,UNP,short,-0.02,0.02,equal_weight,1.0,-0.02,0.0048167627886355,Industrials,,
2026-05-01,2026-05-04,2026-05-15,signal_horizon,9,0,TEL,short,-0.02,0.02,equal_weight,1.0,-0.02,0.0048832785031979,Information Technology,,
2026-05-01,2026-05-04,2026-05-15,signal_horizon,9,0,CVX,short,-0.02,0.02,equal_weight,1.0,-0.02,0.0049037783665679,Energy,,
2026-05-01,2026-05-04,2026-05-15,signal_horizon,9,0,KLAC,short,-0.02,0.02,equal_weight,1.0,-0.02,0.004906866995324,Information Technology,,
2026-05-01,2026-05-04,2026-05-15,signal_horizon,9,0,ADP,short,-0.02,0.02,equal_weight,1.0,-0.02,0.0049622245638334,Information Technology,,
2026-05-01,2026-05-04,2026-05-15,signal_horizon,9,0,NEE,short,-0.02,0.02,equal_weight,1.0,-0.02,0.0049896931468404,Utilities,,
2026-05-01,2026-05-04,2026-05-15,signal_horizon,9,0,EBAY,short,-0.02,0.02,equal_weight,1.0,-0.02,0.0050081968964564,Consumer Discretionary,,
2026-05-01,2026-05-04,2026-05-15,signal_horizon,9,0,TMO,short,-0.02,0.02,equal_weight,1.0,-0.02,0.0051237916121624,Health Care,,
2026-05-01,2026-05-04,2026-05-15,signal_horizon,9,0,TT,short,-0.02,0.02,equal_weight,1.0,-0.02,0.0052158265062558,Industrials,,
2026-05-01,2026-05-04,2026-05-15,signal_horizon,9,0,MO,short,-0.02,0.02,equal_weight,1.0,-0.02,0.0052570232259944,Consumer Staples,,
2026-05-01,2026-05-04,2026-05-15,signal_horizon,9,0,GOOGL,short,-0.02,0.02,equal_weight,1.0,-0.02,0.0053204637222199,Communication Services,,
2026-05-01,2026-05-04,2026-05-15,signal_horizon,9,0,UNH,short,-0.02,0.02,equal_weight,1.0,-0.02,0.0053586689421439,Health Care,,
2026-05-01,2026-05-04,2026-05-15,signal_horizon,9,0,SO,short,-0.02,0.02,equal_weight,1.0,-0.02,0.0053616433438988,Unknown,,
2026-05-01,2026-05-04,2026-05-15,signal_horizon,9,0,JNJ,short,-0.02,0.02,equal_weight,1.0,-0.02,0.0053646052949761,Health Care,,
2026-05-01,2026-05-04,2026-05-15,signal_horizon,9,0,FANG,short,-0.02,0.02,equal_weight,1.0,-0.02,0.0054836904710997,Energy,,
2026-05-01,2026-05-04,2026-05-15,signal_horizon,9,0,PFE,short,-0.02,0.02,equal_weight,1.0,-0.02,0.0055104620410238,Health Care,,
2026-05-01,2026-05-04,2026-05-15,signal_horizon,9,0,AXP,short,-0.02,0.02,equal_weight,1.0,-0.02,0.0055312464451164,Financials,,
2026-05-01,2026-05-04,2026-05-15,signal_horizon,9,0,NFLX,short,-0.02,0.02,equal_weight,1.0,-0.02,0.005613813529377,Communication Services,,
2026-05-01,2026-05-04,2026-05-15,signal_horizon,9,0,BK,short,-0.02,0.02,equal_weight,1.0,-0.02,0.0056477967387904,Financials,,
2026-05-01,2026-05-04,2026-05-15,signal_horizon,9,0,UBER,short,-0.02,0.02,equal_weight,1.0,-0.02,0.0057114240148259,Industrials,,
2026-05-01,2026-05-04,2026-05-15,signal_horizon,9,0,DAL,short,-0.02,0.02,equal_weight,1.0,-0.02,0.005736728276182,Industrials,,
2026-05-01,2026-05-04,2026-05-15,signal_horizon,9,0,CB,short,-0.02,0.02,equal_weight,1.0,-0.02,0.005793137566609,Unknown,,
2026-05-01,2026-05-04,2026-05-15,signal_horizon,9,0,GD,short,-0.02,0.02,equal_weight,1.0,-0.02,0.0058126544736351,Unknown,,
2026-05-01,2026-05-04,2026-05-15,signal_horizon,9,0,DLR,short,-0.02,0.02,equal_weight,1.0,-0.02,0.0060111337389201,Real Estate,,
2026-05-01,2026-05-04,2026-05-15,signal_horizon,9,0,AIG,short,-0.02,0.02,equal_weight,1.0,-0.02,0.0060891821668131,Financials,,
2026-05-01,2026-05-04,2026-05-15,signal_horizon,9,0,MDLZ,short,-0.02,0.02,equal_weight,1.0,-0.02,0.0065143654278241,Consumer Staples,,
2026-05-01,2026-05-04,2026-05-15,signal_horizon,9,0,PG,short,-0.02,0.02,equal_weight,1.0,-0.02,0.0070586490302966,Consumer Staples,,
2026-05-15,2026-05-18,2026-06-01,signal_horizon,9,0,ZTS,long,0.02,0.02,equal_weight,1.0,0.02,0.01883832727876,Health Care,,
2026-05-15,2026-05-18,2026-06-01,signal_horizon,9,0,DDOG,long,0.02,0.02,equal_weight,1.0,0.02,0.0168675382254813,Information Technology,,
2026-05-15,2026-05-18,2026-06-01,signal_horizon,9,0,INTC,long,0.02,0.02,equal_weight,1.0,0.02,0.0146155231136974,Information Technology,,
2026-05-15,2026-05-18,2026-06-01,signal_horizon,9,0,SNDK,long,0.02,0.02,equal_weight,1.0,0.02,0.0140291899173385,Information Technology,,
2026-05-15,2026-05-18,2026-06-01,signal_horizon,9,0,FTNT,long,0.02,0.02,equal_weight,1.0,0.02,0.0117728312914111,Information Technology,,
2026-05-15,2026-05-18,2026-06-01,signal_horizon,9,0,QCOM,long,0.02,0.02,equal_weight,1.0,0.02,0.0117029595982527,Information Technology,,
2026-05-15,2026-05-18,2026-06-01,signal_horizon,9,0,TPL,long,0.02,0.02,equal_weight,1.0,0.02,0.010854934817229,Energy,,
2026-05-15,2026-05-18,2026-06-01,signal_horizon,9,0,AXON,long,0.02,0.02,equal_weight,1.0,0.02,0.0106617924502698,Industrials,,
2026-05-15,2026-05-18,2026-06-01,signal_horizon,9,0,COR,long,0.02,0.02,equal_weight,1.0,0.02,0.0106229853646889,Health Care,,
2026-05-15,2026-05-18,2026-06-01,signal_horizon,9,0,AMD,long,0.02,0.02,equal_weight,1.0,0.02,0.0104993391523599,Information Technology,,
2026-05-15,2026-05-18,2026-06-01,signal_horizon,9,0,COIN,long,0.02,0.02,equal_weight,1.0,0.02,0.0101612053829142,Financials,,
2026-05-15,2026-05-18,2026-06-01,signal_horizon,9,0,CMCSA,long,0.02,0.02,equal_weight,1.0,0.02,0.0100594172412654,Unknown,,
2026-05-15,2026-05-18,2026-06-01,signal_horizon,9,0,MU,long,0.02,0.02,equal_weight,1.0,0.02,0.0089536911330008,Information Technology,,
2026-05-15,2026-05-18,2026-06-01,signal_horizon,9,0,FCX,long,0.02,0.02,equal_weight,1.0,0.02,0.0087520407618779,Materials,,
2026-05-15,2026-05-18,2026-06-01,signal_horizon,9,0,NEM,long,0.02,0.02,equal_weight,1.0,0.02,0.0086706796985347,Unknown,,
2026-05-15,2026-05-18,2026-06-01,signal_horizon,9,0,LVS,long,0.02,0.02,equal_weight,1.0,0.02,0.0083527945923081,Consumer Discretionary,,
2026-05-15,2026-05-18,2026-06-01,signal_horizon,9,0,BSX,long,0.02,0.02,equal_weight,1.0,0.02,0.0082837348911589,Unknown,,
2026-05-15,2026-05-18,2026-06-01,signal_horizon,9,0,NRG,long,0.02,0.02,equal_weight,1.0,0.02,0.0082782248669841,Utilities,,
2026-05-15,2026-05-18,2026-06-01,signal_horizon,9,0,GRMN,long,0.02,0.02,equal_weight,1.0,0.02,0.008210625123258,Consumer Discretionary,,
2026-05-15,2026-05-18,2026-06-01,signal_horizon,9,0,PWR,long,0.02,0.02,equal_weight,1.0,0.02,0.0080999306933319,Industrials,,
2026-05-15,2026-05-18,2026-06-01,signal_horizon,9,0,TMUS,long,0.02,0.02,equal_weight,1.0,0.02,0.0080857181103092,Communication Services,,
2026-05-15,2026-05-18,2026-06-01,signal_horizon,9,0,T,long,0.02,0.02,equal_weight,1.0,0.02,0.0079506250096568,Communication Services,,
2026-05-15,2026-05-18,2026-06-01,signal_horizon,9,0,HBAN,long,0.02,0.02,equal_weight,1.0,0.02,0.0075399077316238,Financials,,
2026-05-15,2026-05-18,2026-06-01,signal_horizon,9,0,KDP,long,0.02,0.02,equal_weight,1.0,0.02,0.0075165211078223,Consumer Staples,,
2026-05-15,2026-05-18,2026-06-01,signal_horizon,9,0,FITB,long,0.02,0.02,equal_weight,1.0,0.02,0.0074300574619474,Financials,,
2026-05-15,2026-05-18,2026-06-01,signal_horizon,9,0,URI,long,0.02,0.02,equal_weight,1.0,0.02,0.0074177609370212,Industrials,,
2026-05-15,2026-05-18,2026-06-01,signal_horizon,9,0,GEHC,long,0.02,0.02,equal_weight,1.0,0.02,0.007379771815451,Health Care,,
2026-05-15,2026-05-18,2026-06-01,signal_horizon,9,0,IR,long,0.02,0.02,equal_weight,1.0,0.02,0.0073211262745921,Industrials,,
2026-05-15,2026-05-18,2026-06-01,signal_horizon,9,0,DHI,long,0.02,0.02,equal_weight,1.0,0.02,0.0072412945760395,Consumer Discretionary,,
2026-05-15,2026-05-18,2026-06-01,signal_horizon,9,0,HSY,long,0.02,0.02,equal_weight,1.0,0.02,0.0071311795833495,Consumer Staples,,
2026-05-15,2026-05-18,2026-06-01,signal_horizon,9,0,HCA,long,0.02,0.02,equal_weight,1.0,0.02,0.0070266274157271,Unknown,,
2026-05-15,2026-05-18,2026-06-01,signal_horizon,9,0,CEG,long,0.02,0.02,equal_weight,1.0,0.02,0.0069747986741941,Unknown,,
2026-05-15,2026-05-18,2026-06-01,signal_horizon,9,0,ORLY,long,0.02,0.02,equal_weight,1.0,0.02,0.0068233207030974,Consumer Discretionary,,
2026-05-15,2026-05-18,2026-06-01,signal_horizon,9,0,HOOD,long,0.02,0.02,equal_weight,1.0,0.02,0.0068141696990058,Financials,,
2026-05-15,2026-05-18,2026-06-01,signal_horizon,9,0,PCG,long,0.02,0.02,equal_weight,1.0,0.02,0.0067390053768959,Utilities,,
2026-05-15,2026-05-18,2026-06-01,signal_horizon,9,0,OTIS,long,0.02,0.02,equal_weight,1.0,0.02,0.0066820629757664,Industrials,,
2026-05-15,2026-05-18,2026-06-01,signal_horizon,9,0,TFC,long,0.02,0.02,equal_weight,1.0,0.02,0.0065916126167189,Financials,,
2026-05-15,2026-05-18,2026-06-01,signal_horizon,9,0,EQT,long,0.02,0.02,equal_weight,1.0,0.02,0.0064870885363195,Energy,,
2026-05-15,2026-05-18,2026-06-01,signal_horizon,9,0,VRT,long,0.02,0.02,equal_weight,1.0,0.02,0.0064538979657981,Industrials,,
2026-05-15,2026-05-18,2026-06-01,signal_horizon,9,0,MTB,long,0.02,0.02,equal_weight,1.0,0.02,0.0064397096613715,Financials,,
2026-05-15,2026-05-18,2026-06-01,signal_horizon,9,0,KR,long,0.02,0.02,equal_weight,1.0,0.02,0.0063312150527535,Consumer Staples,,
2026-05-15,2026-05-18,2026-06-01,signal_horizon,9,0,SYY,long,0.02,0.02,equal_weight,1.0,0.02,0.0062710660247408,Consumer Staples,,
2026-05-15,2026-05-18,2026-06-01,signal_horizon,9,0,PSX,long,0.02,0.02,equal_weight,1.0,0.02,0.0061716894474573,Energy,,
2026-05-15,2026-05-18,2026-06-01,signal_horizon,9,0,MSCI,long,0.02,0.02,equal_weight,1.0,0.02,0.0060729366721926,Financials,,
2026-05-15,2026-05-18,2026-06-01,signal_horizon,9,0,CCI,long,0.02,0.02,equal_weight,1.0,0.02,0.0060204085704875,Real Estate,,
2026-05-15,2026-05-18,2026-06-01,signal_horizon,9,0,TDG,long,0.02,0.02,equal_weight,1.0,0.02,0.0059558338864217,Industrials,,
2026-05-15,2026-05-18,2026-06-01,signal_horizon,9,0,EW,long,0.02,0.02,equal_weight,1.0,0.02,0.0056292367611259,Health Care,,
2026-05-15,2026-05-18,2026-06-01,signal_horizon,9,0,KMB,long,0.02,0.02,equal_weight,1.0,0.02,0.0055053314757916,Consumer Staples,,
2026-05-15,2026-05-18,2026-06-01,signal_horizon,9,0,PM,long,0.02,0.02,equal_weight,1.0,0.02,0.0054573578075063,Consumer Staples,,
2026-05-15,2026-05-18,2026-06-01,signal_horizon,9,0,KVUE,long,0.02,0.02,equal_weight,1.0,0.02,0.0050256148898913,Consumer Staples,,
2026-05-15,2026-05-18,2026-06-01,signal_horizon,9,0,ANET,short,-0.02,0.02,equal_weight,1.0,-0.02,-0.0020655396790925,Information Technology,,
2026-05-15,2026-05-18,2026-06-01,signal_horizon,9,0,COST,short,-0.02,0.02,equal_weight,1.0,-0.02,-0.0019188638448647,Consumer Staples,,
2026-05-15,2026-05-18,2026-06-01,signal_horizon,9,0,AAPL,short,-0.02,0.02,equal_weight,1.0,-0.02,-0.0016591864691264,Information Technology,,
2026-05-15,2026-05-18,2026-06-01,signal_horizon,9,0,UNH,short,-0.02,0.02,equal_weight,1.0,-0.02,-0.0015576173815864,Health Care,,
2026-05-15,2026-05-18,2026-06-01,signal_horizon,9,0,CSCO,short,-0.02,0.02,equal_weight,1.0,-0.02,-0.0013736368993581,Information Technology,,
2026-05-15,2026-05-18,2026-06-01,signal_horizon,9,0,KLAC,short,-0.02,0.02,equal_weight,1.0,-0.02,-0.0012847072707246,Information Technology,,
2026-05-15,2026-05-18,2026-06-01,signal_horizon,9,0,AMZN,short,-0.02,0.02,equal_weight,1.0,-0.02,-0.0008516941169719,Consumer Discretionary,,
2026-05-15,2026-05-18,2026-06-01,signal_horizon,9,0,ETR,short,-0.02,0.02,equal_weight,1.0,-0.02,-0.0006676682811209,Utilities,,
2026-05-15,2026-05-18,2026-06-01,signal_horizon,9,0,AVGO,short,-0.02,0.02,equal_weight,1.0,-0.02,-0.0004957858644867,Information Technology,,
2026-05-15,2026-05-18,2026-06-01,signal_horizon,9,0,IBM,short,-0.02,0.02,equal_weight,1.0,-0.02,-0.0003921538278054,Information Technology,,
2026-05-15,2026-05-18,2026-06-01,signal_horizon,9,0,GS,short,-0.02,0.02,equal_weight,1.0,-0.02,-0.0002063906573166,Financials,,
2026-05-15,2026-05-18,2026-06-01,signal_horizon,9,0,HPE,short,-0.02,0.02,equal_weight,1.0,-0.02,-0.000140752771643,Information Technology,,
2026-05-15,2026-05-18,2026-06-01,signal_horizon,9,0,AEP,short,-0.02,0.02,equal_weight,1.0,-0.02,0.0001010247901024,Utilities,,
2026-05-15,2026-05-18,2026-06-01,signal_horizon,9,0,MS,short,-0.02,0.02,equal_weight,1.0,-0.02,0.0001727606392922,Financials,,
2026-05-15,2026-05-18,2026-06-01,signal_horizon,9,0,V,short,-0.02,0.02,equal_weight,1.0,-0.02,0.0002250388012566,Unknown,,
2026-05-15,2026-05-18,2026-06-01,signal_horizon,9,0,ELV,short,-0.02,0.02,equal_weight,1.0,-0.02,0.0002651630854672,Health Care,,
2026-05-15,2026-05-18,2026-06-01,signal_horizon,9,0,BRK-B,short,-0.02,0.02,equal_weight,1.0,-0.02,0.0004189651640666,Financials,,
2026-05-15,2026-05-18,2026-06-01,signal_horizon,9,0,SLB,short,-0.02,0.02,equal_weight,1.0,-0.02,0.0005345772260815,Energy,,
2026-05-15,2026-05-18,2026-06-01,signal_horizon,9,0,C,short,-0.02,0.02,equal_weight,1.0,-0.02,0.0005897573163391,Financials,,
2026-05-15,2026-05-18,2026-06-01,signal_horizon,9,0,MMM,short,-0.02,0.02,equal_weight,1.0,-0.02,0.0006418622688506,Industrials,,
2026-05-15,2026-05-18,2026-06-01,signal_horizon,9,0,ETN,short,-0.02,0.02,equal_weight,1.0,-0.02,0.0006531271557264,Industrials,,
2026-05-15,2026-05-18,2026-06-01,signal_horizon,9,0,KO,short,-0.02,0.02,equal_weight,1.0,-0.02,0.0006691543339893,Consumer Staples,,
2026-05-15,2026-05-18,2026-06-01,signal_horizon,9,0,AXP,short,-0.02,0.02,equal_weight,1.0,-0.02,0.000696298040206,Financials,,
2026-05-15,2026-05-18,2026-06-01,signal_horizon,9,0,EBAY,short,-0.02,0.02,equal_weight,1.0,-0.02,0.0007092038605289,Consumer Discretionary,,
2026-05-15,2026-05-18,2026-06-01,signal_horizon,9,0,UNP,short,-0.02,0.02,equal_weight,1.0,-0.02,0.0008686339371966,Industrials,,
2026-05-15,2026-05-18,2026-06-01,signal_horizon,9,0,CME,short,-0.02,0.02,equal_weight,1.0,-0.02,0.0009925505799523,Unknown,,
2026-05-15,2026-05-18,2026-06-01,signal_horizon,9,0,LIN,short,-0.02,0.02,equal_weight,1.0,-0.02,0.001013765561255,Materials,,
2026-05-15,2026-05-18,2026-06-01,signal_horizon,9,0,MRK,short,-0.02,0.02,equal_weight,1.0,-0.02,0.0010589238956284,Health Care,,
2026-05-15,2026-05-18,2026-06-01,signal_horizon,9,0,CMI,short,-0.02,0.02,equal_weight,1.0,-0.02,0.0011151505861702,Industrials,,
2026-05-15,2026-05-18,2026-06-01,signal_horizon,9,0,META,short,-0.02,0.02,equal_weight,1.0,-0.02,0.0012080146981519,Communication Services,,
2026-05-15,2026-05-18,2026-06-01,signal_horizon,9,0,COF,short,-0.02,0.02,equal_weight,1.0,-0.02,0.0012171742547861,Unknown,,
2026-05-15,2026-05-18,2026-06-01,signal_horizon,9,0,JCI,short,-0.02,0.02,equal_weight,1.0,-0.02,0.0012210992173839,Unknown,,
2026-05-15,2026-05-18,2026-06-01,signal_horizon,9,0,ITW,short,-0.02,0.02,equal_weight,1.0,-0.02,0.0012741630864138,Industrials,,
2026-05-15,2026-05-18,2026-06-01,signal_horizon,9,0,LLY,short,-0.02,0.02,equal_weight,1.0,-0.02,0.0013812288312183,Health Care,,
2026-05-15,2026-05-18,2026-06-01,signal_horizon,9,0,ADI,short,-0.02,0.02,equal_weight,1.0,-0.02,0.0014593147051105,Unknown,,
2026-05-15,2026-05-18,2026-06-01,signal_horizon,9,0,HON,short,-0.02,0.02,equal_weight,1.0,-0.02,0.0015160926123842,Industrials,,
2026-05-15,2026-05-18,2026-06-01,signal_horizon,9,0,DIS,short,-0.02,0.02,equal_weight,1.0,-0.02,0.0015216190288005,Communication Services,,
2026-05-15,2026-05-18,2026-06-01,signal_horizon,9,0,WMT,short,-0.02,0.02,equal_weight,1.0,-0.02,0.001534137730858,Consumer Staples,,
2026-05-15,2026-05-18,2026-06-01,signal_horizon,9,0,TJX,short,-0.02,0.02,equal_weight,1.0,-0.02,0.0016224749197773,Consumer Discretionary,,
2026-05-15,2026-05-18,2026-06-01,signal_horizon,9,0,XOM,short,-0.02,0.02,equal_weight,1.0,-0.02,0.0016237373123527,Energy,,
2026-05-15,2026-05-18,2026-06-01,signal_horizon,9,0,DAL,short,-0.02,0.02,equal_weight,1.0,-0.02,0.0017117631828538,Industrials,,
2026-05-15,2026-05-18,2026-06-01,signal_horizon,9,0,BLK,short,-0.02,0.02,equal_weight,1.0,-0.02,0.0017625497331093,Financials,,
2026-05-15,2026-05-18,2026-06-01,signal_horizon,9,0,WELL,short,-0.02,0.02,equal_weight,1.0,-0.02,0.0018310956653564,Real Estate,,
2026-05-15,2026-05-18,2026-06-01,signal_horizon,9,0,SBUX,short,-0.02,0.02,equal_weight,1.0,-0.02,0.001835011731389,Consumer Discretionary,,
2026-05-15,2026-05-18,2026-06-01,signal_horizon,9,0,JPM,short,-0.02,0.02,equal_weight,1.0,-0.02,0.001989534543078,Financials,,
2026-05-15,2026-05-18,2026-06-01,signal_horizon,9,0,CVX,short,-0.02,0.02,equal_weight,1.0,-0.02,0.0023150612197168,Energy,,
2026-05-15,2026-05-18,2026-06-01,signal_horizon,9,0,PEP,short,-0.02,0.02,equal_weight,1.0,-0.02,0.0032526994014962,Consumer Staples,,
2026-05-15,2026-05-18,2026-06-01,signal_horizon,9,0,PG,short,-0.02,0.02,equal_weight,1.0,-0.02,0.0033519054205761,Consumer Staples,,
2026-05-15,2026-05-18,2026-06-01,signal_horizon,9,0,MO,short,-0.02,0.02,equal_weight,1.0,-0.02,0.0034000430658766,Consumer Staples,,
2026-05-15,2026-05-18,2026-06-01,signal_horizon,9,0,ADM,short,-0.02,0.02,equal_weight,1.0,-0.02,0.0036150359917974,Consumer Staples,,
