signal_date,execution_date,end_date,holding_clock,effective_holding_days,sleeve_slot,instrument_id,side,weight,abs_weight,weight_mode,capital_weight,effective_weight,predicted_y,sector,market_cap,size_exposure_z
2025-06-02,2025-06-03,2025-06-16,signal_horizon,9,0,NRG,long,0.05,0.05,equal_weight,1.0,0.05,0.0281902499635938,Utilities,,
2025-06-02,2025-06-03,2025-06-16,signal_horizon,9,0,SNDK,long,0.05,0.05,equal_weight,1.0,0.05,0.0212905629526731,Information Technology,,
2025-06-02,2025-06-03,2025-06-16,signal_horizon,9,0,COIN,long,0.05,0.05,equal_weight,1.0,0.05,0.0199986184404655,Financials,,
2025-06-02,2025-06-03,2025-06-16,signal_horizon,9,0,LITE,long,0.05,0.05,equal_weight,1.0,0.05,0.0195189895572403,Information Technology,,
2025-06-02,2025-06-03,2025-06-16,signal_horizon,9,0,REGN,long,0.05,0.05,equal_weight,1.0,0.05,0.0186951423057511,Health Care,,
2025-06-02,2025-06-03,2025-06-16,signal_horizon,9,0,XYZ,long,0.05,0.05,equal_weight,1.0,0.05,0.0181536775263009,Financials,,
2025-06-02,2025-06-03,2025-06-16,signal_horizon,9,0,MCHP,long,0.05,0.05,equal_weight,1.0,0.05,0.0178278872414244,Information Technology,,
2025-06-02,2025-06-03,2025-06-16,signal_horizon,9,0,TSLA,long,0.05,0.05,equal_weight,1.0,0.05,0.017281351482662,Consumer Discretionary,,
2025-06-02,2025-06-03,2025-06-16,signal_horizon,9,0,ADM,long,0.05,0.05,equal_weight,1.0,0.05,0.0147924555746381,Consumer Staples,,
2025-06-02,2025-06-03,2025-06-16,signal_horizon,9,0,ROK,long,0.05,0.05,equal_weight,1.0,0.05,0.0146613842615352,Industrials,,
2025-06-02,2025-06-03,2025-06-16,signal_horizon,9,0,DELL,long,0.05,0.05,equal_weight,1.0,0.05,0.014508058435423,Unknown,,
2025-06-02,2025-06-03,2025-06-16,signal_horizon,9,0,LRCX,long,0.05,0.05,equal_weight,1.0,0.05,0.0136029083498837,Unknown,,
2025-06-02,2025-06-03,2025-06-16,signal_horizon,9,0,VLO,long,0.05,0.05,equal_weight,1.0,0.05,0.013185971893305,Energy,,
2025-06-02,2025-06-03,2025-06-16,signal_horizon,9,0,AXON,long,0.05,0.05,equal_weight,1.0,0.05,0.0131503684825031,Industrials,,
2025-06-02,2025-06-03,2025-06-16,signal_horizon,9,0,VRT,long,0.05,0.05,equal_weight,1.0,0.05,0.0130465043292695,Industrials,,
2025-06-02,2025-06-03,2025-06-16,signal_horizon,9,0,ODFL,long,0.05,0.05,equal_weight,1.0,0.05,0.012787484706351,Industrials,,
2025-06-02,2025-06-03,2025-06-16,signal_horizon,9,0,PCAR,long,0.05,0.05,equal_weight,1.0,0.05,0.0124225077239306,Industrials,,
2025-06-02,2025-06-03,2025-06-16,signal_horizon,9,0,DAL,long,0.05,0.05,equal_weight,1.0,0.05,0.012355119458365,Industrials,,
2025-06-02,2025-06-03,2025-06-16,signal_horizon,9,0,EMR,long,0.05,0.05,equal_weight,1.0,0.05,0.0119240784475986,Industrials,,
2025-06-02,2025-06-03,2025-06-16,signal_horizon,9,0,MMM,long,0.05,0.05,equal_weight,1.0,0.05,0.0115797311710371,Industrials,,
2025-06-02,2025-06-03,2025-06-16,signal_horizon,9,0,PANW,short,-0.05,0.05,equal_weight,1.0,-0.05,0.0001845296900637,Information Technology,,
2025-06-02,2025-06-03,2025-06-16,signal_horizon,9,0,PEG,short,-0.05,0.05,equal_weight,1.0,-0.05,0.0006231306051423,Utilities,,
2025-06-02,2025-06-03,2025-06-16,signal_horizon,9,0,COST,short,-0.05,0.05,equal_weight,1.0,-0.05,0.0008581013049256,Consumer Staples,,
2025-06-02,2025-06-03,2025-06-16,signal_horizon,9,0,MSFT,short,-0.05,0.05,equal_weight,1.0,-0.05,0.0015344419668661,Information Technology,,
2025-06-02,2025-06-03,2025-06-16,signal_horizon,9,0,MSI,short,-0.05,0.05,equal_weight,1.0,-0.05,0.0017749820227008,Information Technology,,
2025-06-02,2025-06-03,2025-06-16,signal_horizon,9,0,MA,short,-0.05,0.05,equal_weight,1.0,-0.05,0.0020409083752104,Financials,,
2025-06-02,2025-06-03,2025-06-16,signal_horizon,9,0,LMT,short,-0.05,0.05,equal_weight,1.0,-0.05,0.0022097462827739,Industrials,,
2025-06-02,2025-06-03,2025-06-16,signal_horizon,9,0,AZO,short,-0.05,0.05,equal_weight,1.0,-0.05,0.0022152577012713,Consumer Discretionary,,
2025-06-02,2025-06-03,2025-06-16,signal_horizon,9,0,WMB,short,-0.05,0.05,equal_weight,1.0,-0.05,0.0028080870637176,Energy,,
2025-06-02,2025-06-03,2025-06-16,signal_horizon,9,0,AJG,short,-0.05,0.05,equal_weight,1.0,-0.05,0.0034915076624868,Financials,,
2025-06-02,2025-06-03,2025-06-16,signal_horizon,9,0,BDX,short,-0.05,0.05,equal_weight,1.0,-0.05,0.0036883979457704,Health Care,,
2025-06-02,2025-06-03,2025-06-16,signal_horizon,9,0,V,short,-0.05,0.05,equal_weight,1.0,-0.05,0.0037656987711233,Unknown,,
2025-06-02,2025-06-03,2025-06-16,signal_horizon,9,0,EQIX,short,-0.05,0.05,equal_weight,1.0,-0.05,0.0038448214300155,Unknown,,
2025-06-02,2025-06-03,2025-06-16,signal_horizon,9,0,WM,short,-0.05,0.05,equal_weight,1.0,-0.05,0.0039131172266483,Industrials,,
2025-06-02,2025-06-03,2025-06-16,signal_horizon,9,0,RSG,short,-0.05,0.05,equal_weight,1.0,-0.05,0.0040347111932779,Industrials,,
2025-06-02,2025-06-03,2025-06-16,signal_horizon,9,0,BA,short,-0.05,0.05,equal_weight,1.0,-0.05,0.0041181110842744,Industrials,,
2025-06-02,2025-06-03,2025-06-16,signal_horizon,9,0,HON,short,-0.05,0.05,equal_weight,1.0,-0.05,0.004228560219152,Industrials,,
2025-06-02,2025-06-03,2025-06-16,signal_horizon,9,0,ETN,short,-0.05,0.05,equal_weight,1.0,-0.05,0.0045355144375205,Industrials,,
2025-06-02,2025-06-03,2025-06-16,signal_horizon,9,0,RTX,short,-0.05,0.05,equal_weight,1.0,-0.05,0.0047384781649559,Industrials,,
2025-06-02,2025-06-03,2025-06-16,signal_horizon,9,0,CTAS,short,-0.05,0.05,equal_weight,1.0,-0.05,0.0048265312332536,Industrials,,
2025-06-16,2025-06-17,2025-07-01,signal_horizon,9,0,XYZ,long,0.05,0.05,equal_weight,1.0,0.05,0.0127854110414547,Financials,,
2025-06-16,2025-06-17,2025-07-01,signal_horizon,9,0,MU,long,0.05,0.05,equal_weight,1.0,0.05,0.0107611032788463,Information Technology,,
2025-06-16,2025-06-17,2025-07-01,signal_horizon,9,0,ORCL,long,0.05,0.05,equal_weight,1.0,0.05,0.0105307394430385,Information Technology,,
2025-06-16,2025-06-17,2025-07-01,signal_horizon,9,0,TER,long,0.05,0.05,equal_weight,1.0,0.05,0.010168964501846,Information Technology,,
2025-06-16,2025-06-17,2025-07-01,signal_horizon,9,0,HOOD,long,0.05,0.05,equal_weight,1.0,0.05,0.0099519510592579,Financials,,
2025-06-16,2025-06-17,2025-07-01,signal_horizon,9,0,HAL,long,0.05,0.05,equal_weight,1.0,0.05,0.0096588660023405,Energy,,
2025-06-16,2025-06-17,2025-07-01,signal_horizon,9,0,NEM,long,0.05,0.05,equal_weight,1.0,0.05,0.0096096956956515,Unknown,,
2025-06-16,2025-06-17,2025-07-01,signal_horizon,9,0,HSY,long,0.05,0.05,equal_weight,1.0,0.05,0.0088005869716467,Consumer Staples,,
2025-06-16,2025-06-17,2025-07-01,signal_horizon,9,0,CVNA,long,0.05,0.05,equal_weight,1.0,0.05,0.0086160548425453,Consumer Discretionary,,
2025-06-16,2025-06-17,2025-07-01,signal_horizon,9,0,LRCX,long,0.05,0.05,equal_weight,1.0,0.05,0.0080839650138069,Unknown,,
2025-06-16,2025-06-17,2025-07-01,signal_horizon,9,0,LHX,long,0.05,0.05,equal_weight,1.0,0.05,0.0079689961354356,Industrials,,
2025-06-16,2025-06-17,2025-07-01,signal_horizon,9,0,A,long,0.05,0.05,equal_weight,1.0,0.05,0.0076902633838077,Health Care,,
2025-06-16,2025-06-17,2025-07-01,signal_horizon,9,0,CPRT,long,0.05,0.05,equal_weight,1.0,0.05,0.0072942071066652,Industrials,,
2025-06-16,2025-06-17,2025-07-01,signal_horizon,9,0,DAL,long,0.05,0.05,equal_weight,1.0,0.05,0.0070121495076557,Industrials,,
2025-06-16,2025-06-17,2025-07-01,signal_horizon,9,0,FAST,long,0.05,0.05,equal_weight,1.0,0.05,0.0064546048774445,Industrials,,
2025-06-16,2025-06-17,2025-07-01,signal_horizon,9,0,NEE,long,0.05,0.05,equal_weight,1.0,0.05,0.0059861665802848,Utilities,,
2025-06-16,2025-06-17,2025-07-01,signal_horizon,9,0,FIX,long,0.05,0.05,equal_weight,1.0,0.05,0.0058203348388391,Industrials,,
2025-06-16,2025-06-17,2025-07-01,signal_horizon,9,0,EMR,long,0.05,0.05,equal_weight,1.0,0.05,0.0057704914702609,Industrials,,
2025-06-16,2025-06-17,2025-07-01,signal_horizon,9,0,VRT,long,0.05,0.05,equal_weight,1.0,0.05,0.0051409851251104,Industrials,,
2025-06-16,2025-06-17,2025-07-01,signal_horizon,9,0,ODFL,long,0.05,0.05,equal_weight,1.0,0.05,0.0049721122929915,Industrials,,
2025-06-16,2025-06-17,2025-07-01,signal_horizon,9,0,UNH,short,-0.05,0.05,equal_weight,1.0,-0.05,-0.0081737031860561,Health Care,,
2025-06-16,2025-06-17,2025-07-01,signal_horizon,9,0,NOW,short,-0.05,0.05,equal_weight,1.0,-0.05,-0.0029452284930415,Information Technology,,
2025-06-16,2025-06-17,2025-07-01,signal_horizon,9,0,CRM,short,-0.05,0.05,equal_weight,1.0,-0.05,-0.0025461668265773,Information Technology,,
2025-06-16,2025-06-17,2025-07-01,signal_horizon,9,0,HD,short,-0.05,0.05,equal_weight,1.0,-0.05,-0.0022848249996227,Consumer Discretionary,,
2025-06-16,2025-06-17,2025-07-01,signal_horizon,9,0,MSI,short,-0.05,0.05,equal_weight,1.0,-0.05,-0.0022379167865796,Information Technology,,
2025-06-16,2025-06-17,2025-07-01,signal_horizon,9,0,UNP,short,-0.05,0.05,equal_weight,1.0,-0.05,-0.0009261624347047,Industrials,,
2025-06-16,2025-06-17,2025-07-01,signal_horizon,9,0,HON,short,-0.05,0.05,equal_weight,1.0,-0.05,-0.0008376607728222,Industrials,,
2025-06-16,2025-06-17,2025-07-01,signal_horizon,9,0,CAT,short,-0.05,0.05,equal_weight,1.0,-0.05,-0.0007266741261271,Industrials,,
2025-06-16,2025-06-17,2025-07-01,signal_horizon,9,0,WMT,short,-0.05,0.05,equal_weight,1.0,-0.05,-0.0006014262734852,Consumer Staples,,
2025-06-16,2025-06-17,2025-07-01,signal_horizon,9,0,DELL,short,-0.05,0.05,equal_weight,1.0,-0.05,-0.0005549834909559,Unknown,,
2025-06-16,2025-06-17,2025-07-01,signal_horizon,9,0,WFC,short,-0.05,0.05,equal_weight,1.0,-0.05,-0.0003784453748876,Financials,,
2025-06-16,2025-06-17,2025-07-01,signal_horizon,9,0,CEG,short,-0.05,0.05,equal_weight,1.0,-0.05,-0.0003616762773412,Unknown,,
2025-06-16,2025-06-17,2025-07-01,signal_horizon,9,0,TT,short,-0.05,0.05,equal_weight,1.0,-0.05,-0.0003393476677075,Industrials,,
2025-06-16,2025-06-17,2025-07-01,signal_horizon,9,0,JPM,short,-0.05,0.05,equal_weight,1.0,-0.05,-0.0003068844707516,Financials,,
2025-06-16,2025-06-17,2025-07-01,signal_horizon,9,0,NRG,short,-0.05,0.05,equal_weight,1.0,-0.05,-0.0002237881817523,Utilities,,
2025-06-16,2025-06-17,2025-07-01,signal_horizon,9,0,BA,short,-0.05,0.05,equal_weight,1.0,-0.05,4.795291475850493e-05,Industrials,,
2025-06-16,2025-06-17,2025-07-01,signal_horizon,9,0,MPC,short,-0.05,0.05,equal_weight,1.0,-0.05,0.0002549690389227,Energy,,
2025-06-16,2025-06-17,2025-07-01,signal_horizon,9,0,ETN,short,-0.05,0.05,equal_weight,1.0,-0.05,0.0003984216645021,Industrials,,
2025-06-16,2025-06-17,2025-07-01,signal_horizon,9,0,UBER,short,-0.05,0.05,equal_weight,1.0,-0.05,0.0009085984639517,Industrials,,
2025-06-16,2025-06-17,2025-07-01,signal_horizon,9,0,ITW,short,-0.05,0.05,equal_weight,1.0,-0.05,0.0013418933013441,Industrials,,
2025-07-01,2025-07-02,2025-07-16,signal_horizon,9,0,PCG,long,0.05,0.05,equal_weight,1.0,0.05,0.0119407879203448,Utilities,,
2025-07-01,2025-07-02,2025-07-16,signal_horizon,9,0,ORCL,long,0.05,0.05,equal_weight,1.0,0.05,0.0110457815584104,Information Technology,,
2025-07-01,2025-07-02,2025-07-16,signal_horizon,9,0,ADM,long,0.05,0.05,equal_weight,1.0,0.05,0.0102559447982502,Consumer Staples,,
2025-07-01,2025-07-02,2025-07-16,signal_horizon,9,0,NEM,long,0.05,0.05,equal_weight,1.0,0.05,0.0098442299609447,Unknown,,
2025-07-01,2025-07-02,2025-07-16,signal_horizon,9,0,PLTR,long,0.05,0.05,equal_weight,1.0,0.05,0.0098067637829112,Information Technology,,
2025-07-01,2025-07-02,2025-07-16,signal_horizon,9,0,HOOD,long,0.05,0.05,equal_weight,1.0,0.05,0.0088695497632354,Financials,,
2025-07-01,2025-07-02,2025-07-16,signal_horizon,9,0,TSLA,long,0.05,0.05,equal_weight,1.0,0.05,0.0088595760726804,Consumer Discretionary,,
2025-07-01,2025-07-02,2025-07-16,signal_horizon,9,0,CIEN,long,0.05,0.05,equal_weight,1.0,0.05,0.0087269178860499,Information Technology,,
2025-07-01,2025-07-02,2025-07-16,signal_horizon,9,0,VRT,long,0.05,0.05,equal_weight,1.0,0.05,0.0086421009993932,Industrials,,
2025-07-01,2025-07-02,2025-07-16,signal_horizon,9,0,HAL,long,0.05,0.05,equal_weight,1.0,0.05,0.0079520360394953,Energy,,
2025-07-01,2025-07-02,2025-07-16,signal_horizon,9,0,COIN,long,0.05,0.05,equal_weight,1.0,0.05,0.007600400736269,Financials,,
2025-07-01,2025-07-02,2025-07-16,signal_horizon,9,0,LRCX,long,0.05,0.05,equal_weight,1.0,0.05,0.0064240914742476,Unknown,,
2025-07-01,2025-07-02,2025-07-16,signal_horizon,9,0,FAST,long,0.05,0.05,equal_weight,1.0,0.05,0.0057470395060216,Industrials,,
2025-07-01,2025-07-02,2025-07-16,signal_horizon,9,0,CPRT,long,0.05,0.05,equal_weight,1.0,0.05,0.0054433752295538,Industrials,,
2025-07-01,2025-07-02,2025-07-16,signal_horizon,9,0,UBER,long,0.05,0.05,equal_weight,1.0,0.05,0.0054331142983836,Industrials,,
2025-07-01,2025-07-02,2025-07-16,signal_horizon,9,0,ZTS,long,0.05,0.05,equal_weight,1.0,0.05,0.0054195699189604,Health Care,,
2025-07-01,2025-07-02,2025-07-16,signal_horizon,9,0,FIX,long,0.05,0.05,equal_weight,1.0,0.05,0.0050560898970986,Industrials,,
2025-07-01,2025-07-02,2025-07-16,signal_horizon,9,0,DAL,long,0.05,0.05,equal_weight,1.0,0.05,0.0049969098344752,Industrials,,
2025-07-01,2025-07-02,2025-07-16,signal_horizon,9,0,AXON,long,0.05,0.05,equal_weight,1.0,0.05,0.0049366736284971,Industrials,,
2025-07-01,2025-07-02,2025-07-16,signal_horizon,9,0,EME,long,0.05,0.05,equal_weight,1.0,0.05,0.0048738272716773,Industrials,,
2025-07-01,2025-07-02,2025-07-16,signal_horizon,9,0,INTU,short,-0.05,0.05,equal_weight,1.0,-0.05,-0.0040058870966987,Information Technology,,
2025-07-01,2025-07-02,2025-07-16,signal_horizon,9,0,CVX,short,-0.05,0.05,equal_weight,1.0,-0.05,-0.003921365808419,Energy,,
2025-07-01,2025-07-02,2025-07-16,signal_horizon,9,0,HLT,short,-0.05,0.05,equal_weight,1.0,-0.05,-0.003726884380452,Consumer Discretionary,,
2025-07-01,2025-07-02,2025-07-16,signal_horizon,9,0,ABBV,short,-0.05,0.05,equal_weight,1.0,-0.05,-0.0035108872299062,Health Care,,
2025-07-01,2025-07-02,2025-07-16,signal_horizon,9,0,EQIX,short,-0.05,0.05,equal_weight,1.0,-0.05,-0.0034848978195448,Unknown,,
2025-07-01,2025-07-02,2025-07-16,signal_horizon,9,0,MSFT,short,-0.05,0.05,equal_weight,1.0,-0.05,-0.0034767826926981,Information Technology,,
2025-07-01,2025-07-02,2025-07-16,signal_horizon,9,0,TT,short,-0.05,0.05,equal_weight,1.0,-0.05,-0.0034171753021493,Industrials,,
2025-07-01,2025-07-02,2025-07-16,signal_horizon,9,0,CRM,short,-0.05,0.05,equal_weight,1.0,-0.05,-0.0033384508959183,Information Technology,,
2025-07-01,2025-07-02,2025-07-16,signal_horizon,9,0,CME,short,-0.05,0.05,equal_weight,1.0,-0.05,-0.0026288691714483,Unknown,,
2025-07-01,2025-07-02,2025-07-16,signal_horizon,9,0,PEP,short,-0.05,0.05,equal_weight,1.0,-0.05,-0.0023622057346924,Consumer Staples,,
2025-07-01,2025-07-02,2025-07-16,signal_horizon,9,0,SCHW,short,-0.05,0.05,equal_weight,1.0,-0.05,-0.0019447342880806,Financials,,
2025-07-01,2025-07-02,2025-07-16,signal_horizon,9,0,NRG,short,-0.05,0.05,equal_weight,1.0,-0.05,-0.0018243705263609,Utilities,,
2025-07-01,2025-07-02,2025-07-16,signal_horizon,9,0,BRK-B,short,-0.05,0.05,equal_weight,1.0,-0.05,-0.0017863279407757,Financials,,
2025-07-01,2025-07-02,2025-07-16,signal_horizon,9,0,GE,short,-0.05,0.05,equal_weight,1.0,-0.05,-0.0014557019375445,Industrials,,
2025-07-01,2025-07-02,2025-07-16,signal_horizon,9,0,HWM,short,-0.05,0.05,equal_weight,1.0,-0.05,-0.0013275804455411,Industrials,,
2025-07-01,2025-07-02,2025-07-16,signal_horizon,9,0,UNP,short,-0.05,0.05,equal_weight,1.0,-0.05,-0.0011590025475649,Industrials,,
2025-07-01,2025-07-02,2025-07-16,signal_horizon,9,0,WAB,short,-0.05,0.05,equal_weight,1.0,-0.05,-0.0009732439698094,Industrials,,
2025-07-01,2025-07-02,2025-07-16,signal_horizon,9,0,HON,short,-0.05,0.05,equal_weight,1.0,-0.05,-0.0008271447401867,Industrials,,
2025-07-01,2025-07-02,2025-07-16,signal_horizon,9,0,CAT,short,-0.05,0.05,equal_weight,1.0,-0.05,-0.0006562598401955,Industrials,,
2025-07-01,2025-07-02,2025-07-16,signal_horizon,9,0,BA,short,-0.05,0.05,equal_weight,1.0,-0.05,-0.0003254989000988,Industrials,,
2025-07-16,2025-07-17,2025-07-30,signal_horizon,9,0,ANET,long,0.05,0.05,equal_weight,1.0,0.05,0.0114294791316231,Information Technology,,
2025-07-16,2025-07-17,2025-07-30,signal_horizon,9,0,EQIX,long,0.05,0.05,equal_weight,1.0,0.05,0.0110213829814632,Unknown,,
2025-07-16,2025-07-17,2025-07-30,signal_horizon,9,0,LVS,long,0.05,0.05,equal_weight,1.0,0.05,0.010818435089319,Consumer Discretionary,,
2025-07-16,2025-07-17,2025-07-30,signal_horizon,9,0,COIN,long,0.05,0.05,equal_weight,1.0,0.05,0.0107880052478571,Financials,,
2025-07-16,2025-07-17,2025-07-30,signal_horizon,9,0,DAL,long,0.05,0.05,equal_weight,1.0,0.05,0.0107703912360252,Industrials,,
2025-07-16,2025-07-17,2025-07-30,signal_horizon,9,0,HPE,long,0.05,0.05,equal_weight,1.0,0.05,0.0102906805554948,Information Technology,,
2025-07-16,2025-07-17,2025-07-30,signal_horizon,9,0,COHR,long,0.05,0.05,equal_weight,1.0,0.05,0.010083976747142,Information Technology,,
2025-07-16,2025-07-17,2025-07-30,signal_horizon,9,0,HOOD,long,0.05,0.05,equal_weight,1.0,0.05,0.0093708557247497,Financials,,
2025-07-16,2025-07-17,2025-07-30,signal_horizon,9,0,ELV,long,0.05,0.05,equal_weight,1.0,0.05,0.0078681599985656,Health Care,,
2025-07-16,2025-07-17,2025-07-30,signal_horizon,9,0,UBER,long,0.05,0.05,equal_weight,1.0,0.05,0.0077862620919772,Industrials,,
2025-07-16,2025-07-17,2025-07-30,signal_horizon,9,0,HAL,long,0.05,0.05,equal_weight,1.0,0.05,0.0077522046743333,Energy,,
2025-07-16,2025-07-17,2025-07-30,signal_horizon,9,0,HSY,long,0.05,0.05,equal_weight,1.0,0.05,0.0071155147156554,Consumer Staples,,
2025-07-16,2025-07-17,2025-07-30,signal_horizon,9,0,PAYX,long,0.05,0.05,equal_weight,1.0,0.05,0.0070821484397342,Industrials,,
2025-07-16,2025-07-17,2025-07-30,signal_horizon,9,0,CEG,long,0.05,0.05,equal_weight,1.0,0.05,0.0069145104386988,Unknown,,
2025-07-16,2025-07-17,2025-07-30,signal_horizon,9,0,AXON,long,0.05,0.05,equal_weight,1.0,0.05,0.0066342561883842,Industrials,,
2025-07-16,2025-07-17,2025-07-30,signal_horizon,9,0,VST,long,0.05,0.05,equal_weight,1.0,0.05,0.0060262645220591,Utilities,,
2025-07-16,2025-07-17,2025-07-30,signal_horizon,9,0,URI,long,0.05,0.05,equal_weight,1.0,0.05,0.0057420892445872,Industrials,,
2025-07-16,2025-07-17,2025-07-30,signal_horizon,9,0,FIX,long,0.05,0.05,equal_weight,1.0,0.05,0.0055869569908071,Industrials,,
2025-07-16,2025-07-17,2025-07-30,signal_horizon,9,0,ODFL,long,0.05,0.05,equal_weight,1.0,0.05,0.005410705061271,Industrials,,
2025-07-16,2025-07-17,2025-07-30,signal_horizon,9,0,EME,long,0.05,0.05,equal_weight,1.0,0.05,0.0045179731213036,Industrials,,
2025-07-16,2025-07-17,2025-07-30,signal_horizon,9,0,INTU,short,-0.05,0.05,equal_weight,1.0,-0.05,-0.0039958882746432,Information Technology,,
2025-07-16,2025-07-17,2025-07-30,signal_horizon,9,0,MSFT,short,-0.05,0.05,equal_weight,1.0,-0.05,-0.0032368180401372,Information Technology,,
2025-07-16,2025-07-17,2025-07-30,signal_horizon,9,0,CME,short,-0.05,0.05,equal_weight,1.0,-0.05,-0.0032078388978145,Unknown,,
2025-07-16,2025-07-17,2025-07-30,signal_horizon,9,0,QCOM,short,-0.05,0.05,equal_weight,1.0,-0.05,-0.0028169821474209,Information Technology,,
2025-07-16,2025-07-17,2025-07-30,signal_horizon,9,0,XOM,short,-0.05,0.05,equal_weight,1.0,-0.05,-0.0026548159496824,Energy,,
2025-07-16,2025-07-17,2025-07-30,signal_horizon,9,0,AON,short,-0.05,0.05,equal_weight,1.0,-0.05,-0.0025825189930766,Financials,,
2025-07-16,2025-07-17,2025-07-30,signal_horizon,9,0,UNP,short,-0.05,0.05,equal_weight,1.0,-0.05,-0.0024436431761955,Industrials,,
2025-07-16,2025-07-17,2025-07-30,signal_horizon,9,0,SBUX,short,-0.05,0.05,equal_weight,1.0,-0.05,-0.0023364724003871,Consumer Discretionary,,
2025-07-16,2025-07-17,2025-07-30,signal_horizon,9,0,RTX,short,-0.05,0.05,equal_weight,1.0,-0.05,-0.0012352221947024,Industrials,,
2025-07-16,2025-07-17,2025-07-30,signal_horizon,9,0,ABBV,short,-0.05,0.05,equal_weight,1.0,-0.05,-0.001058275965137,Health Care,,
2025-07-16,2025-07-17,2025-07-30,signal_horizon,9,0,AJG,short,-0.05,0.05,equal_weight,1.0,-0.05,-0.0010277717148296,Financials,,
2025-07-16,2025-07-17,2025-07-30,signal_horizon,9,0,LHX,short,-0.05,0.05,equal_weight,1.0,-0.05,-0.0007012558131124,Industrials,,
2025-07-16,2025-07-17,2025-07-30,signal_horizon,9,0,KVUE,short,-0.05,0.05,equal_weight,1.0,-0.05,-0.0006494207783911,Consumer Staples,,
2025-07-16,2025-07-17,2025-07-30,signal_horizon,9,0,PLD,short,-0.05,0.05,equal_weight,1.0,-0.05,-0.000376567191524,Unknown,,
2025-07-16,2025-07-17,2025-07-30,signal_horizon,9,0,GE,short,-0.05,0.05,equal_weight,1.0,-0.05,-0.0002379776972893,Industrials,,
2025-07-16,2025-07-17,2025-07-30,signal_horizon,9,0,GEV,short,-0.05,0.05,equal_weight,1.0,-0.05,-0.0001325749672154,Industrials,,
2025-07-16,2025-07-17,2025-07-30,signal_horizon,9,0,TT,short,-0.05,0.05,equal_weight,1.0,-0.05,9.526001954141332e-05,Industrials,,
2025-07-16,2025-07-17,2025-07-30,signal_horizon,9,0,CSX,short,-0.05,0.05,equal_weight,1.0,-0.05,0.0001296033678304,Industrials,,
2025-07-16,2025-07-17,2025-07-30,signal_horizon,9,0,DE,short,-0.05,0.05,equal_weight,1.0,-0.05,0.0002231341333471,Industrials,,
2025-07-16,2025-07-17,2025-07-30,signal_horizon,9,0,NEE,short,-0.05,0.05,equal_weight,1.0,-0.05,0.0006279524061672,Utilities,,
2025-07-30,2025-07-31,2025-08-13,signal_horizon,9,0,FIX,long,0.05,0.05,equal_weight,1.0,0.05,0.0186092759674539,Industrials,,
2025-07-30,2025-07-31,2025-08-13,signal_horizon,9,0,ELV,long,0.05,0.05,equal_weight,1.0,0.05,0.0162220356648166,Health Care,,
2025-07-30,2025-07-31,2025-08-13,signal_horizon,9,0,TEL,long,0.05,0.05,equal_weight,1.0,0.05,0.0129208269366067,Information Technology,,
2025-07-30,2025-07-31,2025-08-13,signal_horizon,9,0,TSLA,long,0.05,0.05,equal_weight,1.0,0.05,0.0124370246675755,Consumer Discretionary,,
2025-07-30,2025-07-31,2025-08-13,signal_horizon,9,0,BKR,long,0.05,0.05,equal_weight,1.0,0.05,0.0117042698780836,Energy,,
2025-07-30,2025-07-31,2025-08-13,signal_horizon,9,0,CIEN,long,0.05,0.05,equal_weight,1.0,0.05,0.0101227713816811,Information Technology,,
2025-07-30,2025-07-31,2025-08-13,signal_horizon,9,0,GEV,long,0.05,0.05,equal_weight,1.0,0.05,0.0094577317602303,Industrials,,
2025-07-30,2025-07-31,2025-08-13,signal_horizon,9,0,AXON,long,0.05,0.05,equal_weight,1.0,0.05,0.0087702916541546,Industrials,,
2025-07-30,2025-07-31,2025-08-13,signal_horizon,9,0,COIN,long,0.05,0.05,equal_weight,1.0,0.05,0.0086356721401755,Financials,,
2025-07-30,2025-07-31,2025-08-13,signal_horizon,9,0,LITE,long,0.05,0.05,equal_weight,1.0,0.05,0.0084604005006988,Information Technology,,
2025-07-30,2025-07-31,2025-08-13,signal_horizon,9,0,NOC,long,0.05,0.05,equal_weight,1.0,0.05,0.0084516865701074,Unknown,,
2025-07-30,2025-07-31,2025-08-13,signal_horizon,9,0,PCG,long,0.05,0.05,equal_weight,1.0,0.05,0.0081869955676617,Utilities,,
2025-07-30,2025-07-31,2025-08-13,signal_horizon,9,0,HSY,long,0.05,0.05,equal_weight,1.0,0.05,0.0081431793281014,Consumer Staples,,
2025-07-30,2025-07-31,2025-08-13,signal_horizon,9,0,HOOD,long,0.05,0.05,equal_weight,1.0,0.05,0.0080605045973193,Financials,,
2025-07-30,2025-07-31,2025-08-13,signal_horizon,9,0,EME,long,0.05,0.05,equal_weight,1.0,0.05,0.0071896314827478,Industrials,,
2025-07-30,2025-07-31,2025-08-13,signal_horizon,9,0,ODFL,long,0.05,0.05,equal_weight,1.0,0.05,0.0071870207720074,Industrials,,
2025-07-30,2025-07-31,2025-08-13,signal_horizon,9,0,DAL,long,0.05,0.05,equal_weight,1.0,0.05,0.0071492527877078,Industrials,,
2025-07-30,2025-07-31,2025-08-13,signal_horizon,9,0,NEM,long,0.05,0.05,equal_weight,1.0,0.05,0.0068171653058481,Unknown,,
2025-07-30,2025-07-31,2025-08-13,signal_horizon,9,0,CARR,long,0.05,0.05,equal_weight,1.0,0.05,0.0066060307552493,Industrials,,
2025-07-30,2025-07-31,2025-08-13,signal_horizon,9,0,URI,long,0.05,0.05,equal_weight,1.0,0.05,0.0062495388294883,Industrials,,
2025-07-30,2025-07-31,2025-08-13,signal_horizon,9,0,UNP,short,-0.05,0.05,equal_weight,1.0,-0.05,-0.0036730264894316,Industrials,,
2025-07-30,2025-07-31,2025-08-13,signal_horizon,9,0,CVX,short,-0.05,0.05,equal_weight,1.0,-0.05,-0.0034312623356212,Energy,,
2025-07-30,2025-07-31,2025-08-13,signal_horizon,9,0,IBM,short,-0.05,0.05,equal_weight,1.0,-0.05,-0.0033574604821958,Information Technology,,
2025-07-30,2025-07-31,2025-08-13,signal_horizon,9,0,HON,short,-0.05,0.05,equal_weight,1.0,-0.05,-0.0022093378390283,Industrials,,
2025-07-30,2025-07-31,2025-08-13,signal_horizon,9,0,NSC,short,-0.05,0.05,equal_weight,1.0,-0.05,-0.0022014963936658,Industrials,,
2025-07-30,2025-07-31,2025-08-13,signal_horizon,9,0,COST,short,-0.05,0.05,equal_weight,1.0,-0.05,-0.0021219581457441,Consumer Staples,,
2025-07-30,2025-07-31,2025-08-13,signal_horizon,9,0,KLAC,short,-0.05,0.05,equal_weight,1.0,-0.05,-0.002117618951067,Information Technology,,
2025-07-30,2025-07-31,2025-08-13,signal_horizon,9,0,ORCL,short,-0.05,0.05,equal_weight,1.0,-0.05,-0.0017277031295362,Information Technology,,
2025-07-30,2025-07-31,2025-08-13,signal_horizon,9,0,GS,short,-0.05,0.05,equal_weight,1.0,-0.05,-0.0016495773843755,Financials,,
2025-07-30,2025-07-31,2025-08-13,signal_horizon,9,0,COF,short,-0.05,0.05,equal_weight,1.0,-0.05,-0.0014457536577178,Unknown,,
2025-07-30,2025-07-31,2025-08-13,signal_horizon,9,0,AMZN,short,-0.05,0.05,equal_weight,1.0,-0.05,-0.0012414522956047,Consumer Discretionary,,
2025-07-30,2025-07-31,2025-08-13,signal_horizon,9,0,MCO,short,-0.05,0.05,equal_weight,1.0,-0.05,-0.0012292598398664,Financials,,
2025-07-30,2025-07-31,2025-08-13,signal_horizon,9,0,AEP,short,-0.05,0.05,equal_weight,1.0,-0.05,-0.0004423630089209,Utilities,,
2025-07-30,2025-07-31,2025-08-13,signal_horizon,9,0,APH,short,-0.05,0.05,equal_weight,1.0,-0.05,-0.0003623004154412,Unknown,,
2025-07-30,2025-07-31,2025-08-13,signal_horizon,9,0,LHX,short,-0.05,0.05,equal_weight,1.0,-0.05,-0.00030879871192,Industrials,,
2025-07-30,2025-07-31,2025-08-13,signal_horizon,9,0,BA,short,-0.05,0.05,equal_weight,1.0,-0.05,-4.399781507954427e-05,Industrials,,
2025-07-30,2025-07-31,2025-08-13,signal_horizon,9,0,MDT,short,-0.05,0.05,equal_weight,1.0,-0.05,9.489295699275236e-06,Health Care,,
2025-07-30,2025-07-31,2025-08-13,signal_horizon,9,0,EMR,short,-0.05,0.05,equal_weight,1.0,-0.05,6.426492970542914e-05,Industrials,,
2025-07-30,2025-07-31,2025-08-13,signal_horizon,9,0,RTX,short,-0.05,0.05,equal_weight,1.0,-0.05,0.0005326451947828,Industrials,,
2025-07-30,2025-07-31,2025-08-13,signal_horizon,9,0,ETN,short,-0.05,0.05,equal_weight,1.0,-0.05,0.0006032326608852,Industrials,,
2025-08-13,2025-08-14,2025-08-27,signal_horizon,9,0,FIX,long,0.05,0.05,equal_weight,1.0,0.05,0.0167396093352794,Industrials,,
2025-08-13,2025-08-14,2025-08-27,signal_horizon,9,0,APP,long,0.05,0.05,equal_weight,1.0,0.05,0.015960869307663,Information Technology,,
2025-08-13,2025-08-14,2025-08-27,signal_horizon,9,0,IDXX,long,0.05,0.05,equal_weight,1.0,0.05,0.0135712896101681,Health Care,,
2025-08-13,2025-08-14,2025-08-27,signal_horizon,9,0,EBAY,long,0.05,0.05,equal_weight,1.0,0.05,0.0098713059648576,Consumer Discretionary,,
2025-08-13,2025-08-14,2025-08-27,signal_horizon,9,0,AXON,long,0.05,0.05,equal_weight,1.0,0.05,0.0097644088177253,Industrials,,
2025-08-13,2025-08-14,2025-08-27,signal_horizon,9,0,OTIS,long,0.05,0.05,equal_weight,1.0,0.05,0.0089761268340751,Industrials,,
2025-08-13,2025-08-14,2025-08-27,signal_horizon,9,0,TER,long,0.05,0.05,equal_weight,1.0,0.05,0.0086867027468499,Information Technology,,
2025-08-13,2025-08-14,2025-08-27,signal_horizon,9,0,GLW,long,0.05,0.05,equal_weight,1.0,0.05,0.008603201436771,Information Technology,,
2025-08-13,2025-08-14,2025-08-27,signal_horizon,9,0,GEV,long,0.05,0.05,equal_weight,1.0,0.05,0.008546905206835,Industrials,,
2025-08-13,2025-08-14,2025-08-27,signal_horizon,9,0,NRG,long,0.05,0.05,equal_weight,1.0,0.05,0.0084485156350713,Utilities,,
2025-08-13,2025-08-14,2025-08-27,signal_horizon,9,0,EQT,long,0.05,0.05,equal_weight,1.0,0.05,0.0079597724102554,Energy,,
2025-08-13,2025-08-14,2025-08-27,signal_horizon,9,0,CARR,long,0.05,0.05,equal_weight,1.0,0.05,0.0068198350155988,Industrials,,
2025-08-13,2025-08-14,2025-08-27,signal_horizon,9,0,HCA,long,0.05,0.05,equal_weight,1.0,0.05,0.006775530925275,Unknown,,
2025-08-13,2025-08-14,2025-08-27,signal_horizon,9,0,NEM,long,0.05,0.05,equal_weight,1.0,0.05,0.0067487090771979,Unknown,,
2025-08-13,2025-08-14,2025-08-27,signal_horizon,9,0,AJG,long,0.05,0.05,equal_weight,1.0,0.05,0.0065134106002803,Financials,,
2025-08-13,2025-08-14,2025-08-27,signal_horizon,9,0,AMP,long,0.05,0.05,equal_weight,1.0,0.05,0.0061797897829237,Financials,,
2025-08-13,2025-08-14,2025-08-27,signal_horizon,9,0,ODFL,long,0.05,0.05,equal_weight,1.0,0.05,0.006103345521594,Industrials,,
2025-08-13,2025-08-14,2025-08-27,signal_horizon,9,0,EME,long,0.05,0.05,equal_weight,1.0,0.05,0.0057896496567172,Industrials,,
2025-08-13,2025-08-14,2025-08-27,signal_horizon,9,0,MNST,long,0.05,0.05,equal_weight,1.0,0.05,0.0057380955228128,Consumer Staples,,
2025-08-13,2025-08-14,2025-08-27,signal_horizon,9,0,WAB,long,0.05,0.05,equal_weight,1.0,0.05,0.0054428706583008,Industrials,,
2025-08-13,2025-08-14,2025-08-27,signal_horizon,9,0,CVX,short,-0.05,0.05,equal_weight,1.0,-0.05,-0.005058280850767,Energy,,
2025-08-13,2025-08-14,2025-08-27,signal_horizon,9,0,MSFT,short,-0.05,0.05,equal_weight,1.0,-0.05,-0.0045941512860582,Information Technology,,
2025-08-13,2025-08-14,2025-08-27,signal_horizon,9,0,CAT,short,-0.05,0.05,equal_weight,1.0,-0.05,-0.0039347861198169,Industrials,,
2025-08-13,2025-08-14,2025-08-27,signal_horizon,9,0,REGN,short,-0.05,0.05,equal_weight,1.0,-0.05,-0.0028538084744727,Health Care,,
2025-08-13,2025-08-14,2025-08-27,signal_horizon,9,0,GS,short,-0.05,0.05,equal_weight,1.0,-0.05,-0.0026757520058116,Financials,,
2025-08-13,2025-08-14,2025-08-27,signal_horizon,9,0,EMR,short,-0.05,0.05,equal_weight,1.0,-0.05,-0.0026275670539875,Industrials,,
2025-08-13,2025-08-14,2025-08-27,signal_horizon,9,0,BA,short,-0.05,0.05,equal_weight,1.0,-0.05,-0.0024608316150496,Industrials,,
2025-08-13,2025-08-14,2025-08-27,signal_horizon,9,0,NSC,short,-0.05,0.05,equal_weight,1.0,-0.05,-0.0023339105948339,Industrials,,
2025-08-13,2025-08-14,2025-08-27,signal_horizon,9,0,AMAT,short,-0.05,0.05,equal_weight,1.0,-0.05,-0.0021485526684919,Information Technology,,
2025-08-13,2025-08-14,2025-08-27,signal_horizon,9,0,TDG,short,-0.05,0.05,equal_weight,1.0,-0.05,-0.0021059003530591,Industrials,,
2025-08-13,2025-08-14,2025-08-27,signal_horizon,9,0,BLK,short,-0.05,0.05,equal_weight,1.0,-0.05,-0.0019752386452493,Financials,,
2025-08-13,2025-08-14,2025-08-27,signal_horizon,9,0,NKE,short,-0.05,0.05,equal_weight,1.0,-0.05,-0.0018888769639783,Consumer Discretionary,,
2025-08-13,2025-08-14,2025-08-27,signal_horizon,9,0,UNP,short,-0.05,0.05,equal_weight,1.0,-0.05,-0.0017214879374269,Industrials,,
2025-08-13,2025-08-14,2025-08-27,signal_horizon,9,0,STX,short,-0.05,0.05,equal_weight,1.0,-0.05,-0.0015801146668899,Information Technology,,
2025-08-13,2025-08-14,2025-08-27,signal_horizon,9,0,LHX,short,-0.05,0.05,equal_weight,1.0,-0.05,-0.0014306321474519,Industrials,,
2025-08-13,2025-08-14,2025-08-27,signal_horizon,9,0,COF,short,-0.05,0.05,equal_weight,1.0,-0.05,-0.0013266366027268,Unknown,,
2025-08-13,2025-08-14,2025-08-27,signal_horizon,9,0,ITW,short,-0.05,0.05,equal_weight,1.0,-0.05,-0.001230146860151,Industrials,,
2025-08-13,2025-08-14,2025-08-27,signal_horizon,9,0,PH,short,-0.05,0.05,equal_weight,1.0,-0.05,-0.0007485291887582,Unknown,,
2025-08-13,2025-08-14,2025-08-27,signal_horizon,9,0,AEP,short,-0.05,0.05,equal_weight,1.0,-0.05,-0.000722703082388,Utilities,,
2025-08-13,2025-08-14,2025-08-27,signal_horizon,9,0,PEP,short,-0.05,0.05,equal_weight,1.0,-0.05,-6.98517861833232e-05,Consumer Staples,,
2025-08-27,2025-08-28,2025-09-11,signal_horizon,9,0,ANET,long,0.05,0.05,equal_weight,1.0,0.05,0.0131729387083909,Information Technology,,
2025-08-27,2025-08-28,2025-09-11,signal_horizon,9,0,IDXX,long,0.05,0.05,equal_weight,1.0,0.05,0.0130345763123503,Health Care,,
2025-08-27,2025-08-28,2025-09-11,signal_horizon,9,0,SNDK,long,0.05,0.05,equal_weight,1.0,0.05,0.012971954133307,Information Technology,,
2025-08-27,2025-08-28,2025-09-11,signal_horizon,9,0,EBAY,long,0.05,0.05,equal_weight,1.0,0.05,0.0128461247815906,Consumer Discretionary,,
2025-08-27,2025-08-28,2025-09-11,signal_horizon,9,0,APP,long,0.05,0.05,equal_weight,1.0,0.05,0.0117059580982331,Information Technology,,
2025-08-27,2025-08-28,2025-09-11,signal_horizon,9,0,ADM,long,0.05,0.05,equal_weight,1.0,0.05,0.0113044176625098,Consumer Staples,,
2025-08-27,2025-08-28,2025-09-11,signal_horizon,9,0,DAL,long,0.05,0.05,equal_weight,1.0,0.05,0.010887595609641,Industrials,,
2025-08-27,2025-08-28,2025-09-11,signal_horizon,9,0,AXON,long,0.05,0.05,equal_weight,1.0,0.05,0.0104849868628149,Industrials,,
2025-08-27,2025-08-28,2025-09-11,signal_horizon,9,0,HCA,long,0.05,0.05,equal_weight,1.0,0.05,0.0085642898161676,Unknown,,
2025-08-27,2025-08-28,2025-09-11,signal_horizon,9,0,MET,long,0.05,0.05,equal_weight,1.0,0.05,0.008388841546055,Financials,,
2025-08-27,2025-08-28,2025-09-11,signal_horizon,9,0,PRU,long,0.05,0.05,equal_weight,1.0,0.05,0.0082908412357646,Financials,,
2025-08-27,2025-08-28,2025-09-11,signal_horizon,9,0,ODFL,long,0.05,0.05,equal_weight,1.0,0.05,0.008290039377614,Industrials,,
2025-08-27,2025-08-28,2025-09-11,signal_horizon,9,0,CVS,long,0.05,0.05,equal_weight,1.0,0.05,0.0082777292789444,Unknown,,
2025-08-27,2025-08-28,2025-09-11,signal_horizon,9,0,NRG,long,0.05,0.05,equal_weight,1.0,0.05,0.0077596248976866,Utilities,,
2025-08-27,2025-08-28,2025-09-11,signal_horizon,9,0,VLO,long,0.05,0.05,equal_weight,1.0,0.05,0.0076339920338436,Energy,,
2025-08-27,2025-08-28,2025-09-11,signal_horizon,9,0,FAST,long,0.05,0.05,equal_weight,1.0,0.05,0.0072724154320878,Industrials,,
2025-08-27,2025-08-28,2025-09-11,signal_horizon,9,0,GWW,long,0.05,0.05,equal_weight,1.0,0.05,0.0070481751409067,Industrials,,
2025-08-27,2025-08-28,2025-09-11,signal_horizon,9,0,CMI,long,0.05,0.05,equal_weight,1.0,0.05,0.0066231460032572,Industrials,,
2025-08-27,2025-08-28,2025-09-11,signal_horizon,9,0,URI,long,0.05,0.05,equal_weight,1.0,0.05,0.0059571278904898,Industrials,,
2025-08-27,2025-08-28,2025-09-11,signal_horizon,9,0,MMM,long,0.05,0.05,equal_weight,1.0,0.05,0.0053406939954863,Industrials,,
2025-08-27,2025-08-28,2025-09-11,signal_horizon,9,0,INTU,short,-0.05,0.05,equal_weight,1.0,-0.05,-0.0046628796830293,Information Technology,,
2025-08-27,2025-08-28,2025-09-11,signal_horizon,9,0,CMG,short,-0.05,0.05,equal_weight,1.0,-0.05,-0.0039868035207386,Consumer Discretionary,,
2025-08-27,2025-08-28,2025-09-11,signal_horizon,9,0,TGT,short,-0.05,0.05,equal_weight,1.0,-0.05,-0.0029766110189292,Unknown,,
2025-08-27,2025-08-28,2025-09-11,signal_horizon,9,0,SNPS,short,-0.05,0.05,equal_weight,1.0,-0.05,-0.0028058253256416,Information Technology,,
2025-08-27,2025-08-28,2025-09-11,signal_horizon,9,0,MSFT,short,-0.05,0.05,equal_weight,1.0,-0.05,-0.0021633872382806,Information Technology,,
2025-08-27,2025-08-28,2025-09-11,signal_horizon,9,0,ISRG,short,-0.05,0.05,equal_weight,1.0,-0.05,-0.002065120357473,Health Care,,
2025-08-27,2025-08-28,2025-09-11,signal_horizon,9,0,CVX,short,-0.05,0.05,equal_weight,1.0,-0.05,-0.0016668876987769,Energy,,
2025-08-27,2025-08-28,2025-09-11,signal_horizon,9,0,JPM,short,-0.05,0.05,equal_weight,1.0,-0.05,-0.0016529435222083,Financials,,
2025-08-27,2025-08-28,2025-09-11,signal_horizon,9,0,MA,short,-0.05,0.05,equal_weight,1.0,-0.05,-0.0014526636615765,Financials,,
2025-08-27,2025-08-28,2025-09-11,signal_horizon,9,0,CSX,short,-0.05,0.05,equal_weight,1.0,-0.05,-0.0010751236328006,Industrials,,
2025-08-27,2025-08-28,2025-09-11,signal_horizon,9,0,ETN,short,-0.05,0.05,equal_weight,1.0,-0.05,-0.0007843255467533,Industrials,,
2025-08-27,2025-08-28,2025-09-11,signal_horizon,9,0,RTX,short,-0.05,0.05,equal_weight,1.0,-0.05,-0.0006674189711894,Industrials,,
2025-08-27,2025-08-28,2025-09-11,signal_horizon,9,0,GE,short,-0.05,0.05,equal_weight,1.0,-0.05,-0.0005793898668448,Industrials,,
2025-08-27,2025-08-28,2025-09-11,signal_horizon,9,0,PG,short,-0.05,0.05,equal_weight,1.0,-0.05,-0.0001193004557412,Consumer Staples,,
2025-08-27,2025-08-28,2025-09-11,signal_horizon,9,0,AEP,short,-0.05,0.05,equal_weight,1.0,-0.05,-8.675346711080003e-05,Utilities,,
2025-08-27,2025-08-28,2025-09-11,signal_horizon,9,0,V,short,-0.05,0.05,equal_weight,1.0,-0.05,3.832874424905129e-05,Unknown,,
2025-08-27,2025-08-28,2025-09-11,signal_horizon,9,0,GEV,short,-0.05,0.05,equal_weight,1.0,-0.05,4.160977295178815e-05,Industrials,,
2025-08-27,2025-08-28,2025-09-11,signal_horizon,9,0,UNP,short,-0.05,0.05,equal_weight,1.0,-0.05,0.0001573142370002,Industrials,,
2025-08-27,2025-08-28,2025-09-11,signal_horizon,9,0,EMR,short,-0.05,0.05,equal_weight,1.0,-0.05,0.0003736293095982,Industrials,,
2025-08-27,2025-08-28,2025-09-11,signal_horizon,9,0,BA,short,-0.05,0.05,equal_weight,1.0,-0.05,0.0005183882176271,Industrials,,
2025-09-11,2025-09-12,2025-09-25,signal_horizon,9,0,CIEN,long,0.05,0.05,equal_weight,1.0,0.05,0.0179912512178847,Information Technology,,
2025-09-11,2025-09-12,2025-09-25,signal_horizon,9,0,KDP,long,0.05,0.05,equal_weight,1.0,0.05,0.0135020790686849,Consumer Staples,,
2025-09-11,2025-09-12,2025-09-25,signal_horizon,9,0,SNDK,long,0.05,0.05,equal_weight,1.0,0.05,0.0133953090619583,Information Technology,,
2025-09-11,2025-09-12,2025-09-25,signal_horizon,9,0,ORCL,long,0.05,0.05,equal_weight,1.0,0.05,0.0131994712568949,Information Technology,,
2025-09-11,2025-09-12,2025-09-25,signal_horizon,9,0,COIN,long,0.05,0.05,equal_weight,1.0,0.05,0.0100044612294647,Financials,,
2025-09-11,2025-09-12,2025-09-25,signal_horizon,9,0,ODFL,long,0.05,0.05,equal_weight,1.0,0.05,0.0088593625617897,Industrials,,
2025-09-11,2025-09-12,2025-09-25,signal_horizon,9,0,CARR,long,0.05,0.05,equal_weight,1.0,0.05,0.0086355959342984,Industrials,,
2025-09-11,2025-09-12,2025-09-25,signal_horizon,9,0,UNH,long,0.05,0.05,equal_weight,1.0,0.05,0.0084953837005964,Health Care,,
2025-09-11,2025-09-12,2025-09-25,signal_horizon,9,0,LRCX,long,0.05,0.05,equal_weight,1.0,0.05,0.0079444648342515,Unknown,,
2025-09-11,2025-09-12,2025-09-25,signal_horizon,9,0,HOOD,long,0.05,0.05,equal_weight,1.0,0.05,0.0078260840142435,Financials,,
2025-09-11,2025-09-12,2025-09-25,signal_horizon,9,0,CVNA,long,0.05,0.05,equal_weight,1.0,0.05,0.0071015184335051,Consumer Discretionary,,
2025-09-11,2025-09-12,2025-09-25,signal_horizon,9,0,NRG,long,0.05,0.05,equal_weight,1.0,0.05,0.0066380662325306,Utilities,,
2025-09-11,2025-09-12,2025-09-25,signal_horizon,9,0,VRTX,long,0.05,0.05,equal_weight,1.0,0.05,0.0065909951837983,Unknown,,
2025-09-11,2025-09-12,2025-09-25,signal_horizon,9,0,OTIS,long,0.05,0.05,equal_weight,1.0,0.05,0.0065780897007553,Industrials,,
2025-09-11,2025-09-12,2025-09-25,signal_horizon,9,0,IR,long,0.05,0.05,equal_weight,1.0,0.05,0.0061464478776053,Industrials,,
2025-09-11,2025-09-12,2025-09-25,signal_horizon,9,0,EQT,long,0.05,0.05,equal_weight,1.0,0.05,0.0059703161320781,Energy,,
2025-09-11,2025-09-12,2025-09-25,signal_horizon,9,0,UPS,long,0.05,0.05,equal_weight,1.0,0.05,0.0057276696878892,Industrials,,
2025-09-11,2025-09-12,2025-09-25,signal_horizon,9,0,HWM,long,0.05,0.05,equal_weight,1.0,0.05,0.0052871613745466,Industrials,,
2025-09-11,2025-09-12,2025-09-25,signal_horizon,9,0,WAB,long,0.05,0.05,equal_weight,1.0,0.05,0.0051150748789629,Industrials,,
2025-09-11,2025-09-12,2025-09-25,signal_horizon,9,0,GWW,long,0.05,0.05,equal_weight,1.0,0.05,0.0045363064047785,Industrials,,
2025-09-11,2025-09-12,2025-09-25,signal_horizon,9,0,ANET,short,-0.05,0.05,equal_weight,1.0,-0.05,-0.0037874883869363,Information Technology,,
2025-09-11,2025-09-12,2025-09-25,signal_horizon,9,0,MSFT,short,-0.05,0.05,equal_weight,1.0,-0.05,-0.0033999581712525,Information Technology,,
2025-09-11,2025-09-12,2025-09-25,signal_horizon,9,0,MSI,short,-0.05,0.05,equal_weight,1.0,-0.05,-0.0032836545377763,Information Technology,,
2025-09-11,2025-09-12,2025-09-25,signal_horizon,9,0,PEP,short,-0.05,0.05,equal_weight,1.0,-0.05,-0.0032114756356767,Consumer Staples,,
2025-09-11,2025-09-12,2025-09-25,signal_horizon,9,0,MA,short,-0.05,0.05,equal_weight,1.0,-0.05,-0.0030028597469479,Financials,,
2025-09-11,2025-09-12,2025-09-25,signal_horizon,9,0,CVX,short,-0.05,0.05,equal_weight,1.0,-0.05,-0.0028784405195602,Energy,,
2025-09-11,2025-09-12,2025-09-25,signal_horizon,9,0,CMI,short,-0.05,0.05,equal_weight,1.0,-0.05,-0.0025306179648556,Industrials,,
2025-09-11,2025-09-12,2025-09-25,signal_horizon,9,0,JNJ,short,-0.05,0.05,equal_weight,1.0,-0.05,-0.0024281945583199,Health Care,,
2025-09-11,2025-09-12,2025-09-25,signal_horizon,9,0,ROST,short,-0.05,0.05,equal_weight,1.0,-0.05,-0.0023217507978294,Consumer Discretionary,,
2025-09-11,2025-09-12,2025-09-25,signal_horizon,9,0,EME,short,-0.05,0.05,equal_weight,1.0,-0.05,-0.0021009413667943,Industrials,,
2025-09-11,2025-09-12,2025-09-25,signal_horizon,9,0,NOC,short,-0.05,0.05,equal_weight,1.0,-0.05,-0.0018548338408915,Unknown,,
2025-09-11,2025-09-12,2025-09-25,signal_horizon,9,0,APH,short,-0.05,0.05,equal_weight,1.0,-0.05,-0.0015600124330193,Unknown,,
2025-09-11,2025-09-12,2025-09-25,signal_horizon,9,0,BRK-B,short,-0.05,0.05,equal_weight,1.0,-0.05,-0.0014250281128837,Financials,,
2025-09-11,2025-09-12,2025-09-25,signal_horizon,9,0,FIX,short,-0.05,0.05,equal_weight,1.0,-0.05,-0.0012051355507606,Industrials,,
2025-09-11,2025-09-12,2025-09-25,signal_horizon,9,0,NSC,short,-0.05,0.05,equal_weight,1.0,-0.05,-0.0010374360152623,Industrials,,
2025-09-11,2025-09-12,2025-09-25,signal_horizon,9,0,GE,short,-0.05,0.05,equal_weight,1.0,-0.05,-0.0005591713590601,Industrials,,
2025-09-11,2025-09-12,2025-09-25,signal_horizon,9,0,RTX,short,-0.05,0.05,equal_weight,1.0,-0.05,0.0001072263338052,Industrials,,
2025-09-11,2025-09-12,2025-09-25,signal_horizon,9,0,URI,short,-0.05,0.05,equal_weight,1.0,-0.05,0.0001115357242133,Industrials,,
2025-09-11,2025-09-12,2025-09-25,signal_horizon,9,0,XEL,short,-0.05,0.05,equal_weight,1.0,-0.05,0.0002578171373684,Utilities,,
2025-09-11,2025-09-12,2025-09-25,signal_horizon,9,0,UNP,short,-0.05,0.05,equal_weight,1.0,-0.05,0.0004940250520356,Industrials,,
2025-09-25,2025-09-26,2025-10-09,signal_horizon,9,0,KVUE,long,0.05,0.05,equal_weight,1.0,0.05,0.0192316366454026,Consumer Staples,,
2025-09-25,2025-09-26,2025-10-09,signal_horizon,9,0,CIEN,long,0.05,0.05,equal_weight,1.0,0.05,0.0159156399774923,Information Technology,,
2025-09-25,2025-09-26,2025-10-09,signal_horizon,9,0,ORCL,long,0.05,0.05,equal_weight,1.0,0.05,0.0145743208016113,Information Technology,,
2025-09-25,2025-09-26,2025-10-09,signal_horizon,9,0,INTC,long,0.05,0.05,equal_weight,1.0,0.05,0.0140387615256173,Information Technology,,
2025-09-25,2025-09-26,2025-10-09,signal_horizon,9,0,COIN,long,0.05,0.05,equal_weight,1.0,0.05,0.0127914578512132,Financials,,
2025-09-25,2025-09-26,2025-10-09,signal_horizon,9,0,VRT,long,0.05,0.05,equal_weight,1.0,0.05,0.0114475685854489,Industrials,,
2025-09-25,2025-09-26,2025-10-09,signal_horizon,9,0,LRCX,long,0.05,0.05,equal_weight,1.0,0.05,0.0107316636976879,Unknown,,
2025-09-25,2025-09-26,2025-10-09,signal_horizon,9,0,HOOD,long,0.05,0.05,equal_weight,1.0,0.05,0.009822712783387,Financials,,
2025-09-25,2025-09-26,2025-10-09,signal_horizon,9,0,TSLA,long,0.05,0.05,equal_weight,1.0,0.05,0.0097217590158844,Consumer Discretionary,,
2025-09-25,2025-09-26,2025-10-09,signal_horizon,9,0,GEHC,long,0.05,0.05,equal_weight,1.0,0.05,0.0095627846292947,Health Care,,
2025-09-25,2025-09-26,2025-10-09,signal_horizon,9,0,GEV,long,0.05,0.05,equal_weight,1.0,0.05,0.0087277735759578,Industrials,,
2025-09-25,2025-09-26,2025-10-09,signal_horizon,9,0,NRG,long,0.05,0.05,equal_weight,1.0,0.05,0.0086363912916922,Utilities,,
2025-09-25,2025-09-26,2025-10-09,signal_horizon,9,0,FIX,long,0.05,0.05,equal_weight,1.0,0.05,0.0085971962648583,Industrials,,
2025-09-25,2025-09-26,2025-10-09,signal_horizon,9,0,CRWD,long,0.05,0.05,equal_weight,1.0,0.05,0.0081704005424684,Unknown,,
2025-09-25,2025-09-26,2025-10-09,signal_horizon,9,0,EMR,long,0.05,0.05,equal_weight,1.0,0.05,0.0073993960954758,Industrials,,
2025-09-25,2025-09-26,2025-10-09,signal_horizon,9,0,FANG,long,0.05,0.05,equal_weight,1.0,0.05,0.0071372993592629,Energy,,
2025-09-25,2025-09-26,2025-10-09,signal_horizon,9,0,CARR,long,0.05,0.05,equal_weight,1.0,0.05,0.0064921365632787,Industrials,,
2025-09-25,2025-09-26,2025-10-09,signal_horizon,9,0,TDG,long,0.05,0.05,equal_weight,1.0,0.05,0.0061465126126341,Industrials,,
2025-09-25,2025-09-26,2025-10-09,signal_horizon,9,0,PWR,long,0.05,0.05,equal_weight,1.0,0.05,0.0060660482958501,Industrials,,
2025-09-25,2025-09-26,2025-10-09,signal_horizon,9,0,HWM,long,0.05,0.05,equal_weight,1.0,0.05,0.0058977791006718,Industrials,,
2025-09-25,2025-09-26,2025-10-09,signal_horizon,9,0,ADBE,short,-0.05,0.05,equal_weight,1.0,-0.05,-0.003224574497345,Information Technology,,
2025-09-25,2025-09-26,2025-10-09,signal_horizon,9,0,MSFT,short,-0.05,0.05,equal_weight,1.0,-0.05,-0.003046069513869,Information Technology,,
2025-09-25,2025-09-26,2025-10-09,signal_horizon,9,0,JNJ,short,-0.05,0.05,equal_weight,1.0,-0.05,-0.0025651962978499,Health Care,,
2025-09-25,2025-09-26,2025-10-09,signal_horizon,9,0,QCOM,short,-0.05,0.05,equal_weight,1.0,-0.05,-0.002259563100396,Information Technology,,
2025-09-25,2025-09-26,2025-10-09,signal_horizon,9,0,COST,short,-0.05,0.05,equal_weight,1.0,-0.05,-0.0013298004891313,Consumer Staples,,
2025-09-25,2025-09-26,2025-10-09,signal_horizon,9,0,HD,short,-0.05,0.05,equal_weight,1.0,-0.05,-0.0012570586448382,Consumer Discretionary,,
2025-09-25,2025-09-26,2025-10-09,signal_horizon,9,0,BAC,short,-0.05,0.05,equal_weight,1.0,-0.05,-0.0011375982010663,Financials,,
2025-09-25,2025-09-26,2025-10-09,signal_horizon,9,0,HON,short,-0.05,0.05,equal_weight,1.0,-0.05,-0.0008746978250056,Industrials,,
2025-09-25,2025-09-26,2025-10-09,signal_horizon,9,0,UNP,short,-0.05,0.05,equal_weight,1.0,-0.05,-0.0007566873789929,Industrials,,
2025-09-25,2025-09-26,2025-10-09,signal_horizon,9,0,BRK-B,short,-0.05,0.05,equal_weight,1.0,-0.05,-0.0006411333312768,Financials,,
2025-09-25,2025-09-26,2025-10-09,signal_horizon,9,0,LMT,short,-0.05,0.05,equal_weight,1.0,-0.05,-0.0001070661887647,Industrials,,
2025-09-25,2025-09-26,2025-10-09,signal_horizon,9,0,FDX,short,-0.05,0.05,equal_weight,1.0,-0.05,8.192731189266412e-05,Unknown,,
2025-09-25,2025-09-26,2025-10-09,signal_horizon,9,0,ADI,short,-0.05,0.05,equal_weight,1.0,-0.05,0.0001244800705232,Unknown,,
2025-09-25,2025-09-26,2025-10-09,signal_horizon,9,0,CVX,short,-0.05,0.05,equal_weight,1.0,-0.05,0.0001569762215066,Energy,,
2025-09-25,2025-09-26,2025-10-09,signal_horizon,9,0,NSC,short,-0.05,0.05,equal_weight,1.0,-0.05,0.000204436911698,Industrials,,
2025-09-25,2025-09-26,2025-10-09,signal_horizon,9,0,XEL,short,-0.05,0.05,equal_weight,1.0,-0.05,0.0008433201909788,Utilities,,
2025-09-25,2025-09-26,2025-10-09,signal_horizon,9,0,DE,short,-0.05,0.05,equal_weight,1.0,-0.05,0.0009448282075988,Industrials,,
2025-09-25,2025-09-26,2025-10-09,signal_horizon,9,0,UBER,short,-0.05,0.05,equal_weight,1.0,-0.05,0.0013991910283621,Industrials,,
2025-09-25,2025-09-26,2025-10-09,signal_horizon,9,0,GE,short,-0.05,0.05,equal_weight,1.0,-0.05,0.001813448383525,Industrials,,
2025-09-25,2025-09-26,2025-10-09,signal_horizon,9,0,CMI,short,-0.05,0.05,equal_weight,1.0,-0.05,0.001926137319895,Industrials,,
2025-10-09,2025-10-10,2025-10-23,signal_horizon,9,0,AMD,long,0.05,0.05,equal_weight,1.0,0.05,0.0236216514348083,Information Technology,,
2025-10-09,2025-10-10,2025-10-23,signal_horizon,9,0,COIN,long,0.05,0.05,equal_weight,1.0,0.05,0.0142760582782957,Financials,,
2025-10-09,2025-10-10,2025-10-23,signal_horizon,9,0,TER,long,0.05,0.05,equal_weight,1.0,0.05,0.0136367475796852,Information Technology,,
2025-10-09,2025-10-10,2025-10-23,signal_horizon,9,0,DELL,long,0.05,0.05,equal_weight,1.0,0.05,0.0129915347325028,Unknown,,
2025-10-09,2025-10-10,2025-10-23,signal_horizon,9,0,VRT,long,0.05,0.05,equal_weight,1.0,0.05,0.0126284330633783,Industrials,,
2025-10-09,2025-10-10,2025-10-23,signal_horizon,9,0,COHR,long,0.05,0.05,equal_weight,1.0,0.05,0.0112981090648278,Information Technology,,
2025-10-09,2025-10-10,2025-10-23,signal_horizon,9,0,HOOD,long,0.05,0.05,equal_weight,1.0,0.05,0.0104527139693406,Financials,,
2025-10-09,2025-10-10,2025-10-23,signal_horizon,9,0,CEG,long,0.05,0.05,equal_weight,1.0,0.05,0.0101095268097834,Unknown,,
2025-10-09,2025-10-10,2025-10-23,signal_horizon,9,0,HAL,long,0.05,0.05,equal_weight,1.0,0.05,0.0087853286991643,Energy,,
2025-10-09,2025-10-10,2025-10-23,signal_horizon,9,0,A,long,0.05,0.05,equal_weight,1.0,0.05,0.0087691245597956,Health Care,,
2025-10-09,2025-10-10,2025-10-23,signal_horizon,9,0,HSY,long,0.05,0.05,equal_weight,1.0,0.05,0.0081741168568874,Consumer Staples,,
2025-10-09,2025-10-10,2025-10-23,signal_horizon,9,0,PWR,long,0.05,0.05,equal_weight,1.0,0.05,0.0080704430786765,Industrials,,
2025-10-09,2025-10-10,2025-10-23,signal_horizon,9,0,FIX,long,0.05,0.05,equal_weight,1.0,0.05,0.0076796703110864,Industrials,,
2025-10-09,2025-10-10,2025-10-23,signal_horizon,9,0,AXON,long,0.05,0.05,equal_weight,1.0,0.05,0.0075300497980372,Industrials,,
2025-10-09,2025-10-10,2025-10-23,signal_horizon,9,0,CVNA,long,0.05,0.05,equal_weight,1.0,0.05,0.0074947219416009,Consumer Discretionary,,
2025-10-09,2025-10-10,2025-10-23,signal_horizon,9,0,CSX,long,0.05,0.05,equal_weight,1.0,0.05,0.0067906886853599,Industrials,,
2025-10-09,2025-10-10,2025-10-23,signal_horizon,9,0,SRE,long,0.05,0.05,equal_weight,1.0,0.05,0.0064292334771963,Utilities,,
2025-10-09,2025-10-10,2025-10-23,signal_horizon,9,0,CTAS,long,0.05,0.05,equal_weight,1.0,0.05,0.0063176298307539,Industrials,,
2025-10-09,2025-10-10,2025-10-23,signal_horizon,9,0,CARR,long,0.05,0.05,equal_weight,1.0,0.05,0.0062505365456998,Industrials,,
2025-10-09,2025-10-10,2025-10-23,signal_horizon,9,0,EMR,long,0.05,0.05,equal_weight,1.0,0.05,0.0053860331472017,Industrials,,
2025-10-09,2025-10-10,2025-10-23,signal_horizon,9,0,FITB,short,-0.05,0.05,equal_weight,1.0,-0.05,-0.0024867926215145,Financials,,
2025-10-09,2025-10-10,2025-10-23,signal_horizon,9,0,ADBE,short,-0.05,0.05,equal_weight,1.0,-0.05,-0.0022688596673226,Information Technology,,
2025-10-09,2025-10-10,2025-10-23,signal_horizon,9,0,BAC,short,-0.05,0.05,equal_weight,1.0,-0.05,-0.0020300583392752,Financials,,
2025-10-09,2025-10-10,2025-10-23,signal_horizon,9,0,HD,short,-0.05,0.05,equal_weight,1.0,-0.05,-0.0018148985426034,Consumer Discretionary,,
2025-10-09,2025-10-10,2025-10-23,signal_horizon,9,0,DAL,short,-0.05,0.05,equal_weight,1.0,-0.05,-0.0015683906072025,Industrials,,
2025-10-09,2025-10-10,2025-10-23,signal_horizon,9,0,TXN,short,-0.05,0.05,equal_weight,1.0,-0.05,-0.0014579005135502,Information Technology,,
2025-10-09,2025-10-10,2025-10-23,signal_horizon,9,0,UNH,short,-0.05,0.05,equal_weight,1.0,-0.05,-0.0012879106328003,Health Care,,
2025-10-09,2025-10-10,2025-10-23,signal_horizon,9,0,MSFT,short,-0.05,0.05,equal_weight,1.0,-0.05,-0.0012110400511791,Information Technology,,
2025-10-09,2025-10-10,2025-10-23,signal_horizon,9,0,XOM,short,-0.05,0.05,equal_weight,1.0,-0.05,-0.0011530532459146,Energy,,
2025-10-09,2025-10-10,2025-10-23,signal_horizon,9,0,HON,short,-0.05,0.05,equal_weight,1.0,-0.05,-0.0008116385274558,Industrials,,
2025-10-09,2025-10-10,2025-10-23,signal_horizon,9,0,LMT,short,-0.05,0.05,equal_weight,1.0,-0.05,-0.0004580011059812,Industrials,,
2025-10-09,2025-10-10,2025-10-23,signal_horizon,9,0,UPS,short,-0.05,0.05,equal_weight,1.0,-0.05,8.447476103499258e-05,Industrials,,
2025-10-09,2025-10-10,2025-10-23,signal_horizon,9,0,V,short,-0.05,0.05,equal_weight,1.0,-0.05,0.0001554964755262,Unknown,,
2025-10-09,2025-10-10,2025-10-23,signal_horizon,9,0,ADI,short,-0.05,0.05,equal_weight,1.0,-0.05,0.0005699622379726,Unknown,,
2025-10-09,2025-10-10,2025-10-23,signal_horizon,9,0,PG,short,-0.05,0.05,equal_weight,1.0,-0.05,0.0008017101241749,Consumer Staples,,
2025-10-09,2025-10-10,2025-10-23,signal_horizon,9,0,ATO,short,-0.05,0.05,equal_weight,1.0,-0.05,0.0013964274841039,Utilities,,
2025-10-09,2025-10-10,2025-10-23,signal_horizon,9,0,UNP,short,-0.05,0.05,equal_weight,1.0,-0.05,0.0014292453906471,Industrials,,
2025-10-09,2025-10-10,2025-10-23,signal_horizon,9,0,GE,short,-0.05,0.05,equal_weight,1.0,-0.05,0.0015748575465093,Industrials,,
2025-10-09,2025-10-10,2025-10-23,signal_horizon,9,0,DE,short,-0.05,0.05,equal_weight,1.0,-0.05,0.0016624894118562,Industrials,,
2025-10-09,2025-10-10,2025-10-23,signal_horizon,9,0,OTIS,short,-0.05,0.05,equal_weight,1.0,-0.05,0.0019057940917423,Industrials,,
2025-10-23,2025-10-24,2025-11-06,signal_horizon,9,0,HOOD,long,0.05,0.05,equal_weight,1.0,0.05,0.0185171525232074,Financials,,
2025-10-23,2025-10-24,2025-11-06,signal_horizon,9,0,MU,long,0.05,0.05,equal_weight,1.0,0.05,0.0180083611904165,Information Technology,,
2025-10-23,2025-10-24,2025-11-06,signal_horizon,9,0,ISRG,long,0.05,0.05,equal_weight,1.0,0.05,0.0174653259358602,Health Care,,
2025-10-23,2025-10-24,2025-11-06,signal_horizon,9,0,LVS,long,0.05,0.05,equal_weight,1.0,0.05,0.0174400046404503,Consumer Discretionary,,
2025-10-23,2025-10-24,2025-11-06,signal_horizon,9,0,CIEN,long,0.05,0.05,equal_weight,1.0,0.05,0.0173986761515404,Information Technology,,
2025-10-23,2025-10-24,2025-11-06,signal_horizon,9,0,COHR,long,0.05,0.05,equal_weight,1.0,0.05,0.0171542075351394,Information Technology,,
2025-10-23,2025-10-24,2025-11-06,signal_horizon,9,0,VRT,long,0.05,0.05,equal_weight,1.0,0.05,0.0166068053399034,Industrials,,
2025-10-23,2025-10-24,2025-11-06,signal_horizon,9,0,DELL,long,0.05,0.05,equal_weight,1.0,0.05,0.0160380128085917,Unknown,,
2025-10-23,2025-10-24,2025-11-06,signal_horizon,9,0,LRCX,long,0.05,0.05,equal_weight,1.0,0.05,0.0158819613628996,Unknown,,
2025-10-23,2025-10-24,2025-11-06,signal_horizon,9,0,XYZ,long,0.05,0.05,equal_weight,1.0,0.05,0.0157999550747397,Financials,,
2025-10-23,2025-10-24,2025-11-06,signal_horizon,9,0,KVUE,long,0.05,0.05,equal_weight,1.0,0.05,0.0144258775197655,Consumer Staples,,
2025-10-23,2025-10-24,2025-11-06,signal_horizon,9,0,PCG,long,0.05,0.05,equal_weight,1.0,0.05,0.0138654738181774,Utilities,,
2025-10-23,2025-10-24,2025-11-06,signal_horizon,9,0,FAST,long,0.05,0.05,equal_weight,1.0,0.05,0.0136341383598055,Industrials,,
2025-10-23,2025-10-24,2025-11-06,signal_horizon,9,0,HAL,long,0.05,0.05,equal_weight,1.0,0.05,0.0135451253491033,Energy,,
2025-10-23,2025-10-24,2025-11-06,signal_horizon,9,0,EME,long,0.05,0.05,equal_weight,1.0,0.05,0.0134137363055276,Industrials,,
2025-10-23,2025-10-24,2025-11-06,signal_horizon,9,0,URI,long,0.05,0.05,equal_weight,1.0,0.05,0.0114360122218327,Industrials,,
2025-10-23,2025-10-24,2025-11-06,signal_horizon,9,0,IR,long,0.05,0.05,equal_weight,1.0,0.05,0.0114240977969452,Industrials,,
2025-10-23,2025-10-24,2025-11-06,signal_horizon,9,0,ODFL,long,0.05,0.05,equal_weight,1.0,0.05,0.0113616657136112,Industrials,,
2025-10-23,2025-10-24,2025-11-06,signal_horizon,9,0,AXON,long,0.05,0.05,equal_weight,1.0,0.05,0.0112984748039882,Industrials,,
2025-10-23,2025-10-24,2025-11-06,signal_horizon,9,0,PWR,long,0.05,0.05,equal_weight,1.0,0.05,0.0112462261939147,Industrials,,
2025-10-23,2025-10-24,2025-11-06,signal_horizon,9,0,INTU,short,-0.05,0.05,equal_weight,1.0,-0.05,0.0018334391763362,Information Technology,,
2025-10-23,2025-10-24,2025-11-06,signal_horizon,9,0,CRM,short,-0.05,0.05,equal_weight,1.0,-0.05,0.0031481884982548,Information Technology,,
2025-10-23,2025-10-24,2025-11-06,signal_horizon,9,0,ADP,short,-0.05,0.05,equal_weight,1.0,-0.05,0.0031886658818901,Information Technology,,
2025-10-23,2025-10-24,2025-11-06,signal_horizon,9,0,HD,short,-0.05,0.05,equal_weight,1.0,-0.05,0.0034419681706167,Consumer Discretionary,,
2025-10-23,2025-10-24,2025-11-06,signal_horizon,9,0,PM,short,-0.05,0.05,equal_weight,1.0,-0.05,0.0034540456312801,Consumer Staples,,
2025-10-23,2025-10-24,2025-11-06,signal_horizon,9,0,GS,short,-0.05,0.05,equal_weight,1.0,-0.05,0.0034626947809494,Financials,,
2025-10-23,2025-10-24,2025-11-06,signal_horizon,9,0,GE,short,-0.05,0.05,equal_weight,1.0,-0.05,0.0036305625932679,Industrials,,
2025-10-23,2025-10-24,2025-11-06,signal_horizon,9,0,CVX,short,-0.05,0.05,equal_weight,1.0,-0.05,0.0037524928040874,Energy,,
2025-10-23,2025-10-24,2025-11-06,signal_horizon,9,0,JPM,short,-0.05,0.05,equal_weight,1.0,-0.05,0.0041640890285838,Financials,,
2025-10-23,2025-10-24,2025-11-06,signal_horizon,9,0,ABT,short,-0.05,0.05,equal_weight,1.0,-0.05,0.0041798308460108,Health Care,,
2025-10-23,2025-10-24,2025-11-06,signal_horizon,9,0,V,short,-0.05,0.05,equal_weight,1.0,-0.05,0.0050725580065431,Unknown,,
2025-10-23,2025-10-24,2025-11-06,signal_horizon,9,0,LMT,short,-0.05,0.05,equal_weight,1.0,-0.05,0.0051438251946655,Industrials,,
2025-10-23,2025-10-24,2025-11-06,signal_horizon,9,0,CB,short,-0.05,0.05,equal_weight,1.0,-0.05,0.0053033862114697,Unknown,,
2025-10-23,2025-10-24,2025-11-06,signal_horizon,9,0,PAYX,short,-0.05,0.05,equal_weight,1.0,-0.05,0.0053266891575715,Industrials,,
2025-10-23,2025-10-24,2025-11-06,signal_horizon,9,0,DE,short,-0.05,0.05,equal_weight,1.0,-0.05,0.0054389610675683,Industrials,,
2025-10-23,2025-10-24,2025-11-06,signal_horizon,9,0,TDG,short,-0.05,0.05,equal_weight,1.0,-0.05,0.0057713729982914,Industrials,,
2025-10-23,2025-10-24,2025-11-06,signal_horizon,9,0,HON,short,-0.05,0.05,equal_weight,1.0,-0.05,0.0058391284237779,Industrials,,
2025-10-23,2025-10-24,2025-11-06,signal_horizon,9,0,DTE,short,-0.05,0.05,equal_weight,1.0,-0.05,0.0060204445283302,Utilities,,
2025-10-23,2025-10-24,2025-11-06,signal_horizon,9,0,GWW,short,-0.05,0.05,equal_weight,1.0,-0.05,0.0063969334719995,Industrials,,
2025-10-23,2025-10-24,2025-11-06,signal_horizon,9,0,ETN,short,-0.05,0.05,equal_weight,1.0,-0.05,0.0064080803178616,Industrials,,
2025-11-06,2025-11-07,2025-11-20,signal_horizon,9,0,LVS,long,0.05,0.05,equal_weight,1.0,0.05,0.0202351398684294,Consumer Discretionary,,
2025-11-06,2025-11-07,2025-11-20,signal_horizon,9,0,TER,long,0.05,0.05,equal_weight,1.0,0.05,0.0178868512000861,Information Technology,,
2025-11-06,2025-11-07,2025-11-20,signal_horizon,9,0,LITE,long,0.05,0.05,equal_weight,1.0,0.05,0.0178737284948182,Information Technology,,
2025-11-06,2025-11-07,2025-11-20,signal_horizon,9,0,CAH,long,0.05,0.05,equal_weight,1.0,0.05,0.0167180973577042,Health Care,,
2025-11-06,2025-11-07,2025-11-20,signal_horizon,9,0,HAL,long,0.05,0.05,equal_weight,1.0,0.05,0.0162960183213,Energy,,
2025-11-06,2025-11-07,2025-11-20,signal_horizon,9,0,STX,long,0.05,0.05,equal_weight,1.0,0.05,0.0160512404362325,Information Technology,,
2025-11-06,2025-11-07,2025-11-20,signal_horizon,9,0,FIX,long,0.05,0.05,equal_weight,1.0,0.05,0.0155857925651955,Industrials,,
2025-11-06,2025-11-07,2025-11-20,signal_horizon,9,0,FAST,long,0.05,0.05,equal_weight,1.0,0.05,0.0149122892589766,Industrials,,
2025-11-06,2025-11-07,2025-11-20,signal_horizon,9,0,VST,long,0.05,0.05,equal_weight,1.0,0.05,0.014554262732483,Utilities,,
2025-11-06,2025-11-07,2025-11-20,signal_horizon,9,0,AXON,long,0.05,0.05,equal_weight,1.0,0.05,0.0143502907503221,Industrials,,
2025-11-06,2025-11-07,2025-11-20,signal_horizon,9,0,NEM,long,0.05,0.05,equal_weight,1.0,0.05,0.014262281046986,Unknown,,
2025-11-06,2025-11-07,2025-11-20,signal_horizon,9,0,EME,long,0.05,0.05,equal_weight,1.0,0.05,0.0142292682984384,Industrials,,
2025-11-06,2025-11-07,2025-11-20,signal_horizon,9,0,DAL,long,0.05,0.05,equal_weight,1.0,0.05,0.0138959924109982,Industrials,,
2025-11-06,2025-11-07,2025-11-20,signal_horizon,9,0,PNC,long,0.05,0.05,equal_weight,1.0,0.05,0.0136966173502793,Unknown,,
2025-11-06,2025-11-07,2025-11-20,signal_horizon,9,0,CPRT,long,0.05,0.05,equal_weight,1.0,0.05,0.0136024584201169,Industrials,,
2025-11-06,2025-11-07,2025-11-20,signal_horizon,9,0,KKR,long,0.05,0.05,equal_weight,1.0,0.05,0.0135110018354204,Financials,,
2025-11-06,2025-11-07,2025-11-20,signal_horizon,9,0,BX,long,0.05,0.05,equal_weight,1.0,0.05,0.0134550911982133,Financials,,
2025-11-06,2025-11-07,2025-11-20,signal_horizon,9,0,KVUE,long,0.05,0.05,equal_weight,1.0,0.05,0.0133497808960967,Consumer Staples,,
2025-11-06,2025-11-07,2025-11-20,signal_horizon,9,0,CARR,long,0.05,0.05,equal_weight,1.0,0.05,0.0132620548881718,Industrials,,
2025-11-06,2025-11-07,2025-11-20,signal_horizon,9,0,AME,long,0.05,0.05,equal_weight,1.0,0.05,0.011953456700055,Industrials,,
2025-11-06,2025-11-07,2025-11-20,signal_horizon,9,0,AMAT,short,-0.05,0.05,equal_weight,1.0,-0.05,0.0029624436932179,Information Technology,,
2025-11-06,2025-11-07,2025-11-20,signal_horizon,9,0,INTC,short,-0.05,0.05,equal_weight,1.0,-0.05,0.0040767474145981,Information Technology,,
2025-11-06,2025-11-07,2025-11-20,signal_horizon,9,0,XOM,short,-0.05,0.05,equal_weight,1.0,-0.05,0.004427026710224,Energy,,
2025-11-06,2025-11-07,2025-11-20,signal_horizon,9,0,MSFT,short,-0.05,0.05,equal_weight,1.0,-0.05,0.0044522112897442,Information Technology,,
2025-11-06,2025-11-07,2025-11-20,signal_horizon,9,0,UNH,short,-0.05,0.05,equal_weight,1.0,-0.05,0.004929240496463,Health Care,,
2025-11-06,2025-11-07,2025-11-20,signal_horizon,9,0,BRK-B,short,-0.05,0.05,equal_weight,1.0,-0.05,0.0051163665477172,Financials,,
2025-11-06,2025-11-07,2025-11-20,signal_horizon,9,0,GS,short,-0.05,0.05,equal_weight,1.0,-0.05,0.0052844375840981,Financials,,
2025-11-06,2025-11-07,2025-11-20,signal_horizon,9,0,SBUX,short,-0.05,0.05,equal_weight,1.0,-0.05,0.0055125248542622,Consumer Discretionary,,
2025-11-06,2025-11-07,2025-11-20,signal_horizon,9,0,ETN,short,-0.05,0.05,equal_weight,1.0,-0.05,0.0055787788061317,Industrials,,
2025-11-06,2025-11-07,2025-11-20,signal_horizon,9,0,GE,short,-0.05,0.05,equal_weight,1.0,-0.05,0.0058913228309344,Industrials,,
2025-11-06,2025-11-07,2025-11-20,signal_horizon,9,0,NEE,short,-0.05,0.05,equal_weight,1.0,-0.05,0.006378220243955,Utilities,,
2025-11-06,2025-11-07,2025-11-20,signal_horizon,9,0,PEP,short,-0.05,0.05,equal_weight,1.0,-0.05,0.0068027986376645,Consumer Staples,,
2025-11-06,2025-11-07,2025-11-20,signal_horizon,9,0,UNP,short,-0.05,0.05,equal_weight,1.0,-0.05,0.0070249125388052,Industrials,,
2025-11-06,2025-11-07,2025-11-20,signal_horizon,9,0,VRT,short,-0.05,0.05,equal_weight,1.0,-0.05,0.0072817978549648,Industrials,,
2025-11-06,2025-11-07,2025-11-20,signal_horizon,9,0,LMT,short,-0.05,0.05,equal_weight,1.0,-0.05,0.0073310675431725,Industrials,,
2025-11-06,2025-11-07,2025-11-20,signal_horizon,9,0,ROK,short,-0.05,0.05,equal_weight,1.0,-0.05,0.0073737297260288,Industrials,,
2025-11-06,2025-11-07,2025-11-20,signal_horizon,9,0,DELL,short,-0.05,0.05,equal_weight,1.0,-0.05,0.0074295711348871,Unknown,,
2025-11-06,2025-11-07,2025-11-20,signal_horizon,9,0,GWW,short,-0.05,0.05,equal_weight,1.0,-0.05,0.0075859734921444,Industrials,,
2025-11-06,2025-11-07,2025-11-20,signal_horizon,9,0,VRTX,short,-0.05,0.05,equal_weight,1.0,-0.05,0.0077283889268245,Unknown,,
2025-11-06,2025-11-07,2025-11-20,signal_horizon,9,0,PWR,short,-0.05,0.05,equal_weight,1.0,-0.05,0.0077679301562753,Industrials,,
2025-11-20,2025-11-21,2025-12-05,signal_horizon,9,0,SNDK,long,0.05,0.05,equal_weight,1.0,0.05,0.020358998157447,Information Technology,,
2025-11-20,2025-11-21,2025-12-05,signal_horizon,9,0,WDC,long,0.05,0.05,equal_weight,1.0,0.05,0.0161635861756941,Information Technology,,
2025-11-20,2025-11-21,2025-12-05,signal_horizon,9,0,COIN,long,0.05,0.05,equal_weight,1.0,0.05,0.0144274558089468,Financials,,
2025-11-20,2025-11-21,2025-12-05,signal_horizon,9,0,STX,long,0.05,0.05,equal_weight,1.0,0.05,0.0143667517187983,Information Technology,,
2025-11-20,2025-11-21,2025-12-05,signal_horizon,9,0,CAH,long,0.05,0.05,equal_weight,1.0,0.05,0.0126001686831487,Health Care,,
2025-11-20,2025-11-21,2025-12-05,signal_horizon,9,0,FIX,long,0.05,0.05,equal_weight,1.0,0.05,0.0123722206041384,Industrials,,
2025-11-20,2025-11-21,2025-12-05,signal_horizon,9,0,CVNA,long,0.05,0.05,equal_weight,1.0,0.05,0.0122642198764957,Consumer Discretionary,,
2025-11-20,2025-11-21,2025-12-05,signal_horizon,9,0,EME,long,0.05,0.05,equal_weight,1.0,0.05,0.0119771665696844,Industrials,,
2025-11-20,2025-11-21,2025-12-05,signal_horizon,9,0,HOOD,long,0.05,0.05,equal_weight,1.0,0.05,0.0108568523372611,Financials,,
2025-11-20,2025-11-21,2025-12-05,signal_horizon,9,0,NRG,long,0.05,0.05,equal_weight,1.0,0.05,0.0107431219554804,Utilities,,
2025-11-20,2025-11-21,2025-12-05,signal_horizon,9,0,NEM,long,0.05,0.05,equal_weight,1.0,0.05,0.0105539692736585,Unknown,,
2025-11-20,2025-11-21,2025-12-05,signal_horizon,9,0,HSY,long,0.05,0.05,equal_weight,1.0,0.05,0.009663498927396,Consumer Staples,,
2025-11-20,2025-11-21,2025-12-05,signal_horizon,9,0,DAL,long,0.05,0.05,equal_weight,1.0,0.05,0.0095439404823203,Industrials,,
2025-11-20,2025-11-21,2025-12-05,signal_horizon,9,0,LRCX,long,0.05,0.05,equal_weight,1.0,0.05,0.0092489444589852,Unknown,,
2025-11-20,2025-11-21,2025-12-05,signal_horizon,9,0,TRGP,long,0.05,0.05,equal_weight,1.0,0.05,0.00869410041604,Energy,,
2025-11-20,2025-11-21,2025-12-05,signal_horizon,9,0,AXON,long,0.05,0.05,equal_weight,1.0,0.05,0.008248544062368,Industrials,,
2025-11-20,2025-11-21,2025-12-05,signal_horizon,9,0,FAST,long,0.05,0.05,equal_weight,1.0,0.05,0.0077649639603246,Industrials,,
2025-11-20,2025-11-21,2025-12-05,signal_horizon,9,0,CMI,long,0.05,0.05,equal_weight,1.0,0.05,0.0074718368174556,Industrials,,
2025-11-20,2025-11-21,2025-12-05,signal_horizon,9,0,GEV,long,0.05,0.05,equal_weight,1.0,0.05,0.0070996139427068,Industrials,,
2025-11-20,2025-11-21,2025-12-05,signal_horizon,9,0,PAYX,long,0.05,0.05,equal_weight,1.0,0.05,0.0070664858786508,Industrials,,
2025-11-20,2025-11-21,2025-12-05,signal_horizon,9,0,ACN,short,-0.05,0.05,equal_weight,1.0,-0.05,-0.0004227495242995,Information Technology,,
2025-11-20,2025-11-21,2025-12-05,signal_horizon,9,0,PYPL,short,-0.05,0.05,equal_weight,1.0,-0.05,-0.000102563016323,Financials,,
2025-11-20,2025-11-21,2025-12-05,signal_horizon,9,0,TMO,short,-0.05,0.05,equal_weight,1.0,-0.05,-5.5080504819115216e-05,Health Care,,
2025-11-20,2025-11-21,2025-12-05,signal_horizon,9,0,AAPL,short,-0.05,0.05,equal_weight,1.0,-0.05,5.697478603553139e-05,Information Technology,,
2025-11-20,2025-11-21,2025-12-05,signal_horizon,9,0,TJX,short,-0.05,0.05,equal_weight,1.0,-0.05,0.0005765976086703,Consumer Discretionary,,
2025-11-20,2025-11-21,2025-12-05,signal_horizon,9,0,INTU,short,-0.05,0.05,equal_weight,1.0,-0.05,0.0006493251782203,Information Technology,,
2025-11-20,2025-11-21,2025-12-05,signal_horizon,9,0,XOM,short,-0.05,0.05,equal_weight,1.0,-0.05,0.0007431381868194,Energy,,
2025-11-20,2025-11-21,2025-12-05,signal_horizon,9,0,NEE,short,-0.05,0.05,equal_weight,1.0,-0.05,0.0008982600480583,Utilities,,
2025-11-20,2025-11-21,2025-12-05,signal_horizon,9,0,DELL,short,-0.05,0.05,equal_weight,1.0,-0.05,0.0011026113641659,Unknown,,
2025-11-20,2025-11-21,2025-12-05,signal_horizon,9,0,UNP,short,-0.05,0.05,equal_weight,1.0,-0.05,0.0011419053584509,Industrials,,
2025-11-20,2025-11-21,2025-12-05,signal_horizon,9,0,NSC,short,-0.05,0.05,equal_weight,1.0,-0.05,0.001226675690926,Industrials,,
2025-11-20,2025-11-21,2025-12-05,signal_horizon,9,0,DE,short,-0.05,0.05,equal_weight,1.0,-0.05,0.001268320370698,Industrials,,
2025-11-20,2025-11-21,2025-12-05,signal_horizon,9,0,MA,short,-0.05,0.05,equal_weight,1.0,-0.05,0.0017156609261637,Financials,,
2025-11-20,2025-11-21,2025-12-05,signal_horizon,9,0,PEP,short,-0.05,0.05,equal_weight,1.0,-0.05,0.0022390567950309,Consumer Staples,,
2025-11-20,2025-11-21,2025-12-05,signal_horizon,9,0,UPS,short,-0.05,0.05,equal_weight,1.0,-0.05,0.002316824587674,Industrials,,
2025-11-20,2025-11-21,2025-12-05,signal_horizon,9,0,RTX,short,-0.05,0.05,equal_weight,1.0,-0.05,0.0025426514951003,Industrials,,
2025-11-20,2025-11-21,2025-12-05,signal_horizon,9,0,V,short,-0.05,0.05,equal_weight,1.0,-0.05,0.0026307306251324,Unknown,,
2025-11-20,2025-11-21,2025-12-05,signal_horizon,9,0,GWW,short,-0.05,0.05,equal_weight,1.0,-0.05,0.0026746710904191,Industrials,,
2025-11-20,2025-11-21,2025-12-05,signal_horizon,9,0,HON,short,-0.05,0.05,equal_weight,1.0,-0.05,0.0029016756156766,Industrials,,
2025-11-20,2025-11-21,2025-12-05,signal_horizon,9,0,TDG,short,-0.05,0.05,equal_weight,1.0,-0.05,0.0029022683365201,Industrials,,
2025-12-05,2025-12-08,2025-12-19,signal_horizon,9,0,CVNA,long,0.05,0.05,equal_weight,1.0,0.05,0.0208632728560067,Consumer Discretionary,,
2025-12-05,2025-12-08,2025-12-19,signal_horizon,9,0,HOOD,long,0.05,0.05,equal_weight,1.0,0.05,0.0207269118960347,Financials,,
2025-12-05,2025-12-08,2025-12-19,signal_horizon,9,0,APP,long,0.05,0.05,equal_weight,1.0,0.05,0.0199128688113097,Information Technology,,
2025-12-05,2025-12-08,2025-12-19,signal_horizon,9,0,ADI,long,0.05,0.05,equal_weight,1.0,0.05,0.018175337572907,Unknown,,
2025-12-05,2025-12-08,2025-12-19,signal_horizon,9,0,INTC,long,0.05,0.05,equal_weight,1.0,0.05,0.0178810175217774,Information Technology,,
2025-12-05,2025-12-08,2025-12-19,signal_horizon,9,0,DAL,long,0.05,0.05,equal_weight,1.0,0.05,0.017117862105606,Industrials,,
2025-12-05,2025-12-08,2025-12-19,signal_horizon,9,0,NEM,long,0.05,0.05,equal_weight,1.0,0.05,0.0161400954407773,Unknown,,
2025-12-05,2025-12-08,2025-12-19,signal_horizon,9,0,MCHP,long,0.05,0.05,equal_weight,1.0,0.05,0.016114810513619,Information Technology,,
2025-12-05,2025-12-08,2025-12-19,signal_horizon,9,0,VRT,long,0.05,0.05,equal_weight,1.0,0.05,0.01543936100438,Industrials,,
2025-12-05,2025-12-08,2025-12-19,signal_horizon,9,0,GEHC,long,0.05,0.05,equal_weight,1.0,0.05,0.0150411388903019,Health Care,,
2025-12-05,2025-12-08,2025-12-19,signal_horizon,9,0,ODFL,long,0.05,0.05,equal_weight,1.0,0.05,0.0145446503444588,Industrials,,
2025-12-05,2025-12-08,2025-12-19,signal_horizon,9,0,NRG,long,0.05,0.05,equal_weight,1.0,0.05,0.0145003274684909,Utilities,,
2025-12-05,2025-12-08,2025-12-19,signal_horizon,9,0,GEV,long,0.05,0.05,equal_weight,1.0,0.05,0.0142540803824811,Industrials,,
2025-12-05,2025-12-08,2025-12-19,signal_horizon,9,0,DVN,long,0.05,0.05,equal_weight,1.0,0.05,0.0133509462442423,Energy,,
2025-12-05,2025-12-08,2025-12-19,signal_horizon,9,0,HSY,long,0.05,0.05,equal_weight,1.0,0.05,0.013170845177981,Consumer Staples,,
2025-12-05,2025-12-08,2025-12-19,signal_horizon,9,0,XYZ,long,0.05,0.05,equal_weight,1.0,0.05,0.0123521968678243,Financials,,
2025-12-05,2025-12-08,2025-12-19,signal_horizon,9,0,PCAR,long,0.05,0.05,equal_weight,1.0,0.05,0.0123043101619926,Industrials,,
2025-12-05,2025-12-08,2025-12-19,signal_horizon,9,0,WAB,long,0.05,0.05,equal_weight,1.0,0.05,0.0113935617657399,Industrials,,
2025-12-05,2025-12-08,2025-12-19,signal_horizon,9,0,LHX,long,0.05,0.05,equal_weight,1.0,0.05,0.0113388599966489,Industrials,,
2025-12-05,2025-12-08,2025-12-19,signal_horizon,9,0,PWR,long,0.05,0.05,equal_weight,1.0,0.05,0.0108603514955202,Industrials,,
2025-12-05,2025-12-08,2025-12-19,signal_horizon,9,0,INTU,short,-0.05,0.05,equal_weight,1.0,-0.05,0.001675808374896,Information Technology,,
2025-12-05,2025-12-08,2025-12-19,signal_horizon,9,0,BRK-B,short,-0.05,0.05,equal_weight,1.0,-0.05,0.0016774273340655,Financials,,
2025-12-05,2025-12-08,2025-12-19,signal_horizon,9,0,MA,short,-0.05,0.05,equal_weight,1.0,-0.05,0.0023318428322031,Financials,,
2025-12-05,2025-12-08,2025-12-19,signal_horizon,9,0,ADP,short,-0.05,0.05,equal_weight,1.0,-0.05,0.00281762251551,Information Technology,,
2025-12-05,2025-12-08,2025-12-19,signal_horizon,9,0,DE,short,-0.05,0.05,equal_weight,1.0,-0.05,0.002916656055047,Industrials,,
2025-12-05,2025-12-08,2025-12-19,signal_horizon,9,0,IBM,short,-0.05,0.05,equal_weight,1.0,-0.05,0.0029611503315056,Information Technology,,
2025-12-05,2025-12-08,2025-12-19,signal_horizon,9,0,MCD,short,-0.05,0.05,equal_weight,1.0,-0.05,0.0031785812148365,Consumer Discretionary,,
2025-12-05,2025-12-08,2025-12-19,signal_horizon,9,0,PLD,short,-0.05,0.05,equal_weight,1.0,-0.05,0.003729783983219,Unknown,,
2025-12-05,2025-12-08,2025-12-19,signal_horizon,9,0,KO,short,-0.05,0.05,equal_weight,1.0,-0.05,0.0038476695803268,Consumer Staples,,
2025-12-05,2025-12-08,2025-12-19,signal_horizon,9,0,ATO,short,-0.05,0.05,equal_weight,1.0,-0.05,0.0038696679807068,Utilities,,
2025-12-05,2025-12-08,2025-12-19,signal_horizon,9,0,TMO,short,-0.05,0.05,equal_weight,1.0,-0.05,0.0042038523026663,Health Care,,
2025-12-05,2025-12-08,2025-12-19,signal_horizon,9,0,CVX,short,-0.05,0.05,equal_weight,1.0,-0.05,0.0046383657110684,Energy,,
2025-12-05,2025-12-08,2025-12-19,signal_horizon,9,0,HON,short,-0.05,0.05,equal_weight,1.0,-0.05,0.0046656351926957,Industrials,,
2025-12-05,2025-12-08,2025-12-19,signal_horizon,9,0,V,short,-0.05,0.05,equal_weight,1.0,-0.05,0.0048850842157986,Unknown,,
2025-12-05,2025-12-08,2025-12-19,signal_horizon,9,0,MMM,short,-0.05,0.05,equal_weight,1.0,-0.05,0.0052586729266409,Industrials,,
2025-12-05,2025-12-08,2025-12-19,signal_horizon,9,0,GE,short,-0.05,0.05,equal_weight,1.0,-0.05,0.0056052977430765,Industrials,,
2025-12-05,2025-12-08,2025-12-19,signal_horizon,9,0,TT,short,-0.05,0.05,equal_weight,1.0,-0.05,0.005689119691225,Industrials,,
2025-12-05,2025-12-08,2025-12-19,signal_horizon,9,0,CAT,short,-0.05,0.05,equal_weight,1.0,-0.05,0.0057600916580785,Industrials,,
2025-12-05,2025-12-08,2025-12-19,signal_horizon,9,0,ITW,short,-0.05,0.05,equal_weight,1.0,-0.05,0.0057951965677957,Industrials,,
2025-12-05,2025-12-08,2025-12-19,signal_horizon,9,0,URI,short,-0.05,0.05,equal_weight,1.0,-0.05,0.0058855439347847,Industrials,,
2025-12-19,2025-12-22,2026-01-06,signal_horizon,9,0,LITE,long,0.05,0.05,equal_weight,1.0,0.05,0.0186199020426667,Information Technology,,
2025-12-19,2025-12-22,2026-01-06,signal_horizon,9,0,COHR,long,0.05,0.05,equal_weight,1.0,0.05,0.0162272270198668,Information Technology,,
2025-12-19,2025-12-22,2026-01-06,signal_horizon,9,0,HOOD,long,0.05,0.05,equal_weight,1.0,0.05,0.0116235934683812,Financials,,
2025-12-19,2025-12-22,2026-01-06,signal_horizon,9,0,MCHP,long,0.05,0.05,equal_weight,1.0,0.05,0.0114128677458421,Information Technology,,
2025-12-19,2025-12-22,2026-01-06,signal_horizon,9,0,DASH,long,0.05,0.05,equal_weight,1.0,0.05,0.0102240732323592,Consumer Discretionary,,
2025-12-19,2025-12-22,2026-01-06,signal_horizon,9,0,ODFL,long,0.05,0.05,equal_weight,1.0,0.05,0.01002988377748,Industrials,,
2025-12-19,2025-12-22,2026-01-06,signal_horizon,9,0,DELL,long,0.05,0.05,equal_weight,1.0,0.05,0.0095744872072498,Unknown,,
2025-12-19,2025-12-22,2026-01-06,signal_horizon,9,0,GEV,long,0.05,0.05,equal_weight,1.0,0.05,0.0093773845348382,Industrials,,
2025-12-19,2025-12-22,2026-01-06,signal_horizon,9,0,VST,long,0.05,0.05,equal_weight,1.0,0.05,0.0093464794433623,Utilities,,
2025-12-19,2025-12-22,2026-01-06,signal_horizon,9,0,XYZ,long,0.05,0.05,equal_weight,1.0,0.05,0.0086474476018283,Financials,,
2025-12-19,2025-12-22,2026-01-06,signal_horizon,9,0,CEG,long,0.05,0.05,equal_weight,1.0,0.05,0.0074149994393769,Unknown,,
2025-12-19,2025-12-22,2026-01-06,signal_horizon,9,0,VRT,long,0.05,0.05,equal_weight,1.0,0.05,0.0073917458506131,Industrials,,
2025-12-19,2025-12-22,2026-01-06,signal_horizon,9,0,BA,long,0.05,0.05,equal_weight,1.0,0.05,0.0066437889798924,Industrials,,
2025-12-19,2025-12-22,2026-01-06,signal_horizon,9,0,EME,long,0.05,0.05,equal_weight,1.0,0.05,0.0061169223137735,Industrials,,
2025-12-19,2025-12-22,2026-01-06,signal_horizon,9,0,GEHC,long,0.05,0.05,equal_weight,1.0,0.05,0.0056455030120987,Health Care,,
2025-12-19,2025-12-22,2026-01-06,signal_horizon,9,0,ADM,long,0.05,0.05,equal_weight,1.0,0.05,0.0054453793170179,Consumer Staples,,
2025-12-19,2025-12-22,2026-01-06,signal_horizon,9,0,TPL,long,0.05,0.05,equal_weight,1.0,0.05,0.0052477784088752,Energy,,
2025-12-19,2025-12-22,2026-01-06,signal_horizon,9,0,AXON,long,0.05,0.05,equal_weight,1.0,0.05,0.0051678759472718,Industrials,,
2025-12-19,2025-12-22,2026-01-06,signal_horizon,9,0,PWR,long,0.05,0.05,equal_weight,1.0,0.05,0.0047581087519718,Industrials,,
2025-12-19,2025-12-22,2026-01-06,signal_horizon,9,0,URI,long,0.05,0.05,equal_weight,1.0,0.05,0.0043380371598255,Industrials,,
2025-12-19,2025-12-22,2026-01-06,signal_horizon,9,0,CSCO,short,-0.05,0.05,equal_weight,1.0,-0.05,-0.0074265032036318,Information Technology,,
2025-12-19,2025-12-22,2026-01-06,signal_horizon,9,0,TJX,short,-0.05,0.05,equal_weight,1.0,-0.05,-0.0047576823861375,Consumer Discretionary,,
2025-12-19,2025-12-22,2026-01-06,signal_horizon,9,0,IBM,short,-0.05,0.05,equal_weight,1.0,-0.05,-0.0043809441745804,Information Technology,,
2025-12-19,2025-12-22,2026-01-06,signal_horizon,9,0,ROP,short,-0.05,0.05,equal_weight,1.0,-0.05,-0.0040462113167156,Information Technology,,
2025-12-19,2025-12-22,2026-01-06,signal_horizon,9,0,PH,short,-0.05,0.05,equal_weight,1.0,-0.05,-0.0037828451448628,Unknown,,
2025-12-19,2025-12-22,2026-01-06,signal_horizon,9,0,CTAS,short,-0.05,0.05,equal_weight,1.0,-0.05,-0.0037386032495991,Industrials,,
2025-12-19,2025-12-22,2026-01-06,signal_horizon,9,0,XOM,short,-0.05,0.05,equal_weight,1.0,-0.05,-0.0037298004046406,Energy,,
2025-12-19,2025-12-22,2026-01-06,signal_horizon,9,0,JCI,short,-0.05,0.05,equal_weight,1.0,-0.05,-0.0034211361876469,Unknown,,
2025-12-19,2025-12-22,2026-01-06,signal_horizon,9,0,HON,short,-0.05,0.05,equal_weight,1.0,-0.05,-0.0029486355702901,Industrials,,
2025-12-19,2025-12-22,2026-01-06,signal_horizon,9,0,SPGI,short,-0.05,0.05,equal_weight,1.0,-0.05,-0.0022757771444179,Financials,,
2025-12-19,2025-12-22,2026-01-06,signal_horizon,9,0,BRK-B,short,-0.05,0.05,equal_weight,1.0,-0.05,-0.0021146136193376,Financials,,
2025-12-19,2025-12-22,2026-01-06,signal_horizon,9,0,DE,short,-0.05,0.05,equal_weight,1.0,-0.05,-0.0017660368625129,Industrials,,
2025-12-19,2025-12-22,2026-01-06,signal_horizon,9,0,PEP,short,-0.05,0.05,equal_weight,1.0,-0.05,-0.0017424370501184,Consumer Staples,,
2025-12-19,2025-12-22,2026-01-06,signal_horizon,9,0,ISRG,short,-0.05,0.05,equal_weight,1.0,-0.05,-0.0016185580837113,Health Care,,
2025-12-19,2025-12-22,2026-01-06,signal_horizon,9,0,ATO,short,-0.05,0.05,equal_weight,1.0,-0.05,-0.0013128517205967,Utilities,,
2025-12-19,2025-12-22,2026-01-06,signal_horizon,9,0,UPS,short,-0.05,0.05,equal_weight,1.0,-0.05,-0.000717400237904,Industrials,,
2025-12-19,2025-12-22,2026-01-06,signal_horizon,9,0,ITW,short,-0.05,0.05,equal_weight,1.0,-0.05,-0.0007152615264953,Industrials,,
2025-12-19,2025-12-22,2026-01-06,signal_horizon,9,0,AME,short,-0.05,0.05,equal_weight,1.0,-0.05,-0.0005617071158656,Industrials,,
2025-12-19,2025-12-22,2026-01-06,signal_horizon,9,0,GE,short,-0.05,0.05,equal_weight,1.0,-0.05,-0.0004566601930992,Industrials,,
2025-12-19,2025-12-22,2026-01-06,signal_horizon,9,0,CAT,short,-0.05,0.05,equal_weight,1.0,-0.05,-0.0001897389643175,Industrials,,
2026-01-06,2026-01-07,2026-01-21,signal_horizon,9,0,SNDK,long,0.05,0.05,equal_weight,1.0,0.05,0.0231022476656796,Information Technology,,
2026-01-06,2026-01-07,2026-01-21,signal_horizon,9,0,LITE,long,0.05,0.05,equal_weight,1.0,0.05,0.02196250035129,Information Technology,,
2026-01-06,2026-01-07,2026-01-21,signal_horizon,9,0,MU,long,0.05,0.05,equal_weight,1.0,0.05,0.0171647679987554,Information Technology,,
2026-01-06,2026-01-07,2026-01-21,signal_horizon,9,0,CCL,long,0.05,0.05,equal_weight,1.0,0.05,0.0118601154747072,Consumer Discretionary,,
2026-01-06,2026-01-07,2026-01-21,signal_horizon,9,0,LRCX,long,0.05,0.05,equal_weight,1.0,0.05,0.011325229993958,Unknown,,
2026-01-06,2026-01-07,2026-01-21,signal_horizon,9,0,VRT,long,0.05,0.05,equal_weight,1.0,0.05,0.0107503157951065,Industrials,,
2026-01-06,2026-01-07,2026-01-21,signal_horizon,9,0,HOOD,long,0.05,0.05,equal_weight,1.0,0.05,0.0095123915194273,Financials,,
2026-01-06,2026-01-07,2026-01-21,signal_horizon,9,0,GEV,long,0.05,0.05,equal_weight,1.0,0.05,0.0082132971182071,Industrials,,
2026-01-06,2026-01-07,2026-01-21,signal_horizon,9,0,XYZ,long,0.05,0.05,equal_weight,1.0,0.05,0.0080826504298646,Financials,,
2026-01-06,2026-01-07,2026-01-21,signal_horizon,9,0,PCG,long,0.05,0.05,equal_weight,1.0,0.05,0.0076444581353452,Utilities,,
2026-01-06,2026-01-07,2026-01-21,signal_horizon,9,0,APH,long,0.05,0.05,equal_weight,1.0,0.05,0.0073801887585561,Unknown,,
2026-01-06,2026-01-07,2026-01-21,signal_horizon,9,0,AXON,long,0.05,0.05,equal_weight,1.0,0.05,0.0066347346696556,Industrials,,
2026-01-06,2026-01-07,2026-01-21,signal_horizon,9,0,PSX,long,0.05,0.05,equal_weight,1.0,0.05,0.0066102604186641,Energy,,
2026-01-06,2026-01-07,2026-01-21,signal_horizon,9,0,ADM,long,0.05,0.05,equal_weight,1.0,0.05,0.006419662038441,Consumer Staples,,
2026-01-06,2026-01-07,2026-01-21,signal_horizon,9,0,EME,long,0.05,0.05,equal_weight,1.0,0.05,0.0063889211613021,Industrials,,
2026-01-06,2026-01-07,2026-01-21,signal_horizon,9,0,HWM,long,0.05,0.05,equal_weight,1.0,0.05,0.0062394394505549,Industrials,,
2026-01-06,2026-01-07,2026-01-21,signal_horizon,9,0,PWR,long,0.05,0.05,equal_weight,1.0,0.05,0.0059769444765861,Industrials,,
2026-01-06,2026-01-07,2026-01-21,signal_horizon,9,0,A,long,0.05,0.05,equal_weight,1.0,0.05,0.0055970172913277,Health Care,,
2026-01-06,2026-01-07,2026-01-21,signal_horizon,9,0,FIX,long,0.05,0.05,equal_weight,1.0,0.05,0.0051776940348569,Industrials,,
2026-01-06,2026-01-07,2026-01-21,signal_horizon,9,0,LHX,long,0.05,0.05,equal_weight,1.0,0.05,0.0048641830854961,Industrials,,
2026-01-06,2026-01-07,2026-01-21,signal_horizon,9,0,CSCO,short,-0.05,0.05,equal_weight,1.0,-0.05,-0.0062131102365477,Information Technology,,
2026-01-06,2026-01-07,2026-01-21,signal_horizon,9,0,AAPL,short,-0.05,0.05,equal_weight,1.0,-0.05,-0.0057477465078142,Information Technology,,
2026-01-06,2026-01-07,2026-01-21,signal_horizon,9,0,BRK-B,short,-0.05,0.05,equal_weight,1.0,-0.05,-0.0037803661693158,Financials,,
2026-01-06,2026-01-07,2026-01-21,signal_horizon,9,0,IBM,short,-0.05,0.05,equal_weight,1.0,-0.05,-0.0036841136789405,Information Technology,,
2026-01-06,2026-01-07,2026-01-21,signal_horizon,9,0,MCD,short,-0.05,0.05,equal_weight,1.0,-0.05,-0.0029149626571601,Consumer Discretionary,,
2026-01-06,2026-01-07,2026-01-21,signal_horizon,9,0,BAC,short,-0.05,0.05,equal_weight,1.0,-0.05,-0.0010449004321832,Financials,,
2026-01-06,2026-01-07,2026-01-21,signal_horizon,9,0,CTAS,short,-0.05,0.05,equal_weight,1.0,-0.05,-0.0009464367710776,Industrials,,
2026-01-06,2026-01-07,2026-01-21,signal_horizon,9,0,AMGN,short,-0.05,0.05,equal_weight,1.0,-0.05,-0.000776153219142,Health Care,,
2026-01-06,2026-01-07,2026-01-21,signal_horizon,9,0,VRTX,short,-0.05,0.05,equal_weight,1.0,-0.05,-0.0007621370885027,Unknown,,
2026-01-06,2026-01-07,2026-01-21,signal_horizon,9,0,ADI,short,-0.05,0.05,equal_weight,1.0,-0.05,-0.0007603392621308,Unknown,,
2026-01-06,2026-01-07,2026-01-21,signal_horizon,9,0,COST,short,-0.05,0.05,equal_weight,1.0,-0.05,-0.0004218531403778,Consumer Staples,,
2026-01-06,2026-01-07,2026-01-21,signal_horizon,9,0,CVX,short,-0.05,0.05,equal_weight,1.0,-0.05,-0.000408469451511,Energy,,
2026-01-06,2026-01-07,2026-01-21,signal_horizon,9,0,TDG,short,-0.05,0.05,equal_weight,1.0,-0.05,-0.0003763357023532,Industrials,,
2026-01-06,2026-01-07,2026-01-21,signal_horizon,9,0,UNP,short,-0.05,0.05,equal_weight,1.0,-0.05,-0.000266423184892,Industrials,,
2026-01-06,2026-01-07,2026-01-21,signal_horizon,9,0,RSG,short,-0.05,0.05,equal_weight,1.0,-0.05,-8.424094670802905e-05,Industrials,,
2026-01-06,2026-01-07,2026-01-21,signal_horizon,9,0,UPS,short,-0.05,0.05,equal_weight,1.0,-0.05,-4.711340061534195e-05,Industrials,,
2026-01-06,2026-01-07,2026-01-21,signal_horizon,9,0,NEE,short,-0.05,0.05,equal_weight,1.0,-0.05,-4.7060732996818814e-05,Utilities,,
2026-01-06,2026-01-07,2026-01-21,signal_horizon,9,0,DE,short,-0.05,0.05,equal_weight,1.0,-0.05,-4.446282311538845e-05,Industrials,,
2026-01-06,2026-01-07,2026-01-21,signal_horizon,9,0,ITW,short,-0.05,0.05,equal_weight,1.0,-0.05,5.5033127635668215e-05,Industrials,,
2026-01-06,2026-01-07,2026-01-21,signal_horizon,9,0,PCAR,short,-0.05,0.05,equal_weight,1.0,-0.05,0.0001420498498578,Industrials,,
2026-01-21,2026-01-22,2026-02-04,signal_horizon,9,0,INTC,long,0.05,0.05,equal_weight,1.0,0.05,0.0153394291057625,Information Technology,,
2026-01-21,2026-01-22,2026-02-04,signal_horizon,9,0,COIN,long,0.05,0.05,equal_weight,1.0,0.05,0.0137797118377561,Financials,,
2026-01-21,2026-01-22,2026-02-04,signal_horizon,9,0,WDC,long,0.05,0.05,equal_weight,1.0,0.05,0.0128816372617188,Information Technology,,
2026-01-21,2026-01-22,2026-02-04,signal_horizon,9,0,STX,long,0.05,0.05,equal_weight,1.0,0.05,0.0113914010436062,Information Technology,,
2026-01-21,2026-01-22,2026-02-04,signal_horizon,9,0,VST,long,0.05,0.05,equal_weight,1.0,0.05,0.0112711652496057,Utilities,,
2026-01-21,2026-01-22,2026-02-04,signal_horizon,9,0,TPL,long,0.05,0.05,equal_weight,1.0,0.05,0.0107239928449177,Energy,,
2026-01-21,2026-01-22,2026-02-04,signal_horizon,9,0,HOOD,long,0.05,0.05,equal_weight,1.0,0.05,0.010522625588958,Financials,,
2026-01-21,2026-01-22,2026-02-04,signal_horizon,9,0,FIX,long,0.05,0.05,equal_weight,1.0,0.05,0.0103155861685966,Industrials,,
2026-01-21,2026-01-22,2026-02-04,signal_horizon,9,0,VRT,long,0.05,0.05,equal_weight,1.0,0.05,0.0093808501720793,Industrials,,
2026-01-21,2026-01-22,2026-02-04,signal_horizon,9,0,LRCX,long,0.05,0.05,equal_weight,1.0,0.05,0.0091170719127726,Unknown,,
2026-01-21,2026-01-22,2026-02-04,signal_horizon,9,0,IDXX,long,0.05,0.05,equal_weight,1.0,0.05,0.0082425824677342,Health Care,,
2026-01-21,2026-01-22,2026-02-04,signal_horizon,9,0,ADM,long,0.05,0.05,equal_weight,1.0,0.05,0.0080149711263171,Consumer Staples,,
2026-01-21,2026-01-22,2026-02-04,signal_horizon,9,0,DELL,long,0.05,0.05,equal_weight,1.0,0.05,0.0075868874592419,Unknown,,
2026-01-21,2026-01-22,2026-02-04,signal_horizon,9,0,LVS,long,0.05,0.05,equal_weight,1.0,0.05,0.0070933851125035,Consumer Discretionary,,
2026-01-21,2026-01-22,2026-02-04,signal_horizon,9,0,EME,long,0.05,0.05,equal_weight,1.0,0.05,0.0069889321291384,Industrials,,
2026-01-21,2026-01-22,2026-02-04,signal_horizon,9,0,UBER,long,0.05,0.05,equal_weight,1.0,0.05,0.0059555354876251,Industrials,,
2026-01-21,2026-01-22,2026-02-04,signal_horizon,9,0,AXON,long,0.05,0.05,equal_weight,1.0,0.05,0.0057432798215215,Industrials,,
2026-01-21,2026-01-22,2026-02-04,signal_horizon,9,0,PWR,long,0.05,0.05,equal_weight,1.0,0.05,0.0044801019652161,Industrials,,
2026-01-21,2026-01-22,2026-02-04,signal_horizon,9,0,IR,long,0.05,0.05,equal_weight,1.0,0.05,0.0044249766897018,Industrials,,
2026-01-21,2026-01-22,2026-02-04,signal_horizon,9,0,CPRT,long,0.05,0.05,equal_weight,1.0,0.05,0.0044049307864312,Industrials,,
2026-01-21,2026-01-22,2026-02-04,signal_horizon,9,0,WMT,short,-0.05,0.05,equal_weight,1.0,-0.05,-0.0049923425652365,Consumer Staples,,
2026-01-21,2026-01-22,2026-02-04,signal_horizon,9,0,COF,short,-0.05,0.05,equal_weight,1.0,-0.05,-0.0044510019111135,Unknown,,
2026-01-21,2026-01-22,2026-02-04,signal_horizon,9,0,CRM,short,-0.05,0.05,equal_weight,1.0,-0.05,-0.0043578168519454,Information Technology,,
2026-01-21,2026-01-22,2026-02-04,signal_horizon,9,0,PNC,short,-0.05,0.05,equal_weight,1.0,-0.05,-0.0043293071393627,Unknown,,
2026-01-21,2026-01-22,2026-02-04,signal_horizon,9,0,ADBE,short,-0.05,0.05,equal_weight,1.0,-0.05,-0.0039337183748453,Information Technology,,
2026-01-21,2026-01-22,2026-02-04,signal_horizon,9,0,SNPS,short,-0.05,0.05,equal_weight,1.0,-0.05,-0.003780267659522,Information Technology,,
2026-01-21,2026-01-22,2026-02-04,signal_horizon,9,0,DAL,short,-0.05,0.05,equal_weight,1.0,-0.05,-0.0036248662902145,Industrials,,
2026-01-21,2026-01-22,2026-02-04,signal_horizon,9,0,WM,short,-0.05,0.05,equal_weight,1.0,-0.05,-0.0033270593069937,Industrials,,
2026-01-21,2026-01-22,2026-02-04,signal_horizon,9,0,CVX,short,-0.05,0.05,equal_weight,1.0,-0.05,-0.0032346424630675,Energy,,
2026-01-21,2026-01-22,2026-02-04,signal_horizon,9,0,WFC,short,-0.05,0.05,equal_weight,1.0,-0.05,-0.0025381868838261,Financials,,
2026-01-21,2026-01-22,2026-02-04,signal_horizon,9,0,MRK,short,-0.05,0.05,equal_weight,1.0,-0.05,-0.0022098807306829,Health Care,,
2026-01-21,2026-01-22,2026-02-04,signal_horizon,9,0,MA,short,-0.05,0.05,equal_weight,1.0,-0.05,-0.0020879290437568,Financials,,
2026-01-21,2026-01-22,2026-02-04,signal_horizon,9,0,BKNG,short,-0.05,0.05,equal_weight,1.0,-0.05,-0.0020359053954624,Consumer Discretionary,,
2026-01-21,2026-01-22,2026-02-04,signal_horizon,9,0,RTX,short,-0.05,0.05,equal_weight,1.0,-0.05,-0.0009701446693183,Industrials,,
2026-01-21,2026-01-22,2026-02-04,signal_horizon,9,0,XEL,short,-0.05,0.05,equal_weight,1.0,-0.05,-0.0007472522725497,Utilities,,
2026-01-21,2026-01-22,2026-02-04,signal_horizon,9,0,BA,short,-0.05,0.05,equal_weight,1.0,-0.05,-0.000693401098336,Industrials,,
2026-01-21,2026-01-22,2026-02-04,signal_horizon,9,0,PCAR,short,-0.05,0.05,equal_weight,1.0,-0.05,-0.0005883329425136,Industrials,,
2026-01-21,2026-01-22,2026-02-04,signal_horizon,9,0,UNP,short,-0.05,0.05,equal_weight,1.0,-0.05,-0.0002888671697056,Industrials,,
2026-01-21,2026-01-22,2026-02-04,signal_horizon,9,0,GEV,short,-0.05,0.05,equal_weight,1.0,-0.05,-0.0001716324231767,Industrials,,
2026-01-21,2026-01-22,2026-02-04,signal_horizon,9,0,GE,short,-0.05,0.05,equal_weight,1.0,-0.05,-6.813972632655145e-05,Industrials,,
2026-02-04,2026-02-05,2026-02-19,signal_horizon,9,0,APP,long,0.05,0.05,equal_weight,1.0,0.05,0.0181721150958538,Information Technology,,
2026-02-04,2026-02-05,2026-02-19,signal_horizon,9,0,CEG,long,0.05,0.05,equal_weight,1.0,0.05,0.0137569619878423,Unknown,,
2026-02-04,2026-02-05,2026-02-19,signal_horizon,9,0,DDOG,long,0.05,0.05,equal_weight,1.0,0.05,0.0127336577878735,Information Technology,,
2026-02-04,2026-02-05,2026-02-19,signal_horizon,9,0,HOOD,long,0.05,0.05,equal_weight,1.0,0.05,0.0114560476601949,Financials,,
2026-02-04,2026-02-05,2026-02-19,signal_horizon,9,0,COIN,long,0.05,0.05,equal_weight,1.0,0.05,0.011303260888615,Financials,,
2026-02-04,2026-02-05,2026-02-19,signal_horizon,9,0,LVS,long,0.05,0.05,equal_weight,1.0,0.05,0.0111664581119195,Consumer Discretionary,,
2026-02-04,2026-02-05,2026-02-19,signal_horizon,9,0,NRG,long,0.05,0.05,equal_weight,1.0,0.05,0.0108273731478917,Utilities,,
2026-02-04,2026-02-05,2026-02-19,signal_horizon,9,0,LITE,long,0.05,0.05,equal_weight,1.0,0.05,0.0102543744238312,Information Technology,,
2026-02-04,2026-02-05,2026-02-19,signal_horizon,9,0,EQT,long,0.05,0.05,equal_weight,1.0,0.05,0.0090169439673772,Energy,,
2026-02-04,2026-02-05,2026-02-19,signal_horizon,9,0,SYY,long,0.05,0.05,equal_weight,1.0,0.05,0.0084286530150189,Consumer Staples,,
2026-02-04,2026-02-05,2026-02-19,signal_horizon,9,0,VRT,long,0.05,0.05,equal_weight,1.0,0.05,0.0083751431380894,Industrials,,
2026-02-04,2026-02-05,2026-02-19,signal_horizon,9,0,BSX,long,0.05,0.05,equal_weight,1.0,0.05,0.0083056541495044,Unknown,,
2026-02-04,2026-02-05,2026-02-19,signal_horizon,9,0,FIX,long,0.05,0.05,equal_weight,1.0,0.05,0.0082665961867351,Industrials,,
2026-02-04,2026-02-05,2026-02-19,signal_horizon,9,0,PWR,long,0.05,0.05,equal_weight,1.0,0.05,0.0078994429565862,Industrials,,
2026-02-04,2026-02-05,2026-02-19,signal_horizon,9,0,GEHC,long,0.05,0.05,equal_weight,1.0,0.05,0.0071889938019942,Health Care,,
2026-02-04,2026-02-05,2026-02-19,signal_horizon,9,0,PAYX,long,0.05,0.05,equal_weight,1.0,0.05,0.0071119488394184,Industrials,,
2026-02-04,2026-02-05,2026-02-19,signal_horizon,9,0,EME,long,0.05,0.05,equal_weight,1.0,0.05,0.0068244751583858,Industrials,,
2026-02-04,2026-02-05,2026-02-19,signal_horizon,9,0,GEV,long,0.05,0.05,equal_weight,1.0,0.05,0.0064047389332441,Industrials,,
2026-02-04,2026-02-05,2026-02-19,signal_horizon,9,0,CPRT,long,0.05,0.05,equal_weight,1.0,0.05,0.0060481024917994,Industrials,,
2026-02-04,2026-02-05,2026-02-19,signal_horizon,9,0,MMM,long,0.05,0.05,equal_weight,1.0,0.05,0.0059077767797817,Industrials,,
2026-02-04,2026-02-05,2026-02-19,signal_horizon,9,0,MCHP,short,-0.05,0.05,equal_weight,1.0,-0.05,-0.0046869651602064,Information Technology,,
2026-02-04,2026-02-05,2026-02-19,signal_horizon,9,0,BA,short,-0.05,0.05,equal_weight,1.0,-0.05,-0.0037456513492737,Industrials,,
2026-02-04,2026-02-05,2026-02-19,signal_horizon,9,0,NXPI,short,-0.05,0.05,equal_weight,1.0,-0.05,-0.0036220354489428,Information Technology,,
2026-02-04,2026-02-05,2026-02-19,signal_horizon,9,0,AXON,short,-0.05,0.05,equal_weight,1.0,-0.05,-0.0035838807417585,Industrials,,
2026-02-04,2026-02-05,2026-02-19,signal_horizon,9,0,SNPS,short,-0.05,0.05,equal_weight,1.0,-0.05,-0.0029211912634021,Information Technology,,
2026-02-04,2026-02-05,2026-02-19,signal_horizon,9,0,WMT,short,-0.05,0.05,equal_weight,1.0,-0.05,-0.0027796616353775,Consumer Staples,,
2026-02-04,2026-02-05,2026-02-19,signal_horizon,9,0,CVX,short,-0.05,0.05,equal_weight,1.0,-0.05,-0.0027112699761691,Energy,,
2026-02-04,2026-02-05,2026-02-19,signal_horizon,9,0,FITB,short,-0.05,0.05,equal_weight,1.0,-0.05,-0.0013626035711213,Financials,,
2026-02-04,2026-02-05,2026-02-19,signal_horizon,9,0,HD,short,-0.05,0.05,equal_weight,1.0,-0.05,-0.001348679015194,Consumer Discretionary,,
2026-02-04,2026-02-05,2026-02-19,signal_horizon,9,0,EMR,short,-0.05,0.05,equal_weight,1.0,-0.05,-0.001245345195397,Industrials,,
2026-02-04,2026-02-05,2026-02-19,signal_horizon,9,0,SCHW,short,-0.05,0.05,equal_weight,1.0,-0.05,-0.0010858055928287,Financials,,
2026-02-04,2026-02-05,2026-02-19,signal_horizon,9,0,UPS,short,-0.05,0.05,equal_weight,1.0,-0.05,-0.0007657669964037,Industrials,,
2026-02-04,2026-02-05,2026-02-19,signal_horizon,9,0,MRK,short,-0.05,0.05,equal_weight,1.0,-0.05,-0.0006959465304261,Health Care,,
2026-02-04,2026-02-05,2026-02-19,signal_horizon,9,0,PH,short,-0.05,0.05,equal_weight,1.0,-0.05,-0.0004973033069639,Unknown,,
2026-02-04,2026-02-05,2026-02-19,signal_horizon,9,0,CMCSA,short,-0.05,0.05,equal_weight,1.0,-0.05,-9.016794398461309e-05,Unknown,,
2026-02-04,2026-02-05,2026-02-19,signal_horizon,9,0,PCAR,short,-0.05,0.05,equal_weight,1.0,-0.05,4.437592926741056e-06,Industrials,,
2026-02-04,2026-02-05,2026-02-19,signal_horizon,9,0,RTX,short,-0.05,0.05,equal_weight,1.0,-0.05,0.0004044042749232,Industrials,,
2026-02-04,2026-02-05,2026-02-19,signal_horizon,9,0,ATO,short,-0.05,0.05,equal_weight,1.0,-0.05,0.0008637089572308,Utilities,,
2026-02-04,2026-02-05,2026-02-19,signal_horizon,9,0,CMI,short,-0.05,0.05,equal_weight,1.0,-0.05,0.0009594091221868,Industrials,,
2026-02-04,2026-02-05,2026-02-19,signal_horizon,9,0,CAT,short,-0.05,0.05,equal_weight,1.0,-0.05,0.0011195469383994,Industrials,,
2026-02-19,2026-02-20,2026-03-05,signal_horizon,9,0,SNDK,long,0.05,0.05,equal_weight,1.0,0.05,0.0172009004068891,Information Technology,,
2026-02-19,2026-02-20,2026-03-05,signal_horizon,9,0,HOOD,long,0.05,0.05,equal_weight,1.0,0.05,0.0142368353253167,Financials,,
2026-02-19,2026-02-20,2026-03-05,signal_horizon,9,0,AXON,long,0.05,0.05,equal_weight,1.0,0.05,0.0110833396538308,Industrials,,
2026-02-19,2026-02-20,2026-03-05,signal_horizon,9,0,CVNA,long,0.05,0.05,equal_weight,1.0,0.05,0.010550784814656,Consumer Discretionary,,
2026-02-19,2026-02-20,2026-03-05,signal_horizon,9,0,INTU,long,0.05,0.05,equal_weight,1.0,0.05,0.0100904638019581,Information Technology,,
2026-02-19,2026-02-20,2026-03-05,signal_horizon,9,0,STX,long,0.05,0.05,equal_weight,1.0,0.05,0.0094370771112301,Information Technology,,
2026-02-19,2026-02-20,2026-03-05,signal_horizon,9,0,VRT,long,0.05,0.05,equal_weight,1.0,0.05,0.009170566997232,Industrials,,
2026-02-19,2026-02-20,2026-03-05,signal_horizon,9,0,COIN,long,0.05,0.05,equal_weight,1.0,0.05,0.0086472003365139,Financials,,
2026-02-19,2026-02-20,2026-03-05,signal_horizon,9,0,APH,long,0.05,0.05,equal_weight,1.0,0.05,0.0073894262575177,Unknown,,
2026-02-19,2026-02-20,2026-03-05,signal_horizon,9,0,PCG,long,0.05,0.05,equal_weight,1.0,0.05,0.0073241533588007,Utilities,,
2026-02-19,2026-02-20,2026-03-05,signal_horizon,9,0,NEM,long,0.05,0.05,equal_weight,1.0,0.05,0.0072858637729652,Unknown,,
2026-02-19,2026-02-20,2026-03-05,signal_horizon,9,0,ELV,long,0.05,0.05,equal_weight,1.0,0.05,0.0071103459476937,Health Care,,
2026-02-19,2026-02-20,2026-03-05,signal_horizon,9,0,KDP,long,0.05,0.05,equal_weight,1.0,0.05,0.0063605687156535,Consumer Staples,,
2026-02-19,2026-02-20,2026-03-05,signal_horizon,9,0,PAYX,long,0.05,0.05,equal_weight,1.0,0.05,0.00626745247463,Industrials,,
2026-02-19,2026-02-20,2026-03-05,signal_horizon,9,0,DAL,long,0.05,0.05,equal_weight,1.0,0.05,0.0060594745096841,Industrials,,
2026-02-19,2026-02-20,2026-03-05,signal_horizon,9,0,MPC,long,0.05,0.05,equal_weight,1.0,0.05,0.0060542492031084,Energy,,
2026-02-19,2026-02-20,2026-03-05,signal_horizon,9,0,ODFL,long,0.05,0.05,equal_weight,1.0,0.05,0.005145049932491,Industrials,,
2026-02-19,2026-02-20,2026-03-05,signal_horizon,9,0,EME,long,0.05,0.05,equal_weight,1.0,0.05,0.0048458009037091,Industrials,,
2026-02-19,2026-02-20,2026-03-05,signal_horizon,9,0,URI,long,0.05,0.05,equal_weight,1.0,0.05,0.0047977984917057,Industrials,,
2026-02-19,2026-02-20,2026-03-05,signal_horizon,9,0,FAST,long,0.05,0.05,equal_weight,1.0,0.05,0.0046551202757669,Industrials,,
2026-02-19,2026-02-20,2026-03-05,signal_horizon,9,0,BRK-B,short,-0.05,0.05,equal_weight,1.0,-0.05,-0.0033751307995076,Financials,,
2026-02-19,2026-02-20,2026-03-05,signal_horizon,9,0,JPM,short,-0.05,0.05,equal_weight,1.0,-0.05,-0.0019783772888992,Financials,,
2026-02-19,2026-02-20,2026-03-05,signal_horizon,9,0,AAPL,short,-0.05,0.05,equal_weight,1.0,-0.05,-0.0018721159885809,Information Technology,,
2026-02-19,2026-02-20,2026-03-05,signal_horizon,9,0,COST,short,-0.05,0.05,equal_weight,1.0,-0.05,-0.0017595952453366,Consumer Staples,,
2026-02-19,2026-02-20,2026-03-05,signal_horizon,9,0,NVDA,short,-0.05,0.05,equal_weight,1.0,-0.05,-0.0016414662925739,Information Technology,,
2026-02-19,2026-02-20,2026-03-05,signal_horizon,9,0,MCD,short,-0.05,0.05,equal_weight,1.0,-0.05,-0.0015586624580771,Consumer Discretionary,,
2026-02-19,2026-02-20,2026-03-05,signal_horizon,9,0,CSCO,short,-0.05,0.05,equal_weight,1.0,-0.05,-0.0015230191959147,Information Technology,,
2026-02-19,2026-02-20,2026-03-05,signal_horizon,9,0,BA,short,-0.05,0.05,equal_weight,1.0,-0.05,-0.0011477901902464,Industrials,,
2026-02-19,2026-02-20,2026-03-05,signal_horizon,9,0,CVX,short,-0.05,0.05,equal_weight,1.0,-0.05,-0.000929501137202,Energy,,
2026-02-19,2026-02-20,2026-03-05,signal_horizon,9,0,NOC,short,-0.05,0.05,equal_weight,1.0,-0.05,-0.000614733054055,Unknown,,
2026-02-19,2026-02-20,2026-03-05,signal_horizon,9,0,LMT,short,-0.05,0.05,equal_weight,1.0,-0.05,-0.0004893074973738,Industrials,,
2026-02-19,2026-02-20,2026-03-05,signal_horizon,9,0,GE,short,-0.05,0.05,equal_weight,1.0,-0.05,-0.0002897513164012,Industrials,,
2026-02-19,2026-02-20,2026-03-05,signal_horizon,9,0,SO,short,-0.05,0.05,equal_weight,1.0,-0.05,-0.0002874177038697,Unknown,,
2026-02-19,2026-02-20,2026-03-05,signal_horizon,9,0,RTX,short,-0.05,0.05,equal_weight,1.0,-0.05,0.0002106864992173,Industrials,,
2026-02-19,2026-02-20,2026-03-05,signal_horizon,9,0,ZTS,short,-0.05,0.05,equal_weight,1.0,-0.05,0.0002858319532181,Health Care,,
2026-02-19,2026-02-20,2026-03-05,signal_horizon,9,0,CTAS,short,-0.05,0.05,equal_weight,1.0,-0.05,0.0003500772709238,Industrials,,
2026-02-19,2026-02-20,2026-03-05,signal_horizon,9,0,AME,short,-0.05,0.05,equal_weight,1.0,-0.05,0.0005670998297195,Industrials,,
2026-02-19,2026-02-20,2026-03-05,signal_horizon,9,0,WM,short,-0.05,0.05,equal_weight,1.0,-0.05,0.0006925834388732,Industrials,,
2026-02-19,2026-02-20,2026-03-05,signal_horizon,9,0,PCAR,short,-0.05,0.05,equal_weight,1.0,-0.05,0.0010334696141605,Industrials,,
2026-02-19,2026-02-20,2026-03-05,signal_horizon,9,0,NEE,short,-0.05,0.05,equal_weight,1.0,-0.05,0.0011952650583375,Utilities,,
2026-03-05,2026-03-06,2026-03-19,signal_horizon,9,0,LITE,long,0.05,0.05,equal_weight,1.0,0.05,0.0232209221108211,Information Technology,,
2026-03-05,2026-03-06,2026-03-19,signal_horizon,9,0,VRT,long,0.05,0.05,equal_weight,1.0,0.05,0.0229863008456205,Industrials,,
2026-03-05,2026-03-06,2026-03-19,signal_horizon,9,0,AXON,long,0.05,0.05,equal_weight,1.0,0.05,0.0226688286693775,Industrials,,
2026-03-05,2026-03-06,2026-03-19,signal_horizon,9,0,TPL,long,0.05,0.05,equal_weight,1.0,0.05,0.0210527066524209,Energy,,
2026-03-05,2026-03-06,2026-03-19,signal_horizon,9,0,KEYS,long,0.05,0.05,equal_weight,1.0,0.05,0.0203274905077112,Information Technology,,
2026-03-05,2026-03-06,2026-03-19,signal_horizon,9,0,DELL,long,0.05,0.05,equal_weight,1.0,0.05,0.0198863989267741,Unknown,,
2026-03-05,2026-03-06,2026-03-19,signal_horizon,9,0,COHR,long,0.05,0.05,equal_weight,1.0,0.05,0.019817796092007,Information Technology,,
2026-03-05,2026-03-06,2026-03-19,signal_horizon,9,0,XYZ,long,0.05,0.05,equal_weight,1.0,0.05,0.0196787829135016,Financials,,
2026-03-05,2026-03-06,2026-03-19,signal_horizon,9,0,GRMN,long,0.05,0.05,equal_weight,1.0,0.05,0.019639039281888,Consumer Discretionary,,
2026-03-05,2026-03-06,2026-03-19,signal_horizon,9,0,CEG,long,0.05,0.05,equal_weight,1.0,0.05,0.0192075024226041,Unknown,,
2026-03-05,2026-03-06,2026-03-19,signal_horizon,9,0,COIN,long,0.05,0.05,equal_weight,1.0,0.05,0.0186576654040512,Financials,,
2026-03-05,2026-03-06,2026-03-19,signal_horizon,9,0,FIX,long,0.05,0.05,equal_weight,1.0,0.05,0.0162583358150352,Industrials,,
2026-03-05,2026-03-06,2026-03-19,signal_horizon,9,0,PWR,long,0.05,0.05,equal_weight,1.0,0.05,0.0144105821289258,Industrials,,
2026-03-05,2026-03-06,2026-03-19,signal_horizon,9,0,HWM,long,0.05,0.05,equal_weight,1.0,0.05,0.0136491571581056,Industrials,,
2026-03-05,2026-03-06,2026-03-19,signal_horizon,9,0,EW,long,0.05,0.05,equal_weight,1.0,0.05,0.0135552857478205,Health Care,,
2026-03-05,2026-03-06,2026-03-19,signal_horizon,9,0,PCG,long,0.05,0.05,equal_weight,1.0,0.05,0.0130649131399424,Utilities,,
2026-03-05,2026-03-06,2026-03-19,signal_horizon,9,0,HSY,long,0.05,0.05,equal_weight,1.0,0.05,0.0129012951866376,Consumer Staples,,
2026-03-05,2026-03-06,2026-03-19,signal_horizon,9,0,GEV,long,0.05,0.05,equal_weight,1.0,0.05,0.0116953575589595,Industrials,,
2026-03-05,2026-03-06,2026-03-19,signal_horizon,9,0,CMI,long,0.05,0.05,equal_weight,1.0,0.05,0.0107957506958573,Industrials,,
2026-03-05,2026-03-06,2026-03-19,signal_horizon,9,0,PAYX,long,0.05,0.05,equal_weight,1.0,0.05,0.0107074786743574,Industrials,,
2026-03-05,2026-03-06,2026-03-19,signal_horizon,9,0,TXN,short,-0.05,0.05,equal_weight,1.0,-0.05,0.0030537677657358,Information Technology,,
2026-03-05,2026-03-06,2026-03-19,signal_horizon,9,0,AAPL,short,-0.05,0.05,equal_weight,1.0,-0.05,0.0034478979430849,Information Technology,,
2026-03-05,2026-03-06,2026-03-19,signal_horizon,9,0,BRK-B,short,-0.05,0.05,equal_weight,1.0,-0.05,0.0036395651324195,Financials,,
2026-03-05,2026-03-06,2026-03-19,signal_horizon,9,0,MSFT,short,-0.05,0.05,equal_weight,1.0,-0.05,0.0037647758134227,Information Technology,,
2026-03-05,2026-03-06,2026-03-19,signal_horizon,9,0,BSX,short,-0.05,0.05,equal_weight,1.0,-0.05,0.0043110813750801,Unknown,,
2026-03-05,2026-03-06,2026-03-19,signal_horizon,9,0,HD,short,-0.05,0.05,equal_weight,1.0,-0.05,0.0043600036703182,Consumer Discretionary,,
2026-03-05,2026-03-06,2026-03-19,signal_horizon,9,0,COST,short,-0.05,0.05,equal_weight,1.0,-0.05,0.0044941992100431,Consumer Staples,,
2026-03-05,2026-03-06,2026-03-19,signal_horizon,9,0,CVX,short,-0.05,0.05,equal_weight,1.0,-0.05,0.0045746930998625,Energy,,
2026-03-05,2026-03-06,2026-03-19,signal_horizon,9,0,NEE,short,-0.05,0.05,equal_weight,1.0,-0.05,0.004907370671511,Utilities,,
2026-03-05,2026-03-06,2026-03-19,signal_horizon,9,0,AXP,short,-0.05,0.05,equal_weight,1.0,-0.05,0.0049306251286427,Financials,,
2026-03-05,2026-03-06,2026-03-19,signal_horizon,9,0,LMT,short,-0.05,0.05,equal_weight,1.0,-0.05,0.0050246517879444,Industrials,,
2026-03-05,2026-03-06,2026-03-19,signal_horizon,9,0,HON,short,-0.05,0.05,equal_weight,1.0,-0.05,0.0055095266314052,Industrials,,
2026-03-05,2026-03-06,2026-03-19,signal_horizon,9,0,CTAS,short,-0.05,0.05,equal_weight,1.0,-0.05,0.0055958178843481,Industrials,,
2026-03-05,2026-03-06,2026-03-19,signal_horizon,9,0,TGT,short,-0.05,0.05,equal_weight,1.0,-0.05,0.0057569398282642,Unknown,,
2026-03-05,2026-03-06,2026-03-19,signal_horizon,9,0,TMO,short,-0.05,0.05,equal_weight,1.0,-0.05,0.0060360442898482,Health Care,,
2026-03-05,2026-03-06,2026-03-19,signal_horizon,9,0,RTX,short,-0.05,0.05,equal_weight,1.0,-0.05,0.0064949033260218,Industrials,,
2026-03-05,2026-03-06,2026-03-19,signal_horizon,9,0,UNP,short,-0.05,0.05,equal_weight,1.0,-0.05,0.0065741855655259,Industrials,,
2026-03-05,2026-03-06,2026-03-19,signal_horizon,9,0,UBER,short,-0.05,0.05,equal_weight,1.0,-0.05,0.0067476018753224,Industrials,,
2026-03-05,2026-03-06,2026-03-19,signal_horizon,9,0,CARR,short,-0.05,0.05,equal_weight,1.0,-0.05,0.0068555555751848,Industrials,,
2026-03-05,2026-03-06,2026-03-19,signal_horizon,9,0,AME,short,-0.05,0.05,equal_weight,1.0,-0.05,0.0069559976830347,Industrials,,
2026-03-19,2026-03-20,2026-04-02,signal_horizon,9,0,COIN,long,0.05,0.05,equal_weight,1.0,0.05,0.0221866232663147,Financials,,
2026-03-19,2026-03-20,2026-04-02,signal_horizon,9,0,AXON,long,0.05,0.05,equal_weight,1.0,0.05,0.0217699405504711,Industrials,,
2026-03-19,2026-03-20,2026-04-02,signal_horizon,9,0,XYZ,long,0.05,0.05,equal_weight,1.0,0.05,0.0200160262224392,Financials,,
2026-03-19,2026-03-20,2026-04-02,signal_horizon,9,0,APP,long,0.05,0.05,equal_weight,1.0,0.05,0.0193275022258614,Information Technology,,
2026-03-19,2026-03-20,2026-04-02,signal_horizon,9,0,DELL,long,0.05,0.05,equal_weight,1.0,0.05,0.0189676807274195,Unknown,,
2026-03-19,2026-03-20,2026-04-02,signal_horizon,9,0,TPL,long,0.05,0.05,equal_weight,1.0,0.05,0.0185339199395245,Energy,,
2026-03-19,2026-03-20,2026-04-02,signal_horizon,9,0,LITE,long,0.05,0.05,equal_weight,1.0,0.05,0.0178189402666694,Information Technology,,
2026-03-19,2026-03-20,2026-04-02,signal_horizon,9,0,SNDK,long,0.05,0.05,equal_weight,1.0,0.05,0.0178125531535663,Information Technology,,
2026-03-19,2026-03-20,2026-04-02,signal_horizon,9,0,CVNA,long,0.05,0.05,equal_weight,1.0,0.05,0.017279870764766,Consumer Discretionary,,
2026-03-19,2026-03-20,2026-04-02,signal_horizon,9,0,CRWD,long,0.05,0.05,equal_weight,1.0,0.05,0.0162674503225594,Unknown,,
2026-03-19,2026-03-20,2026-04-02,signal_horizon,9,0,ODFL,long,0.05,0.05,equal_weight,1.0,0.05,0.0151708182147781,Industrials,,
2026-03-19,2026-03-20,2026-04-02,signal_horizon,9,0,GEHC,long,0.05,0.05,equal_weight,1.0,0.05,0.0142567096305704,Health Care,,
2026-03-19,2026-03-20,2026-04-02,signal_horizon,9,0,URI,long,0.05,0.05,equal_weight,1.0,0.05,0.014082748335336,Industrials,,
2026-03-19,2026-03-20,2026-04-02,signal_horizon,9,0,EMR,long,0.05,0.05,equal_weight,1.0,0.05,0.0138631460663009,Industrials,,
2026-03-19,2026-03-20,2026-04-02,signal_horizon,9,0,ROK,long,0.05,0.05,equal_weight,1.0,0.05,0.013148558970192,Industrials,,
2026-03-19,2026-03-20,2026-04-02,signal_horizon,9,0,KDP,long,0.05,0.05,equal_weight,1.0,0.05,0.0129655415359355,Consumer Staples,,
2026-03-19,2026-03-20,2026-04-02,signal_horizon,9,0,PAYX,long,0.05,0.05,equal_weight,1.0,0.05,0.0128468021056853,Industrials,,
2026-03-19,2026-03-20,2026-04-02,signal_horizon,9,0,CPRT,long,0.05,0.05,equal_weight,1.0,0.05,0.0125722059040547,Industrials,,
2026-03-19,2026-03-20,2026-04-02,signal_horizon,9,0,FAST,long,0.05,0.05,equal_weight,1.0,0.05,0.0124950219916736,Industrials,,
2026-03-19,2026-03-20,2026-04-02,signal_horizon,9,0,XEL,long,0.05,0.05,equal_weight,1.0,0.05,0.0124027943066185,Utilities,,
2026-03-19,2026-03-20,2026-04-02,signal_horizon,9,0,AAPL,short,-0.05,0.05,equal_weight,1.0,-0.05,0.0045000974910674,Information Technology,,
2026-03-19,2026-03-20,2026-04-02,signal_horizon,9,0,BRK-B,short,-0.05,0.05,equal_weight,1.0,-0.05,0.0048770360498751,Financials,,
2026-03-19,2026-03-20,2026-04-02,signal_horizon,9,0,CSCO,short,-0.05,0.05,equal_weight,1.0,-0.05,0.0049680453657877,Information Technology,,
2026-03-19,2026-03-20,2026-04-02,signal_horizon,9,0,PEP,short,-0.05,0.05,equal_weight,1.0,-0.05,0.0050858723972758,Consumer Staples,,
2026-03-19,2026-03-20,2026-04-02,signal_horizon,9,0,QCOM,short,-0.05,0.05,equal_weight,1.0,-0.05,0.0053001529342047,Information Technology,,
2026-03-19,2026-03-20,2026-04-02,signal_horizon,9,0,JNJ,short,-0.05,0.05,equal_weight,1.0,-0.05,0.0055314227958105,Health Care,,
2026-03-19,2026-03-20,2026-04-02,signal_horizon,9,0,DE,short,-0.05,0.05,equal_weight,1.0,-0.05,0.0058715767624551,Industrials,,
2026-03-19,2026-03-20,2026-04-02,signal_horizon,9,0,JPM,short,-0.05,0.05,equal_weight,1.0,-0.05,0.0062052189879572,Financials,,
2026-03-19,2026-03-20,2026-04-02,signal_horizon,9,0,CVX,short,-0.05,0.05,equal_weight,1.0,-0.05,0.0062243293299434,Energy,,
2026-03-19,2026-03-20,2026-04-02,signal_horizon,9,0,HD,short,-0.05,0.05,equal_weight,1.0,-0.05,0.0064023254607594,Consumer Discretionary,,
2026-03-19,2026-03-20,2026-04-02,signal_horizon,9,0,ITW,short,-0.05,0.05,equal_weight,1.0,-0.05,0.0065844616314627,Industrials,,
2026-03-19,2026-03-20,2026-04-02,signal_horizon,9,0,NEE,short,-0.05,0.05,equal_weight,1.0,-0.05,0.0068038296962281,Utilities,,
2026-03-19,2026-03-20,2026-04-02,signal_horizon,9,0,GILD,short,-0.05,0.05,equal_weight,1.0,-0.05,0.0071650328342583,Unknown,,
2026-03-19,2026-03-20,2026-04-02,signal_horizon,9,0,DUK,short,-0.05,0.05,equal_weight,1.0,-0.05,0.0073072575601526,Unknown,,
2026-03-19,2026-03-20,2026-04-02,signal_horizon,9,0,HON,short,-0.05,0.05,equal_weight,1.0,-0.05,0.0077756966866359,Industrials,,
2026-03-19,2026-03-20,2026-04-02,signal_horizon,9,0,LMT,short,-0.05,0.05,equal_weight,1.0,-0.05,0.0078152191875993,Industrials,,
2026-03-19,2026-03-20,2026-04-02,signal_horizon,9,0,VRT,short,-0.05,0.05,equal_weight,1.0,-0.05,0.0078663751458811,Industrials,,
2026-03-19,2026-03-20,2026-04-02,signal_horizon,9,0,PWR,short,-0.05,0.05,equal_weight,1.0,-0.05,0.0079281353104409,Industrials,,
2026-03-19,2026-03-20,2026-04-02,signal_horizon,9,0,CAT,short,-0.05,0.05,equal_weight,1.0,-0.05,0.0080256659074448,Industrials,,
2026-03-19,2026-03-20,2026-04-02,signal_horizon,9,0,TT,short,-0.05,0.05,equal_weight,1.0,-0.05,0.0081017443008416,Industrials,,
2026-04-02,2026-04-06,2026-04-17,signal_horizon,9,0,SNDK,long,0.05,0.05,equal_weight,1.0,0.05,0.0255262568227124,Information Technology,,
2026-04-02,2026-04-06,2026-04-17,signal_horizon,9,0,CIEN,long,0.05,0.05,equal_weight,1.0,0.05,0.0219550479998725,Information Technology,,
2026-04-02,2026-04-06,2026-04-17,signal_horizon,9,0,WDC,long,0.05,0.05,equal_weight,1.0,0.05,0.0211182359209169,Information Technology,,
2026-04-02,2026-04-06,2026-04-17,signal_horizon,9,0,NEM,long,0.05,0.05,equal_weight,1.0,0.05,0.018962327759371,Unknown,,
2026-04-02,2026-04-06,2026-04-17,signal_horizon,9,0,LRCX,long,0.05,0.05,equal_weight,1.0,0.05,0.0177296988790169,Unknown,,
2026-04-02,2026-04-06,2026-04-17,signal_horizon,9,0,NKE,long,0.05,0.05,equal_weight,1.0,0.05,0.0172370255130155,Consumer Discretionary,,
2026-04-02,2026-04-06,2026-04-17,signal_horizon,9,0,AXON,long,0.05,0.05,equal_weight,1.0,0.05,0.0160980868726712,Industrials,,
2026-04-02,2026-04-06,2026-04-17,signal_horizon,9,0,DAL,long,0.05,0.05,equal_weight,1.0,0.05,0.0160870514117535,Industrials,,
2026-04-02,2026-04-06,2026-04-17,signal_horizon,9,0,FIX,long,0.05,0.05,equal_weight,1.0,0.05,0.016084052649522,Industrials,,
2026-04-02,2026-04-06,2026-04-17,signal_horizon,9,0,XYZ,long,0.05,0.05,equal_weight,1.0,0.05,0.0152823139970914,Financials,,
2026-04-02,2026-04-06,2026-04-17,signal_horizon,9,0,ADM,long,0.05,0.05,equal_weight,1.0,0.05,0.0148817696330111,Consumer Staples,,
2026-04-02,2026-04-06,2026-04-17,signal_horizon,9,0,APO,long,0.05,0.05,equal_weight,1.0,0.05,0.0148132069177619,Financials,,
2026-04-02,2026-04-06,2026-04-17,signal_horizon,9,0,EW,long,0.05,0.05,equal_weight,1.0,0.05,0.0146306407995801,Health Care,,
2026-04-02,2026-04-06,2026-04-17,signal_horizon,9,0,OXY,long,0.05,0.05,equal_weight,1.0,0.05,0.0143942612811205,Energy,,
2026-04-02,2026-04-06,2026-04-17,signal_horizon,9,0,ODFL,long,0.05,0.05,equal_weight,1.0,0.05,0.0137679718587801,Industrials,,
2026-04-02,2026-04-06,2026-04-17,signal_horizon,9,0,BA,long,0.05,0.05,equal_weight,1.0,0.05,0.0132615760935395,Industrials,,
2026-04-02,2026-04-06,2026-04-17,signal_horizon,9,0,EME,long,0.05,0.05,equal_weight,1.0,0.05,0.0128859748923825,Industrials,,
2026-04-02,2026-04-06,2026-04-17,signal_horizon,9,0,VST,long,0.05,0.05,equal_weight,1.0,0.05,0.0126378212516305,Utilities,,
2026-04-02,2026-04-06,2026-04-17,signal_horizon,9,0,EMR,long,0.05,0.05,equal_weight,1.0,0.05,0.0126254925682112,Industrials,,
2026-04-02,2026-04-06,2026-04-17,signal_horizon,9,0,CPRT,long,0.05,0.05,equal_weight,1.0,0.05,0.0121544269316717,Industrials,,
2026-04-02,2026-04-06,2026-04-17,signal_horizon,9,0,QCOM,short,-0.05,0.05,equal_weight,1.0,-0.05,-0.0016448410307124,Information Technology,,
2026-04-02,2026-04-06,2026-04-17,signal_horizon,9,0,ADP,short,-0.05,0.05,equal_weight,1.0,-0.05,0.0023907461211858,Information Technology,,
2026-04-02,2026-04-06,2026-04-17,signal_horizon,9,0,CSCO,short,-0.05,0.05,equal_weight,1.0,-0.05,0.0029012503941264,Information Technology,,
2026-04-02,2026-04-06,2026-04-17,signal_horizon,9,0,ABT,short,-0.05,0.05,equal_weight,1.0,-0.05,0.0032279375307058,Health Care,,
2026-04-02,2026-04-06,2026-04-17,signal_horizon,9,0,CMCSA,short,-0.05,0.05,equal_weight,1.0,-0.05,0.0039723910565139,Unknown,,
2026-04-02,2026-04-06,2026-04-17,signal_horizon,9,0,UPS,short,-0.05,0.05,equal_weight,1.0,-0.05,0.0041881851791701,Industrials,,
2026-04-02,2026-04-06,2026-04-17,signal_horizon,9,0,PG,short,-0.05,0.05,equal_weight,1.0,-0.05,0.004259167507109,Consumer Staples,,
2026-04-02,2026-04-06,2026-04-17,signal_horizon,9,0,BRK-B,short,-0.05,0.05,equal_weight,1.0,-0.05,0.0046706130011929,Financials,,
2026-04-02,2026-04-06,2026-04-17,signal_horizon,9,0,HD,short,-0.05,0.05,equal_weight,1.0,-0.05,0.0052063962257334,Consumer Discretionary,,
2026-04-02,2026-04-06,2026-04-17,signal_horizon,9,0,NEE,short,-0.05,0.05,equal_weight,1.0,-0.05,0.0052380777315263,Utilities,,
2026-04-02,2026-04-06,2026-04-17,signal_horizon,9,0,FDX,short,-0.05,0.05,equal_weight,1.0,-0.05,0.0054002807614825,Unknown,,
2026-04-02,2026-04-06,2026-04-17,signal_horizon,9,0,TPL,short,-0.05,0.05,equal_weight,1.0,-0.05,0.0054737829634177,Energy,,
2026-04-02,2026-04-06,2026-04-17,signal_horizon,9,0,DE,short,-0.05,0.05,equal_weight,1.0,-0.05,0.0054906944383149,Industrials,,
2026-04-02,2026-04-06,2026-04-17,signal_horizon,9,0,JPM,short,-0.05,0.05,equal_weight,1.0,-0.05,0.0054962404552841,Financials,,
2026-04-02,2026-04-06,2026-04-17,signal_horizon,9,0,LMT,short,-0.05,0.05,equal_weight,1.0,-0.05,0.0056238488309886,Industrials,,
2026-04-02,2026-04-06,2026-04-17,signal_horizon,9,0,UNP,short,-0.05,0.05,equal_weight,1.0,-0.05,0.0063051963611287,Industrials,,
2026-04-02,2026-04-06,2026-04-17,signal_horizon,9,0,ITW,short,-0.05,0.05,equal_weight,1.0,-0.05,0.0066239795192128,Industrials,,
2026-04-02,2026-04-06,2026-04-17,signal_horizon,9,0,NSC,short,-0.05,0.05,equal_weight,1.0,-0.05,0.006994064216257,Industrials,,
2026-04-02,2026-04-06,2026-04-17,signal_horizon,9,0,CAT,short,-0.05,0.05,equal_weight,1.0,-0.05,0.007821902028952,Industrials,,
2026-04-02,2026-04-06,2026-04-17,signal_horizon,9,0,HON,short,-0.05,0.05,equal_weight,1.0,-0.05,0.0080543467560507,Industrials,,
2026-04-17,2026-04-20,2026-05-01,signal_horizon,9,0,MU,long,0.05,0.05,equal_weight,1.0,0.05,0.0189614011050422,Information Technology,,
2026-04-17,2026-04-20,2026-05-01,signal_horizon,9,0,CVNA,long,0.05,0.05,equal_weight,1.0,0.05,0.0183616831511015,Consumer Discretionary,,
2026-04-17,2026-04-20,2026-05-01,signal_horizon,9,0,SYY,long,0.05,0.05,equal_weight,1.0,0.05,0.0183310297360073,Consumer Staples,,
2026-04-17,2026-04-20,2026-05-01,signal_horizon,9,0,HOOD,long,0.05,0.05,equal_weight,1.0,0.05,0.0173294439512354,Financials,,
2026-04-17,2026-04-20,2026-05-01,signal_horizon,9,0,LRCX,long,0.05,0.05,equal_weight,1.0,0.05,0.0170465195139027,Unknown,,
2026-04-17,2026-04-20,2026-05-01,signal_horizon,9,0,NRG,long,0.05,0.05,equal_weight,1.0,0.05,0.0169429943201942,Utilities,,
2026-04-17,2026-04-20,2026-05-01,signal_horizon,9,0,ANET,long,0.05,0.05,equal_weight,1.0,0.05,0.0159278516540775,Information Technology,,
2026-04-17,2026-04-20,2026-05-01,signal_horizon,9,0,MPWR,long,0.05,0.05,equal_weight,1.0,0.05,0.0158154476498993,Information Technology,,
2026-04-17,2026-04-20,2026-05-01,signal_horizon,9,0,APH,long,0.05,0.05,equal_weight,1.0,0.05,0.015537828434125,Unknown,,
2026-04-17,2026-04-20,2026-05-01,signal_horizon,9,0,CARR,long,0.05,0.05,equal_weight,1.0,0.05,0.0152474791259996,Industrials,,
2026-04-17,2026-04-20,2026-05-01,signal_horizon,9,0,TPL,long,0.05,0.05,equal_weight,1.0,0.05,0.0149604051164487,Energy,,
2026-04-17,2026-04-20,2026-05-01,signal_horizon,9,0,TFC,long,0.05,0.05,equal_weight,1.0,0.05,0.013227085661323,Financials,,
2026-04-17,2026-04-20,2026-05-01,signal_horizon,9,0,GEHC,long,0.05,0.05,equal_weight,1.0,0.05,0.0131296581983939,Health Care,,
2026-04-17,2026-04-20,2026-05-01,signal_horizon,9,0,EMR,long,0.05,0.05,equal_weight,1.0,0.05,0.0131006183961104,Industrials,,
2026-04-17,2026-04-20,2026-05-01,signal_horizon,9,0,IR,long,0.05,0.05,equal_weight,1.0,0.05,0.0129590786303434,Industrials,,
2026-04-17,2026-04-20,2026-05-01,signal_horizon,9,0,ROK,long,0.05,0.05,equal_weight,1.0,0.05,0.012030988724685,Industrials,,
2026-04-17,2026-04-20,2026-05-01,signal_horizon,9,0,FIX,long,0.05,0.05,equal_weight,1.0,0.05,0.0114199172544974,Industrials,,
2026-04-17,2026-04-20,2026-05-01,signal_horizon,9,0,CMI,long,0.05,0.05,equal_weight,1.0,0.05,0.0113989784951687,Industrials,,
2026-04-17,2026-04-20,2026-05-01,signal_horizon,9,0,BA,long,0.05,0.05,equal_weight,1.0,0.05,0.0113854879062096,Industrials,,
2026-04-17,2026-04-20,2026-05-01,signal_horizon,9,0,TT,long,0.05,0.05,equal_weight,1.0,0.05,0.0110680221814139,Industrials,,
2026-04-17,2026-04-20,2026-05-01,signal_horizon,9,0,INTU,short,-0.05,0.05,equal_weight,1.0,-0.05,-0.0033443530287235,Information Technology,,
2026-04-17,2026-04-20,2026-05-01,signal_horizon,9,0,QCOM,short,-0.05,0.05,equal_weight,1.0,-0.05,-0.0022897374603957,Information Technology,,
2026-04-17,2026-04-20,2026-05-01,signal_horizon,9,0,ROP,short,-0.05,0.05,equal_weight,1.0,-0.05,-0.0008710811642278,Information Technology,,
2026-04-17,2026-04-20,2026-05-01,signal_horizon,9,0,OXY,short,-0.05,0.05,equal_weight,1.0,-0.05,-0.0003152486858798,Energy,,
2026-04-17,2026-04-20,2026-05-01,signal_horizon,9,0,ROST,short,-0.05,0.05,equal_weight,1.0,-0.05,0.0001663070984528,Consumer Discretionary,,
2026-04-17,2026-04-20,2026-05-01,signal_horizon,9,0,COST,short,-0.05,0.05,equal_weight,1.0,-0.05,0.0015028716604488,Consumer Staples,,
2026-04-17,2026-04-20,2026-05-01,signal_horizon,9,0,BRK-B,short,-0.05,0.05,equal_weight,1.0,-0.05,0.0015194375954118,Financials,,
2026-04-17,2026-04-20,2026-05-01,signal_horizon,9,0,UNP,short,-0.05,0.05,equal_weight,1.0,-0.05,0.0019570743384903,Industrials,,
2026-04-17,2026-04-20,2026-05-01,signal_horizon,9,0,LMT,short,-0.05,0.05,equal_weight,1.0,-0.05,0.0019606750798777,Industrials,,
2026-04-17,2026-04-20,2026-05-01,signal_horizon,9,0,ABT,short,-0.05,0.05,equal_weight,1.0,-0.05,0.0023637364843951,Health Care,,
2026-04-17,2026-04-20,2026-05-01,signal_horizon,9,0,CB,short,-0.05,0.05,equal_weight,1.0,-0.05,0.0025889036545282,Unknown,,
2026-04-17,2026-04-20,2026-05-01,signal_horizon,9,0,LHX,short,-0.05,0.05,equal_weight,1.0,-0.05,0.0026051801618052,Industrials,,
2026-04-17,2026-04-20,2026-05-01,signal_horizon,9,0,TRV,short,-0.05,0.05,equal_weight,1.0,-0.05,0.0026264187428942,Financials,,
2026-04-17,2026-04-20,2026-05-01,signal_horizon,9,0,RTX,short,-0.05,0.05,equal_weight,1.0,-0.05,0.0026352747668193,Industrials,,
2026-04-17,2026-04-20,2026-05-01,signal_horizon,9,0,WM,short,-0.05,0.05,equal_weight,1.0,-0.05,0.0027605673658409,Industrials,,
2026-04-17,2026-04-20,2026-05-01,signal_horizon,9,0,TGT,short,-0.05,0.05,equal_weight,1.0,-0.05,0.0028092236905031,Unknown,,
2026-04-17,2026-04-20,2026-05-01,signal_horizon,9,0,HON,short,-0.05,0.05,equal_weight,1.0,-0.05,0.0032971649433823,Industrials,,
2026-04-17,2026-04-20,2026-05-01,signal_horizon,9,0,PAYX,short,-0.05,0.05,equal_weight,1.0,-0.05,0.0035075038028124,Industrials,,
2026-04-17,2026-04-20,2026-05-01,signal_horizon,9,0,FAST,short,-0.05,0.05,equal_weight,1.0,-0.05,0.0036322796955677,Industrials,,
2026-04-17,2026-04-20,2026-05-01,signal_horizon,9,0,ATO,short,-0.05,0.05,equal_weight,1.0,-0.05,0.0040373875102109,Utilities,,
2026-05-01,2026-05-04,2026-05-15,signal_horizon,9,0,TPL,long,0.05,0.05,equal_weight,1.0,0.05,0.019591584418563,Energy,,
2026-05-01,2026-05-04,2026-05-15,signal_horizon,9,0,NXPI,long,0.05,0.05,equal_weight,1.0,0.05,0.0175204497293936,Information Technology,,
2026-05-01,2026-05-04,2026-05-15,signal_horizon,9,0,SNDK,long,0.05,0.05,equal_weight,1.0,0.05,0.016325458050339,Information Technology,,
2026-05-01,2026-05-04,2026-05-15,signal_horizon,9,0,URI,long,0.05,0.05,equal_weight,1.0,0.05,0.0155332976979206,Industrials,,
2026-05-01,2026-05-04,2026-05-15,signal_horizon,9,0,AXON,long,0.05,0.05,equal_weight,1.0,0.05,0.0153518109607291,Industrials,,
2026-05-01,2026-05-04,2026-05-15,signal_horizon,9,0,NOC,long,0.05,0.05,equal_weight,1.0,0.05,0.0151585056787451,Unknown,,
2026-05-01,2026-05-04,2026-05-15,signal_horizon,9,0,IR,long,0.05,0.05,equal_weight,1.0,0.05,0.0149017526012244,Industrials,,
2026-05-01,2026-05-04,2026-05-15,signal_horizon,9,0,NRG,long,0.05,0.05,equal_weight,1.0,0.05,0.0148535409495398,Utilities,,
2026-05-01,2026-05-04,2026-05-15,signal_horizon,9,0,CCL,long,0.05,0.05,equal_weight,1.0,0.05,0.0145652375739668,Consumer Discretionary,,
2026-05-01,2026-05-04,2026-05-15,signal_horizon,9,0,MU,long,0.05,0.05,equal_weight,1.0,0.05,0.014326968281732,Information Technology,,
2026-05-01,2026-05-04,2026-05-15,signal_horizon,9,0,HSY,long,0.05,0.05,equal_weight,1.0,0.05,0.0142833326572264,Consumer Staples,,
2026-05-01,2026-05-04,2026-05-15,signal_horizon,9,0,NEM,long,0.05,0.05,equal_weight,1.0,0.05,0.0137898181712992,Unknown,,
2026-05-01,2026-05-04,2026-05-15,signal_horizon,9,0,HOOD,long,0.05,0.05,equal_weight,1.0,0.05,0.0137777636609595,Financials,,
2026-05-01,2026-05-04,2026-05-15,signal_horizon,9,0,CTAS,long,0.05,0.05,equal_weight,1.0,0.05,0.0124483344996794,Industrials,,
2026-05-01,2026-05-04,2026-05-15,signal_horizon,9,0,COR,long,0.05,0.05,equal_weight,1.0,0.05,0.0113213428753563,Health Care,,
2026-05-01,2026-05-04,2026-05-15,signal_horizon,9,0,APO,long,0.05,0.05,equal_weight,1.0,0.05,0.0110652168730093,Financials,,
2026-05-01,2026-05-04,2026-05-15,signal_horizon,9,0,LMT,long,0.05,0.05,equal_weight,1.0,0.05,0.0107063771397911,Industrials,,
2026-05-01,2026-05-04,2026-05-15,signal_horizon,9,0,EMR,long,0.05,0.05,equal_weight,1.0,0.05,0.0104101684214147,Industrials,,
2026-05-01,2026-05-04,2026-05-15,signal_horizon,9,0,TDG,long,0.05,0.05,equal_weight,1.0,0.05,0.0100300212506122,Industrials,,
2026-05-01,2026-05-04,2026-05-15,signal_horizon,9,0,GE,long,0.05,0.05,equal_weight,1.0,0.05,0.0098908935108459,Industrials,,
2026-05-01,2026-05-04,2026-05-15,signal_horizon,9,0,IBM,short,-0.05,0.05,equal_weight,1.0,-0.05,0.0013571922055684,Information Technology,,
2026-05-01,2026-05-04,2026-05-15,signal_horizon,9,0,SBUX,short,-0.05,0.05,equal_weight,1.0,-0.05,0.0015047692419157,Consumer Discretionary,,
2026-05-01,2026-05-04,2026-05-15,signal_horizon,9,0,V,short,-0.05,0.05,equal_weight,1.0,-0.05,0.0020226851136719,Unknown,,
2026-05-01,2026-05-04,2026-05-15,signal_horizon,9,0,CSCO,short,-0.05,0.05,equal_weight,1.0,-0.05,0.002395548475829,Information Technology,,
2026-05-01,2026-05-04,2026-05-15,signal_horizon,9,0,AAPL,short,-0.05,0.05,equal_weight,1.0,-0.05,0.0024908515991133,Information Technology,,
2026-05-01,2026-05-04,2026-05-15,signal_horizon,9,0,COST,short,-0.05,0.05,equal_weight,1.0,-0.05,0.0025133026420722,Consumer Staples,,
2026-05-01,2026-05-04,2026-05-15,signal_horizon,9,0,EQIX,short,-0.05,0.05,equal_weight,1.0,-0.05,0.002549430206883,Unknown,,
2026-05-01,2026-05-04,2026-05-15,signal_horizon,9,0,CAT,short,-0.05,0.05,equal_weight,1.0,-0.05,0.003903946829174,Industrials,,
2026-05-01,2026-05-04,2026-05-15,signal_horizon,9,0,BA,short,-0.05,0.05,equal_weight,1.0,-0.05,0.0039690616993697,Industrials,,
2026-05-01,2026-05-04,2026-05-15,signal_horizon,9,0,JPM,short,-0.05,0.05,equal_weight,1.0,-0.05,0.0040904401116754,Financials,,
2026-05-01,2026-05-04,2026-05-15,signal_horizon,9,0,BRK-B,short,-0.05,0.05,equal_weight,1.0,-0.05,0.0040991759908742,Financials,,
2026-05-01,2026-05-04,2026-05-15,signal_horizon,9,0,SLB,short,-0.05,0.05,equal_weight,1.0,-0.05,0.0042248107060453,Energy,,
2026-05-01,2026-05-04,2026-05-15,signal_horizon,9,0,ETR,short,-0.05,0.05,equal_weight,1.0,-0.05,0.0045184977419615,Utilities,,
2026-05-01,2026-05-04,2026-05-15,signal_horizon,9,0,ETN,short,-0.05,0.05,equal_weight,1.0,-0.05,0.0045550975820937,Industrials,,
2026-05-01,2026-05-04,2026-05-15,signal_horizon,9,0,UNP,short,-0.05,0.05,equal_weight,1.0,-0.05,0.0048167627886355,Industrials,,
2026-05-01,2026-05-04,2026-05-15,signal_horizon,9,0,TMO,short,-0.05,0.05,equal_weight,1.0,-0.05,0.0051237916121624,Health Care,,
2026-05-01,2026-05-04,2026-05-15,signal_horizon,9,0,TT,short,-0.05,0.05,equal_weight,1.0,-0.05,0.0052158265062558,Industrials,,
2026-05-01,2026-05-04,2026-05-15,signal_horizon,9,0,UBER,short,-0.05,0.05,equal_weight,1.0,-0.05,0.0057114240148259,Industrials,,
2026-05-01,2026-05-04,2026-05-15,signal_horizon,9,0,DAL,short,-0.05,0.05,equal_weight,1.0,-0.05,0.005736728276182,Industrials,,
2026-05-01,2026-05-04,2026-05-15,signal_horizon,9,0,CPRT,short,-0.05,0.05,equal_weight,1.0,-0.05,0.0057704136970632,Industrials,,
2026-05-15,2026-05-18,2026-06-01,signal_horizon,9,0,ZTS,long,0.05,0.05,equal_weight,1.0,0.05,0.01883832727876,Health Care,,
2026-05-15,2026-05-18,2026-06-01,signal_horizon,9,0,DDOG,long,0.05,0.05,equal_weight,1.0,0.05,0.0168675382254813,Information Technology,,
2026-05-15,2026-05-18,2026-06-01,signal_horizon,9,0,INTC,long,0.05,0.05,equal_weight,1.0,0.05,0.0146155231136974,Information Technology,,
2026-05-15,2026-05-18,2026-06-01,signal_horizon,9,0,SNDK,long,0.05,0.05,equal_weight,1.0,0.05,0.0140291899173385,Information Technology,,
2026-05-15,2026-05-18,2026-06-01,signal_horizon,9,0,TPL,long,0.05,0.05,equal_weight,1.0,0.05,0.010854934817229,Energy,,
2026-05-15,2026-05-18,2026-06-01,signal_horizon,9,0,AXON,long,0.05,0.05,equal_weight,1.0,0.05,0.0106617924502698,Industrials,,
2026-05-15,2026-05-18,2026-06-01,signal_horizon,9,0,COIN,long,0.05,0.05,equal_weight,1.0,0.05,0.0101612053829142,Financials,,
2026-05-15,2026-05-18,2026-06-01,signal_horizon,9,0,CMCSA,long,0.05,0.05,equal_weight,1.0,0.05,0.0100594172412654,Unknown,,
2026-05-15,2026-05-18,2026-06-01,signal_horizon,9,0,NEM,long,0.05,0.05,equal_weight,1.0,0.05,0.0086706796985347,Unknown,,
2026-05-15,2026-05-18,2026-06-01,signal_horizon,9,0,LVS,long,0.05,0.05,equal_weight,1.0,0.05,0.0083527945923081,Consumer Discretionary,,
2026-05-15,2026-05-18,2026-06-01,signal_horizon,9,0,NRG,long,0.05,0.05,equal_weight,1.0,0.05,0.0082782248669841,Utilities,,
2026-05-15,2026-05-18,2026-06-01,signal_horizon,9,0,PWR,long,0.05,0.05,equal_weight,1.0,0.05,0.0080999306933319,Industrials,,
2026-05-15,2026-05-18,2026-06-01,signal_horizon,9,0,HBAN,long,0.05,0.05,equal_weight,1.0,0.05,0.0075399077316238,Financials,,
2026-05-15,2026-05-18,2026-06-01,signal_horizon,9,0,KDP,long,0.05,0.05,equal_weight,1.0,0.05,0.0075165211078223,Consumer Staples,,
2026-05-15,2026-05-18,2026-06-01,signal_horizon,9,0,URI,long,0.05,0.05,equal_weight,1.0,0.05,0.0074177609370212,Industrials,,
2026-05-15,2026-05-18,2026-06-01,signal_horizon,9,0,IR,long,0.05,0.05,equal_weight,1.0,0.05,0.0073211262745921,Industrials,,
2026-05-15,2026-05-18,2026-06-01,signal_horizon,9,0,OTIS,long,0.05,0.05,equal_weight,1.0,0.05,0.0066820629757664,Industrials,,
2026-05-15,2026-05-18,2026-06-01,signal_horizon,9,0,VRT,long,0.05,0.05,equal_weight,1.0,0.05,0.0064538979657981,Industrials,,
2026-05-15,2026-05-18,2026-06-01,signal_horizon,9,0,TDG,long,0.05,0.05,equal_weight,1.0,0.05,0.0059558338864217,Industrials,,
2026-05-15,2026-05-18,2026-06-01,signal_horizon,9,0,LHX,long,0.05,0.05,equal_weight,1.0,0.05,0.0058322013577126,Industrials,,
2026-05-15,2026-05-18,2026-06-01,signal_horizon,9,0,ANET,short,-0.05,0.05,equal_weight,1.0,-0.05,-0.0020655396790925,Information Technology,,
2026-05-15,2026-05-18,2026-06-01,signal_horizon,9,0,COST,short,-0.05,0.05,equal_weight,1.0,-0.05,-0.0019188638448647,Consumer Staples,,
2026-05-15,2026-05-18,2026-06-01,signal_horizon,9,0,AAPL,short,-0.05,0.05,equal_weight,1.0,-0.05,-0.0016591864691264,Information Technology,,
2026-05-15,2026-05-18,2026-06-01,signal_horizon,9,0,UNH,short,-0.05,0.05,equal_weight,1.0,-0.05,-0.0015576173815864,Health Care,,
2026-05-15,2026-05-18,2026-06-01,signal_horizon,9,0,CSCO,short,-0.05,0.05,equal_weight,1.0,-0.05,-0.0013736368993581,Information Technology,,
2026-05-15,2026-05-18,2026-06-01,signal_horizon,9,0,AMZN,short,-0.05,0.05,equal_weight,1.0,-0.05,-0.0008516941169719,Consumer Discretionary,,
2026-05-15,2026-05-18,2026-06-01,signal_horizon,9,0,ETR,short,-0.05,0.05,equal_weight,1.0,-0.05,-0.0006676682811209,Utilities,,
2026-05-15,2026-05-18,2026-06-01,signal_horizon,9,0,GS,short,-0.05,0.05,equal_weight,1.0,-0.05,-0.0002063906573166,Financials,,
2026-05-15,2026-05-18,2026-06-01,signal_horizon,9,0,MS,short,-0.05,0.05,equal_weight,1.0,-0.05,0.0001727606392922,Financials,,
2026-05-15,2026-05-18,2026-06-01,signal_horizon,9,0,V,short,-0.05,0.05,equal_weight,1.0,-0.05,0.0002250388012566,Unknown,,
2026-05-15,2026-05-18,2026-06-01,signal_horizon,9,0,SLB,short,-0.05,0.05,equal_weight,1.0,-0.05,0.0005345772260815,Energy,,
2026-05-15,2026-05-18,2026-06-01,signal_horizon,9,0,MMM,short,-0.05,0.05,equal_weight,1.0,-0.05,0.0006418622688506,Industrials,,
2026-05-15,2026-05-18,2026-06-01,signal_horizon,9,0,ETN,short,-0.05,0.05,equal_weight,1.0,-0.05,0.0006531271557264,Industrials,,
2026-05-15,2026-05-18,2026-06-01,signal_horizon,9,0,UNP,short,-0.05,0.05,equal_weight,1.0,-0.05,0.0008686339371966,Industrials,,
2026-05-15,2026-05-18,2026-06-01,signal_horizon,9,0,CME,short,-0.05,0.05,equal_weight,1.0,-0.05,0.0009925505799523,Unknown,,
2026-05-15,2026-05-18,2026-06-01,signal_horizon,9,0,CMI,short,-0.05,0.05,equal_weight,1.0,-0.05,0.0011151505861702,Industrials,,
2026-05-15,2026-05-18,2026-06-01,signal_horizon,9,0,ITW,short,-0.05,0.05,equal_weight,1.0,-0.05,0.0012741630864138,Industrials,,
2026-05-15,2026-05-18,2026-06-01,signal_horizon,9,0,HON,short,-0.05,0.05,equal_weight,1.0,-0.05,0.0015160926123842,Industrials,,
2026-05-15,2026-05-18,2026-06-01,signal_horizon,9,0,DAL,short,-0.05,0.05,equal_weight,1.0,-0.05,0.0017117631828538,Industrials,,
2026-05-15,2026-05-18,2026-06-01,signal_horizon,9,0,CSX,short,-0.05,0.05,equal_weight,1.0,-0.05,0.0017242262797054,Industrials,,
