instrument_id,date,previous_adjustment,adjustment,adjustment_change_pct,raw_close_reconstructed,adjusted_close_reconstructed,raw_daily_return,adjusted_daily_return,raw_jump_removed_by_adjustment,large_adjustment_change_gt_20pct,residual_adjusted_return_gt_20pct,residual_adjusted_return_gt_50pct,review_priority
TGT,2024-11-20,0.9324869986694418,0.939230356237872,0.007231583473069625,121.72000122070312,114.3231201077952,-0.21974358191856969,-0.21410109250081566,False,False,True,False,high
CMCSA,2022-01-04,0.8650129587004699,0.8692958572510336,0.0049512536286138165,47.03842544555664,40.890308371433996,-0.010839592307600343,-0.0059420082497322335,False,False,False,False,low
CSCO,2022-01-04,0.8786818757908106,0.883859813312329,0.0058928466196690454,61.25,54.13641356538015,-0.030240656301875668,-0.024526013231471633,False,False,False,False,low
JPM,2022-01-05,0.8917228775018827,0.8970679236374927,0.0059940663971567165,163.77999877929688,146.92178343829494,-0.02413157961968404,-0.01828215951303591,False,False,False,False,low
KDP,2022-01-05,0.8882874145874201,0.8927924777484156,0.005071627816643165,37.029998779296875,33.06010436118926,-0.006172827498583278,-0.0011325059655894476,False,False,False,False,low
AXP,2022-01-06,0.9459540709528436,0.9483283902778744,0.002509973156137768,172.8999938964844,163.96597289090735,0.0066371648003464845,0.009163797061965795,False,False,False,False,low
BMY,2022-01-06,0.8307295588791278,0.8380095121601051,0.008763325203932748,61.47999954223633,51.52082442399295,-0.010939515875885153,-0.002272057207146516,False,False,False,False,low
MA,2022-01-06,0.9737121136733634,0.97498977246098,0.0013121525034709425,370.0,360.7462158105626,-0.01043058026249688,-0.00913211427102989,False,False,False,False,low
ORCL,2022-01-06,0.9413334320553856,0.944830479579271,0.0037149934388813755,86.33999633789062,81.5766601468017,-0.0013879568338277526,0.00232188035452241,False,False,False,False,low
PGR,2022-01-06,0.9092592924015128,0.910143926900981,0.000972917743993218,105.25,95.79264830632825,0.022937123377891666,0.023932357056215325,False,False,False,False,low
SYY,2022-01-06,0.8869881145860338,0.8922168681378353,0.005894953343587694,79.66999816894531,71.08291625084345,-0.006608463833719491,-0.000752467076104435,False,False,False,False,low
INTU,2022-01-07,0.9696516669148568,0.9707773056500264,0.0011608691797035942,567.5599975585938,550.9743652246672,-0.03211176285314654,-0.030988171229245354,False,False,False,False,low
ROP,2022-01-07,0.9723576760920164,0.973638071271635,0.001316794437993929,461.4299926757813,449.2658080957324,-0.02135738562930789,-0.0200687144779208,False,False,False,False,low
T,2022-01-07,0.7688475798734844,0.7896699124078366,0.027082523349788667,19.856494903564453,15.680076591224395,0.00689383025549728,0.03416305592415014,False,False,False,False,low
VZ,2022-01-07,0.750217432644326,0.7592560382674928,0.012047981331636093,54.2400016784668,41.18204879001486,0.008928634150297654,0.02108418749949359,False,False,False,False,low
ACN,2022-01-12,0.9343711365655634,0.9367937667159796,0.002592792152507073,377.19000244140625,353.3492431546945,0.005545085897658009,0.008152255305365452,False,False,False,False,low
ABBV,2022-01-13,0.8484274465543881,0.8572314166295202,0.01037680960332743,133.52000427246094,114.45754241086128,-0.027460042232026693,-0.017368180258640398,False,False,False,False,low
ABT,2022-01-13,0.917331756721001,0.9205673774014436,0.003527208838826512,129.64999389648438,119.35155486139979,-0.030436787967876633,-0.02701693603659583,False,False,False,False,low
EOG,2022-01-13,0.8177740176479125,0.8237861931685091,0.007351878869774842,102.0,84.02619170318793,-0.007492426468988844,-0.0001956310110545756,False,False,False,False,low
FCX,2022-01-13,0.9375439870946036,0.9406691973090846,0.0033334011603720626,44.33000183105469,41.699867239128466,-0.018161675905021046,-0.014888814896185099,False,False,False,False,low
GD,2022-01-13,0.9097731276107824,0.9149103573662626,0.0056467152079677785,211.3699951171875,193.3845977691712,-0.002642370490006374,0.002989424004330221,False,False,False,False,low
EME,2022-01-14,0.985655454748773,0.9866828659167888,0.0010423633969312007,124.6500015258789,122.99002074208629,-0.0016018978829515085,-0.0005612042457391331,False,False,False,False,low
PNC,2022-01-14,0.8441933753504316,0.8488792034337685,0.005550657254792757,222.1999969482422,188.62095641240964,-0.01876794019551864,-0.013321457344129595,False,False,False,False,low
LOW,2022-01-18,0.916615166647376,0.9196378774966052,0.0032976880147914667,238.41000366210935,219.25086974178012,-0.02050119293140673,-0.017271111454834065,False,False,False,False,low
CAT,2022-01-19,0.9243742349293452,0.9288595972103292,0.0048523229137025226,221.66000366210935,205.89102171922698,-0.035715802973296795,-0.031036784668742712,False,False,False,False,low
ZTS,2022-01-19,0.9530873905095588,0.9546179973356366,0.001605945940864384,200.5800018310547,191.47727965353974,-0.010458782186014703,-0.008869632483948453,False,False,False,False,low
CVS,2022-01-20,0.8573687415087476,0.8619513992044554,0.005345025394375202,102.38999938964844,88.2552032384508,-0.010246472594137468,-0.004956214855980634,False,False,False,False,low
PG,2022-01-20,0.8915120818918241,0.89632566470041,0.005399346690143858,162.0,145.20475768146642,0.0,0.005399346690143858,False,False,False,False,low
CL,2022-01-21,0.8981265617356519,0.9030055637788412,0.005432421499438345,83.66999816894531,75.55447386792308,0.004562339407384153,0.01001954545750694,False,False,False,False,low
MRSH,2022-01-26,0.933392582639354,0.9365913093255968,0.0034269896137355538,154.0,144.2350616361419,-0.016916654961605104,-0.013547638548722207,False,False,False,False,low
PFE,2022-01-27,0.7878028701647,0.7937927717967653,0.007603300088019571,53.369998931884766,42.36471938293121,0.006791183206005247,0.014446118697892807,False,False,False,False,low
BK,2022-01-28,0.8816283795763616,0.8867939652946905,0.005859141831177084,58.479999542236335,51.85971068449144,0.0018845402152556368,0.007754723834840549,False,False,False,False,low
F,2022-01-28,0.7450104534508376,0.7488408998071876,0.0051414665909821355,19.540000915527344,14.632351867816766,-0.0005114231162858252,0.004627414009830133,False,False,False,False,low
KMI,2022-01-28,0.7823348518540358,0.7946083909401347,0.015688345031557915,17.200000762939453,13.667264930408408,-0.016018237221363973,-0.0005811918221322321,False,False,False,False,low
MS,2022-01-28,0.8634276548892115,0.869444500567738,0.006968557984511792,101.8000030517578,88.50945281112976,0.0064261148400732715,0.013439453578463212,False,False,False,False,low
OKE,2022-01-28,0.7834296061818693,0.7957958290872733,0.015784727571979573,59.290000915527344,47.18273543515728,-0.014625183317225732,0.0009286897204010547,False,False,False,False,low
PAYX,2022-01-28,0.8698412968917998,0.875016124652192,0.005949163116172329,115.33000183105467,100.91561125833967,0.033422969605134245,0.03957097141931443,False,False,False,False,low
TRGP,2022-01-28,0.905744673454963,0.9112683652729692,0.006098508751849474,57.95000076293945,52.80800246281115,0.0036369774570161884,0.009757666347717464,False,False,False,False,low
TXN,2022-01-28,0.8777455083788273,0.8835579376062722,0.0066219982579920345,177.2899932861328,156.64598082612537,0.014186807174502825,0.020902750444890872,False,False,False,False,low
AON,2022-01-31,0.9684519529062248,0.97028355820585,0.0018912712129175446,276.4400024414062,268.2251891992815,0.02316977546570964,0.02510486700797543,False,False,False,False,low
NRG,2022-01-31,0.8870571435581078,0.8949071449053829,0.008849487774584164,39.93000030517578,35.73364256917593,0.0007518490764322205,0.009607990330226635,False,False,False,False,low
O,2022-01-31,0.7933223965456351,0.796152283515416,0.003567133591718896,69.41000366210938,55.260932914401764,-0.0011511613774543017,0.002411865867845586,False,False,False,False,low
FAST,2022-02-01,0.8958697351762239,0.9007961987817968,0.005499084757678352,28.254999160766605,25.451995840601416,-0.002999329264771644,0.002483261927063607,False,False,False,False,low
VLO,2022-02-02,0.8708765348797328,0.8808503695112319,0.011452639073432413,86.61000061035156,76.29045104099619,0.0006932126687260176,0.012153790856654467,False,False,False,False,low
COST,2022-02-03,0.9507148322187128,0.952155829887655,0.0015156991561595667,521.77001953125,496.8063659572753,-0.00047890883614865043,0.0010360644382920725,False,False,False,False,low
HWM,2022-02-03,0.9867957195626906,0.9874015281324636,0.0006139148739330302,32.52000045776367,32.11029814686427,-0.0027598942319345676,-0.0021476736981208555,False,False,False,False,low
NSC,2022-02-03,0.9074407411324792,0.9114761779562812,0.004447052728496548,275.82000732421875,251.4033660797524,-0.015209866653388082,-0.010830453003892626,False,False,False,False,low
WFC,2022-02-03,0.8938505414617162,0.8978640873619154,0.004490175609935587,55.16999816894531,49.53516005571863,-0.013588452209612023,-0.009159291136364711,False,False,False,False,low
AAPL,2022-02-04,0.9776370920929548,0.9788826111815068,0.0012740096490053698,172.38999938964844,168.74957274411742,-0.0029496502304173777,-0.0016793984642667903,False,False,False,False,low
BKR,2022-02-04,0.9013036825484964,0.9075006929465748,0.006875607542794038,26.590000152587887,24.130443563923038,0.008725323858528533,0.0156609233038576,False,False,False,False,low
BX,2022-02-04,0.854927932340112,0.8642739077168732,0.010931886797965973,132.25,114.30022429555648,-0.013722099993604742,-0.002940221639399221,False,False,False,False,low
C,2022-02-04,0.8535055756049819,0.8602283529066493,0.007876664773867725,66.08000183105469,56.84389113519654,0.012565119031293648,0.0205407550356147,False,False,False,False,low
INTC,2022-02-04,0.9274663897009416,0.9345315766563228,0.007617728290573833,48.0099983215332,44.866859426689835,-0.0055923874190206835,0.0019827395836993222,False,False,False,False,low
ADM,2022-02-07,0.8785392514616102,0.883205502205261,0.0053113742338632974,75.9800033569336,67.10595702241795,0.0035662960735169946,0.008896612240455681,False,False,False,False,low
MET,2022-02-07,0.8721313878052525,0.8782419246732606,0.007006440719196538,68.87000274658203,60.484523764410945,-0.0017393117974064953,0.005254942536789375,False,False,False,False,low
PCAR,2022-02-07,0.8523538442073051,0.8554304821662427,0.0036095783222505062,62.86666870117188,53.7780647192289,-0.0024330649869569454,0.0011677309966600102,False,False,False,False,low
SLB,2022-02-08,0.9038891437459292,0.9067035895636096,0.0031137068490685316,38.900001525878906,35.2707710175443,-0.034020335642202415,-0.03101255814523063,False,False,False,False,low
AEP,2022-02-09,0.8496538097735036,0.8570651924763334,0.008722826423629426,89.37999725341797,76.60448454953482,-0.009090906015160494,-0.000447377986734776,False,False,False,False,low
RMD,2022-02-09,0.9598688471724486,0.9615441116859336,0.00174530564089026,246.47999572753903,237.00138854018923,0.022526416125434823,0.024311037247457756,False,False,False,False,low
SPGI,2022-02-09,0.9623108901131816,0.9641681275589676,0.001929976543825207,407.2900085449219,392.6960449122333,0.018785356417420518,0.020751588258498765,False,False,False,False,low
TJX,2022-02-09,0.9366519825130808,0.9401220103990944,0.0037047141849881893,71.47000122070312,67.19052123083316,0.014622355814846166,0.018381241648839586,False,False,False,False,low
XOM,2022-02-09,0.8560130054155779,0.8655025625944084,0.011085762854997183,79.0,68.37470244495826,-0.015699004518985538,-0.004787277105145371,False,False,False,False,low
AMP,2022-02-10,0.936047621773012,0.9393736756942784,0.00355329562716733,315.8999938964844,296.74813841834066,-0.01021434305119362,-0.006697342004524431,False,False,False,False,low
EMR,2022-02-10,0.9137190034564344,0.9185252829555512,0.005260128640135031,96.87000274658205,88.9775466827093,-0.015748785320058634,-0.010571497316632872,False,False,False,False,low
ETR,2022-02-10,0.8529125025265322,0.8607112615416507,0.009143680028158352,53.22499847412109,45.811355582213196,-0.04503457627601237,-0.03630267800352538,False,False,False,False,low
IBM,2022-02-10,0.8428932675888976,0.853046392161717,0.012045563730580522,133.52000427246094,113.89875792603983,-0.030989108220688233,-0.019316825768133872,False,False,False,False,low
PH,2022-02-10,0.9437431632555692,0.9468464652401408,0.003288290824662976,304.4200134277344,288.2390136624065,-0.031280784637281234,-0.02809535412972941,False,False,False,False,low
SBUX,2022-02-10,0.8972004055623827,0.9017496296023764,0.005070465875616881,95.30999755859376,85.94575499586533,-0.018737771505086154,-0.013762314860470859,False,False,False,False,low
SCHW,2022-02-10,0.9401474299640792,0.9421411687612334,0.002120666114282077,92.8499984741211,87.4778060818872,-0.01766819962183963,-0.015585001859795833,False,False,False,False,low
TFC,2022-02-10,0.7998009600401068,0.805705351065352,0.007382325503771714,64.62000274658203,52.06468199877889,-0.013435072571266748,-0.006151929146382851,False,False,False,False,low
V,2022-02-10,0.966311762794774,0.9678839652483044,0.0016270136761900034,225.58999633789065,218.3449401758681,-0.0228700086237571,-0.021280204764372534,False,False,False,False,low
COF,2022-02-11,0.9224758356704064,0.9260031870712998,0.0038237873172362047,156.0,144.45649718312276,-0.009586658367703782,-0.0057995283931486785,False,False,False,False,low
COP,2022-02-11,0.8505063738674798,0.8547847652341415,0.005030404824841739,93.5199966430664,79.93946837524122,0.01751705926240521,0.022635581986677478,False,False,False,False,low
COR,2022-02-11,0.9567947916333184,0.9599149972511452,0.0032611022186903593,140.24000549316406,134.61848448747116,-0.009184596966461123,-0.005953446657315897,False,False,False,False,low
EQT,2022-02-11,0.9340609243505074,0.9394803190466364,0.005801971322049848,22.93000030517578,21.542284002446014,0.058144911141934985,0.06428423757095358,False,False,False,False,low
GWW,2022-02-11,0.9567425307231042,0.9600271864570192,0.0034331657979420616,467.69000244140625,448.9951171778997,-0.012312017882094684,-0.008921121282849165,False,False,False,False,low
KLAC,2022-02-11,0.9560490013197884,0.958631875572282,0.0027016128346224466,369.2300109863281,353.955657949398,-0.05255184859973172,-0.04999221051376934,False,False,False,False,low
ROK,2022-02-11,0.9257650219764036,0.9295189392537574,0.004054935311057273,268.3399963378906,249.42710875535323,-0.03241622135957689,-0.02849273172916167,False,False,False,False,low
WEC,2022-02-11,0.8569035736479419,0.8637383095790919,0.007976085222814122,91.20999908447267,78.78157042593294,-0.008586966473123181,-0.0006793716267040617,False,False,False,False,low
AMGN,2022-02-14,0.8681438003432929,0.8755870877612141,0.008573795510580018,224.27000427246097,196.36791991311912,-0.017221703454591064,-0.008795563307774645,False,False,False,False,low
CTAS,2022-02-14,0.9589927711008562,0.9614248750912514,0.0025361025272414572,92.625,89.05197905532717,-0.01339439937061604,-0.010892266413469187,False,False,False,False,low
KR,2022-02-14,0.9078657043236246,0.9120049751877048,0.004559342691730084,45.689998626708984,41.669506063877996,-0.01253515939737515,-0.008032968793033168,False,False,False,False,low
LLY,2022-02-14,0.9601033874116602,0.9641113856720276,0.004174548608949724,234.69000244140625,226.26730345715572,-0.004454072398790587,-0.00029811753157726884,False,False,False,False,low
PRU,2022-02-14,0.801450768824097,0.8095556911486046,0.01011281371206274,115.8000030517578,93.7465515055763,-0.03387283111896733,-0.024102567037910916,False,False,False,False,low
AFL,2022-02-15,0.9027230830186436,0.9083810247886044,0.006267638300597289,64.55999755859375,58.645076742625186,0.005294243715788349,0.011595064421071166,False,False,False,False,low
CVX,2022-02-15,0.8350425178903355,0.8438097058048296,0.010499091635050695,134.25999450683594,113.28988646617127,-0.01763374328234235,-0.007319789933881937,False,False,False,False,low
ED,2022-02-15,0.8566153478094454,0.8648450329759788,0.009607211903894353,81.36000061035156,70.36379241078515,-0.019995134905290146,-0.010580020499478038,False,False,False,False,low
MPC,2022-02-15,0.9049811769867,0.9116606448978772,0.0073807810383612615,78.41000366210938,71.48331450504355,-0.00947448162333775,-0.0021636296592901783,False,False,False,False,low
TGT,2022-02-15,0.8652744884229371,0.8690243771964596,0.0043337563093501785,207.17999267578125,180.04446410263787,-0.006664499207101882,-0.0023596252132392914,False,False,False,False,low
DHI,2022-02-16,0.954204830020333,0.9567430338394474,0.0026600198817483545,85.30000305175781,81.61018370625288,0.005777685500173879,0.008453074140222894,False,False,False,False,low
MSFT,2022-02-16,0.9632931845447972,0.9652850575833272,0.0020677744538089016,299.5,289.1028747462065,-0.0032282797509314287,-0.0011671806515211047,False,False,False,False,low
APO,2022-02-17,0.9176194334015098,0.923052302554208,0.005920612570899042,65.2300033569336,60.21070479423627,-0.04017062631424906,-0.03448784845848707,False,False,False,False,low
ATO,2022-02-17,0.8954110581009349,0.901187112490919,0.006450729346848094,106.66000366210938,96.12062071852719,0.00537286590531405,0.011858254155934222,False,False,False,False,low
CMI,2022-02-17,0.9006720535872972,0.9065585649890776,0.0065356878547913055,218.69000244140625,198.25529479073913,-0.020688707033706732,-0.014288234110206965,False,False,False,False,low
DUK,2022-02-17,0.8401426820873925,0.8485421117671719,0.009997622854858834,98.7300033569336,83.7765655432724,-0.007838395764770079,0.0020808617654455297,False,False,False,False,low
HSY,2022-02-17,0.8930554247887922,0.8970439201630751,0.004466123001521716,202.02999877929688,181.22978209552176,-0.0030594381241592083,0.0013930210503845242,False,False,False,False,low
KKR,2022-02-17,0.962503795376995,0.964752876221724,0.0023366981569648004,58.40999984741211,56.35121535290129,-0.06093248985594124,-0.05873817253572211,False,False,False,False,low
MMM,2022-02-17,0.8498976710961293,0.8581131779654124,0.009666465915464162,124.28093719482422,106.64710997677044,-0.04491416936340353,-0.035681864735212176,False,False,False,False,low
MSCI,2022-02-17,0.9492541382134746,0.9510733404753292,0.0019164543915273224,531.47998046875,505.4764404201768,-0.022295797758495883,-0.020422072246495615,False,False,False,False,low
OTIS,2022-02-17,0.9284774515736632,0.9313117272039372,0.0030526057746154134,76.22000122070312,70.98458098433923,-0.033599612445731175,-0.03064957304209237,False,False,False,False,low
TEL,2022-02-17,0.9316979166861794,0.9348192763429406,0.003350184218360308,144.3000030517578,134.89442442912835,-0.0363296530108288,-0.033101179822644045,False,False,False,False,low
TER,2022-02-17,0.9821448083999488,0.9830526153769324,0.0009243107220233693,116.0,114.03410338372416,-0.026110323183738404,-0.025210146513389375,False,False,False,False,low
YUM,2022-02-17,0.9175578811150024,0.9218173676224246,0.004642199249867751,123.4800033569336,113.82601164849667,0.001053951231622996,0.005701043133107486,False,False,False,False,low
JNJ,2022-02-18,0.8796909826171082,0.8853379906222136,0.006419308730783335,163.36000061035156,144.62881468841223,-0.017028712855651218,-0.010718716689976149,False,False,False,False,low
MCHP,2022-02-18,0.9045549532764572,0.9077822162626374,0.003567790961168882,71.77999877929686,65.16060637519952,0.008571035914649139,0.012169406540282202,False,False,False,False,low
PSX,2022-02-18,0.8483193286280222,0.8573815310604979,0.010682536783797936,85.06999969482422,72.93744658566447,-0.02263328584537838,-0.012192529970161847,False,False,False,False,low
SO,2022-02-18,0.8487385120605478,0.8574734715086134,0.010291696822922525,63.77000045776367,54.68108367062448,-0.015743177085203897,-0.005613504267871883,False,False,False,False,low
UPS,2022-02-18,0.805976656933595,0.8118329517883894,0.007266084947267881,209.36000061035156,169.9653472819207,-0.006406938733331535,0.0008125928528479598,False,False,False,False,low
AMAT,2022-02-22,0.962055449689653,0.9637901281942596,0.0018030961782569133,130.25999450683594,125.54329680432696,-0.023172189390685216,-0.021410874898560528,False,False,False,False,low
ADI,2022-02-24,0.926204075731038,0.9307241015624852,0.004880161888598522,159.7899932861328,148.7203979399115,0.02108753068650704,0.026070603138686366,False,False,False,False,low
CEG,2022-02-24,0.9640984665937492,0.9672636654269798,0.003283065934555074,44.319999694824226,42.869125356538305,0.02854489528616222,0.031921675994036613,False,False,False,False,low
EXC,2022-02-24,0.8509985063155405,0.8580777414766315,0.008318739819815901,41.29999923706055,35.43861006832352,0.00805462549487701,0.016440369648530906,False,False,False,False,low
HON,2022-02-24,0.9089408773295304,0.9139456669357562,0.005506177278471469,171.8567352294922,157.0677184967199,0.01888687263021893,0.02449704437762823,False,False,False,False,low
MCO,2022-02-24,0.9618380521122216,0.9639540014500712,0.0021999018787028923,322.0,310.39318846692294,0.00975253287560962,0.011973889369707669,False,False,False,False,low
RTX,2022-02-24,0.9064483520674428,0.9114880952955732,0.005559879078201879,94.25,85.90775298160777,0.02179100371618703,0.02747203814004351,False,False,False,False,low
WAB,2022-02-24,0.974952087746474,0.9765541771688458,0.0016432493888749455,92.9800033569336,90.80001067138681,0.016952893433054728,0.01862400065370351,False,False,False,False,low
ALL,2022-02-25,0.8984459512347936,0.90481161218897,0.007085190762368798,124.16999816894533,112.35045622874487,0.02772718492453885,0.03500882808140138,False,False,False,False,low
CSX,2022-02-25,0.9395061076640612,0.9423106832899464,0.0029851595460708147,34.310001373291016,32.33068083774486,0.021131039625396753,0.024179278696123685,False,False,False,False,low
GLW,2022-02-25,0.8896496832433682,0.8956191121771813,0.006709864620027206,41.099998474121094,36.80994414387584,0.014564309479970339,0.021371898644892307,False,False,False,False,low
MTB,2022-02-25,0.8668280382002269,0.8728312518999899,0.0069254955253030825,183.02999877929688,159.75430296978732,0.049062861802616764,0.056328141957792566,False,False,False,False,low
NOC,2022-02-25,0.930284435633146,0.9339920606544908,0.003985474634778052,409.6700134277344,382.62854002972256,0.03585431627474578,0.03998268737758415,False,False,False,False,low
SHW,2022-02-25,0.9594339197545408,0.9616621695495922,0.0023224630161307047,267.2699890136719,257.02343749038334,0.03216956242267188,0.03456673805777433,False,False,False,False,low
UNP,2022-02-25,0.90185041731197,0.906267652284525,0.004897968540859443,246.41000366210935,223.31341551828103,0.017844633770778273,0.022830004766470013,False,False,False,False,low
CTVA,2022-02-28,0.9529961450145518,0.9555769216525104,0.0027080661883676083,52.029998779296875,49.71866606710438,0.0036650969550489076,0.006383088468557618,False,False,False,False,low
HIG,2022-02-28,0.9143339976034992,0.9193371649547938,0.0054719253187653916,69.4800033569336,63.875549307212886,-0.01781162771961664,-0.012437166297538549,False,False,False,False,low
LMT,2022-02-28,0.8874983529576604,0.8936087409794231,0.006884957027130545,433.7999877929687,387.6474609285639,0.05936652455089231,0.0666602175484059,False,False,False,False,low
MCD,2022-02-28,0.9013443577138116,0.9063585268281206,0.005562989407319252,244.77000427246097,221.8493804841005,-0.018761245672623716,-0.013302624876249447,False,False,False,False,low
MCK,2022-02-28,0.9776440846432958,0.97931528342681,0.0017094143050269128,274.9599914550781,269.2725219628631,-0.0015252139599355452,0.0001815931225301881,False,False,False,False,low
MLM,2022-02-28,0.9727597516787396,0.9743004826169848,0.0015838761169817417,379.3999938964844,369.6495971582258,-0.01635943506360693,-0.014801470265109695,False,False,False,False,low
NEE,2022-02-28,0.8912174558117932,0.8961533792824348,0.005538405288690651,78.2699966430664,70.14192198810879,0.014385600418291622,0.02000367899242006,False,False,False,False,low
O,2022-02-28,0.7961520910660436,0.7990804782787501,0.0036781756219284034,66.08999633789062,52.81122588312248,-0.019436278313514466,-0.015829592736659737,False,False,False,False,low
VMC,2022-02-28,0.9645460181127749,0.966653259285513,0.0021846973945951476,181.4499969482422,175.3992309473647,-0.011063869776361424,-0.00890334358924072,False,False,False,False,low
WELL,2022-02-28,0.8968694233137197,0.9034057656032648,0.007287953095105992,83.29000091552734,75.2446670441886,-0.012098169524409341,-0.0048983873213338525,False,False,False,False,low
GS,2022-03-01,0.8949144315625515,0.9001894841846075,0.005894477098604467,328.20001220703125,295.44219969802936,-0.03835446690543143,-0.032686069333630274,False,False,False,False,low
HAL,2022-03-01,0.9129841693592158,0.9162632382939608,0.0035915945147728667,32.11000061035156,29.42121314086178,-0.04235008114053651,-0.038910590944888135,False,False,False,False,low
ODFL,2022-03-01,0.9766548251660392,0.977588788456393,0.0009562880009270636,155.05999755859375,151.5849151513569,-0.012451051419636427,-0.011506670209780911,False,False,False,False,low
NVDA,2022-03-02,0.9968508472150596,0.9970206138381014,0.00017030293299757915,24.219999313354492,24.14783858255909,0.031647998177550596,0.031823690857461395,False,False,False,False,low
QCOM,2022-03-02,0.9052688264507104,0.9090450855433632,0.00417142287717831,169.25,153.8558807282142,0.033966628845179425,0.03827974089498287,False,False,False,False,low
AJG,2022-03-03,0.9581920900093696,0.9612796074895515,0.00322223227719598,158.41000366210938,152.27630614273093,-0.00233023756160744,0.0008844861489041289,False,False,False,False,low
BAC,2022-03-03,0.8982187323772761,0.9026105759522768,0.00488950343239547,42.4900016784668,38.351924887214125,-0.015523590623587213,-0.010709989840828715,False,False,False,False,low
D,2022-03-03,0.8137892923254681,0.8206278521784405,0.008403354427815923,80.72000122070312,66.2410812295867,0.0069859971682917354,0.015448057406344473,False,False,False,False,low
FANG,2022-03-03,0.8171778887074637,0.820781124365517,0.004409365093997586,134.1199951171875,110.0831603921828,-0.018658104089572136,-0.01433100938846732,False,False,False,False,low
KMB,2022-03-03,0.8510640835538245,0.8587373613752552,0.009016098751799317,129.5500030517578,111.24942778682276,-0.0020798355971942684,0.00691751115147321,False,False,False,False,low
PEP,2022-03-03,0.8743232111780368,0.8800736032510496,0.006576963758362142,163.27000427246094,143.68962096287896,-0.0075978602451887145,-0.0010708673383000855,False,False,False,False,low
TT,2022-03-03,0.9486076084142084,0.9527198881778596,0.004335069344979958,155.11000061035156,147.77638243676188,-0.0007086754895405667,0.003623321698049242,False,False,False,False,low
BLK,2022-03-04,0.8994690087885154,0.9054587292126492,0.006659173763197579,696.5900268554688,630.7335204987579,-0.055740052178268606,-0.04945206110809586,False,False,False,False,low
EQIX,2022-03-04,0.9128189322150452,0.9167616654515962,0.004319293889954334,720.9199829101562,660.9118041900512,0.0001386970185643932,0.004458589981703787,False,False,False,False,low
FDX,2022-03-04,0.914666644939176,0.9177768805702106,0.003400403467474611,172.876708984375,158.6622466949238,-0.030590566660092522,-0.027294183461560872,False,False,False,False,low
NKE,2022-03-04,0.9237796897620202,0.9258877385995518,0.0022819822311470617,131.17999267578125,121.45794676808487,-0.020825621553332674,-0.018591163020522772,False,False,False,False,low
GE,2022-03-07,0.9791953169875623,0.980074902250608,0.0008982735597140579,53.19318008422851,52.13330077144924,-0.04218085873289146,-0.04132047512330339,False,False,False,False,low
TPL,2022-03-07,0.9457816716719056,0.9479705010226536,0.0023143072194227177,142.9744415283203,135.5355529690359,-0.009529369705802981,-0.007237116375486852,False,False,False,False,low
AEE,2022-03-08,0.8808420084025949,0.8866825809174721,0.00663066981270477,87.75,77.80639647550818,-0.020319300000281038,-0.01382336075670354,False,False,False,False,low
CI,2022-03-08,0.9208813363039904,0.9252382628474296,0.004731257298498326,229.1000061035156,211.97209166555228,-0.0367878905842528,-0.032230686261577546,False,False,False,False,low
EA,2022-03-08,0.9765852035986602,0.9779018100403408,0.001348173653285878,122.66999816894531,119.95921324705692,-0.02843342235502,-0.02712358189262587,False,False,False,False,low
IR,2022-03-08,0.994768937031013,0.99521211447838,0.00044550792738839995,45.939998626708984,45.72004317242092,0.023162518162291423,0.023618345175139277,False,False,False,False,low
AME,2022-03-09,0.972319149876268,0.9739822494083948,0.0017104461352410727,130.50999450683594,127.11441802004532,0.013040383853943904,0.014773134863349968,False,False,False,False,low
BDX,2022-03-09,0.929311180532471,0.9323707285511404,0.003292275055720717,203.1293182373047,189.39183043501222,-0.0010938060428338225,0.0021948679025363127,False,False,False,False,low
CME,2022-03-09,0.8335960272652084,0.8373557231999801,0.0045102133549101975,230.08999633789065,192.6671752845952,0.033044496706923,0.0377037477921871,False,False,False,False,low
EBAY,2022-03-09,0.9209551238614332,0.9247712384181968,0.004143648759738827,53.060001373291016,49.06836318044955,-0.0046895515580543945,-0.0005653346528129433,False,False,False,False,low
ELV,2022-03-09,0.9399625360344556,0.9426079745127776,0.002814408422576742,465.3699951171875,438.6614684964333,0.02039157945845238,0.023263378114006805,False,False,False,False,low
HD,2022-03-09,0.8911398046686088,0.8965176096334552,0.0060347489099605856,317.20001220703125,284.37539671955045,0.0014523646739896812,0.0074958782400835755,False,False,False,False,low
NEM,2022-03-09,0.8818494728476863,0.8881435574284304,0.00713736842232171,75.97000122070312,67.47226714199748,-0.021131289482681614,-0.014144742858636539,False,False,False,False,low
OXY,2022-03-09,0.9391748598265004,0.9414162675630078,0.0023865712684445484,57.49999999999999,54.131435384872944,0.0531135825443918,0.055626913162901026,False,False,False,False,low
PEG,2022-03-09,0.8674619824758485,0.8745442733643507,0.008164381876757831,65.81999969482422,57.562503805951835,-0.012897429610311595,-0.004838347274121024,False,False,False,False,low
SPG,2022-03-09,0.7916760685862965,0.8017444649024354,0.012717823255814942,132.57000732421875,106.2872695842677,0.008980956998644096,0.021812998478236034,False,False,False,False,low
TRV,2022-03-09,0.9215567787202028,0.9263963078477812,0.005251471465815838,171.3699951171875,158.75653075245478,0.01733451007329201,0.022677013224131626,False,False,False,False,low
ADP,2022-03-10,0.9110132439598776,0.9155536777012556,0.004983938237431262,209.42999267578125,191.74440001525855,-0.0012875740409646896,0.003689947006970451,False,False,False,False,low
CRH,2022-03-10,0.8810977926565914,0.9025474935132256,0.024344290764775733,40.459999084472656,36.5170707612382,-0.044176769801368976,-0.020907931165686122,False,False,False,False,low
ETN,2022-03-10,0.9317071957174492,0.9367956644637582,0.0054614462244124695,148.1999969482422,138.83311461465547,-0.006169515819942961,-0.0007417640744117326,False,False,False,False,low
FIX,2022-03-10,0.98162477329524,0.98305409585742,0.0014560783316235337,90.5199966430664,88.98605345696633,0.012414639699063423,0.013888794718547537,False,False,False,False,low
HPE,2022-03-10,0.8847568241727969,0.8912902834496091,0.007384468927855714,16.360000610351562,14.581509581236023,-0.0006108874996432201,0.006769070348453088,False,False,False,False,low
LHX,2022-03-10,0.917374788381488,0.9214133314836244,0.004402282636589039,254.0,234.0389861968406,-0.005987550528728125,-0.0016116267818674368,False,False,False,False,low
LIN,2022-03-10,0.940780031253675,0.9445547472487824,0.004012325803808947,283.4800109863281,267.76239012727325,-0.03173131938366103,-0.027846309971403804,False,False,False,False,low
NDAQ,2022-03-10,0.9425736850424012,0.9456011047536677,0.0032118652995603014,55.49333190917969,52.47455595978227,-0.012983925416570896,-0.009813762736508025,False,False,False,False,low
WMB,2022-03-10,0.8267946680899526,0.837749978930977,0.013250340457967802,32.4900016784668,27.218498221602967,-0.0003076406625600603,0.01293862345189023,False,False,False,False,low
DVN,2022-03-11,0.8152950906642608,0.8289814080231772,0.016786949309072208,58.63999938964844,48.61146926050901,-0.031863964254579824,-0.015611913698235225,False,False,False,False,low
UNH,2022-03-11,0.9274870329291076,0.9302316850728474,0.0029592350580598392,482.86999511718744,449.1809692289789,-0.01743856275770017,-0.014530932505914973,False,False,False,False,low
CCI,2022-03-14,0.8070777824260967,0.8139691617793315,0.008538680537728549,172.77000427246094,140.62945555826656,-0.004953064482904335,0.0035433234195219043,False,False,False,False,low
DLR,2022-03-14,0.8609421874766106,0.8687536955214553,0.009073208582959458,132.58999633789062,115.18804930771871,-0.022774148766903535,-0.013907574786005461,False,False,False,False,low
ECL,2022-03-14,0.9526291703633584,0.9556975484206208,0.0032209574855786016,165.02999877929688,157.71876524923206,0.03890457940400727,0.042250846885840465,False,False,False,False,low
EOG,2022-03-14,0.823786095455982,0.8309073473041519,0.008644539993392542,115.83999633789062,96.25230406883938,-0.0071992112194732005,0.001383094904611859,False,False,False,False,low
GILD,2022-03-14,0.8557230849270507,0.866630774033096,0.012746751020483504,58.150001525878906,50.39458083239815,0.0025862332048087744,0.015365950296034825,False,False,False,False,low
GRMN,2022-03-14,0.9104347322552778,0.9160242677531916,0.0061394137326764575,109.36000061035156,100.17641448058588,-0.004007308098150308,0.0021075031121573495,False,False,False,False,low
IRM,2022-03-14,0.8502071092861521,0.8607515531801687,0.012402206214048084,48.029998779296875,41.34189604852139,-0.049475560269047536,-0.037686960156011695,False,False,False,False,low
KO,2022-03-14,0.8814108582996298,0.888157952032284,0.0076548792984809655,58.540000915527344,51.9927673251028,0.01070446764817845,0.018441288354460683,False,False,False,False,low
MRK,2022-03-14,0.8777011793438565,0.8855086621623367,0.008895376925797116,77.77999877929688,68.87486266204336,-0.006133444209444727,0.0027073734182558873,False,False,False,False,low
MSI,2022-03-14,0.9510572474895942,0.954457100960832,0.0035748147445509026,218.75,208.787490835182,-0.013617731046939308,-0.010091597168122357,False,False,False,False,low
NXPI,2022-03-14,0.9217399975624844,0.9261227063402622,0.004754821087690431,171.7100067138672,159.02453612355126,-0.03836240444883943,-0.033789989730797054,False,False,False,False,low
ROST,2022-03-14,0.9529605587219456,0.956338620094372,0.0035448071187298424,85.76000213623047,82.01560210225304,-0.022789425151738096,-0.019325402149517723,False,False,False,False,low
XEL,2022-03-14,0.8708387572856893,0.8769199570895254,0.006983152452688879,69.51000213623047,60.95470809059604,-0.012221125149712075,-0.005323314677087021,False,False,False,False,low
LRCX,2022-03-15,0.9543723991531672,0.9574344726656496,0.003208468219742633,48.47200012207031,46.4087638759237,0.03351809264492234,0.036834102599702545,False,False,False,False,low
PSA,2022-03-15,0.8204756697374783,0.8250585964054021,0.005585694782869188,355.1400146484375,293.0113220132338,-0.013691761533867863,-0.008182544751966558,False,False,False,False,low
TMO,2022-03-15,0.9879580056805172,0.9885111275030012,0.0005598636979544658,550.6400146484375,544.3137817283961,0.027543497856115762,0.028118782158634392,False,False,False,False,low
AIG,2022-03-16,0.9090683660616729,0.914064019376712,0.005495354916684292,59.779998779296875,54.64274596253904,0.021007678194089108,0.026618477758425296,False,False,False,False,low
CRH,2022-03-16,0.9025475852594462,0.9232618143478396,0.02295084428422567,43.939998626708984,40.56812285453692,0.00595234248435661,0.02903979805406709,False,False,False,False,low
HCA,2022-03-16,0.9645665086226896,0.966592676638828,0.0021005995937299904,266.3500061035156,257.4519653223653,-0.003069234131848231,-0.0009750817700887593,False,False,False,False,low
ICE,2022-03-16,0.9451960992719284,0.94796146412257,0.0029257048910502625,131.6199951171875,124.77068327909457,0.010440662273175416,0.013396913460904214,False,False,False,False,low
WM,2022-03-16,0.935604015232518,0.9395394432669594,0.004206296649403862,154.5,145.15884398474523,-0.004317833194892651,-0.0001296986327891103,False,False,False,False,low
CB,2022-03-17,0.9457851907497016,0.9493852030501538,0.00380637414886853,211.1000061035156,200.41522215847488,0.0006162244966594344,0.004424944226521843,False,False,False,False,low
HBAN,2022-03-17,0.8252720345949768,0.8336462329806068,0.010147197571937383,15.1899995803833,12.663085929163536,-0.015554162024998375,-0.0055647956081946726,False,False,False,False,low
PLD,2022-03-17,0.8797014777464218,0.8842207994666843,0.005137335601435922,156.66000366210935,138.52203368256403,0.013521357565227543,0.018728156918263128,False,False,False,False,low
WMT,2022-03-17,0.945413533059304,0.9490700420499604,0.0038676292043589022,48.336666107177734,45.87488173489407,-0.0023392085444178257,0.0015193734686596017,False,False,False,False,low
DTE,2022-03-18,0.8682844549062012,0.8743401135830265,0.006974279733569011,126.06999969482422,110.22805785258473,-0.0133823689216509,-0.006501421572439381,False,False,False,False,low
JCI,2022-03-18,0.9210231854776412,0.9260195258061272,0.005424771501159276,65.61000061035156,60.75614165333747,0.011407396831172756,0.016894050853564213,False,False,False,False,low
APH,2022-03-21,0.9614571405755846,0.9639696964547456,0.002613279129277446,38.025001525878906,36.65494917859273,-0.008991332176430444,-0.0064015499078738936,False,False,False,False,low
AVGO,2022-03-21,0.9243816778028996,0.9306326416979536,0.006762319121157212,60.12900161743164,55.95801161789093,-0.014940756922524723,-0.008279471967589158,False,False,False,False,low
STX,2022-03-21,0.8749318008690173,0.8814737505941688,0.0074770967504596,92.2699966430664,81.3335800082751,-0.021734553206007923,-0.014419967812697831,False,False,False,False,low
VST,2022-03-21,0.9272016680439517,0.9342890256174348,0.007643814520345682,22.049999237060547,20.60107230205848,-0.016064284373171644,-0.008543262262976525,False,False,False,False,low
PM,2022-03-23,0.8190495834812129,0.8301297121575286,0.013528031635425153,91.25,75.74933623437448,-0.02562735170074415,-0.012446007689858707,False,False,False,False,low
DHR,2022-03-24,0.9792191031463452,0.9800757364670972,0.0008748127135178585,254.01596069335935,248.9548797509414,0.0016780488133614213,0.0025543295053152004,False,False,False,False,low
MDT,2022-03-24,0.8724782249538993,0.8776869224176722,0.005970002820469444,106.3499984741211,93.34200285987548,0.0017897023875059759,0.007770389736276639,False,False,False,False,low
MO,2022-03-24,0.7157434887895584,0.7280553180579373,0.017201454796606397,52.5,38.22290419804171,-0.013528771217371616,0.003439969032685619,False,False,False,False,low
SRE,2022-03-24,0.8758800578815559,0.8822166718112326,0.007234568103996697,79.43000030517578,70.07447051119738,-0.0035127183855584443,0.0036964367180478686,False,False,False,False,low
COP,2022-03-30,0.8547845674590016,0.8573391492973124,0.0029885680387338187,101.0999984741211,86.67698668576256,0.00407186436362883,0.0070726014460578135,False,False,False,False,low
DE,2022-03-30,0.9444710467473167,0.9468789229971256,0.002549444218646446,415.5499877929687,393.4755248928749,0.006369210209508536,0.008934892374300896,False,False,False,False,low
FITB,2022-03-30,0.8467425922431111,0.8522840283209222,0.006544416365227734,44.279998779296875,37.73913573366466,-0.04031210738959945,-0.03403151023968909,False,False,False,False,low
ITW,2022-03-30,0.903692379653889,0.9087648683202232,0.0056130700894887475,214.66000366210935,195.07546996161543,-0.0178890219658977,-0.012376364210536006,False,False,False,False,low
MDLZ,2022-03-30,0.8932268918885696,0.898212083164254,0.005581102988451381,62.75,56.36280821855694,-0.004915974731048989,0.0006376916961396972,False,False,False,False,low
MPWR,2022-03-30,0.9680907487362608,0.9695104771509824,0.0014665241007363328,488.3999938964844,473.50891112311746,-0.046484893021954465,-0.04508654013715496,False,False,False,False,low
NUE,2022-03-30,0.938408531557508,0.9415363896015804,0.003333151755217978,149.47000122070312,140.73144530308463,-0.006843845709613827,-0.0035335055307353924,False,False,False,False,low
SYK,2022-03-30,0.9566294202874904,0.959071138097389,0.0025524176427322853,269.1400146484375,258.1244201564249,-0.014030796626509079,-0.011514191436627907,False,False,False,False,low
USB,2022-03-30,0.823798009652349,0.8305156559393932,0.008154482298250665,55.18000030517578,45.82785414818898,-0.02971687459908634,-0.021804718028713088,False,False,False,False,low
APD,2022-03-31,0.8967986679728458,0.9025744863115694,0.006440484966129034,249.91000366210935,225.5623931794508,-0.01283773089345408,-0.006479927140143449,False,False,False,False,low
BMY,2022-03-31,0.8380093902923309,0.8441933546325563,0.0073793496968670436,73.02999877929688,61.65143965830612,-0.009359772517373077,-0.0020494918549950336,False,False,False,False,low
CAH,2022-03-31,0.9160102038747298,0.9238814508886732,0.008592968703457826,56.70000076293945,52.384078970253384,-0.016137433419037728,-0.007683133175903856,False,False,False,False,low
KDP,2022-03-31,0.8927922120643219,0.8972137409665665,0.0049524725266376635,37.90000152587891,34.004402151672394,-0.006553079685472807,-0.0016330611059424127,False,False,False,False,low
O,2022-03-31,0.7990801953759692,0.8018990364668458,0.0035276072504215605,69.30000305175781,55.57160567435406,-0.013944162557779527,-0.010465744836297919,False,False,False,False,low
RSG,2022-03-31,0.9484564141040216,0.951707026571746,0.003427266049747857,132.5,126.10118102075634,-0.016259576818694943,-0.012888036664560953,False,False,False,False,low
STT,2022-03-31,0.8688303245247724,0.8742402240595223,0.006226646771001043,87.12000274658205,76.16381072123808,-0.054174333196223334,-0.048285010862089806,False,False,False,False,low
SYY,2022-03-31,0.892216941671816,0.8972986336351634,0.005695578873256446,81.6500015258789,73.26443480548015,-0.016146479966059113,-0.010542864642974714,False,False,False,False,low
VTR,2022-03-31,0.8653441653245639,0.8715865761018962,0.0072137896428652315,61.7599983215332,53.82918547712398,-0.017030136532522278,-0.009939198712191954,False,False,False,False,low
A,2022-04-04,0.9694664764925184,0.9709888319565584,0.001570302327057016,134.80999755859375,130.89900206548543,0.006270033068871861,0.007850181243447718,False,False,False,False,low
ROP,2022-04-04,0.9736379191459812,0.9749052119756376,0.0013016058688100074,481.260009765625,469.1828918359541,0.009036581294231905,0.010349949230288313,False,False,False,False,low
CMCSA,2022-04-05,0.8692961481411047,0.8742021837278112,0.005643687248813478,44.86410522460938,39.22029875834782,-0.004988570045905805,0.00062696327374967,False,False,False,False,low
CSCO,2022-04-05,0.8838597743806931,0.8899122923599605,0.006847826040627725,54.91999816894531,48.87398146693096,-0.017003772706308262,-0.01027238554320764,False,False,False,False,low
JPM,2022-04-05,0.8970678447903656,0.90371725573037,0.007412383554510571,133.33999633789062,120.5016555695761,-0.01890962589191103,-0.011637407737383643,False,False,False,False,low
MRSH,2022-04-05,0.9365913060922068,0.9395290803553168,0.003136666168050972,169.94000244140625,159.6635742093547,-0.006779682178430613,-0.0036642816100989073,False,False,False,False,low
PGR,2022-04-06,0.9101437281447746,0.9109412642916348,0.0008762749466899589,116.87000274658205,106.46170805973829,0.023111260720174,0.02400778748561949,False,False,False,False,low
AXP,2022-04-07,0.948328265153449,0.9510202824500448,0.0028386977331738006,182.38999938964844,173.45658873560694,-0.007185277208522911,-0.004366976305473225,False,False,False,False,low
GD,2022-04-07,0.9149103203503112,0.919723586695286,0.005260916002272076,243.61000061035153,224.05386351619333,0.011837540158419868,0.017160732465138828,False,False,False,False,low
MA,2022-04-07,0.97498982744603,0.976342786552261,0.0013876648434119065,349.54998779296875,341.28060912109595,-0.011313817389642544,-0.00994185233286704,False,False,False,False,low
ORCL,2022-04-07,0.944830244468721,0.9485264760063544,0.003912058869063539,81.54000091552734,77.34284972196006,-0.007062856936872475,-0.003178428379929654,False,False,False,False,low
VZ,2022-04-07,0.7592561797922478,0.7685011735959943,0.012176382688483534,52.66999816894532,40.47695540613335,-0.00996245463145462,0.0020926213969196805,False,False,False,False,low
INTU,2022-04-08,0.9707773280114566,0.9721127961956466,0.0013756689053767701,482.8399963378906,469.3749389551226,-0.024585388553044818,-0.02324354100222714,False,False,False,False,low
MU,2022-04-08,0.9776916207339752,0.9790278368960198,0.0013667051386216933,72.13999938964844,70.6270675561277,-0.01555676048906418,-0.014211316854943035,False,False,False,False,low
PWR,2022-04-08,0.9933941985647295,0.9939197160820644,0.0005290120659997566,133.99000549316406,133.17530821759988,0.01231493559456065,0.01285046241008203,False,False,False,False,low
AMT,2022-04-12,0.8718248957555775,0.8764851480695648,0.005345399445089605,257.17999267578125,225.4144439609617,-0.02328056260548328,-0.01805960706682641,False,False,False,False,low
PNC,2022-04-12,0.8488790993021147,0.8558572017952235,0.008220372605292958,179.75,153.84033202269143,-0.02299160683644841,-0.014960233806145418,False,False,False,False,low
ABBV,2022-04-13,0.8572315953736989,0.864516926066095,0.008498672624426717,158.9499969482422,137.4149627599095,-0.049967131267357745,-0.04189311293355402,False,False,False,False,low
ABT,2022-04-13,0.9205674273630852,0.9242365001634104,0.00398566437532466,119.4800033569336,110.42778014212483,0.009206892245160914,0.013229252202914488,False,False,False,False,low
ACN,2022-04-13,0.9367936919779608,0.9395832741373592,0.0029777977619687146,325.5899963378906,305.91891478552606,-0.0034891641725718348,-0.0005217564358673821,False,False,False,False,low
EOG,2022-04-13,0.8309072119313095,0.8359402283547921,0.006057254469827189,123.55999755859376,103.28877257464842,-0.008107908314239354,-0.0020997655082894973,False,False,False,False,low
FCX,2022-04-13,0.9406692185031648,0.9436179565297664,0.003134723629304892,49.43000030517578,46.643035879235704,0.02979167302449537,0.03301978531518679,False,False,False,False,low
T,2022-04-13,0.7896699999951102,0.8010550914177036,0.014417530642754306,19.420000076293945,15.556489936447457,-0.007157433204034724,0.0071569049261770434,False,False,False,False,low
EME,2022-04-14,0.986682863715325,0.9877846763955078,0.0011166837093268267,116.8499984741211,115.42263792957529,0.00266000992070059,0.0037796640197724773,False,False,False,False,low
DELL,2022-04-19,0.9099124314357372,0.9162864354725984,0.007005074133126898,47.9900016784668,43.97258757628635,0.011593656569967914,0.01867994512684157,False,False,False,False,low
LOW,2022-04-19,0.919638019548598,0.9233589266808448,0.004046056223375061,203.0399932861328,187.47879027396954,0.022768430971159548,0.026906609546361926,False,False,False,False,low
CL,2022-04-20,0.9030053244689772,0.9083011892619028,0.005864710483340696,81.52999877929688,74.05379485175683,0.011412953256164204,0.01734459740611216,False,False,False,False,low
ZTS,2022-04-20,0.9546179459387512,0.9562895577789748,0.0017510794211812453,187.77999877929688,179.57205199239024,0.009895645443322332,0.011664052925598467,False,False,False,False,low
CVS,2022-04-21,0.8619513134499432,0.8664199504288373,0.005184326433715247,105.18000030517578,91.1300506505155,-0.013690914223827177,-0.008577565958624245,False,False,False,False,low
PG,2022-04-21,0.8963258251273322,0.9013545236110816,0.0056103465311121425,162.61000061035156,146.5692596345411,-0.006354985181304951,-0.0007802923192600231,False,False,False,False,low
CAT,2022-04-22,0.928859547722031,0.9333140840305906,0.004795704925985911,216.3000030517578,201.8758392240653,-0.06995744833846707,-0.06549723869208746,False,False,False,False,low
F,2022-04-25,0.7488408881177308,0.7538232510636288,0.006653433359417038,15.1899995803833,11.450574867339697,0.003965595868377747,0.010645414055635571,False,False,False,False,low
FAST,2022-04-26,0.9007964374597796,0.9057265931338984,0.005473107429267543,27.975000381469727,25.33770178842808,-0.01755926227573923,-0.012182258575285432,False,False,False,False,low
BK,2022-04-27,0.8867938718354543,0.893818550621882,0.007921433615557305,42.349998474121094,37.85321425497783,-0.021035595994444267,-0.013280794456120515,False,False,False,False,low
CARR,2022-04-28,0.9397886109523508,0.9433032023737258,0.0037397680504058783,39.40999984741211,37.175579061611884,-0.02111272999399183,-0.01745191865667417,False,False,False,False,low
COST,2022-04-28,0.952155898713016,0.9537047253639244,0.0016266523717407555,562.0,535.9820556545255,0.01429393348591379,0.015943837118461035,False,False,False,False,low
MS,2022-04-28,0.8694445482273051,0.8769112478085493,0.008587896256831984,83.4000015258789,73.1343994052934,0.014475154539090651,0.023187361921406024,False,False,False,False,low
TRGP,2022-04-28,0.9112685013626104,0.9155317199422018,0.004678334182753652,76.26000213623048,69.81845091857907,0.014635423370470857,0.019382226954657522,False,False,False,False,low
AON,2022-04-29,0.9702835562538824,0.9719952280379712,0.0017640943959695843,287.989990234375,279.92489623051443,-0.09437109989190251,-0.09277348502439386,False,False,False,False,low
BX,2022-04-29,0.8642739248424103,0.8749389223176505,0.012339834823993812,101.56999969482422,88.86754607279359,-0.06205560221525097,-0.050481523272496776,False,False,False,False,low
C,2022-04-29,0.8602281815634938,0.8690893355844664,0.010300934346125779,48.209999084472656,41.89879607285208,-0.03618555291336634,-0.026257363572079306,False,False,False,False,low
KMI,2022-04-29,0.7946084085212312,0.8065284284562412,0.015001124839835622,18.149999618530273,14.638490668814597,-0.035087712182401365,-0.02061294249335832,False,False,False,False,low
NRG,2022-04-29,0.8949070967386706,0.90341856340332,0.009511005886161827,35.900001525878906,32.43272780468652,-0.033647374122696694,-0.02445638860986965,False,False,False,False,low
O,2022-04-29,0.8018987443606052,0.8046322830902823,0.003408832784564053,69.36000061035156,55.809295646250554,-0.04607342203689413,-0.042821645843866496,False,False,False,False,low
OKE,2022-04-29,0.7957957496287266,0.8070722182999636,0.014170053907045732,63.33000183105469,51.11188506273006,-0.053646091394494166,-0.04023620549441076,False,False,False,False,low
ETR,2022-05-04,0.8607111947129326,0.8681718334107121,0.008667993101063143,59.33000183105469,51.50863646592766,0.009614608138765357,0.01836594059684482,False,False,False,False,low
HWM,2022-05-05,0.9874011694938574,0.9879419155134084,0.0005476457150928038,35.41999816894531,34.99290083850925,-0.03118170573096679,-0.030651136543406787,False,False,False,False,low
INTC,2022-05-05,0.9345315502301672,0.9419187515240244,0.007904710431700046,44.599998474121094,42.00957488071753,-0.041684624049051044,-0.034109418499913224,False,False,False,False,low
NSC,2022-05-05,0.9114762553031398,0.9157666948750524,0.0047071325741618875,256.8699951171875,235.23298644103764,-0.029470729265960394,-0.024902319321510547,False,False,False,False,low
WFC,2022-05-05,0.8978641758396505,0.9027726865307718,0.005466874415087419,44.7599983215332,40.408103933843364,-0.026533302149828297,-0.02121148196541167,False,False,False,False,low
WMT,2022-05-05,0.949070017494914,0.9525197566802864,0.0036348626779698634,50.913333892822266,48.49595641137324,-0.012158847721639887,-0.008568180785460622,False,False,False,False,low
AAPL,2022-05-06,0.9788824866305272,0.9803208381000108,0.0014693811454677963,157.27999877929688,154.184860219689,0.0032531383104996703,0.004727299556064546,False,False,False,False,low
AMP,2022-05-06,0.9393736264206892,0.9437312419853592,0.004638852360880019,266.6000061035156,251.59875487337513,-0.015145939854557255,-0.010577347272529458,False,False,False,False,low
DHI,2022-05-06,0.9567428886319642,0.959778204788998,0.0031725515737817123,70.01999664306639,67.20366667741393,-0.015882007850716917,-0.012759842765936669,False,False,False,False,low
GWW,2022-05-06,0.9600271786511512,0.9634569380576764,0.003572564905239606,477.9200134277344,460.45535277356856,-0.010804323927715909,-0.00727035817096533,False,False,False,False,low
TXN,2022-05-06,0.8835580900724632,0.8895657308838911,0.00679937276216358,167.4499969482422,148.9577789217684,-0.01661969609667857,-0.009933326843470147,False,False,False,False,low
AEP,2022-05-09,0.8570651904670183,0.8638269053410019,0.007889382218754015,99.69000244140624,86.11490630239688,0.0004014140984931469,0.008293963226498002,False,False,False,False,low
IBM,2022-05-09,0.8530464542895183,0.8633943994472792,0.01213057636630066,134.44000244140625,116.07474516958871,-0.02346187092684704,-0.011615900577520821,False,False,False,False,low
MET,2022-05-09,0.8782418570954635,0.8847920151760661,0.007458262240273239,65.63999938964844,58.07774733612279,-0.028131499853771835,-0.02088304971662025,False,False,False,False,low
EQT,2022-05-10,0.9394801133760624,0.9427043909177636,0.0034319806197009584,36.599998474121094,34.502979269137406,0.001367968210785886,0.004804643670874853,False,False,False,False,low
PCAR,2022-05-10,0.855430553120197,0.8588517795869627,0.003999420472283521,55.83333206176758,47.95255660151891,-0.01874638726725153,-0.014821941479985945,False,False,False,False,low
FANG,2022-05-11,0.8207812043610819,0.8405255517667745,0.024055555001484263,125.2699966430664,105.29263304823537,-0.03519716438478193,-0.011988296707052037,False,False,False,False,low
PAYX,2022-05-11,0.8750161233982415,0.8808084266181265,0.006619653129807279,118.22000122070312,104.12917327000052,-0.01589940960945524,-0.0093850050562313,False,False,False,False,low
RMD,2022-05-11,0.961544131241674,0.9636172015280212,0.0021559803850814685,191.4600067138672,184.49415587415285,-0.019260293429591457,-0.017145837859355195,False,False,False,False,low
TJX,2022-05-11,0.940122014484278,0.945082859365076,0.005276809610207156,54.9900016784668,51.970108022775726,-0.021530232527515847,-0.01636703385521998,False,False,False,False,low
VLO,2022-05-11,0.8808504532003757,0.8880447473839148,0.008167441087644667,120.41999816894533,106.93834685391253,-0.004546606978653722,0.003583699964344156,False,False,False,False,low
CEG,2022-05-12,0.9672636862466548,0.9696468674435984,0.002463838176527844,53.470001220703125,51.84701918586017,-0.06797974174292898,-0.06568339464933781,False,False,False,False,low
CTVA,2022-05-12,0.95557692369246,0.9580792640809056,0.002618669754786751,54.04999923706055,51.78418349261648,0.008395536861008024,0.01103619175424786,False,False,False,False,low
DUK,2022-05-12,0.848541981096914,0.8562153141244832,0.009042962161577073,108.84999847412111,93.19903563596911,-0.009644301270764988,-0.0006885521606543321,False,False,False,False,low
EMR,2022-05-12,0.9185252588947492,0.9242510376703604,0.0062336650191863185,82.75,76.48177336722233,-0.004571120726247213,0.0016340494575695086,False,False,False,False,low
ETN,2022-05-12,0.9367957126915568,0.9422158538315124,0.00578583042868841,141.75,133.5590972806169,0.006675679693944447,0.012500134473338198,False,False,False,False,low
EXC,2022-05-12,0.8580777175893997,0.8642118317465124,0.007148669673354702,45.849998474121094,39.62411116689499,-0.03716926706141832,-0.030286308200286216,False,False,False,False,low
HON,2022-05-12,0.9139456890767782,0.9186340401850878,0.005129791807481965,181.82846069335935,167.03381346737612,0.00468698398469769,0.009840819044226068,False,False,False,False,low
KR,2022-05-12,0.9120049844258992,0.915543715894972,0.003880166807751051,54.220001220703125,49.640781393432455,-0.0020246752557384617,0.001847635474288678,False,False,False,False,low
MSCI,2022-05-12,0.9510735625435364,0.9536337020529804,0.0026918417357719715,387.9800109863281,369.9908141994481,0.0014972046953587448,0.004193076669216644,False,False,False,False,low
PFE,2022-05-12,0.7937926659163107,0.8002661126411567,0.008155085078007662,50.38999938964844,40.32540892754421,0.01900907203652613,0.027319177714245413,False,False,False,False,low
PH,2022-05-12,0.9468463749752576,0.9516245301715742,0.00504638906859789,260.44000244140625,247.84109496118685,-0.01679947133128934,-0.01183785893117606,False,False,False,False,low
SBUX,2022-05-12,0.901749707806818,0.9081007794763108,0.007043053759273832,69.9000015258789,63.476245871045954,-0.0022837002325190037,0.0047432693032471995,False,False,False,False,low
SCHW,2022-05-12,0.9421409095645116,0.9450435713933182,0.003080921122667668,64.94999694824219,61.38057707795191,-0.002610654041300231,0.00046222386218763845,False,False,False,False,low
TFC,2022-05-12,0.805705288928347,0.8140457032953687,0.010351693704425236,46.470001220703125,37.82870482584392,-0.00811093416850106,0.0021567976297551805,False,False,False,False,low
V,2022-05-12,0.9678837861844112,0.9697324216630652,0.001909976698692084,193.97000122070312,188.09899901374015,-0.013979259774987152,-0.012095983136730326,False,False,False,False,low
WEC,2022-05-12,0.8637383387511068,0.869962637674341,0.007206232077453079,100.8199996948242,87.70963286483553,-0.009140052139319677,-0.0019996853987827024,False,False,False,False,low
XOM,2022-05-12,0.8655025399989899,0.874368364734725,0.010243557154373528,86.30000305175781,75.45799254496725,-0.005645787056120066,0.004539937155862761,False,False,False,False,low
COF,2022-05-13,0.9260031616896438,0.930896198292188,0.005284038764636678,116.45999908447266,108.41217040084729,0.020236509222210097,0.02562747848603797,False,False,False,False,low
COR,2022-05-13,0.9599148059540084,0.962836080780562,0.0030432646818592257,152.88999938964844,147.20800780287163,0.008442706774908437,0.011511664848115277,False,False,False,False,low
CTAS,2022-05-13,0.9614248871811164,0.9639190942647596,0.0025942817966322362,93.99250030517578,90.60116576184518,0.023994981672081694,0.0266515132128764,False,False,False,False,low
FIX,2022-05-13,0.983054300141325,0.9847238833808744,0.001698363192459862,84.0999984741211,82.81527708976213,0.01840635274114022,0.020135976605603068,False,False,False,False,low
KKR,2022-05-13,0.9647526703845584,0.967858678629604,0.0032194865486172564,51.56999969482422,49.91247176156165,0.0677018739009545,0.07113932572191195,False,False,False,False,low
KLAC,2022-05-13,0.9586320505235976,0.9618320741969204,0.003338114630712541,336.4200134277344,323.57955931655357,0.0659696036805204,0.0695279324104614,False,False,False,False,low
LLY,2022-05-13,0.9641114102577218,0.9673602247941966,0.0033697501159188903,291.6300048828125,282.11126708017014,-0.0005825322730199645,0.0027852548547044886,False,False,False,False,low
MAR,2022-05-13,0.9606448598852304,0.9624125759724748,0.0018401348521821514,166.39999389648435,160.1454467677196,0.01873391470062069,0.02060852248216105,False,False,False,False,low
ROK,2022-05-13,0.9295187383655444,0.934654473963894,0.0055251555308935,203.82000732421872,190.50128172893469,-4.903354141283511e-05,0.005475851071538251,False,False,False,False,low
SO,2022-05-13,0.8574735827973732,0.8654175349344614,0.009264369534478512,73.6500015258789,63.73800276844544,-0.005804539613220139,0.003406054521303936,False,False,False,False,low
UPS,2022-05-13,0.8118331165416175,0.8187995589883597,0.008581126225078117,178.0399932861328,145.77906798497605,-0.0034145011541676373,0.005137324805510879,False,False,False,False,low
AMGN,2022-05-16,0.875587265883602,0.8826221366022714,0.0080344598337323,243.8699951171875,215.24505614351753,0.0019309828779330296,0.009980957116037859,False,False,False,False,low
COP,2022-05-16,0.8573389271012357,0.8611885540041972,0.0044902042602656955,105.5,90.85539244744281,0.0251675857129936,0.029770797573848373,False,False,False,False,low
ADM,2022-05-17,0.8832053292381593,0.8872764884604031,0.004609527464870977,88.62999725341797,78.63931273526786,0.016632220040908807,0.021318414180860223,False,False,False,False,low
AFL,2022-05-17,0.9083810033108052,0.9148939330655044,0.007169821617758698,57.2400016784668,52.36853026428856,0.018686653807083564,0.025990455399272028,False,False,False,False,low
APO,2022-05-17,0.9230522567617327,0.9300042718736206,0.007531550961455746,54.79999923706055,50.964233389137455,0.024107661296790317,0.03182078033786451,False,False,False,False,low
ED,2022-05-17,0.8648450041527724,0.8720940394262288,0.008381889516211771,95.5,83.28498076520485,0.004840057660368879,0.013262516005142055,False,False,False,False,low
EQIX,2022-05-17,0.9167617242701004,0.921179145497342,0.004818505300009823,646.8099975585938,595.8278808501633,0.0006033455938068144,0.005424758117758222,False,False,False,False,low
MPC,2022-05-17,0.9116607546548298,0.9171751234036218,0.006048706956657268,97.5500030517578,89.47043608701965,0.011195209053473931,0.017311632549014355,False,False,False,False,low
TGT,2022-05-17,0.8690242614697709,0.8726064049935627,0.00412202936398276,215.27999877929688,187.8547058018208,-0.018107189148018787,-0.01405979814940328,False,False,False,False,low
CVX,2022-05-18,0.8438098135194995,0.8507514086136393,0.008226492490276627,168.05999755859375,142.9772796545784,-0.034304437525591314,-0.0263601502330022,False,False,False,False,low
MSFT,2022-05-18,0.965284854703952,0.9675332150628604,0.0023292195541573246,254.0800018310547,245.8308410547778,-0.047747564438387124,-0.04552955944498294,False,False,False,False,low
CMI,2022-05-19,0.9065583045080452,0.913042968848854,0.00715305822974921,201.8800048828125,184.32511900942427,-0.011167705419276364,-0.004094530436683952,False,False,False,False,low
HSY,2022-05-19,0.8970437666508154,0.900952365038682,0.0043571992060762454,205.1199951171875,184.803344717553,-0.012374246685002532,-0.00807096453675793,False,False,False,False,low
IR,2022-05-19,0.9952122619205448,0.9956686641899776,0.00045859791613911405,44.279998779296875,44.088207234916354,0.014897953134744624,0.015363383221145943,False,False,False,False,low
MCHP,2022-05-19,0.9077823168778212,0.9115862307989628,0.004190337100004937,66.01000213623047,60.17380904239782,-0.001965486159927532,0.0022166148905020666,False,False,False,False,low
MCO,2022-05-19,0.9639539121156993,0.9663646135638242,0.0025008472063088316,282.760009765625,273.24926756846133,0.0076978033325934,0.010217901568861043,False,False,False,False,low
MMM,2022-05-19,0.8581132666199465,0.8667852048105327,0.010105819974960184,122.87625122070312,106.50731658068763,-0.013227740310913227,-0.003255597498210583,False,False,False,False,low
OTIS,2022-05-19,0.9313114643862068,0.9350669018554796,0.0040324183829818505,72.58999633789062,67.876502981372,0.005262391057136551,0.00931602960255562,False,False,False,False,low
RTX,2022-05-19,0.91148790235605,0.9169334347202932,0.005974333120787767,90.25000000000001,82.75324248350647,-0.025483215579287677,-0.01966112767735939,False,False,False,False,low
SHW,2022-05-19,0.9616623370574998,0.9638894928417944,0.0023159436513955356,259.3699951171875,250.00401305188456,-0.0011168779975034848,0.0011964790273844006,False,False,False,False,low
TEL,2022-05-19,0.934819385297006,0.9391188247578875,0.004599219409122002,122.68000030517578,115.21109770789397,0.002943105062538587,0.007555860457587382,False,False,False,False,low
WAB,2022-05-19,0.9765541597498402,0.9782372513494786,0.001723500517441412,87.05000305175781,85.15555571531529,-0.0016056816805632979,0.00011505144367096598,False,False,False,False,low
ATO,2022-05-20,0.9011873205603236,0.9067235799122436,0.006143294768592433,111.6999969482422,101.28102110909686,0.0029630438495276135,0.00912454146990016,False,False,False,False,low
PSX,2022-05-20,0.8573814649874754,0.8661953561696178,0.01028001133925982,93.79000091552734,81.240463248174,-0.016154420286874083,-0.006040476571342435,False,False,False,False,low
JNJ,2022-05-23,0.8853378448774624,0.8910269579376533,0.006425923271108358,179.44000244140625,159.8858795076913,0.013899913963465016,0.0204151570151776,False,False,False,False,low
PRU,2022-05-23,0.8095556970506398,0.8195195271435148,0.012307775893833028,101.4000015258789,83.09928130283997,0.027355670325426296,0.04000013367905031,False,False,False,False,low
WELL,2022-05-23,0.903405856494639,0.9097038400365016,0.006971377810522261,87.70999908447266,79.79012297674282,-0.004539797107116494,0.0023999320625889276,False,False,False,False,low
TER,2022-05-24,0.9830527187317908,0.984105030947552,0.0010704534921777142,99.19000244140624,97.61338042228783,-0.03596070531821238,-0.03492874608862384,False,False,False,False,low
AMAT,2022-05-25,0.9637900433167492,0.9661467317350516,0.002445230094090034,108.52999877929688,104.85590361582682,0.0182006051980379,0.02069033995968872,False,False,False,False,low
HLT,2022-05-26,0.9866928631231268,0.9878177628030927,0.0011400707575865976,138.47000122070312,136.7831268211765,0.05108543682190958,0.052283748592155455,False,False,False,False,low
SPGI,2022-05-26,0.9641681361484652,0.9665309261746208,0.002450599576536705,352.4700012207031,340.6731567286159,0.01383534921454066,0.016319853692003505,False,False,False,False,low
VMC,2022-05-26,0.9666532995331744,0.9690662136862936,0.002496152606404456,164.27999877929688,159.19819640144217,0.022595736201219685,0.025148291213436647,False,False,False,False,low
YUM,2022-05-26,0.9218175476206344,0.9263855438775224,0.0049554234118007745,117.76000213623048,109.09116362599008,0.01877330103892838,0.023821754106214232,False,False,False,False,low
ADI,2022-05-27,0.9307241671855312,0.9350573016821644,0.004655659162409398,167.5500030517578,156.66885375041508,0.02164636007169407,0.026402797308703985,False,False,False,False,low
BKR,2022-05-27,0.9075004763355136,0.9119250223833304,0.004875530275954443,37.18000030517579,33.90537261050966,0.0021563836750693177,0.007042427464918122,False,False,False,False,low
CSX,2022-05-27,0.9423106154738388,0.9453038454079844,0.003176479055837067,32.04999923706055,30.2969875241163,0.014882815531664484,0.018106569539329653,False,False,False,False,low
GLW,2022-05-27,0.8956190767839599,0.9025379664159044,0.007725259333230428,35.650001525878906,32.17547987989064,0.012208980416588355,0.020028557289731186,False,False,False,False,low
NEE,2022-05-27,0.8961534084579315,0.9012578203085656,0.005695913001567021,77.43000030517578,69.7843933015343,0.031849671648310096,0.03772699760871445,False,False,False,False,low
NOC,2022-05-27,0.9339921155377224,0.9374617849407212,0.003714880827448086,470.760009765625,441.31951903359413,0.007124098029698933,0.010865444032330362,False,False,False,False,low
UNP,2022-05-27,0.9062677706498274,0.9116231510738456,0.005909269420646179,222.5,202.83615111393064,0.005467968505483256,0.01140954962521179,False,False,False,False,low
EBAY,2022-05-31,0.9247713094113136,0.9289574328963448,0.004526658042295795,48.66999816894531,45.21235655809324,-0.0030725425402821083,0.001440207152613615,False,False,False,False,low
GS,2022-05-31,0.900189645858902,0.9057023192801736,0.00612390227618298,326.8500061035156,296.028808584693,-0.0052650208151662214,0.0008266389880624558,False,False,False,False,low
HAL,2022-05-31,0.916263245613566,0.9189292999635938,0.0029097034752743056,40.5,37.21663664852555,-0.02079305120068886,-0.017943849338754925,False,False,False,False,low
HIG,2022-05-31,0.919337461965316,0.924231728493793,0.005323688776931013,72.51000213623047,67.0160446074569,-0.0026134088031253278,0.0026963669986910244,False,False,False,False,low
LMT,2022-05-31,0.8936086887118408,0.899196853238628,0.006253480519356369,440.10998535156256,395.7455139070237,-0.023193386593695964,-0.017084945465581258,False,False,False,False,low
MCK,2022-05-31,0.9793154481102396,0.9806912650295656,0.0014048761530116582,328.69000244140625,322.3434142968337,-0.018718620652080964,-0.017340041842840548,False,False,False,False,low
MLM,2022-05-31,0.97430061081271,0.9760041629795996,0.0017484872204571733,339.38000488281244,331.2362975976618,-0.028816731928608008,-0.027118630395663423,False,False,False,False,low
MTB,2022-05-31,0.872831329823529,0.8786631648768367,0.006681514347665285,179.97000122070312,158.13301085547118,-0.004590718014628847,0.0020601233847556966,False,False,False,False,low
O,2022-05-31,0.8046322691101874,0.8075080978653334,0.0035740907561740975,68.22000122070312,55.088203422100705,-0.016294120811547574,-0.012778266721946041,False,False,False,False,low
ODFL,2022-05-31,0.9775887486059852,0.9787005045798348,0.0011372430129079625,129.1199951171875,126.36980437253722,-0.0223367308505501,-0.021224890128733076,False,False,False,False,low
SLB,2022-05-31,0.9067034698809135,0.9100068406930988,0.0036432758028588363,45.959999084472656,41.82391356511867,-0.04667081606986945,-0.0431975749218978,False,False,False,False,low
HD,2022-06-01,0.8965175385812979,0.902179451419287,0.006315451281576623,297.19000244140625,268.11871336988446,-0.018364979549442606,-0.012165511401497797,False,False,False,False,low
NEM,2022-06-01,0.8881434032538096,0.8954015286719715,0.008172244923028149,67.2699966430664,60.23365782796005,-0.008548295417809104,-0.0004459092586097668,False,False,False,False,low
QCOM,2022-06-01,0.9090452804619368,0.9138307263313176,0.005264254677114666,140.02000427246094,127.95458220521716,-0.02234322665108046,-0.017196592409365663,False,False,False,False,low
AJG,2022-06-02,0.9612795974145536,0.9643436148476188,0.0031874362477952722,164.3699951171875,158.50915526379404,0.024048350523039774,0.027312439354991724,False,False,False,False,low
ALL,2022-06-02,0.9048116614994488,0.910557387654616,0.00635019021046368,134.14999389648438,122.1512679962655,-0.004083170484177168,0.002241090817050484,False,False,False,False,low
BAC,2022-06-02,0.9026105760467646,0.9078092669721785,0.005759616675646395,36.70000076293945,33.316600790482454,0.0008181782244960356,0.006582507293088069,False,False,False,False,low
D,2022-06-02,0.8206277466002336,0.8272291324155702,0.008044312226445305,83.4800033569336,69.05709075100506,-0.00274752992539129,0.0052746803124827935,False,False,False,False,low
LHX,2022-06-02,0.9214132889520812,0.9257066437380151,0.004659532087730955,240.69000244140625,222.80833434132884,-0.0033127791360313408,0.0013313169510158485,False,False,False,False,low
LIN,2022-06-02,0.9445546539466788,0.9480250405434938,0.0036740982454688265,333.17999267578125,315.86297606473846,0.04245802054429593,0.04628811372855268,False,False,False,False,low
PEP,2022-06-02,0.8800736571228807,0.8861947683094695,0.006955226005286752,166.67999267578125,147.71093749113805,0.0011411326587105197,0.008104295499540948,False,False,False,False,low
TT,2022-06-02,0.9527198002519508,0.9574248595690552,0.004938555193100935,139.35000610351562,133.41716002460544,0.022077232261069613,0.02712481708420289,False,False,False,False,low
WM,2022-06-02,0.9395396586435956,0.943407969666023,0.004117240807069322,159.3800048828125,150.360366811855,0.00536179972283346,0.0095011163505212,False,False,False,False,low
BLK,2022-06-03,0.9054584984982954,0.9119412439936684,0.007159627422046011,671.739990234375,612.5874023346306,-0.021486110809808334,-0.01448031593590926,False,False,False,False,low
MCD,2022-06-03,0.9063584014755652,0.9113816766741932,0.0055422614171722895,248.36000061035156,226.35075377506587,-0.008067753946272127,-0.0025702061305193924,False,False,False,False,low
NKE,2022-06-03,0.9258876148233686,0.928181627836133,0.0024776365684533452,120.9499969482422,112.26356505419477,-0.019933608628702082,-0.017505360297928374,False,False,False,False,low
ROST,2022-06-06,0.9563385029809708,0.9599358765718956,0.0037616111656193496,81.33000183105469,78.07158659928736,-0.01680366742185868,-0.01310526511923682,False,False,False,False,low
AEE,2022-06-07,0.8866823206855045,0.8923344448134283,0.0063744635435543096,93.72000122070312,83.62958525718994,0.006119159264488694,0.012532629165691755,False,False,False,False,low
CI,2022-06-07,0.925238256095874,0.9292672394932344,0.004354536110905194,262.2799987792969,243.7282104399261,0.015329789961285867,0.01975108019615024,False,False,False,False,low
EA,2022-06-07,0.977901990998361,0.9792277192519496,0.0013556862198789155,140.97000122070312,138.04173277829366,0.004417492627183828,0.005779167580943989,False,False,False,False,low
TPL,2022-06-07,0.9479703827799668,0.961114795495076,0.013865847450383884,194.0255584716797,186.48083495132633,0.03832871628311474,0.05272602386644931,False,False,False,False,low
BDX,2022-06-08,0.9323704648306432,0.9355261098122328,0.0033845398375664804,200.3537750244141,187.43618773478542,-0.011902946881068521,-0.008558693041405552,False,False,False,False,low
NVDA,2022-06-08,0.9970209640820382,0.9972313369729552,0.00021100147188035656,18.64800071716309,18.596370687049173,-0.014688780999075113,-0.014480878881605652,False,False,False,False,low
PEG,2022-06-08,0.8745443108895662,0.8814479210376011,0.007893951240746988,67.12999725341797,59.171596518285135,-0.026395935828545602,-0.018710352818183118,False,False,False,False,low
SPG,2022-06-08,0.8017442556630751,0.8140698846674199,0.015373517075156329,107.87000274658205,87.81372069498431,-0.03927677307321076,-0.02450707813955244,False,False,False,False,low
ADP,2022-06-09,0.91555374749649,0.9199026040320932,0.004749974043025684,215.6999969482422,198.42298888240256,-0.01950092475930776,-0.014843579602703771,False,False,False,False,low
AME,2022-06-09,0.973982354618731,0.9757454342080986,0.0018101761094613256,118.81999969482422,115.9380721948324,-0.024065710925468387,-0.02229909799098162,False,False,False,False,low
CME,2022-06-09,0.8373557039786796,0.8415725503254406,0.005035908069563222,197.92999267578125,166.57244872205302,-0.008217741084576624,-0.0032232168036548936,False,False,False,False,low
ELV,2022-06-09,0.9426079662511666,0.945035596079485,0.002575439541396163,486.2000122070313,459.47631834992467,-0.024282512306551873,-0.021769610907514392,False,False,False,False,low
KMB,2022-06-09,0.8587372753335117,0.8664205299349207,0.008947153945803699,127.45999908447264,110.4339599522733,-0.02560965168293461,-0.016891631233236448,False,False,False,False,low
NDAQ,2022-06-09,0.9456011180070316,0.9493018128348586,0.003913589733931966,50.91666793823242,48.33528517727456,-0.007536846428853661,-0.003652752819731986,False,False,False,False,low
OXY,2022-06-09,0.9414163506190462,0.9431927902530728,0.001886986170208882,65.18000030517578,61.47730635653488,-0.05577283126471333,-0.05399108765577443,False,False,False,False,low
TRV,2022-06-09,0.9263963954844388,0.93131836893744,0.0053130317399685545,171.52999877929688,159.74903868697584,-0.025231587262635524,-0.02005261174664319,False,False,False,False,low
WMB,2022-06-09,0.8377501669302787,0.8473559450999476,0.011466160854215923,35.59000015258789,30.15739821540339,-0.05068021981365267,-0.03979516651194703,False,False,False,False,low
DVN,2022-06-10,0.8289815075540257,0.8427292361061178,0.016583878442181232,74.05999755859375,62.41252516857466,-0.04868337816072277,-0.032906858944113826,False,False,False,False,low
HPE,2022-06-10,0.8912904844258842,0.8986361445242952,0.008241600495872747,14.229999542236328,12.78759192521774,-0.030654002287778814,-0.022665039832361455,False,False,False,False,low
CCI,2022-06-14,0.8139692178883814,0.8212398828595922,0.00893235863399422,157.9199981689453,129.69020079745167,-0.04890385115346585,-0.040408319256557745,False,False,False,False,low
DLR,2022-06-14,0.8687535381548795,0.8771680338382224,0.009685710979910445,124.56999969482422,109.26882170753693,-0.020522099418845086,-0.011035159562606367,False,False,False,False,low
EOG,2022-06-14,0.8359403066050058,0.8474326208005489,0.013747768955198136,131.25999450683594,111.23400115119364,-0.011075124448287177,0.002520386254845741,False,False,False,False,low
GILD,2022-06-14,0.8666306413327036,0.8774598326510219,0.012495740170997305,57.790000915527344,50.708404532241026,-0.022992401948739527,-0.010783968858400717,False,False,False,False,low
ICE,2022-06-14,0.9479614141721472,0.951696726892718,0.003940363673802905,94.0500030517578,89.50708006860803,-0.028609756783695817,-0.02478212595623963,False,False,False,False,low
IRM,2022-06-14,0.8607514013506877,0.8719093526660556,0.012963035898470698,47.279998779296875,41.223873129708636,-0.022534632554423673,-0.009863713906714922,False,False,False,False,low
KO,2022-06-14,0.8881579768293365,0.8945748536709635,0.007224927331660913,59.22999954223633,52.98566817342729,-0.034398444817456464,-0.027422043749923852,False,False,False,False,low
LRCX,2022-06-14,0.9574346576943302,0.9606574843898418,0.003366106156291293,44.97700119018555,43.20749281876257,0.006016842756964236,0.00940320224470148,False,False,False,False,low
MO,2022-06-14,0.7280556018895407,0.7422199212119014,0.019454996686516512,46.290000915527344,34.35736083242155,-0.018447814561061704,0.0006482799542957274,False,False,False,False,low
MRK,2022-06-14,0.8855085484080009,0.8927554518867672,0.008183888785483928,84.5,75.43783568443183,-0.00588235294117645,0.0022533953220398306,False,False,False,False,low
MSI,2022-06-14,0.9544573986656288,0.958193424150964,0.003914292550467158,203.30999755859375,194.81030272479308,0.003454898307751364,0.007382714340927077,False,False,False,False,low
NXPI,2022-06-14,0.9261228161712606,0.9307897966751992,0.0050392673870542914,168.2899932861328,156.6426086332702,-0.0013648883248083,0.0036675010250237783,False,False,False,False,low
PSA,2022-06-14,0.8250587694926452,0.8306432185970966,0.006768547054999852,297.8399963378906,247.39877318505293,0.0012101161028228447,0.007986853885606937,False,False,False,False,low
TMO,2022-06-14,0.9885110329814164,0.9890908907016616,0.000586597115154408,507.4500122070313,501.91418456042163,-0.00871245223412731,-0.008130965818319402,False,False,False,False,low
XEL,2022-06-14,0.8769201497064377,0.8832221985792446,0.007186570949380577,65.87999725341797,58.18667601655841,-0.0367013036793562,-0.02977848925280202,False,False,False,False,low
AIG,2022-06-15,0.9140640816045896,0.9197218383974756,0.006189671935203922,52.04999923706055,47.87152098689653,0.0005766777976334847,0.00676991917921721,False,False,False,False,low
HCA,2022-06-15,0.9665927160701344,0.9696214133460148,0.0031333748180868426,181.69000244140625,176.1705169580772,0.013442680045286037,0.016618175818514658,False,False,False,False,low
PLD,2022-06-15,0.8842205289888739,0.8905784100015606,0.007190379327606244,115.08999633789062,102.49666594568406,0.04003246456875109,0.04751069250202544,False,False,False,False,low
AMT,2022-06-16,0.8764849665163492,0.8817081529698645,0.005959242489092853,234.17999267578122,206.47840880465947,-0.02990887076740867,-0.024127862491793772,False,False,False,False,low
CB,2022-06-16,0.9493851231229776,0.953355804354502,0.004182371447387867,189.19000244140625,180.36538695335705,-0.05063225812774774,-0.04666164959107022,False,False,False,False,low
DTE,2022-06-16,0.8743402038537618,0.8808797075147157,0.007479358300270578,116.61000061035156,102.7193832309373,-0.02181023818546235,-0.014494006471195031,False,False,False,False,low
GRMN,2022-06-16,0.9160243475699144,0.9229718949803092,0.0075844571477010625,92.77999877929689,85.63333128959842,-0.043307944238552554,-0.036051954338083836,False,False,False,False,low
HBAN,2022-06-16,0.8336464202464436,0.8440794861072194,0.012514977102272562,11.84000015258789,9.993901244305786,-0.05582135657053844,-0.04400498246756401,False,False,False,False,low
UNH,2022-06-16,0.9302315814317612,0.9335489750756112,0.0035662019115112464,456.0899963378906,425.78234862347705,-0.017745979093884312,-0.014243062926939443,False,False,False,False,low
APH,2022-06-17,0.9639695697451002,0.9670636981002444,0.0032097780389088726,31.450000762939453,30.414154043063736,0.006239053188573873,0.009468857203390968,False,False,False,False,low
ECL,2022-06-17,0.9556976481341668,0.9590563544738644,0.0035144026421483066,148.1699981689453,142.10337828630784,0.017441414550364964,0.021017113345891847,False,False,False,False,low
JCI,2022-06-17,0.9260195133061826,0.93291237298277,0.00744353609998738,47.22999954223633,44.06145094892283,-0.0029554442221910726,0.004466092922037035,False,False,False,False,low
AVGO,2022-06-21,0.9306326413042846,0.9383479269875982,0.008290366510786296,50.37699890136719,47.27115248695441,0.01026766681372604,0.018643156045608844,False,False,False,False,low
VST,2022-06-21,0.9342891170534096,0.941723924405556,0.007957715889482353,22.770000457763672,21.44305418980151,0.015611078513768861,0.023693022930792118,False,False,False,False,low
CARR,2022-06-22,0.9433032008402998,0.947362330610824,0.004303101873192272,34.779998779296875,32.9492607021963,-0.006569538796431851,-0.002294706317940709,False,False,False,False,low
DHR,2022-06-23,0.9800756579025052,0.9810730324189446,0.0010176505338108655,226.2234039306641,221.9416808983924,0.037696687460808675,0.038752700048736655,False,False,False,False,low
MDT,2022-06-23,0.8776868290278416,0.8844252966223617,0.007677530722414838,88.66999816894531,78.42198943207373,-0.006498619955794704,0.001129017412256239,False,False,False,False,low
STX,2022-06-23,0.8814738902448317,0.8901766718492519,0.009872988526073101,70.75,62.97999953333457,-0.011871487321725493,-0.0021157058537673024,False,False,False,False,low
FDX,2022-06-24,0.9177768371777304,0.9224268362343484,0.005066590121098891,196.0032196044922,180.79862975151795,0.06623413350833207,0.07163630483594385,False,False,False,False,low
COP,2022-06-27,0.8611886647285513,0.8678710183907417,0.00775945380597487,92.2300033569336,80.04374693956348,0.014519850859651573,0.022391970777641657,False,False,False,False,low
GE,2022-06-27,0.9800749647557196,0.9812449389961424,0.001193759949489559,41.56145477294922,40.781967153273484,-0.005515761286964738,-0.004328585832390597,False,False,False,False,low
DE,2022-06-29,0.946878922200188,0.9503523199083314,0.0036682596124038014,300.6499938964844,285.7234191799496,-0.02752623128742704,-0.023958945037536705,False,False,False,False,low
FITB,2022-06-29,0.8522842796661185,0.8596867663728553,0.008685466672735842,34.209999084472656,29.40988349054864,-0.018082694183583103,-0.009554284148531877,False,False,False,False,low
ITW,2022-06-29,0.9087650520461054,0.9148644107616908,0.006711700347468819,180.7899932861328,165.39833067932793,-0.01202258123935318,-0.00539157285456604,False,False,False,False,low
MDLZ,2022-06-29,0.8982121726693999,0.9033347707435748,0.0057031047118312195,62.04999923706055,56.05192183544908,0.005346694909764915,0.011080292382528611,False,False,False,False,low
MPWR,2022-06-29,0.9695103170731458,0.9713448490714588,0.0018922253492372754,392.4100036621094,381.1654357813022,-0.011885279789161096,-0.010015544067623616,False,False,False,False,low
NUE,2022-06-29,0.9415364526888448,0.94591689156998,0.004652436842594421,106.25,100.50366972931037,-0.015930362149271904,-0.011352040310456557,False,False,False,False,low
SYK,2022-06-29,0.9590712689095746,0.9624528035200148,0.0035258428857793955,199.42999267578125,191.9419555567817,0.008240594534252521,0.011795492461645019,False,False,False,False,low
USB,2022-06-29,0.8305157397407383,0.8387439255205389,0.009907320699748645,46.11999893188476,38.682868949132086,-0.016421421791139257,-0.006676793383421087,False,False,False,False,low
APD,2022-06-30,0.9025743314078934,0.908628608022179,0.006707787274253363,240.47999572753903,218.50700377509335,-0.010899556212943584,-0.004264880843150465,False,False,False,False,low
AXP,2022-06-30,0.9510202392979774,0.9545790678042408,0.003742116475765611,138.6199951171875,132.32374571799326,-0.00609454431831935,-0.002375234337259613,False,False,False,False,low
BMY,2022-06-30,0.8441932001795559,0.850057230256892,0.006946312853608472,77.00000000000001,65.45440672978069,-0.01635154316884546,-0.009518813249727365,False,False,False,False,low
CAH,2022-06-30,0.9238816181662084,0.9324961334905764,0.0093242631469026,52.27000045776367,48.74157332441528,-0.02644809471533327,-0.017370440563290623,False,False,False,False,low
GD,2022-06-30,0.9197237245778296,0.925039034871679,0.005779246693119022,221.25,204.664886465359,0.008983953081310947,0.014815120255566194,False,False,False,False,low
KDP,2022-06-30,0.8972136884388809,0.9019661587771616,0.005296921346072736,35.38999938964844,31.920581808607295,-0.008127828280463212,-0.002873959401506365,False,False,False,False,low
O,2022-06-30,0.8075082656108986,0.8104061986244273,0.0035887347993104335,68.26000213623047,55.31832884931782,-0.015859262751461434,-0.012327442640278519,False,False,False,False,low
PM,2022-06-30,0.8301296860067388,0.8405458052970036,0.012547580776650191,98.73999786376952,82.99549101942657,-0.021116336123870094,-0.008833714280440996,False,False,False,False,low
PWR,2022-06-30,0.9939198025249728,0.9945012235212092,0.000584977776636908,125.33999633789062,124.65077971417611,0.04668055396985915,0.04729283883316948,False,False,False,False,low
RSG,2022-06-30,0.9517067729140852,0.9550807792854122,0.0035452163075355703,130.8699951171875,124.99141692160153,0.0050686457974817856,0.00863183155075542,False,False,False,False,low
STT,2022-06-30,0.8742404238902572,0.8820866274530027,0.008974880763155335,61.650001525878906,54.380641928435,-0.037921351993441155,-0.0292868108428046,False,False,False,False,low
SYY,2022-06-30,0.8972986040108158,0.90248271892288,0.00577746904864429,84.70999908447266,76.44931029370956,-0.00691681062340832,-0.0011793032340561282,False,False,False,False,low
VTR,2022-06-30,0.8715865357848105,0.8792604188182339,0.008804499287627943,51.43000030517578,45.220363608150755,-0.0025213550165376075,0.006260945002643181,False,False,False,False,low
A,2022-07-01,0.9709887719184382,0.972708642356564,0.001771256772339136,119.20999908447266,115.95659636478463,0.0037046598791157237,0.005482478555354664,False,False,False,False,low
CMCSA,2022-07-05,0.8742022209564396,0.880100204525061,0.006746703940157639,37.32896041870117,32.85322569920681,-0.011417196633414894,-0.004747521138769417,False,False,False,False,low
CSCO,2022-07-05,0.8899123996530549,0.8979221170484926,0.009000568368932038,41.959999084472656,37.6768112092825,-0.015023460389023913,-0.0061581117024612775,False,False,False,False,low
JPM,2022-07-05,0.9037173779885906,0.911711201532396,0.008845490568740955,112.62000274658205,102.67691802066805,-0.0125383627085639,-0.0038037801089090273,False,False,False,False,low
PGR,2022-07-06,0.9109413749874142,0.9117195671789978,0.0008542725283440245,120.04000091552734,109.4428176788711,0.02475671453806738,0.025632136047533116,False,False,False,False,low
SRE,2022-07-06,0.8822166651261849,0.889142719012877,0.007850740255174626,73.7300033569336,65.55649565761249,0.003197504613502433,0.01107334764686252,False,False,False,False,low
MA,2022-07-07,0.9763428491275388,0.9778393249764228,0.0015327360160637404,324.07000732421875,316.88839720701844,0.012181009254211839,0.013732415541871434,False,False,False,False,low
ROP,2022-07-07,0.9749052390316576,0.976400771852998,0.0015340289101593019,402.3900146484375,392.89392088867356,-0.005830723536905502,-0.004305639125218752,False,False,False,False,low
VZ,2022-07-07,0.7685011155627746,0.7781696703021318,0.012581054917892853,50.709999084472656,39.460983268585494,-0.015530950555789791,-0.0031452913797662685,False,False,False,False,low
INTU,2022-07-08,0.9721127094067856,0.9737244708264172,0.0016579985057649793,406.80999755859375,396.1208495996378,-0.00980916856980607,-0.00816743365087258,False,False,False,False,low
MU,2022-07-08,0.9790276558385572,0.980944638604099,0.0019580476139868797,59.13999938964844,58.01306532832532,0.004927798182609466,0.00689549466006989,False,False,False,False,low
T,2022-07-08,0.8010550565256227,0.8117246004649369,0.01331936407166645,20.799999237060547,16.883871070373964,-0.016548481691842643,-0.0034495328726630303,False,False,False,False,low
ORCL,2022-07-11,0.9485263760543758,0.9527687494744532,0.00447259404395739,71.56999969482422,68.18965910912468,-0.004174245725516945,0.0002796786118708372,False,False,False,False,low
PNC,2022-07-12,0.8558571101784279,0.8639453911767115,0.009450503947554312,157.08999633789062,135.7171783360871,-0.0195356688238999,-0.01026978679168411,False,False,False,False,low
ACN,2022-07-13,0.9395831825250512,0.9429252807339,0.0035570008818881504,272.1700134277344,256.63598631869576,-0.005481053555018378,-0.0019435487854593259,False,False,False,False,low
ABBV,2022-07-14,0.864517091091357,0.8726036175042499,0.009353807456466301,150.44000244140625,131.27449034771928,-0.011238853261088644,-0.001990171874058033,False,False,False,False,low
ABT,2022-07-14,0.9242366851252798,0.9283446767765372,0.0044447398781846115,105.70999908447266,98.13531493212281,-0.0047076546870350455,-0.0002838391093705761,False,False,False,False,low
EOG,2022-07-14,0.8474326806210042,0.8538759239175503,0.007603250905811709,95.12000274658206,81.22068022827767,-0.04296203510703611,-0.035685435333567606,False,False,False,False,low
FCX,2022-07-14,0.9436179383864888,0.949002028298736,0.005705794361490879,25.09000015258789,23.810461034821504,-0.05105901490927656,-0.04564455278715829,False,False,False,False,low
EME,2022-07-15,0.9877846952234608,0.9890639119329956,0.00129503596858771,102.16999816894533,101.05265807116406,0.016414659580002322,0.01773095312315842,False,False,False,False,low
CAT,2022-07-19,0.9333139310732969,0.939814709678282,0.006965264728781451,179.49000549316406,168.68734740271123,0.034584124791191106,0.041790277104556184,False,False,False,False,low
DELL,2022-07-19,0.9162864268094788,0.9233894639154584,0.007751983329833401,44.040000915527344,40.66607283622509,0.026573411400947045,0.03453139137297723,False,False,False,False,low
LOW,2022-07-19,0.9233587273677398,0.9286070854024542,0.0056839859516746305,188.77999877929688,175.30244444872173,0.01609346897687436,0.021868929980127128,False,False,False,False,low
CL,2022-07-20,0.9083013283992848,0.9138409181752952,0.006098845837617439,75.61000061035156,69.0955123809983,-0.024764584021353286,-0.018816773563914868,False,False,False,False,low
ZTS,2022-07-20,0.9562896148960328,0.9580442603900134,0.001834847379547755,176.25,168.85530089373987,-0.006594511222073218,-0.004771763764160775,False,False,False,False,low
CVS,2022-07-21,0.8664200082142772,0.8714573542201762,0.005813977006695836,93.19000244140624,81.21111296735964,-0.02059904417279046,-0.014904829535275277,False,False,False,False,low
PG,2022-07-21,0.9013544370745864,0.907205872612632,0.006491825299087539,140.77000427246094,127.70737456368185,-0.005510411603535381,0.0009456410660957371,False,False,False,False,low
BK,2022-07-22,0.893818847820767,0.9014901783725242,0.008582645768167474,42.720001220703125,38.51166152052611,-0.017479262408798713,-0.009046634958174926,False,False,False,False,low
FAST,2022-07-26,0.905726428961639,0.9115774581227394,0.0064600402218673025,23.854999542236328,21.745679846230903,-0.012215324263094018,-0.005834195527289587,False,False,False,False,low
MRSH,2022-07-27,0.939528931215312,0.9431000905897762,0.0038010105445553943,158.11000061035156,149.11355589877212,0.014761588394819558,0.01861870789251796,False,False,False,False,low
COST,2022-07-28,0.953705024809591,0.9553510375104144,0.001725913839189408,536.1799926757812,512.240112295134,0.026555101725066033,0.028326847381824116,False,False,False,False,low
MS,2022-07-28,0.8769110818039746,0.8852257573188125,0.00948177721478105,82.94999694824219,73.42947386810087,0.005332623931887159,0.014864963898760353,False,False,False,False,low
PFE,2022-07-28,0.8002661254595645,0.8064757190528083,0.007759410770608044,50.720001220703125,40.90444945482587,-0.02367660296770946,-0.016100908685180326,False,False,False,False,low
TRGP,2022-07-28,0.91553188671071,0.9203671306411396,0.005281349563696303,67.3499984741211,61.986724844311965,0.010957605785696378,0.016296826295928213,False,False,False,False,low
AON,2022-07-29,0.9719951506783476,0.9738581047666922,0.0019166289945422577,291.0400085449219,283.43167113283954,-0.005875123525511894,-0.003969754963065064,False,False,False,False,low
BX,2022-07-29,0.8749389063189744,0.88591786570986,0.012548258297343295,102.06999969482422,90.42563628264473,-0.004000816243939331,0.008497238777774863,False,False,False,False,low
C,2022-07-29,0.869089492281664,0.8776592810772696,0.009860651718509361,51.900001525878906,45.550518027112076,-0.006318170002865275,0.0034801804417474713,False,False,False,False,low
KMI,2022-07-29,0.8065281959582258,0.8191516990728934,0.015651657534018204,17.989999771118164,14.736538878832407,-0.0027716819219306688,0.012836594195852147,False,False,False,False,low
NRG,2022-07-29,0.9034184913905648,0.9119276840118444,0.009418882502816528,37.75,34.42527007144713,0.006398338821812732,0.015877486526205242,False,False,False,False,low
O,2022-07-29,0.8104058133348189,0.8131483476399547,0.003384149348399035,73.98999786376953,60.164844504807974,0.0061190772727768294,0.009523934492541297,False,False,False,False,low
OKE,2022-07-29,0.8070721719557321,0.8197685216893391,0.01573136848819945,59.7400016784668,48.972972861675366,-0.0104356015332846,0.005131600661798519,False,False,False,False,low
PSA,2022-07-29,0.8306433776836584,0.8643612826186838,0.04059251640463524,326.4100036621094,282.13616942495014,-0.031711664929853445,0.007593595195898306,False,False,False,False,low
TXN,2022-07-29,0.889565697045535,0.895425050072624,0.006586756938300686,178.88999938964844,160.18258666096762,0.01786628386713196,0.024570721674656015,False,False,False,False,low
DHI,2022-08-03,0.9597780931393064,0.962698922297997,0.0030432338262034175,74.22000122070312,71.45151518812692,0.0008090285279260812,0.0038547244171120987,False,False,False,False,low
VLO,2022-08-03,0.888044659463297,0.8958142851216712,0.008749138430796721,107.80999755859376,96.57773589192078,-0.045844768591120855,-0.03749673238705575,False,False,False,False,low
HWM,2022-08-04,0.9879418470666196,0.9884728503146922,0.0005374843161560783,37.11000061035156,36.68222807849418,-0.0032231784410480246,-0.002687426532752113,False,False,False,False,low
INTC,2022-08-04,0.9419185187704952,0.9514278636043422,0.01009571915653562,35.65999984741211,33.92791747095447,-0.023548756833838946,-0.013690779312783175,False,False,False,False,low
WFC,2022-08-04,0.9027725868179076,0.908985801389858,0.006882369560921919,42.77000045776367,38.877323141544906,-0.02551831732649601,-0.018811574255987895,False,False,False,False,low
AAPL,2022-08-05,0.9803208458710012,0.981682532609756,0.0013890215070810896,165.35000610351562,162.32121275873783,-0.0027742082012610636,-0.0013890401290367338,False,False,False,False,low
AMP,2022-08-05,0.9437312431016724,0.9481130277472596,0.004643042897664262,269.05999755859375,255.0992889309486,-0.005249975488229919,-0.0006313084519691259,False,False,False,False,low
COF,2022-08-05,0.930896200033308,0.9361510884693302,0.0056449778566440845,106.33000183105467,99.5409469510877,-0.005239007968859566,0.0003763958038096593,False,False,False,False,low
GWW,2022-08-05,0.963457204324218,0.9665165065438798,0.0031753379454022568,556.02001953125,537.4025268458035,0.023337122334177396,0.026586563529663598,False,False,False,False,low
NSC,2022-08-05,0.9157666536494882,0.9203146804171762,0.004966359879521098,251.02000427246097,231.01739501032813,0.0003587119886303558,0.005326853360980044,False,False,False,False,low
BKR,2022-08-08,0.9119250431962856,0.9187987393724728,0.007537567070309725,24.270000457763672,22.2992458251626,0.008728220967691769,0.016331577588950097,False,False,False,False,low
EQT,2022-08-08,0.9427042917987938,0.946060697380912,0.003560401295844118,41.34000015258789,39.11014937408431,-0.02223270231429786,-0.018751458360583784,False,False,False,False,low
MET,2022-08-08,0.8847921033765236,0.8918364202539522,0.007961550346738289,62.93999862670898,56.1321830660328,-0.005687213502220789,0.0022290578078869583,False,False,False,False,low
AEP,2022-08-09,0.8638268211990869,0.8706121592581585,0.007854974970159745,100.56999969482422,87.55746459090325,0.004896061698686838,0.012789495110942184,False,False,False,False,low
IBM,2022-08-09,0.8633944286416209,0.8742725645427839,0.012599265805175008,129.47000122070312,113.19206999858149,-0.02367845091015952,-0.011377516201856341,False,False,False,False,low
ETR,2022-08-10,0.8681719403543564,0.8755584583605421,0.008508128013410277,59.11000061035156,51.75426100809012,-0.012529234753637875,-0.004127707073421583,False,False,False,False,low
F,2022-08-10,0.7538232510636288,0.7613414021163913,0.009973360522051555,15.500000000000002,11.800791732804067,0.020408191453608948,0.03058509022663025,False,False,False,False,low
PAYX,2022-08-10,0.8808085106305334,0.8861565539187829,0.006071743430840604,132.83999633789062,117.71703337736889,0.014820492985969214,0.02098222264773919,False,False,False,False,low
TJX,2022-08-10,0.9450827790831282,0.9495504913600592,0.00472732376021634,63.029998779296875,59.85016631130528,0.00526312619365199,0.010015330455376503,False,False,False,False,low
CTVA,2022-08-11,0.9580792766008764,0.9604768376281536,0.0025024662215671345,60.27000045776367,57.887939443520224,0.0029955118109286083,0.005505474199618998,False,False,False,False,low
DUK,2022-08-11,0.8562152323144269,0.8641057981265059,0.009215633539653378,108.51000213623048,93.7641220006363,-0.014083186050754648,-0.004997337992815654,False,False,False,False,low
EMR,2022-08-11,0.9242511988833026,0.9297206213828848,0.00591767963751666,87.48999786376953,81.34125517869107,-0.0005712023216227768,0.005343097123546192,False,False,False,False,low
ETN,2022-08-11,0.942215738825446,0.9473540625573752,0.005453447146122503,149.4499969482422,141.58206175810457,0.0007365783651331892,0.006194042402438926,False,False,False,False,low
HON,2022-08-11,0.9186339028727252,0.9232213201150647,0.004993738232383915,187.0970764160156,172.73200987846306,0.006489866514601816,0.011516013441522643,False,False,False,False,low
MSCI,2022-08-11,0.9536335654561604,0.955966919783368,0.0024468039000824504,501.1199951171875,479.05413817403416,-0.02147934098429971,-0.019085092819508875,False,False,False,False,low
SBUX,2022-08-11,0.9081008575116578,0.913274928333166,0.005697683003720533,87.2699966430664,79.70149992983211,0.009018369737104681,0.014767436552797664,False,False,False,False,low
SCHW,2022-08-11,0.9450434898120548,0.9480254984687494,0.0031554195006280317,72.56999969482422,68.79821013456272,0.03760361969705839,0.04087769439257283,False,False,False,False,low
TFC,2022-08-11,0.814045504905223,0.8224479004730391,0.010321776260891369,51.020000457763665,41.96129225862122,0.002357542795430989,0.012703653085582411,False,False,False,False,low
V,2022-08-11,0.9697324913036758,0.9714499875527772,0.0017711031284437517,211.0800018310547,205.05366515141827,-0.004809072339031828,-0.003046486573652807,False,False,False,False,low
WEC,2022-08-11,0.8699626734103825,0.8760266189191559,0.006970351365768179,104.33000183105467,91.39585875588817,-0.007987033873874227,-0.0010723549405772248,False,False,False,False,low
WMT,2022-08-11,0.9525199553812468,0.956668395724038,0.004355226700873516,43.27333450317383,41.398231496780966,0.00526566484335711,0.00964382470835412,False,False,False,False,low
XOM,2022-08-11,0.8743680198841424,0.8828637039970866,0.009716371047136407,93.19000244140622,82.27407073091744,0.019026851298298064,0.028928094292507422,False,False,False,False,low
CEG,2022-08-12,0.9696466630065704,0.9713842472686568,0.0017919767358334227,81.5,79.16781615239553,0.033870329911542374,0.03572300149061225,False,False,False,False,low
COR,2022-08-12,0.9628360675036176,0.965833594172484,0.0031132264048212566,150.5,145.35795592295884,0.015382531105919472,0.018543646812752446,False,False,False,False,low
CTAS,2022-08-12,0.963918952885459,0.9665059311047374,0.0026838130026745066,108.55999755859375,104.92388152109667,0.01070658092613086,0.013419128389908996,False,False,False,False,low
EXC,2022-08-12,0.8642117210147929,0.8706511869201436,0.007451259626274576,46.16999816894531,40.197963705893095,0.010284406961914128,0.017812298374564106,False,False,False,False,low
KKR,2022-08-12,0.9678587852029076,0.9705137651640968,0.0027431480726112234,57.119998931884766,55.43574522955267,0.008118586052090704,0.010884004608383124,False,False,False,False,low
KLAC,2022-08-12,0.9618320272943672,0.9651982737621788,0.0034998277997466687,381.2000122070313,367.9335937403481,0.022669382178487796,0.026248548912185754,False,False,False,False,low
KR,2022-08-12,0.9155437801072268,0.92061599464267,0.00554011140226307,47.209999084472656,43.46228026423133,0.0004238283184088143,0.0059662877767714395,False,False,False,False,low
LLY,2022-08-12,0.9673604702366752,0.970518262919128,0.00326433917821789,308.0799865722656,298.99725340826353,0.02294376211590965,0.02628299751569818,False,False,False,False,low
ROK,2022-08-12,0.934654651610234,0.938811938473786,0.004447938986223088,257.760009765625,241.98817442908842,0.0191365318350456,0.023669588947279108,False,False,False,False,low
SO,2022-08-12,0.8654173850555031,0.8730384608444868,0.008806242999723102,78.12000274658203,68.20176695904306,0.0028241491193043977,0.011655262262439514,False,False,False,False,low
UPS,2022-08-12,0.8187994288693486,0.8249330803129874,0.007491030437220214,204.8899993896484,169.02053832182878,0.002250191901130405,0.009758078594371389,False,False,False,False,low
WAB,2022-08-12,0.9782370107110084,0.9797922510999773,0.001589840061191783,96.23999786376952,94.29520415279974,0.018412675807084833,0.02003178907790848,False,False,False,False,low
COP,2022-08-15,0.8678709897127148,0.8717737755250915,0.004496965399971131,100.7699966430664,87.8486404331768,-0.019270105663587334,-0.014859797262039232,False,False,False,False,low
FANG,2022-08-15,0.8405253731026692,0.8602335239323708,0.02344741926939342,127.93000030517578,110.04967497919064,-0.03905959879002496,-0.016528026309955424,False,False,False,False,low
ADM,2022-08-16,0.8872764671780593,0.891416305581795,0.004665781813082637,86.58000183105469,77.17882536950381,0.005224713711677875,0.00991487289897508,False,False,False,False,low
ED,2022-08-16,0.8720941793065877,0.8790184090879543,0.007939772957631819,100.0199966430664,87.91941832617076,-0.002692235217829575,0.005226162003424184,False,False,False,False,low
EQIX,2022-08-16,0.9211793509953295,0.9251917291933376,0.004355697067756292,712.0399780273438,658.7734985259043,-0.003847283935890289,0.0004916555285074953,False,False,False,False,low
IR,2022-08-16,0.9956686428027226,0.996041041065914,0.00037401826991656506,53.970001220703125,53.75633620219779,0.008785069545852897,0.009162373592282114,False,False,False,False,low
MPC,2022-08-16,0.917175233132825,0.9227622685272536,0.0060915681023623325,96.65000152587892,89.18497466118255,0.00897797893446084,0.01512423700692378,False,False,False,False,low
PCAR,2022-08-16,0.8588517509101035,0.8619615929709528,0.0036209299888529944,63.186668395996094,54.46448134514015,0.005730060546579319,0.009371738683503272,False,False,False,False,low
TGT,2022-08-16,0.8726064033609402,0.8780756802922182,0.006267747876032681,180.19000244140625,158.22045897559425,0.03921796571713809,0.045731521914496476,False,False,False,False,low
VMC,2022-08-16,0.969066109927854,0.9712497691049408,0.0022533645070399455,178.38999938964844,173.26124571782657,0.0026979692971660363,0.004957413312461467,False,False,False,False,low
AMGN,2022-08-17,0.8826220259779497,0.8894382666907906,0.007722717666476253,250.58000183105466,222.8754424959884,-0.010152052646229315,-0.002507736416075046,False,False,False,False,low
APO,2022-08-17,0.9300044816293744,0.93617053457764,0.00663013251018163,59.2400016784668,55.45874403971055,-0.024534791289324343,-0.018067327696500546,False,False,False,False,low
FIX,2022-08-17,0.9847236876316552,0.986007232125198,0.0013034565022294053,107.33999633789062,105.83801268545243,-0.0018598156586758785,-0.0005587833452597168,False,False,False,False,low
MAR,2022-08-17,0.962412291050494,0.9641525284949624,0.0018082036780400212,163.57000732421875,157.706436147585,-0.016061104912891144,-0.014281942983828011,False,False,False,False,low
MSFT,2022-08-17,0.967533199341685,0.9695868645443918,0.002122578536947417,291.32000732421875,282.46005248053854,-0.0047486733334577425,-0.0026361742286067358,False,False,False,False,low
PSX,2022-08-17,0.8661952253159856,0.8757008077762096,0.010973949269642347,89.87000274658203,78.69923400003206,0.005707275433606052,0.016743856054324713,False,False,False,False,low
RMD,2022-08-17,0.9636173216895496,0.9654164885388562,0.001867096832746773,236.41000366210935,228.23411559093174,0.0013129925903425654,0.003182540907396225,False,False,False,False,low
CMI,2022-08-18,0.9130431267298256,0.9193110981043718,0.006864923672330603,230.1999969482422,211.62541197811157,-0.0003040227685753294,0.006558813810654263,False,False,False,False,low
CVX,2022-08-18,0.8507514300100475,0.8584815959872883,0.009086280321796814,159.02000427246094,136.51574706172767,0.008370370004838978,0.017532705854896857,False,False,False,False,low
HSY,2022-08-18,0.9009523965501386,0.90502020454299,0.004515008793392061,230.6499938964844,208.74290465403573,0.0007375831833420499,0.005255922171292671,False,False,False,False,low
MCHP,2022-08-18,0.911586292376732,0.9154298069277428,0.004216292613384631,72.69000244140625,66.54259490051368,0.01394894637948041,0.01822405183244946,False,False,False,False,low
MCO,2022-08-18,0.9663647049613122,0.9684730867581078,0.002181766144780717,319.8599853515625,309.77578734383087,-0.005286765206923727,-0.003116533547486866,False,False,False,False,low
OTIS,2022-08-18,0.9350671126117156,0.9384443283618732,0.0036117362108103457,80.41000366210938,75.460311880264,-0.002109681869972291,0.0014944347264349567,False,False,False,False,low
RTX,2022-08-18,0.9169335695534028,0.9222735385505276,0.005823725048833994,94.70999908447266,87.34852599175383,-0.0029476659184519693,0.0028588927345372106,False,False,False,False,low
SHW,2022-08-18,0.9638896362057808,0.9661948905559756,0.0023916164917687777,248.97000122070312,240.55354308115838,-0.009941543674650388,-0.007573703542687493,False,False,False,False,low
TDG,2022-08-18,0.831141151961668,0.8547847465425471,0.028447147064099898,655.5,560.3114013586396,-0.01993035113442454,0.00794983429991536,False,False,False,False,low
TEL,2022-08-18,0.9391188685563168,0.9430025260998448,0.004135427019476445,137.02999877929688,129.21963500033561,0.007795819291589012,0.011963485352803005,False,False,False,False,low
ATO,2022-08-19,0.906723416672032,0.9119753045020964,0.005792160799530821,118.01000213623048,107.62220763248185,-0.000592815834508098,0.0051959112803847685,False,False,False,False,low
MMM,2022-08-19,0.8667852237225412,0.8756805389470753,0.010262421394693133,121.40467834472656,106.31171416360648,-0.010090046308694811,6.882677888664368e-05,False,False,False,False,low
JNJ,2022-08-22,0.8910268657266248,0.8970135965575841,0.006718911697547014,167.58999633789062,150.3305053621236,-0.010158887517010773,-0.003508232487635987,False,False,False,False,low
PRU,2022-08-22,0.8195194439931867,0.8291420544535408,0.011741771999291606,99.11000061035156,82.17626952295858,-0.04148936994409658,-0.030234756667082974,False,False,False,False,low
WELL,2022-08-22,0.9097037496783664,0.9167305661849908,0.007724291022334295,79.13999938964844,72.55005644835224,-0.005529057945240501,0.0021525250244451843,False,False,False,False,low
AFL,2022-08-23,0.9148940474166484,0.9208145278329604,0.006471219736350342,61.59000015258789,56.712966909737176,-0.009966226346393103,-0.0035595002506725315,False,False,False,False,low
AMAT,2022-08-24,0.9661469101725924,0.9686172368473892,0.002556885137018794,101.4800033569336,98.2952804468568,-0.004414764513832159,-0.0018691674225822519,False,False,False,False,low
HLT,2022-08-25,0.9878174654353664,0.9889305380138048,0.0011267998566393267,136.0800018310547,134.57366942370444,0.020855204168430896,0.022005503666137294,False,False,False,False,low
SPGI,2022-08-25,0.9665310591302588,0.968722496611776,0.0022673223595000014,379.6199951171875,367.7464294336721,0.010406972800926617,0.01269789112255304,False,False,False,False,low
NOC,2022-08-26,0.9374618630381648,0.9407530726231752,0.003510766373305163,485.1300048828125,456.38754271520185,-0.01890876455221191,-0.015464382433657442,False,False,False,False,low
PH,2022-08-26,0.9516244519390604,0.9559732576404704,0.004569875955318992,276.20001220703125,264.03982542989337,-0.05533891649761169,-0.05102193252618836,False,False,False,False,low
YUM,2022-08-26,0.9263858123032946,0.9309282011675786,0.004903344593534031,112.16000366210938,104.4129104521165,-0.039890395864478956,-0.03518264762784096,False,False,False,False,low
ADI,2022-08-29,0.935057296612918,0.9395576356658876,0.004812901914429402,155.19000244140625,145.80995177283097,-0.02193228567276917,-0.017224941698041896,False,False,False,False,low
NEE,2022-08-29,0.90125764575373,0.9056283663050236,0.004849579442555818,87.01999664306642,78.80777739572888,-0.011810140181247819,-0.007017834951728696,False,False,False,False,low
ALL,2022-08-30,0.910557350915178,0.9168377261783331,0.006897286872532327,122.33999633789062,112.16592406309725,-0.014102667835002913,-0.007302651108196501,False,False,False,False,low
CSX,2022-08-30,0.9453039816393152,0.9482019035440904,0.0030655979040199455,31.670000076293945,30.029554357583407,-0.03209049832628996,-0.02912327698667805,False,False,False,False,low
EA,2022-08-30,0.9792277969156824,0.980665303388606,0.001468000068473696,126.47000122070312,124.0247421166582,-0.024151271106518823,-0.02271872510568318,False,False,False,False,low
GLW,2022-08-30,0.9025381500399512,0.9096862143688894,0.007919958096643143,34.52000045776367,31.402368536435365,0.00465657289202448,0.01261341085084644,False,False,False,False,low
GM,2022-08-30,0.962552917700604,0.9647505601863736,0.00228313939457947,39.130001068115234,37.75069045055757,-0.009617749166313416,-0.007356568433742772,False,False,False,False,low
TER,2022-08-30,0.9841047744714264,0.9853417187879706,0.0012569233974182303,85.72000122070312,84.46349333731456,-0.02179614392992968,-0.0205666166157904,False,False,False,False,low
UNP,2022-08-30,0.9116231120131107,0.9167509916891086,0.005624999639021855,225.2400054931641,206.48899840391843,-0.03085064350056721,-0.025399178720099558,False,False,False,False,low
EBAY,2022-08-31,0.928957550750259,0.9335781952456478,0.004974010375024207,44.130001068115234,41.19880675335953,-0.007199093123323674,-0.002260891112185859,False,False,False,False,low
GS,2022-08-31,0.9057023039891392,0.912540222454484,0.007549852126054413,332.6700134277344,303.5747680572809,-0.002877413425136366,0.0046507146550527345,False,False,False,False,low
HD,2022-08-31,0.9021793464932404,0.9080659324089368,0.006524851115886854,288.4200134277344,261.9043884186537,-0.015967221352183758,-0.009546553978354466,False,False,False,False,low
HIG,2022-08-31,0.9242317298338976,0.9297344124477864,0.005953791063717073,64.30999755859375,59.79121779465774,-0.011375948631013433,-0.00548988758859692,False,False,False,False,low
LMT,2022-08-31,0.8991968702740754,0.9051586193294948,0.006630082079358557,420.1099853515625,380.2661743073546,-0.011761662092846459,-0.005209560798553059,False,False,False,False,low
MCD,2022-08-31,0.911381645391066,0.9163703678161392,0.0054738017276314554,252.27999877929688,231.18191527403943,-0.0047733902230707725,0.0006742829129109396,False,False,False,False,low
MCK,2022-08-31,0.9806914556215058,0.9821485472367348,0.0014857798616239037,367.0,360.44851683588166,0.008214033005026877,0.009712017111472182,False,False,False,False,low
MLM,2022-08-31,0.976004309583713,0.977873855672378,0.0019155100754240095,347.7099914550781,340.01650999998685,0.007358628874276629,0.009288234477450752,False,False,False,False,low
MTB,2022-08-31,0.8786634074921639,0.8844700310951218,0.006608473225863554,181.77999877929688,160.7789611727959,-0.005471058139175922,0.0011012597454578277,False,False,False,False,low
O,2022-08-31,0.8131481997344028,0.8160823682913,0.0036084056483869364,68.27999877929688,55.72210311073567,-0.010004384938290034,-0.006432079169023219,False,False,False,False,low
QCOM,2022-08-31,0.9138305859416972,0.9189583208385252,0.0056112533063708,132.27000427246094,121.55062102352527,-0.015921429442321444,-0.010399515309550966,False,False,False,False,low
AJG,2022-09-01,0.9643438325457854,0.9670599221168432,0.0028165157274739894,181.6000061035156,175.61808775888406,0.00016521880314335213,0.002982199871975233,False,False,False,False,low
BAC,2022-09-01,0.9078094033387092,0.9137907509955084,0.006588770324256643,33.470001220703125,30.58457755128689,-0.004165408720799624,0.00239591668208905,False,False,False,False,low
D,2022-09-01,0.8272290095046336,0.8340400125341065,0.008233515690596382,82.36000061035156,68.69153594136664,0.006845935668723824,0.015135817478065361,False,False,False,False,low
FDX,2022-09-01,0.9224267922222328,0.9274863872922494,0.005485091188458968,170.7171630859375,158.33784483935793,0.004980745411411247,0.01049315644263804,False,False,False,False,low
LHX,2022-09-01,0.9257067027530768,0.9302726546388814,0.004932395835770986,227.4900054931641,211.62773131393948,-0.003067605682776975,0.0018496595074986022,False,False,False,False,low
LIN,2022-09-01,0.9480249560663104,0.9519627500243866,0.004153681749492488,279.1400146484375,265.7308959865741,-0.013151279416568906,-0.009052223896371503,False,False,False,False,low
PEP,2022-09-01,0.8861948750611253,0.8921505118968515,0.006720459577601812,172.85000610351562,154.20822142662536,0.003366818463284904,0.010109904608274434,False,False,False,False,low
TT,2022-09-01,0.9574247419339018,0.9616066621969503,0.004367884053843696,156.82000732421875,150.7991638087433,0.017849028813330392,0.02229487535550434,False,False,False,False,low
NKE,2022-09-02,0.928181740132702,0.9308478418301024,0.002872391884179093,105.73999786376952,98.42784880660949,-0.007042914968966918,-0.004190753096585786,False,False,False,False,low
ROST,2022-09-02,0.959936068480412,0.9633099366458506,0.0035146800669543232,87.38999938964844,84.18365477552317,-0.012653968134111793,-0.009183762716726385,False,False,False,False,low
AEE,2022-09-06,0.8923345724563342,0.8980360637241345,0.0063894098063530524,92.22000122070312,82.8168868928751,-0.007640149382772687,-0.0012995556218081683,False,False,False,False,low
BLK,2022-09-06,0.91194116300796,0.9187545075361044,0.007471254511279168,661.6300048828125,607.8755493072188,0.005425048380791164,0.012936834809259334,False,False,False,False,low
CI,2022-09-06,0.929267215349662,0.9328989869441796,0.003908210183817928,285.25,266.1094360258272,-0.008515857153555517,-0.004640928729389038,False,False,False,False,low
HAL,2022-09-06,0.918929484551408,0.92261856963863,0.004014546436087896,29.520000457763672,27.23570059807362,-0.016327882951716388,-0.012378885559941044,False,False,False,False,low
ODFL,2022-09-06,0.978700249120037,0.979780197071512,0.0011034511868635022,136.0,133.25010680172562,-0.0008449141426206674,0.00025760472272917667,False,False,False,False,low
SLB,2022-09-06,0.9100066111013274,0.9142092363053244,0.004618235903704804,37.36000061035156,34.154857626355955,-0.01864983163026357,-0.014117725048591545,False,False,False,False,low
NEM,2022-09-07,0.8954016569608265,0.9073663561182966,0.01336238219402075,42.349998474121094,38.42696379707868,0.015344027899695911,0.02891144285890812,False,False,False,False,low
NVDA,2022-09-07,0.9972314753134884,0.9975278450819648,0.00029719255339699657,13.71399974822998,13.68009661630646,0.018492357431888706,0.018795045776209385,False,False,False,False,low
TPL,2022-09-07,0.961114942196938,0.9626682159126928,0.0016161164992443133,203.8322296142578,196.2228088282639,-0.013285288569949594,-0.011690642644760385,False,False,False,False,low
ADP,2022-09-08,0.9199027204477198,0.9238776647629148,0.004321048548764361,241.94000244140625,223.5229644683003,0.0009101490137020107,0.005235130360541351,False,False,False,False,low
BDX,2022-09-08,0.9355261800489268,0.9386795826292254,0.0033707261726589888,204.79559326171875,192.23744200721475,0.005907969147971759,0.009298609466865004,False,False,False,False,low
CME,2022-09-08,0.8415726530146784,0.8457943631809219,0.005016453601623727,201.97999572753903,170.8335418616592,0.008186080760840042,0.013243599456779664,False,False,False,False,low
CRH,2022-09-08,0.9232618873030592,0.9293409443378308,0.006584325767555521,36.459999084472656,33.88376997972026,-0.006268725833881494,0.0002743246006362554,False,False,False,False,low
ELV,2022-09-08,0.945035576661894,0.947536021292988,0.002645873544704136,489.3500061035156,463.6767578030246,0.008927502346138816,0.011596996933121106,False,False,False,False,low
KMB,2022-09-08,0.8664205831089354,0.8743794961057828,0.009185969437947472,125.50000000000001,109.73462676127575,-0.015222868834282921,-0.006176736204205002,False,False,False,False,low
PEG,2022-09-08,0.8814475216548795,0.8885849842804249,0.008097433426490497,67.87999725341797,60.31714629238369,0.009668211572643637,0.017843932698696774,False,False,False,False,low
SPG,2022-09-08,0.8140699722214364,0.828076647729684,0.01720573904725442,102.54000091552734,84.91098021632861,-0.008892307916938513,0.008160432400769135,False,False,False,False,low
TRV,2022-09-08,0.9313184264515736,0.9366291365975792,0.005702356997530966,164.50999450683594,154.08485411661025,0.002987380938980211,0.008706773049112826,False,False,False,False,low
WM,2022-09-08,0.9434077470683924,0.9469505233356186,0.003755296983976697,173.5800018310547,164.37167357451486,-0.0008633736267374958,0.0028886811328627804,False,False,False,False,low
WMB,2022-09-08,0.8473557923900296,0.8583135602176168,0.012931719976422285,32.0,27.46603392696374,-0.038750401924009914,-0.026319791294242778,False,False,False,False,low
DVN,2022-09-09,0.842729301312621,0.8621209425336562,0.023010522110517684,68.51000213623047,59.063907614669816,-0.005804694596161397,0.017072258461006573,False,False,False,False,low
HPE,2022-09-09,0.8986361950518946,0.9067808578958346,0.009063359442660346,13.43000030517578,12.178067198268614,0.005239569633038732,0.014350417178608188,False,False,False,False,low
OXY,2022-09-09,0.9431925985502309,0.9450942910781142,0.0020162292736460863,65.61000061035156,62.007637014474845,0.015477480120001497,0.017524915542147745,False,False,False,False,low
UNH,2022-09-09,0.9335489019257178,0.9364782295087244,0.003137840531935776,524.3400268554688,491.03302001016635,-0.006009332242936316,-0.0028903480372824975,False,False,False,False,low
AME,2022-09-13,0.9757453471835288,0.9774409480975136,0.001737749422919821,123.25,120.46959685301854,-0.028226774259795806,-0.026538075897556967,False,False,False,False,low
LRCX,2022-09-13,0.9606574478985688,0.9643765628616204,0.0038714267725579177,42.04800033569336,40.55010603894022,-0.05995974142612026,-0.05632044440179518,False,False,False,False,low
PSA,2022-09-13,0.8643613196038032,0.8694834746853337,0.005925942039931131,327.7900085449219,285.0079955967739,-0.03452034073691623,-0.028798964235390745,False,False,False,False,low
CCI,2022-09-14,0.8212399486202756,0.8284404399019142,0.008767828810246847,166.5,137.9353332436687,-0.015550196930667393,-0.006918709585074234,False,False,False,False,low
DLR,2022-09-14,0.8771679523808371,0.8861645453496441,0.010256408643736004,116.08000183105467,102.86598204680242,-0.0340350869618935,-0.024127756078263896,False,False,False,False,low
EOG,2022-09-14,0.8538759631485425,0.8644255483189645,0.012354938686319095,126.7300033569336,109.54865264028153,0.031079648368783186,0.04381857420509094,False,False,False,False,low
GILD,2022-09-14,0.8774599083335722,0.8874108317546278,0.01134060180590346,65.18000030517578,57.84143828458293,0.0012289068038380258,0.012583445152460238,False,False,False,False,low
GRMN,2022-09-14,0.9229718998403362,0.9306220757791216,0.008288633641077015,88.3499984741211,82.2204589750688,-0.005067618943373597,0.0031790110608491684,False,False,False,False,low
IRM,2022-09-14,0.8719095137472066,0.8818724989899783,0.011426627517749921,54.279998779296875,47.86803816867151,-0.009308306765987595,0.00201195819752642,False,False,False,False,low
MO,2022-09-14,0.742219952939431,0.7588196834742759,0.022364974788274816,41.7599983215332,31.688308708232118,-0.028159247493503403,-0.006424053565477483,False,False,False,False,low
MRK,2022-09-14,0.8927555412882048,0.8999527055457597,0.008061741344298712,86.94999694824219,78.2508850007661,0.007765393815769128,0.015889737756447087,False,False,False,False,low
MSI,2022-09-14,0.958193348932256,0.9612794133215644,0.003220711553411748,242.30999755859375,232.9276122950747,-0.015320238314404877,-0.012148868829533366,False,False,False,False,low
NXPI,2022-09-14,0.9307898223498552,0.9358768157204922,0.00546524386976488,159.4499969482422,149.2255554105631,0.025665702187436468,0.03127121537874422,False,False,False,False,low
PLD,2022-09-14,0.8905783321802648,0.8962390386575695,0.006356214015948991,121.08000183105467,108.51662444172119,-0.03197953263066622,-0.025826587368247722,False,False,False,False,low
TMO,2022-09-14,0.989090710050516,0.9896211911766194,0.0005363321288058831,558.1300048828125,552.3372802635413,-0.0030188318018213867,-0.002484118769502386,False,False,False,False,low
XEL,2022-09-14,0.8832223032400074,0.8890004610292794,0.00654213301461648,75.30999755859375,66.95062254970375,0.0030633420608672246,0.009625515866715117,False,False,False,False,low
AIG,2022-09-15,0.9197218084613084,0.9251839156912964,0.0059388688837618275,54.18000030517578,50.126464834498165,-0.0003690121306667571,0.00556766523843466,False,False,False,False,low
CB,2022-09-15,0.953355840116942,0.9574680320095112,0.00431338616655963,192.16000366210935,183.98706053730032,-0.005691766925346009,-0.0014029315475053705,False,False,False,False,low
HCA,2022-09-15,0.9696215160454144,0.9722293983247708,0.0026895878816639573,208.97000122070312,203.16677855473083,0.001005972022385393,0.003698265554210156,False,False,False,False,low
ICE,2022-09-15,0.9516968258290524,0.955332178268363,0.0038198639951791957,98.38999938964844,93.99513243673574,-0.014720620986564903,-0.010956987761479131,False,False,False,False,low
KO,2022-09-15,0.8945747335927499,0.9010970024820736,0.007290915609844406,59.529998779296875,53.642303457785914,-0.020727128100908265,-0.01358733223288211,False,False,False,False,low
NDAQ,2022-09-15,0.9493018542707798,0.9523724656080116,0.003234599535877347,61.11000061035156,58.19948195458761,-0.014831503902146936,-0.01164487834190786,False,False,False,False,low
DTE,2022-09-16,0.8808796866063013,0.8868894339657099,0.006822438354279425,129.89999389648438,115.20693205900218,-0.005359970706865114,0.0014258995776859074,False,False,False,False,low
HBAN,2022-09-16,0.8440796013848195,0.8533550791749265,0.010988866186185886,13.710000038146973,11.699498168041154,-0.03856943772138999,-0.028004405925200815,False,False,False,False,low
APH,2022-09-19,0.9670639480719598,0.9697303735679802,0.0027572380309868194,36.584999084472656,35.477584829169885,0.006049701522112816,0.008823620020212752,False,False,False,False,low
ECL,2022-09-19,0.959056034173674,0.9621691847681224,0.0032460570430909996,159.8000030517578,153.75463866225329,0.01370212934834103,0.016992664284908532,False,False,False,False,low
STX,2022-09-20,0.8901766378067038,0.9003385041039864,0.011415561660122142,59.93000030517578,53.95728682571341,-0.03369880904807809,-0.022667938220516937,False,False,False,False,low
VST,2022-09-20,0.9417238005210185,0.9485360425361672,0.0072338004108845055,24.90999984741211,23.62803267484081,-0.027712762239024746,-0.020679430419011546,False,False,False,False,low
AVGO,2022-09-21,0.9383479897011202,0.946215965594108,0.008384923268705435,48.2140007019043,45.620857229307376,-0.022147386917660272,-0.013948167788861876,False,False,False,False,low
MDT,2022-09-22,0.8844252229785258,0.8914965117004291,0.00799534945203062,83.55999755859375,74.4934463411827,-0.025312092772294736,-0.017519122347340987,False,False,False,False,low
SRE,2022-09-22,0.8891425900968918,0.8953083893159763,0.006934544906247897,82.09500122070312,73.50034331380083,-0.012450331612061882,-0.005602124089475358,False,False,False,False,low
JCI,2022-09-23,0.9329124012241296,0.9393285438092894,0.006877540245730396,50.66999816894531,47.595775594854764,-0.011124189907297022,-0.004323156725355215,False,False,False,False,low
GE,2022-09-26,0.981245293720878,0.982462783958032,0.0012407603327575512,40.09113311767578,39.388046254823806,-0.003098371002798972,-0.0018614550058777546,False,False,False,False,low
PM,2022-09-27,0.8405459047993589,0.8525537473753717,0.014285766556532353,87.0199966430664,74.18922423463853,-0.034934031161639734,-0.021147324019161196,False,False,False,False,low
COP,2022-09-28,0.871773952297231,0.8843095648934758,0.01437943008415421,103.0,91.083885184028,0.04293233872069813,0.05792911136783574,False,False,False,False,low
DE,2022-09-29,0.9503525137378588,0.9534671369256222,0.0032773346129355563,341.0,325.1322936916372,-0.014165926519070005,-0.01093501838743971,False,False,False,False,low
DHR,2022-09-29,0.9810731651398642,0.981995215025915,0.0009398380455338806,232.40248107910156,228.21812437982848,-0.015362073084048022,-0.014436672899256875,False,False,False,False,low
FITB,2022-09-29,0.8596867279893946,0.8684945273343947,0.010245359220095729,32.04999923706055,27.83524893845861,-0.0150584408322183,-0.004967360747743177,False,False,False,False,low
ITW,2022-09-29,0.9148642641705008,0.921267704227471,0.006999333461533919,183.8800048828125,169.40270995172483,-0.024353989007065535,-0.017525117235710597,False,False,False,False,low
KDP,2022-09-29,0.9019660344480152,0.9069262418569408,0.0054993283776603175,36.119998931884766,32.758174887170966,-0.012305189135758732,-0.006873531033905311,False,False,False,False,low
MDLZ,2022-09-29,0.903334756526778,0.9093564758049892,0.006666099399699865,56.66999816894531,51.533229818787305,-0.02528381899097265,-0.01878626404187045,False,False,False,False,low
MPWR,2022-09-29,0.9713447871546446,0.9732692235632354,0.001981208355714914,365.3999938964844,355.6325683496423,-0.03672262454560116,-0.03481417136047982,False,False,False,False,low
NUE,2022-09-29,0.9459169964931448,0.950361184240445,0.00469828511780257,105.29000091552734,100.06352995875811,-0.015245017595701849,-0.010618357917189791,False,False,False,False,low
SYK,2022-09-29,0.962452793493274,0.965713913098054,0.003388342396455135,205.47999572753903,198.43489073741313,-0.0016519851548936204,0.0017307597502229655,False,False,False,False,low
USB,2022-09-29,0.8387440267844147,0.8485777770491124,0.011724375912873564,40.72999954223633,34.56257247076227,-0.016658586605788672,-0.005129522224458616,False,False,False,False,low
APD,2022-09-30,0.9086285833419212,0.9150247442712224,0.007039356945800934,232.72999572753903,212.9537048248341,0.004185369536132466,0.011254188792048314,False,False,False,False,low
CAH,2022-09-30,0.9324961781311956,0.9393693688470988,0.007370744113587291,66.68000030517578,62.63714980139733,-0.016374105256831695,-0.009124050483181434,False,False,False,False,low
O,2022-09-30,0.816082486844277,0.8195901217859451,0.004298137747364095,58.20000076293945,47.70014571323965,0.004314063791348133,0.008630743979138433,False,False,False,False,low
PWR,2022-09-30,0.9945010868411216,0.9950456547124776,0.0005475789605073889,127.38999938964844,126.75886534649486,-0.004221065537709512,-0.003675797943881398,False,False,False,False,low
RSG,2022-09-30,0.9550809880783924,0.9585329711526336,0.003614335451474604,136.0399932861328,130.3988189601412,-0.010258302607604408,-0.006681044102916478,False,False,False,False,low
STT,2022-09-30,0.8820866095529896,0.8911832065038308,0.010312589322097221,60.810001373291016,54.19285201135184,-0.014744002420836955,-0.00458346194066972,False,False,False,False,low
VTR,2022-09-30,0.8792605546555248,0.8893541165180303,0.011479602728749594,40.16999816894531,35.72535323207325,0.013114668929508522,0.024744822847487802,False,False,False,False,low
A,2022-10-03,0.9727086740548904,0.974392146101571,0.0017307052888331231,126.37999725341795,123.14367674806857,0.03973668515338069,0.04153616293336948,False,False,False,False,low
CMCSA,2022-10-04,0.880100094347739,0.8879269705073789,0.008893165913634649,29.044048309326172,25.788993826569946,0.0117531886201665,0.020750877590214323,False,False,False,False,low
CSCO,2022-10-04,0.8979221585260423,0.906262433808278,0.009288416822151202,41.81999969482422,37.89989470529284,0.012836007932796267,0.02224365094695968,False,False,False,False,low
JPM,2022-10-05,0.9117112527994576,0.9198683422349372,0.008947009714350695,110.38999938964844,101.54426573787164,-0.021104880059108377,-0.012346695911666816,False,False,False,False,low
ROP,2022-10-05,0.9764009451155936,0.9779967827342247,0.0016344081052095394,380.4500122070313,372.07888792967316,0.0013159625843821576,0.0029525215095058677,False,False,False,False,low
BMY,2022-10-06,0.8500572443678422,0.8565306651245668,0.0076152762647632155,70.23999786376953,60.16271208860267,-0.01693490743392434,-0.00944859516778851,False,False,False,False,low
GD,2022-10-06,0.9250389412409894,0.9302097381268084,0.005589815363753248,223.41000366210935,207.81816100144005,-0.014425574022092658,-0.00891639495363894,False,False,False,False,low
INTU,2022-10-06,0.9737243186086711,0.9755642731909572,0.0018896052477308523,411.3200073242187,401.2691039941506,-0.00546443087533699,-0.0035851512448640266,False,False,False,False,low
MA,2022-10-06,0.9778393434848164,0.9794167749356552,0.0016131805918313535,299.2300109863281,293.07089232419014,-0.016337938925921724,-0.014751114380076258,False,False,False,False,low
MRSH,2022-10-06,0.9431001340337444,0.9466078195935984,0.0037193140296261085,157.32000732421875,148.92034911162764,-0.01199515452219535,-0.008320454239071018,False,False,False,False,low
PGR,2022-10-06,0.911719595908052,0.912465462083624,0.0008180872484473412,121.91999816894533,111.24778746646129,-0.003433040555153255,-0.0026177618334074504,False,False,False,False,low
SYY,2022-10-06,0.902482897910526,0.9083781208915336,0.006532226809678576,73.26999664306639,66.55686186835763,-0.029536468303756447,-0.023197180404194717,False,False,False,False,low
T,2022-10-06,0.8117245180076487,0.8261418066013981,0.01776130728333336,15.31999969482422,12.656492225014949,-0.038292567398970245,-0.02121138617187779,False,False,False,False,low
VZ,2022-10-06,0.7781695532137735,0.7912841928206163,0.016853190352514424,37.84000015258789,29.94219397707251,-0.03959394195115362,-0.0234080358391483,False,False,False,False,low
AMT,2022-10-07,0.881708058538547,0.8881371561043896,0.007291639793447047,194.6300048828125,172.85813902920455,-0.04156203347120124,-0.03457344905490933,False,False,False,False,low
MU,2022-10-07,0.9809446716932284,0.983014322989509,0.002109855281346329,52.90999984741211,52.01128767937884,-0.031307197325381786,-0.029263395699656414,False,False,False,False,low
ORCL,2022-10-11,0.9527687189641956,0.9576663953096972,0.005140467196305787,62.40999984741211,59.76795958514991,-0.0025571335814684737,0.0025701887535449774,False,False,False,False,low
ACN,2022-10-12,0.942925203606766,0.9471183850237308,0.004446992615029899,250.07000732421875,236.8459014797866,-0.011502839957568622,-0.007107000386882056,False,False,False,False,low
ABBV,2022-10-13,0.872603441787754,0.8814826498984735,0.010175536429845033,142.9199981689453,125.9814987094469,0.021003018510793225,0.031392271920631654,False,False,False,False,low
ABT,2022-10-13,0.9283446027586878,0.932725001896922,0.004718505526091654,102.47000122070312,95.57633208295792,0.023880888748213813,0.028712076379831863,False,False,False,False,low
AXP,2022-10-13,0.95457927125553,0.9582233659618108,0.0038174877833747622,141.5500030517578,135.63652037615995,0.035176227624432954,0.039128000227029114,False,False,False,False,low
FCX,2022-10-13,0.9490018359900084,0.9539637117184536,0.005228520683807636,29.36000061035156,28.008375158307036,0.018030528953274283,0.023353322630653928,False,False,False,False,low
EOG,2022-10-14,0.8644255833165964,0.8695468447711038,0.005924467708207315,120.56999969482422,104.84126280868735,-0.05316473093891527,-0.04755523596237099,False,False,False,False,low
PNC,2022-10-14,0.8639455076032404,0.8725011438412741,0.009902981337062355,149.6999969482422,130.61341857037655,-0.021376768296831106,-0.011685480697258943,False,False,False,False,low
EME,2022-10-17,0.9890639085338244,0.9902819366736916,0.001231495891577561,127.43000030517578,126.19162749253859,0.04493647801614453,0.046223312995781196,False,False,False,False,low
DELL,2022-10-18,0.9233894383662904,0.9323150650133212,0.009666156310843776,34.560001373291016,32.220809927200285,0.002610970391664358,0.012302364750437,False,False,False,False,low
LOW,2022-10-18,0.9286069634444272,0.9336577536793954,0.005439104415320806,193.1999969482422,180.38267516156185,-0.004585498513272501,0.0008286648968383048,False,False,False,False,low
CL,2022-10-20,0.9138411145149482,0.919866812904256,0.006593814059795422,70.25,64.62064360652398,-0.020905923344947785,-0.0144499590564372,False,False,False,False,low
CVS,2022-10-20,0.8714571925608632,0.8767179867362122,0.006036778651042685,90.98999786376952,79.77256774025625,-0.007309685485173412,-0.0013170337874135463,False,False,False,False,low
PG,2022-10-20,0.9072059266906156,0.9136443723287864,0.00709700570592342,126.98999786376952,116.02369689027762,-0.019836367268083244,-0.012880140373846327,False,False,False,False,low
CAT,2022-10-21,0.9398146649007086,0.9461032331738972,0.0066912855353804535,190.22000122070312,179.9677581692499,0.053616972939778185,0.06066702495064136,False,False,False,False,low
BK,2022-10-26,0.9014902993562512,0.9095801140189196,0.008973823310628237,41.2599983215332,37.5292739777206,-0.0081730808908419,0.0007273986359683793,False,False,False,False,low
FAST,2022-10-26,0.9115773389222454,0.9176040067146776,0.006611252315198435,23.334999084472656,21.412288656595443,-0.011228868335321884,-0.004691852901902327,False,False,False,False,low
CARR,2022-10-27,0.9473622094674076,0.9512037995417404,0.004055038332690719,37.880001068115234,36.031600942636395,0.019924655105757694,0.024060488678667946,False,False,False,False,low
COST,2022-10-27,0.9553510947947595,0.9570756448407898,0.0018051479245970725,496.5400085449219,475.22634886738234,-0.005826416239836152,-0.004031785858422454,False,False,False,False,low
BX,2022-10-28,0.8859177291491221,0.8945328321328938,0.009724495515002207,93.18000030517578,83.3525695711328,-0.0028892097579837905,0.006807189649685075,False,False,False,False,low
KMI,2022-10-28,0.8191516990728934,0.832008743496057,0.01569555973297132,17.770000457763672,14.78479575278831,-0.012228978107475474,0.003274640969136877,False,False,False,False,low
MS,2022-10-28,0.8852259789754087,0.8938109297272148,0.009698032994628791,82.22000122070312,73.4891357332494,0.018961441727652684,0.028843363409781997,False,False,False,False,low
TRGP,2022-10-28,0.9203672130646756,0.9251357749046334,0.005181151362486203,67.16000366210938,62.13212203054357,-0.010898348264211655,-0.005773662893683307,False,False,False,False,low
TXN,2022-10-28,0.895424825728793,0.9025643672863608,0.007973356726799441,161.36000061035156,145.63778685620875,0.029344260428096902,0.037551589411173536,False,False,False,False,low
AON,2022-10-31,0.9738580864804904,0.9757473657114054,0.0019399943966607047,281.489990234375,274.66311644532067,-0.0266598258894154,-0.024771551405595837,False,False,False,False,low
NRG,2022-10-31,0.911927714055118,0.9191291937904428,0.007896985281104829,44.400001525878906,40.80933760677551,-0.0060442501485059585,0.0018050037781407458,False,False,False,False,low
O,2022-10-31,0.8195898626795639,0.8228652963351344,0.003996430171624876,62.27000045776367,51.23982237946666,-0.0006419662116150526,0.003351898386872554,False,False,False,False,low
OKE,2022-10-31,0.8197685246505979,0.832807258227923,0.015905384489947938,59.31999969482422,49.40212630392779,-0.00669794905731258,0.00910090197758473,False,False,False,False,low
ZTS,2022-10-31,0.958044402137996,0.960080222428457,0.0021249748820804104,150.77999877929688,144.76089476578983,-0.016310021006717745,-0.014219704509602749,False,False,False,False,low
HWM,2022-11-03,0.9884730079307468,0.9895930116873796,0.0011330645830960329,35.22999954223633,34.86336134874665,-0.003112637517730943,-0.0019830997539661555,False,False,False,False,low
NSC,2022-11-03,0.9203146613812536,0.925405469980798,0.005531595673922807,227.2100067138672,210.26138304738652,0.008030225671674218,0.013606241307183353,False,False,False,False,low
PFE,2022-11-03,0.8064757138950995,0.8133878261818274,0.00857076309631677,46.569999694824226,37.87947081706144,-0.010622477230544325,-0.0021427568700665978,False,False,False,False,low
WFC,2022-11-03,0.9089857842817346,0.914840193807542,0.00644059525136953,45.540000915527344,41.66182326355668,-0.028583620351051442,-0.02232712062918174,False,False,False,False,low
AAPL,2022-11-04,0.9816827516092312,0.9833109342987284,0.0016585629999388285,138.3800048828125,136.07057188958095,-0.003600230288167805,-0.0019476384969764338,False,False,False,False,low
AMP,2022-11-04,0.948112884477842,0.9519774247204594,0.004076033883608332,313.8699951171875,298.79714964868333,0.01932314052347084,0.02347793618259053,False,False,False,False,low
BKR,2022-11-04,0.9187987301051778,0.92501132190267,0.006761646042742209,29.11000061035156,26.927080145168826,0.028985495520933213,0.03594313122476156,False,False,False,False,low
C,2022-11-04,0.8776593776429714,0.8878159516953209,0.011572341515481588,45.130001068115234,40.067134848299574,0.012337353397716022,0.024052466980112985,False,False,False,False,low
INTC,2022-11-04,0.9514278580016012,0.9642777280086028,0.013505879504087437,28.200000762939453,27.19263266552812,0.02957288759915544,0.04347817495974482,False,False,False,False,low
MET,2022-11-07,0.891836578682524,0.8978942849326644,0.0067923949240669135,73.93000030517578,66.38132475908748,-0.0024288261191923732,0.004347071258671287,False,False,False,False,low
EQT,2022-11-08,0.9460608888469026,0.9492838845453716,0.0034067529230568105,43.939998626708984,41.7115325832806,-0.005432360271819148,-0.002044114057997315,False,False,False,False,low
PAYX,2022-11-08,0.886156708536987,0.8922659124417002,0.0068940446377698805,117.0500030517578,104.43972777428046,0.014473962888661651,0.0214677916726711,False,False,False,False,low
AEP,2022-11-09,0.8706121363585975,0.8787846274430904,0.009387063128564854,87.81999969482422,77.17486571386841,-0.016022412382921902,-0.006785752650867449,False,False,False,False,low
EMR,2022-11-09,0.9297205371726812,0.9350487278691406,0.005730959447946216,90.12000274658205,84.266593923755,-0.012491774742089956,-0.006832405148623599,False,False,False,False,low
ETN,2022-11-09,0.9473542364990868,0.9522299357301328,0.005146648469176673,156.3000030517578,148.8335418605949,-0.011947653837027339,-0.006862495742181451,False,False,False,False,low
HLT,2022-11-09,0.988930351011846,0.9900653992655188,0.0011477534818418178,129.88999938964844,128.5995941063103,-0.00718491499082996,-0.006045408020185605,False,False,False,False,low
HON,2022-11-09,0.923221308669684,0.9277423337471966,0.004897011187953604,196.63525390625,182.42684935595693,-0.012916348628891794,-0.00808258894468128,False,False,False,False,low
IBM,2022-11-09,0.8742727585413141,0.8846961863267305,0.01192239799717365,137.38999938964844,121.54840849945381,-0.018923122133188364,-0.007226333129435769,False,False,False,False,low
MSCI,2022-11-09,0.9559668975054014,0.9585277054758762,0.0026787621801100947,465.1300048828125,445.83999632830535,-0.005920044987828499,-0.0032571412003362665,False,False,False,False,low
RMD,2022-11-09,0.9654163406453676,0.9674101474231068,0.002065229988137851,211.9600067138672,205.05226134286497,-0.00725955614653484,-0.005209318811451369,False,False,False,False,low
SBUX,2022-11-09,0.9132749654191382,0.9185236757942754,0.005747130463308325,91.62999725341795,84.16432189022882,-0.012075501310857661,-0.00639777032899258,False,False,False,False,low
SCHW,2022-11-09,0.948025646068074,0.9506519393210124,0.002770276588856868,78.2699966430664,74.40752409938021,-0.01707899858420736,-0.014356035545289414,False,False,False,False,low
TFC,2022-11-09,0.8224479275703142,0.8321743138721667,0.011826142392487249,42.68999862670899,35.52552031638529,-0.04045859707460986,-0.02911092381212732,False,False,False,False,low
TJX,2022-11-09,0.9495503735623816,0.9534849717643006,0.004143643466915536,70.08000183105469,66.82022856712531,-0.019722983282244866,-0.015661064826154814,False,False,False,False,low
V,2022-11-09,0.9714500779699586,0.9736214844011412,0.0022352218404471103,193.92999267578125,188.8144073388966,-0.038903787050280525,-0.03675552380432423,False,False,False,False,low
COF,2022-11-10,0.9361511339483892,0.9417195505804696,0.005948202624713517,113.41999816894533,106.80982970249688,0.11776876716745344,0.12441748228214178,False,False,False,False,low
COR,2022-11-10,0.9658335856723292,0.9688036518087162,0.003075132383514534,155.0,150.164566030351,-0.02016563873932442,-0.017152518364531466,False,False,False,False,low
CTVA,2022-11-10,0.9604770071042784,0.962630269130927,0.0022418673333370887,67.20999908447266,64.69837950697527,0.0023862196186827944,0.00463343653983328,False,False,False,False,low
ETR,2022-11-10,0.8755584672997461,0.8843924120836044,0.010089497290914906,55.52000045776367,49.10146712372443,0.03659445545589657,0.04705317240599616,False,False,False,False,low
GWW,2022-11-10,0.966516535790125,0.9693375541515388,0.0029187481610002397,608.3800048828125,589.7255859278067,0.029390356897806003,0.03239488810895286,False,False,False,False,low
KKR,2022-11-10,0.9705137496386128,0.9735017247294764,0.0030787560629370603,56.380001068115234,54.886028280059904,0.11643566471515321,0.11987289778677401,False,False,False,False,low
PH,2022-11-10,0.955973148550924,0.960389528692509,0.004619774256504394,303.32000732421875,291.3053588771148,0.04871554058253191,0.05356036963931121,False,False,False,False,low
ROK,2022-11-10,0.9388118637573888,0.9432032767482392,0.004677628351728247,265.5400085449219,250.45820616732576,0.047701762644521306,0.05260252211362304,False,False,False,False,low
UPS,2022-11-10,0.8249332770522422,0.8326500880934975,0.00935446690771169,172.32000732421875,143.48226927878287,0.05066772206395287,0.060496158501000874,False,False,False,False,low
WAB,2022-11-10,0.9797924642426128,0.981318056706418,0.0015570567436284932,100.3499984741211,98.47526549311652,0.040111888293268505,0.04173140152306365,False,False,False,False,low
WEC,2022-11-10,0.8760266010309415,0.883142717229883,0.008123173646287674,94.1500015258789,83.14788817476233,0.04205869525107131,0.05052351898221952,False,False,False,False,low
CEG,2022-11-14,0.971384273440184,0.9728702395871062,0.001529740791107903,93.91999816894533,91.37197112064241,0.017441237709161728,0.01899765907304074,False,False,False,False,low
COP,2022-11-14,0.8843097146085422,0.8876892666144212,0.0038216836816893363,133.02999877929688,118.08930205411139,-0.0069424297399205415,-0.0031472778286794068,False,False,False,False,low
CTAS,2022-11-14,0.9665059495551128,0.9690165594868562,0.0025976145650206117,110.97000122070312,107.53176878913797,4.510325758277922e-05,0.0026428349834821674,False,False,False,False,low
EXC,2022-11-14,0.8706510401333886,0.8782410014289322,0.008717569893881727,38.060001373291016,33.42585372046564,-0.026847333691491504,-0.018363807305529667,False,False,False,False,low
F,2022-11-14,0.7613412917575677,0.7692997454539755,0.01045320118922688,14.0600004196167,10.816354743893916,-0.030344798647124138,-0.020208797743202278,False,False,False,False,low
KLAC,2022-11-14,0.9651981932723048,0.9685095840087472,0.0034307883702267006,377.91000366210943,366.0094604395337,-0.006049256580992424,-0.0026392219298924102,False,False,False,False,low
KR,2022-11-14,0.9206159851522144,0.9257262240006608,0.0055508908501100684,46.560001373291016,43.101814260762275,-0.011464906970788502,-0.005977656567879963,False,False,False,False,low
LLY,2022-11-14,0.9705181820568052,0.973225594695181,0.002789656792042905,356.05999755859375,346.5267028711271,0.010672750201270453,0.013492180303402046,False,False,False,False,low
PCAR,2022-11-14,0.8619615743991138,0.8650806598061149,0.003618589853237264,68.22666931152344,59.02157210438631,-0.002728426848808585,0.0008802899467184044,False,False,False,False,low
VMC,2022-11-14,0.9712498538250934,0.973425611955487,0.0022401631483648377,175.16000366210938,170.50523375491417,-0.02123381151763981,-0.019041215571336312,False,False,False,False,low
XOM,2022-11-14,0.8828637834568753,0.8899709702678053,0.008050151047199527,113.37000274658205,100.89601134363937,-0.005089900984583617,0.0029192755908749035,False,False,False,False,low
ADM,2022-11-15,0.8914162673803083,0.895214505908251,0.004260903314121656,94.52999877929688,84.62462615071583,0.0026516758934758133,0.006923877742200046,False,False,False,False,low
AFL,2022-11-15,0.9208145229644192,0.9262067135394428,0.005855892191691581,70.2300033569336,65.0475006010895,0.022122024344553237,0.02810746072586845,False,False,False,False,low
ED,2022-11-15,0.8790185419006761,0.8868615186457113,0.008922424694337572,89.69999694824219,79.55147551603373,0.004141890849697516,0.013101271253233682,False,False,False,False,low
EQIX,2022-11-15,0.9251916698053289,0.9297026315472056,0.004875705098842831,657.22998046875,611.0284423735154,0.02862550154546173,0.033640776148146534,False,False,False,False,low
IR,2022-11-15,0.9960410503591156,0.9964021856125496,0.00036257065238798347,55.5099983215332,55.31028365092464,0.005798146453827924,0.006162819343958237,False,False,False,False,low
MPC,2022-11-15,0.9227624598331976,0.928540229719985,0.006261383766990036,120.0,111.42482756639819,-0.004397235415785183,0.00183661557275272,False,False,False,False,low
TGT,2022-11-15,0.8780757896154578,0.8835834846172028,0.00627245969753587,178.97999572753906,158.14376830171105,0.03301397553996477,0.03949351406853063,False,False,False,False,low
AMGN,2022-11-16,0.8894383463377614,0.8955645891662476,0.006887765581179206,283.7699890136719,254.13435362873963,0.00059937555182632,0.007491269491301633,False,False,False,False,low
APO,2022-11-16,0.9361703748478398,0.9420087719397442,0.006236468541159779,62.36000061035156,58.74366759311897,-0.0337775065734669,-0.027751690389451356,False,False,False,False,low
FANG,2022-11-16,0.8602334924015046,0.8720324278961255,0.013715968511853527,158.97999572753903,138.63571166120153,-0.048194953664548734,-0.03514002561958829,False,False,False,False,low
FIX,2022-11-16,0.9860072837862892,0.987227909444457,0.0012379479119877246,121.4499969482422,119.89882658924884,0.0011540630819055764,0.0023934396638758404,False,False,False,False,low
MSFT,2022-11-16,0.9695868504492738,0.9723193706560712,0.0028182315029656735,241.72999572753903,235.03875731449554,-0.000991881191690247,0.0018235549604537216,False,False,False,False,low
PSX,2022-11-16,0.8757009518273675,0.8834132442152386,0.008806993268395402,107.68000030517578,95.12593840669322,-0.03087031128011919,-0.02233519263536099,False,False,False,False,low
VLO,2022-11-16,0.8958144441346185,0.9020970729885094,0.007013314972790008,135.52999877929688,122.26121520093996,-0.036813358591502476,-0.030058227297721007,False,False,False,False,low
CMI,2022-11-17,0.9193111184726828,0.9251216009228816,0.0063204744655458445,248.3800048828125,229.78170775442067,-0.006360748610337308,-8.047709396497016e-05,False,False,False,False,low
CVX,2022-11-17,0.8584815199430681,0.8651222153213391,0.00773539700506487,184.08999633789065,159.26034545033318,-0.004865177190919612,0.0028325857370732344,False,False,False,False,low
DUK,2022-11-17,0.8641057171122314,0.8730645861061834,0.010367792755603844,95.5199966430664,83.3951263340428,-0.024709064100622458,-0.014597449800798912,False,False,False,False,low
GLW,2022-11-17,0.9096860722433158,0.9170821311054834,0.008130341980424838,33.290000915527344,30.52966498411531,-0.005674988927920843,0.0024092134517850194,False,False,False,False,low
HSY,2022-11-17,0.9050204459851766,0.9092415991561136,0.004664152273755384,221.6199951171875,201.50611876532165,-0.0068563693531026315,-0.0022241962300552087,False,False,False,False,low
LHX,2022-11-17,0.930272638352118,0.9350005207543806,0.005082254607248871,221.49999999999997,207.10261534709528,-1.1102230246251565e-16,0.0050822546072486485,False,False,False,False,low
MMM,2022-11-17,0.8756804849128061,0.8859340179188817,0.011709217211910872,106.31270599365234,94.1860427767852,-0.012350527551070578,-0.0007859253489367335,False,False,False,False,low
OTIS,2022-11-17,0.9384444111299594,0.941928618137147,0.003712747357078383,77.3499984741211,72.85817717563931,-0.013392895807676997,-0.009729872889112201,False,False,False,False,low
RTX,2022-11-17,0.922273570830108,0.9276813612576928,0.005863542660902166,94.52999877929688,87.69371794726617,0.0019077934084457127,0.007782522497386424,False,False,False,False,low
SHW,2022-11-17,0.9661950113540696,0.9686082479424324,0.002497670304652866,237.11000061035156,229.6667022608217,-0.015364797914346973,-0.012905503809181762,False,False,False,False,low
TEL,2022-11-17,0.943002551246434,0.9472205242035296,0.004472917863817649,124.38999938964844,117.82476042753953,-0.010893787558129753,-0.006469596711285663,False,False,False,False,low
WELL,2022-11-17,0.9167309160306142,0.9250042650953352,0.009024839154049724,66.72000122070312,61.71628569631636,-0.021700818090391594,-0.012871825329118791,False,False,False,False,low
SO,2022-11-18,0.8730383275849266,0.882279616885429,0.010585204576374574,65.56999969482422,57.851074209927205,0.010012346645287495,0.02070353395919189,False,False,False,False,low
JNJ,2022-11-21,0.8970139103013657,0.902803760147163,0.006454582007376253,175.97000122070312,158.86637877515165,-0.0013053106215809018,0.005140846151343137,False,False,False,False,low
MCHP,2022-11-21,0.9154295429255164,0.919496001542014,0.004442131727038445,72.25,66.43358611141052,-0.025886452964066664,-0.021559312271040354,False,False,False,False,low
PRU,2022-11-21,0.8291419407786992,0.8385170019961328,0.01130694366832885,106.9800033569336,89.70455168839217,-0.003260956565266926,0.008009115650873477,False,False,False,False,low
MAR,2022-11-22,0.964152253626886,0.9665608333810826,0.00249813216235939,162.94000244140625,157.49142455088125,0.015012793125493973,0.017548429229206963,False,False,False,False,low
MCO,2022-11-22,0.9684731489096244,0.9708008469449336,0.0024034719371723856,294.3599853515625,285.7649230859951,0.008289315920801066,0.01071271099616733,False,False,False,False,low
AMAT,2022-11-23,0.968617486490178,0.9709759884680657,0.002434915754446987,107.66999816894533,104.54498290044651,0.005885624514476273,0.008334871268778077,False,False,False,False,low
NEE,2022-11-23,0.905628444843766,0.91022793479751,0.005078782562464079,84.91999816894531,77.29655455632742,0.009630217010057507,0.014757909350745058,False,False,False,False,low
YUM,2022-11-23,0.9309279673043638,0.935194494354001,0.004583090421046876,125.93000030517578,117.76904295939806,0.007923786172757907,0.012543192022311578,False,False,False,False,low
ATO,2022-11-25,0.9119755240949154,0.9177023587862342,0.006279592532927092,119.16000366210938,109.35341643369408,0.004891228049406227,0.011201535501469406,False,False,False,False,low
NOC,2022-11-25,0.9407532280362858,0.9438790642754944,0.0033226952042815228,527.8300170898438,498.20770262727996,0.010510376291522627,0.013867994272703132,False,False,False,False,low
SPGI,2022-11-25,0.9687226118150288,0.9710262495577304,0.00237801586811881,357.9100036621094,347.54000853521165,-0.0010047879046568564,0.001370838561880472,False,False,False,False,low
TER,2022-11-25,0.985341874342458,0.9864958309594218,0.001171123086323611,92.58999633789062,91.33964537587724,-0.01531428756886577,-0.014161099398264598,False,False,False,False,low
ALL,2022-11-29,0.9168375883340558,0.9227473208911632,0.006445779091415416,133.3800048828125,123.07604216606549,0.004972902773048071,0.011450736097181613,False,False,False,False,low
CSX,2022-11-29,0.9482018874344652,0.9512025246854304,0.0031645552394796717,32.16999816894531,30.600183477426455,0.014826416236410234,0.01803789048907345,False,False,False,False,low
EA,2022-11-29,0.9806653853355032,0.982119207676246,0.0014824856291277833,127.58999633789062,125.30858611078428,-0.005921384725233625,-0.00444767746386554,False,False,False,False,low
VRT,2022-11-29,0.99583178740241,0.9965925642120824,0.0007639611622127784,13.199999809265137,13.155021657514542,0.007633543884232319,0.008403336777502712,False,False,False,False,low
EBAY,2022-11-30,0.9335781639961328,0.9382942474498084,0.005051621423415309,45.439998626708984,42.636089315568235,0.03815394451633125,0.043398305223253164,False,False,False,False,low
GS,2022-11-30,0.9125403460351108,0.9185247431610885,0.00655795346691157,386.1499938964844,354.68832396542416,0.006358975517300136,0.01295863084975113,False,False,False,False,low
HD,2022-11-30,0.9080659382636646,0.913559303486406,0.006049522387377992,323.989990234375,295.9840698150831,0.025414606268080453,0.03161787488504353,False,False,False,False,low
HIG,2022-11-30,0.92973431424305,0.9349745237747,0.005636244087555697,76.37000274658203,71.40400694865806,0.007121204041778073,0.012797584973510467,False,False,False,False,low
KO,2022-11-30,0.9010970122847436,0.9074877449700736,0.007092169431486939,63.61000061035156,57.725296011432945,0.018085804679805584,0.02530624170238638,False,False,False,False,low
LMT,2022-11-30,0.9051585422963728,0.910803055273904,0.006235938472404223,485.19000244140625,441.9125366119858,0.002251593315736322,0.008501572585522421,False,False,False,False,low
MCD,2022-11-30,0.9163702443778408,0.9215314321533516,0.005632207949980872,272.7900085449219,251.3845672515269,0.0050845763390892085,0.010745421680349532,False,False,False,False,low
MCK,2022-11-30,0.9821485995892916,0.9835397928404036,0.0014164793919104746,381.6799926757813,375.3974609276647,-0.00026194694283443454,0.0011541614066299388,False,False,False,False,low
MLM,2022-11-30,0.9778741162035304,0.9796823450368988,0.0018491427510001213,366.4800109863281,359.03399657223434,0.02500420156555161,0.026899580654621058,False,False,False,False,low
MTB,2022-11-30,0.8844701109958496,0.8907234874881662,0.007070195379780264,170.0200042724609,151.4408111483193,-0.005265585689948393,0.0017673809702150045,False,False,False,False,low
NVDA,2022-11-30,0.997527666223145,0.9977830433823178,0.00025601010159426174,16.92300033569336,16.885482778108106,0.08210246190547044,0.08237949106667819,False,False,False,False,low
O,2022-11-30,0.8228649894026061,0.8261536539643328,0.00399660284989678,63.06999969482422,52.105510703408385,0.012359558060887066,0.016405557155753314,False,False,False,False,low
QCOM,2022-11-30,0.9189582723923028,0.9248175600441818,0.006376010563162726,126.48999786376952,116.9801711943651,0.06850820069703456,0.07532102027150489,False,False,False,False,low
AJG,2022-12-01,0.9670599138612376,0.9695431607333416,0.002567831461640191,199.72000122070312,193.63716124518734,0.0030636362236033943,0.005639334586725608,False,False,False,False,low
BAC,2022-12-01,0.913790559264328,0.9191330082776896,0.00584646991501292,36.54999923706055,33.59431075130672,-0.034346084266010934,-0.028700417699357605,False,False,False,False,low
D,2022-12-01,0.8340398834562627,0.843257707150763,0.011052017867900554,60.369998931884766,50.907466879995155,-0.012109338423757832,-0.0011911531804851272,False,False,False,False,low
DHI,2022-12-01,0.9626989141719882,0.9655057196467998,0.0029155589909704016,86.69999694824219,83.70934294688792,0.00813949939816494,0.011078789579787696,False,False,False,False,low
GM,2022-12-01,0.964750636979272,0.9668961080903228,0.002223860787248011,40.43000030517578,39.091609945165025,-0.003205154430809265,-0.0009884214608170128,False,False,False,False,low
LIN,2022-12-01,0.9519625691403028,0.9552843203470578,0.0034893716564452504,337.26000976562506,322.1791992091972,0.002318113272198552,0.0058155736873923836,False,False,False,False,low
NDAQ,2022-12-01,0.952372562168445,0.9551627964854268,0.0029297718433096698,68.48999786376953,65.41909789083901,0.0004381942696181085,0.0033692499221606997,False,False,False,False,low
PEP,2022-12-01,0.8921505203308355,0.8977157123680962,0.006237951904345618,185.8999938964844,166.88534545000724,0.0021023093159227013,0.008353375324669177,False,False,False,False,low
TT,2022-12-01,0.9616066387594798,0.9652312316687648,0.003769309365377227,178.17999267578125,171.98489378917583,-0.0013451714809278315,0.0024190675169883935,False,False,False,False,low
WM,2022-12-01,0.9469506894548418,0.95063479172663,0.003890490088675147,167.82000732421875,159.5355377102202,0.0005962682016917853,0.004489078065895935,False,False,False,False,low
ADI,2022-12-02,0.9395577353052288,0.9437401956995524,0.00445152036661689,168.6300048828125,159.14291380892195,-0.0166199610201464,-0.012242424748503011,False,False,False,False,low
ELV,2022-12-02,0.9475360853840008,0.9498508042214948,0.0024428819896140652,523.5999755859375,497.34185790065777,-0.0031414077373869143,-0.0007061998361566069,False,False,False,False,low
NKE,2022-12-02,0.9308476516681136,0.9337049115198404,0.0030695246924741237,112.1999969482422,104.76168822308485,0.009810065087778375,0.01290970201727415,False,False,False,False,low
UNH,2022-12-02,0.9364781220308228,0.9393650367036386,0.0030827358428355822,536.1599731445312,503.64993285193447,-0.0013968822288911165,0.001681547395029126,False,False,False,False,low
CI,2022-12-05,0.9328990112281094,0.9361033400795884,0.003434807854775901,327.3900146484375,306.4708862211077,0.0005806920364233026,0.0040174944567672455,False,False,False,False,low
ROST,2022-12-05,0.9633098569429138,0.9658257603055708,0.002611728037997363,117.36000061035156,113.34931181895504,-0.013781507476037236,-0.011205772987521123,False,False,False,False,low
AEE,2022-12-06,0.898036049463916,0.9041500181417642,0.006808155064039978,87.29000091552734,78.92325591136866,0.00045846321521314515,0.007269739567913325,False,False,False,False,low
AME,2022-12-06,0.977440769829893,0.9789567973261905,0.0015510172514712206,139.82000732421875,136.87774657224168,-0.01590649266406452,-0.014380146657125614,False,False,False,False,low
BLK,2022-12-06,0.918754377929644,0.9250881920052728,0.0068939144430546495,710.2899780273439,657.0808715727804,-0.003465446580109499,0.0034045773707147564,False,False,False,False,low
ODFL,2022-12-06,0.9797799987022332,0.980795672030544,0.0010366340705627586,143.55999755859375,140.8030242821842,-0.009111038650823189,-0.008083849393343945,False,False,False,False,low
SLB,2022-12-06,0.9142093310703118,0.9173336824337516,0.003417544819611429,50.880001068115234,46.67393874204736,-0.009731412798865913,-0.006347125518652685,False,False,False,False,low
HAL,2022-12-07,0.9226187619644142,0.9256873009947888,0.0033259013981474794,35.04999923706055,32.44533919362399,-0.03176799728292412,-0.028547753111356045,False,False,False,False,low
NEM,2022-12-07,0.907366486412075,0.9180826273308476,0.011810157284017242,47.18999862670899,43.324317922948076,0.0014855623177203459,0.013313264326364704,False,False,False,False,low
TPL,2022-12-07,0.962668174288113,0.9638373801652887,0.001214547139298805,270.8677673339844,261.0724792384085,-0.01412206130556315,-0.012924666075423863,False,False,False,False,low
ADP,2022-12-08,0.9238775854143428,0.9283543343524788,0.00484560834553438,260.04998779296875,241.41853331591176,0.003201861616993762,0.008062984929900763,False,False,False,False,low
BDX,2022-12-08,0.938679498557212,0.9421581063821072,0.003705852562287726,194.94496154785156,183.66897582065653,0.00604505216334994,0.009773306797686399,False,False,False,False,low
CME,2022-12-08,0.8457945909886533,0.8506277329393718,0.005714321186505833,177.1999969482422,150.73123168094685,0.006818164478648692,0.012571446846888046,False,False,False,False,low
KMB,2022-12-08,0.8743793093301487,0.8818624804840752,0.008558266502965761,136.75999450683594,120.60350798678684,0.00043889948744091356,0.009000922209188023,False,False,False,False,low
PEG,2022-12-08,0.8885848795373741,0.8966616311168324,0.009089454215857495,60.0,53.79969786700995,0.0008340156200876692,0.009931050582739243,False,False,False,False,low
SPG,2022-12-08,0.8280767094050293,0.8407892227312151,0.015351854703557377,117.12000274658203,98.4732360755765,-0.016211677914335643,-0.0011087025346200319,False,False,False,False,low
TRV,2022-12-08,0.9366291667537866,0.9412842255386802,0.004970012626264175,187.72000122070312,176.69787596714963,-0.0017548621414480436,0.0032064287978157413,False,False,False,False,low
WMB,2022-12-08,0.8583136913590484,0.8692467007645648,0.01273777817548849,32.90999984741211,28.606908789525306,-0.026043238954481684,-0.013637193779766466,False,False,False,False,low
WMT,2022-12-08,0.956668406892991,0.9602748179973836,0.0037697608475493194,49.59333419799805,47.62322997086599,-0.0022131434596031063,0.001548274366382163,False,False,False,False,low
DVN,2022-12-09,0.8621210412297287,0.8808477814637132,0.02172170651034433,59.619998931884766,52.51614379001965,-0.061102379025436804,-0.040707920459366886,False,False,False,False,low
FDX,2022-12-09,0.9274865614416816,0.933732567937498,0.006734336383384054,138.86381530761716,129.66166686077983,0.002443051639055227,0.00919384035397841,False,False,False,False,low
OXY,2022-12-09,0.9450942847273368,0.9470265895080604,0.002044562973186448,62.599998474121094,59.28386305815668,-0.017422706424462753,-0.015413765271724555,False,False,False,False,low
HCA,2022-12-13,0.9722294811378492,0.9744778399431128,0.0023125803618218033,243.1000061035156,236.8955688379114,0.001524370215833848,0.0038404758062808853,False,False,False,False,low
HPE,2022-12-13,0.90678078680295,0.9134813156375272,0.007389359073433077,16.25,14.844071379109817,-0.006723753438124036,0.0006159214068335306,False,False,False,False,low
LRCX,2022-12-13,0.9643766595306668,0.9679731031121206,0.0037292934725361437,47.59400177001953,46.069713582849566,0.025070029230949586,0.028892816199852733,False,False,False,False,low
PSA,2022-12-13,0.8694833445444833,0.8752910424577792,0.006679481498680806,301.9200134277344,264.26788329202833,0.0016588148687077808,0.008349376390613727,False,False,False,False,low
AIG,2022-12-14,0.9251840412884365,0.9298656398334276,0.005060180824640437,62.65999984741211,58.26538085007634,-0.014159872662575235,-0.009171343354061223,False,False,False,False,low
CCI,2022-12-14,0.8284404058306396,0.8374812386091713,0.010913075599525923,137.47999572753906,115.136917105883,-0.05166589935914556,-0.0413166576252435,False,False,False,False,low
DLR,2022-12-14,0.8861646772714833,0.8960045857171368,0.011103927631093136,104.63999938964844,93.7579193025634,-0.05806100603895892,-0.04760178361711087,False,False,False,False,low
EOG,2022-12-14,0.869546869799962,0.8799020131318338,0.011908666101292598,125.93000030517578,110.80606078221662,-0.012003756396411713,-0.0002380390220053652,False,False,False,False,low
GE,2022-12-14,0.9824626556130976,0.983411984948549,0.0009662752370560579,50.75718307495117,49.915222158134625,-0.017012520415970123,-0.01606268395611188,False,False,False,False,low
GILD,2022-12-14,0.8874107682208728,0.894770800894573,0.008293828447062834,88.4000015258789,79.09774016439214,-0.003943644778829247,0.004317475754981759,False,False,False,False,low
GRMN,2022-12-14,0.9306222910002144,0.9376893757851472,0.007593934567521776,95.79000091552734,89.82126616493952,-0.011046868553393985,-0.0035368231828428742,False,False,False,False,low
ICE,2022-12-14,0.9553321815907704,0.958756930540602,0.0035848776120248615,103.93000030517578,99.64360808367415,-0.023030616765347345,-0.019528301095755762,False,False,False,False,low
IRM,2022-12-14,0.8818724818079483,0.8918118242056267,0.011270725192945585,54.959999084472656,49.01397704186313,-0.010442956814797788,0.0007100686816863266,False,False,False,False,low
MRK,2022-12-14,0.8999527143212773,0.9059153760858876,0.00662552784132342,111.5500030517578,101.05486296701507,0.005770438810895673,0.01243419885521746,False,False,False,False,low
MSI,2022-12-14,0.9612792868156644,0.964456657205597,0.003305356136880766,265.8299865722656,256.38150023449606,-0.0049410718861189196,-0.0016520477515195031,False,False,False,False,low
NXPI,2022-12-14,0.9358767566197868,0.9404357625537644,0.004871374250648097,171.57000732421875,161.3505706693066,-0.015719065301770696,-0.010924264501077974,False,False,False,False,low
TMO,2022-12-14,0.9896210966243472,0.9901409544737282,0.0005253099910200731,567.22998046875,561.6376342674423,-0.0072631600311489075,-0.006741665450659684,False,False,False,False,low
CB,2022-12-15,0.9574680094221728,0.9611473530100092,0.003842784878062666,212.77000427246097,204.5033264064042,-0.01867910208905066,-0.014908096982031549,False,False,False,False,low
PCAR,2022-12-15,0.8650805528696898,0.8893125643850657,0.028011277602984164,65.28666687011719,58.06025313441742,-0.04700274163727125,-0.02030807087839004,False,False,False,False,low
DTE,2022-12-16,0.8868895346714721,0.894042847187559,0.008065618362197213,115.81999969482422,103.54804228842286,-0.027621533865070047,-0.01977870025360695,False,False,False,False,low
HBAN,2022-12-16,0.8533552186358737,0.8630916285383119,0.011409562735202217,13.649999618530272,11.781200400304629,-0.006550229555103315,0.00478459792506003,False,False,False,False,low
JCI,2022-12-16,0.9393285990090268,0.94442819929811,0.005428984377206403,63.349998474121094,59.8295249844522,-0.022678204684109304,-0.017372339925835978,False,False,False,False,low
PLD,2022-12-16,0.8962389444109445,0.9022494682104863,0.006706385431055173,112.23999786376952,101.26847838453217,-0.05354581895785271,-0.04719853242695038,False,False,False,False,low
UNP,2022-12-16,0.9167510184312316,0.9223989593881834,0.006160823215246136,210.2100067138672,193.89749144585414,-0.009891153826361854,-0.0037912682612345483,False,False,False,False,low
APH,2022-12-19,0.969730481527937,0.9723595912543948,0.0027111757096831557,37.974998474121094,36.92535399418265,-0.02201914284355755,-0.019367664899100023,False,False,False,False,low
AVGO,2022-12-19,0.9462162745220306,0.9541111978709136,0.008343677403848337,54.9630012512207,52.44081496238271,-0.011296763082738859,-0.003047342225760641,False,False,False,False,low
ECL,2022-12-19,0.962169114344038,0.9657221330845028,0.003692717514516275,141.2100067138672,136.3696288965928,-0.01971535076517983,-0.016095436471738944,False,False,False,False,low
VST,2022-12-19,0.9485360560235084,0.9562031672367988,0.008083099387315551,23.86000061035156,22.815008153890112,-0.008724515460538873,-0.0007119371987970302,False,False,False,False,low
MDT,2022-12-20,0.8914964009016673,0.8994270691347613,0.008895906057582392,76.69999694824219,68.98605345780261,-0.005446133083267579,0.0034013246860289392,False,False,False,False,low
STX,2022-12-20,0.9003384747061652,0.9128705465207968,0.013919289430257331,51.0099983215332,46.56552504580294,0.00039216792328256034,0.014316916052369288,False,False,False,False,low
CARR,2022-12-21,0.9512038701249514,0.9554766189597138,0.004491938026073283,42.09000015258789,40.216011037808514,0.01740394583738314,0.02197406130956714,False,False,False,False,low
MO,2022-12-21,0.7588196187825053,0.7744963347001232,0.02065934449977802,45.59000015258789,35.30928801715738,-0.018303154592089865,0.0019780587315374465,False,False,False,False,low
PM,2022-12-21,0.8525537832924226,0.863419184684582,0.012744534837672017,100.5199966430664,86.79089354605331,-0.003963550665243787,0.00873047056289411,False,False,False,False,low
SRE,2022-12-21,0.8953082122199478,0.9019057713654294,0.007369036780219718,78.37000274658203,70.68235777906689,0.0013416387625690973,0.008720562128175846,False,False,False,False,low
COP,2022-12-23,0.8876891644715988,0.8932273269345863,0.006238853288565327,117.0500030517578,104.55226134360679,0.036758206109746006,0.04322638845338078,False,False,False,False,low
AMT,2022-12-27,0.888137237559271,0.8947069002441005,0.007397125587126574,210.8999938964844,188.69367980062327,-0.0072958487833511,4.730849406020532e-05,False,False,False,False,low
CME,2022-12-27,0.8506275223762734,0.8733003575030033,0.026654245871791327,167.67999267578125,146.43499754986073,-0.03259683318286999,-0.006811431317376604,False,False,False,False,low
XEL,2022-12-28,0.8890007837089314,0.8951038248301787,0.006865057076536285,70.56999969482422,63.1674766451017,-0.013972334836719558,-0.007203198636329899,False,False,False,False,low
DE,2022-12-29,0.9534673965087151,0.9561344715403298,0.0027972377884977195,428.6400146484375,409.837493886923,-0.003579845770522505,-0.0007926216618912019,False,False,False,False,low
DHR,2022-12-29,0.9819951856122122,0.982942757977196,0.0009649460393159615,236.56915283203125,232.53393553704558,0.02895814625813098,0.029951035345984423,False,False,False,False,low
FITB,2022-12-29,0.8684944954717136,0.8773429544893145,0.010188272998546744,32.810001373291016,28.785623541641606,0.00275061580776903,0.012966912831079425,False,False,False,False,low
ITW,2022-12-29,0.9212678161854227,0.9267754797023549,0.005978352244776053,221.97000122070312,205.71635436084944,0.0069863838683104085,0.013006503176768547,False,False,False,False,low
MDLZ,2022-12-29,0.9093563908715876,0.9146256867595526,0.005794533299441129,66.97000122070312,61.252483358773674,0.002094858384148468,0.007901530410254098,False,False,False,False,low
MPWR,2022-12-29,0.9732693170612148,0.9754190251628287,0.00220874948375549,353.4200134277344,344.73260497071453,0.038615301209519615,0.040909342219886735,False,False,False,False,low
NUE,2022-12-29,0.9503611211857772,0.9539868556171668,0.0038151123300012024,133.55999755859375,127.41448210715933,-0.004694871982639626,-0.0008976711166271967,False,False,False,False,low
SYK,2022-12-29,0.9657138815683548,0.968720290383466,0.0031131465255822555,245.5,237.8208312891409,0.0158900781250495,0.01905269279213817,False,False,False,False,low
USB,2022-12-29,0.8485778084555081,0.8580792519998134,0.01119690315917965,43.56999969482422,37.386512747766865,0.0050749995028134265,0.016328726939959015,False,False,False,False,low
A,2022-12-30,0.9743921175977522,0.9758454327287192,0.0014915095316554439,149.64999389648438,146.03526305176499,-0.009530759655231535,-0.008053465342445887,False,False,False,False,low
APD,2022-12-30,0.9150248968693012,0.9198098338648876,0.005229297051870141,308.260009765625,283.54058836970813,-0.01011526238541205,-0.004938861045313048,False,False,False,False,low
CAH,2022-12-30,0.9393691867851616,0.9454026372634268,0.006422874587693972,76.87000274658205,72.67310332306552,-0.01093667602638504,-0.004584046337214764,False,False,False,False,low
MU,2022-12-30,0.9830143170082688,0.9852513633968744,0.0022757007196130274,49.97999954223632,49.242862691563495,-0.013228074303221038,-0.010982476721818957,False,False,False,False,low
O,2022-12-30,0.8261537030406938,0.8293791105317898,0.003904125199977626,63.43000030517578,52.607517234137845,-0.009370583875680016,-0.005503042608350106,False,False,False,False,low
PWR,2022-12-30,0.9950455447968316,0.9956037554125892,0.0005609900156595682,142.5,141.87353514629396,-0.0014015203400090659,-0.0008413165632668029,False,False,False,False,low
RSG,2022-12-30,0.9585328548128632,0.9621754401489644,0.0038001674306848976,128.99000549316406,124.11101531020246,-0.013460761046546366,-0.009711746761582929,False,False,False,False,low
STT,2022-12-30,0.8911833449386268,0.8984083706784612,0.00810722707158762,77.5699996948242,69.68953703935576,-0.00982890833623895,-0.001801366456398945,False,False,False,False,low
VTR,2022-12-30,0.8893541061010464,0.8982259072773124,0.009975555423205051,45.04999923706055,40.46507643755094,-0.011194076401618624,-0.0013301881079693656,False,False,False,False,low
CMCSA,2023-01-03,0.8879269865260919,0.8948360738969892,0.007781143580203764,33.336456298828125,29.830663672081915,0.01715757194692169,0.025072221057932387,False,False,False,False,low
CSCO,2023-01-04,0.906262604564944,0.9135035229275588,0.007989867755925806,47.54999923706055,43.43709181825754,-0.00813515646266949,-0.0002102875310542318,False,False,False,False,low
AXP,2023-01-05,0.9582232094535996,0.9615445775254317,0.0034661736838184076,146.42999267578125,140.79896544448613,-0.027301719102243105,-0.02393017791869989,False,False,False,False,low
BMY,2023-01-05,0.8565305648932225,0.8633068545177163,0.00791132261034777,71.91999816894531,62.08902739615209,-0.009639280517235504,-0.001804217364791194,False,False,False,False,low
JPM,2023-01-05,0.9198685917560424,0.9266631176757196,0.007386409298643759,135.35000610351562,125.42385863331147,-0.007552417820940294,-0.00022179377151632096,False,False,False,False,low
KDP,2023-01-05,0.9069263893946464,0.912015398622256,0.005611270426265191,35.290000915527344,32.18502425235445,-0.015345960790148938,-0.009820800699828158,False,False,False,False,low
PGR,2023-01-05,0.9124655487742342,0.9131613291726228,0.0007625278557894521,131.52999877929688,120.10810851137619,0.0022096409173644194,0.002973853685904526,False,False,False,False,low
SYY,2023-01-05,0.9083784142669052,0.914220273624062,0.00643108561961081,76.2699966430664,69.72757720033046,-0.0053469439290249055,0.0010497550363750552,False,False,False,False,low
MA,2023-01-06,0.9794169222243804,0.981006425123912,0.00162290732727155,367.6700134277344,360.6866454980024,0.04520005944408334,0.04689632227901952,False,False,False,False,low
ROP,2023-01-06,0.977996779222252,0.9795316180712196,0.0015693700445396086,443.6700134277344,434.5888061425484,0.01777849091868955,0.01937576199431401,False,False,False,False,low
INTU,2023-01-09,0.9755643031871042,0.9775370737691618,0.002022184058613652,395.3399963378906,386.4595031640527,0.022819019908196125,0.024887348225101302,False,False,False,False,low
ORCL,2023-01-09,0.9576664811788178,0.961257206188414,0.003749452528793107,86.41999816894531,83.07184599868823,0.008872221274164094,0.012654939775449625,False,False,False,False,low
T,2023-01-09,0.8261419061149553,0.8380712674777933,0.014439845351674974,19.040000915527344,15.956877700054346,-0.02508959313315451,-0.011012037626258686,False,False,False,False,low
VZ,2023-01-09,0.7912841531761218,0.8037237235072944,0.015720737337202584,41.369998931884766,33.25004958302721,-0.019435878680145402,-0.004020687686591251,False,False,False,False,low
ACN,2023-01-11,0.9471183293165284,0.950992510738466,0.0040904935550485355,281.0799865722656,267.3049621486932,0.022369308770676444,0.026551303839082552,False,False,False,False,low
ABBV,2023-01-12,0.8814824975777205,0.8898621576036644,0.009506326046144986,152.22000122070312,135.4548187166873,-0.03149454098053328,-0.022287612309623173,False,False,False,False,low
ABT,2023-01-12,0.9327249910289688,0.936948220196542,0.004527839618529095,111.36000061035156,104.33855437295473,-0.015819716229680703,-0.011363505749050096,False,False,False,False,low
FCX,2023-01-12,0.9539635392966213,0.9571315131298278,0.0033208542074285585,45.099998474121094,43.16662978168845,-0.004854395899924313,-0.0015496624335444853,False,False,False,False,low
EME,2023-01-13,0.9902819051721322,0.991261147974812,0.0009888525656838176,152.69000244140625,151.3556671043452,0.005531750438771743,0.006526073090069806,False,False,False,False,low
EOG,2023-01-13,0.8799019225868037,0.8855020412925108,0.0063644805880676,129.4600067138672,114.63710021087154,-0.0075890399197769964,-0.001272859628960843,False,False,False,False,low
PNC,2023-01-13,0.8725009914712933,0.8803229912942162,0.008965032589513422,164.0,144.37297057225146,-0.028551161681695247,-0.019842091187126765,False,False,False,False,low
CAT,2023-01-19,0.9461030760310372,0.9506152318526898,0.004769201090204067,245.75000000000003,233.61369322779854,-0.027964587925796813,-0.02332875557881564,False,False,False,False,low
CVS,2023-01-19,0.8767180626225283,0.882773241098271,0.006906642778215177,87.4800033569336,77.2250060946879,-0.008163192927672092,-0.0013129304069379177,False,False,False,False,low
GD,2023-01-19,0.9302095179426862,0.9351814161188772,0.0053449229235873474,231.5500030517578,216.5412597562732,-0.022995767714102056,-0.01777375539651538,False,False,False,False,low
PG,2023-01-19,0.9136440729805146,0.9193776230420656,0.0062754744775466165,142.4199981689453,130.93775939022026,-0.027252273706463104,-0.021147820177016663,False,False,False,False,low
ZTS,2023-01-19,0.960080100712662,0.9623359938653282,0.002349692646469448,161.9499969482422,155.8503112696735,0.012377293945302625,0.014756069428338403,False,False,False,False,low
BK,2023-01-20,0.909580130449519,0.9165120527151338,0.0076210132934511066,49.2400016784668,45.12905501402824,0.0065413638900058135,0.014212229004620047,False,False,False,False,low
CL,2023-01-20,0.9198667005519656,0.9256519368777584,0.006289211602421574,75.44000244140625,69.83118437795052,0.0031915625386162993,0.009500846553185616,False,False,False,False,low
DELL,2023-01-24,0.932315058066866,0.9398725142591748,0.008106118341560498,40.59000015258789,38.14942549719307,-0.010964930626236824,-0.0029476953099395464,False,False,False,False,low
LOW,2023-01-24,0.933657856259404,0.9384619353346244,0.005145438495496979,206.41000366210935,193.70793150917004,0.006338077362826322,0.01151612804557356,False,False,False,False,low
MRSH,2023-01-25,0.9466076965702186,0.9498378753102537,0.0034123732056465794,173.27999877929688,164.5879058742907,-0.001210483066561796,0.0021977595191025046,False,False,False,False,low
PFE,2023-01-26,0.8133879199165585,0.8208552644243123,0.009180545130938134,44.25,36.32284545077582,-0.018193913920047988,-0.00918039883696109,False,False,False,False,low
OKE,2023-01-27,0.8328073175161552,0.8444036140896076,0.01392434519912511,68.23999786376953,57.6221008216341,-0.01869432031410201,-0.005030281284293281,False,False,False,False,low
KMI,2023-01-30,0.8320087341069998,0.8445918523200406,0.015123781394610347,18.040000915527344,15.236437789100469,-0.0332260952280099,-0.018604818034224313,False,False,False,False,low
MS,2023-01-30,0.893810738308025,0.9010198947689764,0.008065640914762584,95.95999908447266,86.46186827712262,-0.009291776999872603,-0.0013010802218510475,False,False,False,False,low
TRGP,2023-01-30,0.9251356405919648,0.9294529978832922,0.004666728965889488,73.83999633789062,68.63080595994376,-0.020039842956985354,-0.015466634506694832,False,False,False,False,low
TXN,2023-01-30,0.9025640493753376,0.9089962602090382,0.007126597650496169,173.1300048828125,157.3745269684491,-0.012040633098666875,-0.004999844195722192,False,False,False,False,low
AON,2023-01-31,0.9757473966192578,0.9774714038641396,0.0017668581549437068,318.6799926757813,311.50057982420964,0.0035900488133235875,0.005363250075289372,False,False,False,False,low
NRG,2023-01-31,0.9191291549178224,0.929602673717328,0.011395045781614765,34.220001220703125,31.81100462937585,0.01997025331978164,0.03159286105224579,False,False,False,False,low
O,2023-01-31,0.8293790580948439,0.8324375570583661,0.0036876973606589925,67.83000183105469,56.46424101950766,0.0008854240956261972,0.004576386632385798,False,False,False,False,low
FAST,2023-02-01,0.9176038958050412,0.9240015302268496,0.006972109045151331,25.950000762939453,23.97784041434397,0.026706277135383427,0.033864585256912605,False,False,False,False,low
COST,2023-02-02,0.957075752238004,0.9587418872545536,0.0017408601280028968,523.4299926757812,501.8342590236157,0.01065826073542242,0.012417675404573503,False,False,False,False,low
NSC,2023-02-02,0.9254055011124416,0.9304543734651676,0.00545584864868065,254.83999633789065,237.11698912643766,0.024317710579298657,0.02990623297638262,False,False,False,False,low
WFC,2023-02-02,0.9148401307105444,0.9206757803379292,0.006378873675832564,47.22999954223633,43.48351668390847,-0.0021128731238024834,0.004252522801280412,False,False,False,False,low
BKR,2023-02-03,0.9250113016120576,0.930644439709255,0.006089804619014316,31.3700008392334,29.194316854707225,-0.0006370994203216407,0.005448825387699863,False,False,False,False,low
BX,2023-02-03,0.8945328289599646,0.9027453645175848,0.00918080957092271,97.12999725341795,87.6836547761288,-0.028991318217222117,-0.020076672418061547,False,False,False,False,low
C,2023-02-03,0.8878159797732398,0.8965722903576576,0.009862753975947047,50.95000076293945,45.68035887775303,-0.024320192035157784,-0.01469730212990128,False,False,False,False,low
COF,2023-02-03,0.9417195547272948,0.94638088763578,0.004949810041732672,121.44000244140624,114.92849730498932,-0.0031193338890981304,0.001815036042426721,False,False,False,False,low
DHI,2023-02-06,0.9655056568684256,0.9679385146592548,0.002519775801956614,98.18000030517578,95.03220366463704,-0.01296874333664777,-0.010481645860332733,False,False,False,False,low
INTC,2023-02-06,0.9642777876507233,0.9760274399507828,0.012184924770159089,28.690000534057617,28.002227773442847,-0.05375986732100302,-0.04223000248980402,False,False,False,False,low
MET,2023-02-06,0.897894510019728,0.9043734424795022,0.007215694480225743,70.08999633789062,63.38753127147385,0.0042985444680878615,0.011545255931904697,False,False,False,False,low
SLB,2023-02-07,0.9173335918328018,0.9216737664054556,0.004731293622402211,53.88999938964844,49.66899870904498,0.015068736763255597,0.019871325003803397,False,False,False,False,low
URI,2023-02-07,0.9643351176273306,0.9674892400053908,0.0032707741535127344,455.8999938964844,441.078338613372,0.004273509731965497,0.007558261570654423,False,False,False,False,low
ADM,2023-02-08,0.8952144333099595,0.90011467455351,0.005473818407319975,81.5999984741211,73.44935607010042,-0.01282367700249909,-0.007420053074404964,False,False,False,False,low
PAYX,2023-02-08,0.8922659222800187,0.898286555943589,0.006747577726812226,114.93000030517578,103.24007414873198,-0.024942753651471472,-0.01836347909364322,False,False,False,False,low
RMD,2023-02-08,0.9674102309258164,0.9693101951209824,0.001963969507897234,220.9600067138672,214.17878722175217,-0.01554907677356654,-0.013615645178328695,False,False,False,False,low
TJX,2023-02-08,0.9534848638536418,0.9570200310558086,0.0037076280245067483,80.30999755859375,76.8582763576173,0.0056348227498492776,0.009363342601096392,False,False,False,False,low
AEP,2023-02-09,0.8787846351222253,0.8869297559255623,0.009268619952833124,88.4800033569336,78.47554778165805,-0.02102228318459598,-0.011948510785141697,False,False,False,False,low
AMP,2023-02-09,0.9519775164704112,0.955363364647504,0.003556647209113084,348.25,332.70529173849326,-0.012616989092756659,-0.009105216062687882,False,False,False,False,low
COR,2023-02-09,0.9688037283223302,0.9717898444270062,0.0030822714832519083,155.02000427246097,150.64686583500867,-0.017928423957100037,-0.014901412743750897,False,False,False,False,low
ETR,2023-02-09,0.8843923463648079,0.893445301770017,0.01023635657004518,51.70500183105469,46.19559096396594,-0.020738587534623987,-0.0107145185413422,False,False,False,False,low
HWM,2023-02-09,0.9895929937915748,0.9905630330287988,0.0009802406073100567,40.45000076293945,40.06827544175453,-0.009549446331814537,-0.008578566479576333,False,False,False,False,low
IBM,2023-02-09,0.8846963811061899,0.8955632004112838,0.012283105862269439,133.75,119.7815780550092,-0.01639943960586132,-0.004317769796352677,False,False,False,False,low
PH,2023-02-09,0.9603894847034352,0.9640320975010775,0.00379284952163661,351.6199951171875,338.9729614161409,-0.0010511523834559888,0.0027377102753660676,False,False,False,False,low
SBUX,2023-02-09,0.918523738669924,0.923126280381431,0.005010803224499982,106.05000305175778,97.89754485160857,-0.002351834363337635,0.0026471842819510982,False,False,False,False,low
SCHW,2023-02-09,0.9506520807542173,0.9536096774572476,0.003111124209273175,79.58000183105469,75.88825987815923,-0.012777555780896566,-0.009706184134748663,False,False,False,False,low
TFC,2023-02-09,0.832174223240839,0.8410526365976968,0.01066893579361472,47.93000030517578,40.3116531287965,-0.026999554642210155,-0.016618675363529345,False,False,False,False,low
V,2023-02-09,0.973621384587438,0.975528389154975,0.0019586716127286685,229.3500061035156,223.73744200684624,-0.00369240163334017,-0.0017409622228735655,False,False,False,False,low
AAPL,2023-02-10,0.98331110973338,0.9848122448785236,0.0015266126155644155,151.00999450683594,148.71649168937063,0.0009279472007650558,0.0024559764322329425,False,False,False,False,low
F,2023-02-10,0.7692996744452257,0.8177976304095188,0.06304169568155227,12.729999542236328,10.410563460755128,-0.05633804609166726,0.0031520036328807066,False,False,False,False,low
GWW,2023-02-10,0.9693376599082338,0.9718661292987693,0.0026084505896271093,656.489990234375,638.0203857324689,-0.006988239808132235,-0.004398017696753076,False,False,False,False,low
KLAC,2023-02-10,0.9685096137616668,0.971638272881637,0.003230385197539265,395.6799926757813,384.4578246973149,-0.019963337181225893,-0.0167974412526104,False,False,False,False,low
COP,2023-02-13,0.8932273969951636,0.8972042489583385,0.004452227928244401,112.30999755859376,100.76500701007095,-0.023900574120902074,-0.01955475699625997,False,False,False,False,low
PCAR,2023-02-13,0.8893125233639747,0.8923691003700522,0.0034370110908992224,73.0,65.14294432701381,0.00013703434063860875,0.0035745164200862156,False,False,False,False,low
VLO,2023-02-13,0.9020971862706242,0.9086831893885804,0.007300768939523694,139.8000030517578,127.03391264960456,-0.006608347218184818,0.0006441757052264574,False,False,False,False,low
WEC,2023-02-13,0.8831425711021599,0.8905904130688995,0.008433340448581017,93.05999755859376,82.8783416658988,-0.002251518087604154,0.006162834542417839,False,False,False,False,low
XOM,2023-02-13,0.8899710303769561,0.8968191124245348,0.0076947246751146725,117.8000030517578,105.64529418048492,-0.011496141128116033,-0.003889876093808642,False,False,False,False,low
AFL,2023-02-14,0.9262065341594556,0.931717413966894,0.005949947019580959,69.20999908447266,64.48416136763596,-0.025348584672685415,-0.019549460388928352,False,False,False,False,low
AMGN,2023-02-14,0.8955643428176971,0.9034621238152902,0.00881877562559552,241.02999877929688,217.76147460034036,-0.010793748843817563,-0.0020701608674347227,False,False,False,False,low
CTAS,2023-02-14,0.9690164726892836,0.9715104529764416,0.0025737233137395066,110.76750183105467,107.61178587895675,-0.010982350091309767,-0.008436892308040012,False,False,False,False,low
ED,2023-02-14,0.886861426591298,0.8946704699319642,0.00880525762709139,91.0999984741211,81.50447844564314,-0.01831901424279625,-0.009675060255587065,False,False,False,False,low
KR,2023-02-14,0.9257261689402964,0.931119229139069,0.0058257618502306485,43.630001068115234,40.62473296188021,-0.028068575154041042,-0.022406334138132977,False,False,False,False,low
LLY,2023-02-14,0.9732256148461308,0.976374164659006,0.003235169486751399,347.55999755859375,339.3486022851581,-0.008105012521003707,-0.004896064123449895,False,False,False,False,low
TGT,2023-02-14,0.8835834205869452,0.8891236843934066,0.0062702215516687865,171.1699981689453,152.1912994295853,-0.012404852667998956,-0.006212412290874325,False,False,False,False,low
CVX,2023-02-15,0.8651222987138975,0.8727701704006225,0.00884022027647946,169.00999450683594,147.50688170513948,-0.019208522961324248,-0.010538110259008748,False,False,False,False,low
MPC,2023-02-15,0.928540198545916,0.9339855401501946,0.005864411269222325,127.11000061035156,118.71890257855077,-0.011893647283552355,-0.00609898525349184,False,False,False,False,low
MSFT,2023-02-15,0.9723192337518758,0.9747548973142892,0.002505003992377075,269.32000732421875,262.5209960840025,-0.010471418462388193,-0.00799264541506528,False,False,False,False,low
ATO,2023-02-16,0.9177022568543918,0.9235481793906436,0.006370173433254855,115.69000244140624,106.84529112845985,-0.010435387755432401,-0.004131689552023032,False,False,False,False,low
DUK,2023-02-16,0.8730646636794985,0.8819947919888915,0.010228484419192219,98.29000091552734,86.6912689120785,-0.009772327219697674,0.00035620110278844486,False,False,False,False,low
EMR,2023-02-16,0.9350486772211672,0.940676247367506,0.0060184782711667495,85.69999694824219,80.61595152867918,-0.014035909415596404,-0.0081019059602635,False,False,False,False,low
HSY,2023-02-16,0.9092414658798084,0.9132258060361224,0.004382048450087606,235.22000122070312,214.8089752105943,-0.009474880988899592,-0.0051343519263641335,False,False,False,False,low
KKR,2023-02-16,0.9735017143759436,0.9760702809387888,0.0026384818073912353,57.54999923706054,56.172843923344765,-0.02292024200076148,-0.020342234834910156,False,False,False,False,low
MMM,2023-02-16,0.8859340369629937,0.8976640705506094,0.013240301307111624,93.6454849243164,84.06218718584759,-0.02430528368578122,-0.011386791658024364,False,False,False,False,low
MSCI,2023-02-16,0.958527716537836,0.9608661541948768,0.002439614021269021,552.9899902343749,531.3493652247663,-0.024812202209282153,-0.022433120384421246,False,False,False,False,low
OTIS,2023-02-16,0.941928642631328,0.9451697596271617,0.0034409368705248244,83.58999633789062,79.00673674591941,-0.011588073317606584,-0.008187010275818585,False,False,False,False,low
TEL,2023-02-16,0.9472204478066096,0.9512231999456932,0.0042257873004667434,132.0,125.5614623928315,-0.008115432944055367,-0.003923939737061399,False,False,False,False,low
TER,2023-02-16,0.9864957745145286,0.9874971954049132,0.0010151294270646094,106.3000030517578,104.97095488514454,-0.019915139691570327,-0.01892022670885074,False,False,False,False,low
APO,2023-02-17,0.9420088727847123,0.9472646954221072,0.00557937699870914,71.44000244140625,67.6725921536133,-0.00901642293665561,-0.003487351960689833,False,False,False,False,low
EQT,2023-02-17,0.9492837013027928,0.9537783810424472,0.004734811872874056,31.249999999999996,29.805574407576472,-0.018221800976948477,-0.013573265903685128,False,False,False,False,low
JNJ,2023-02-17,0.902803715550526,0.9092969207198528,0.007192266776801404,160.38999938964844,145.8421325592664,0.013586917478824567,0.020876904990807965,False,False,False,False,low
MCHP,2023-02-17,0.9194960055463464,0.923401498739476,0.004247428123202113,83.2699966430664,76.89163970023866,-0.01618623294495891,-0.012007554682775812,False,False,False,False,low
PRU,2023-02-17,0.8385169953919478,0.8488070099722006,0.012271682788543847,101.52999877929688,86.17937468633616,-0.01532345865291429,-0.0032398204881823878,False,False,False,False,low
PSX,2023-02-17,0.883413221805096,0.8923435262342553,0.010108864355586444,99.54000091552734,88.82387541832267,-0.05127713827019853,-0.041686627549928024,False,False,False,False,low
ROK,2023-02-17,0.943203248190268,0.94698006462585,0.004004244517635591,297.7200012207031,281.9349059963896,0.006218724846308588,0.010247870658816716,False,False,False,False,low
SO,2023-02-17,0.8822796365187324,0.8914841959806973,0.010432700791195737,66.62999725341797,59.39958952965939,0.011691415668547478,0.02224608950123863,False,False,False,False,low
UPS,2023-02-17,0.8326498607099398,0.8399836892661954,0.008807818150599944,183.21000671386716,153.89341734999857,-0.01261113607870934,-0.003914394521362996,False,False,False,False,low
YUM,2023-02-21,0.9351943455329048,0.9394992695833828,0.004603240033519418,130.61000061035156,122.70800017371047,-0.010829996580524193,-0.0062766096208271005,False,False,False,False,low
AMAT,2023-02-22,0.9709760084559116,0.9732499242467236,0.002341886690308881,110.41000366210938,107.45652770022843,-0.007818072670120801,-0.005494495020141987,False,False,False,False,low
CMI,2023-02-23,0.9251215366117096,0.9309671346038773,0.0063187351724374174,247.66000366210935,230.56332396529967,-0.009518435801987635,-0.0032598451046389476,False,False,False,False,low
HON,2023-02-23,0.9277423520749468,0.932656279951381,0.005296651452252776,183.80772399902344,171.42942809125938,-0.002404212850725118,0.0028797043240402775,False,False,False,False,low
MAR,2023-02-23,0.9665609877833578,0.9688324549988256,0.002350050585713248,171.94000244140625,166.5810546778117,0.007913747186216291,0.010282395478139694,False,False,False,False,low
MCO,2023-02-23,0.9708007285079836,0.9733463512590472,0.0026221887523467657,294.44000244140625,286.5921020410477,0.00010189456514297923,0.0027243505042722216,False,False,False,False,low
RTX,2023-02-23,0.9276812963232992,0.932785600289355,0.005502217179850222,99.63999938964844,92.94275664350418,-0.00865588228127634,-0.003201291645620885,False,False,False,False,low
SPGI,2023-02-23,0.9710265488535824,0.9735572767307774,0.0026062396339037175,348.1300048828125,338.9244995019832,0.005574790894655068,0.00819555976953934,False,False,False,False,low
WAB,2023-02-23,0.9813180409718586,0.982925935712371,0.0016385052280500911,104.23999786376952,102.4601974389012,0.0030792888805093455,0.004722839539489154,False,False,False,False,low
ADI,2023-02-24,0.9437404770754468,0.948132462316666,0.004653806155299645,182.94000244140625,173.4513549709874,-0.014597315077689688,-0.010011441997149317,False,False,False,False,low
CEG,2023-02-24,0.9728702893858424,0.9763457959666983,0.0035724254494913232,79.2699966430664,77.39492796875217,0.0006310959554771678,0.004205775948220802,False,False,False,False,low
EXC,2023-02-24,0.8782411362489457,0.8858631858333444,0.008678766308935604,41.31999969482422,36.6038665682898,-0.012428309174647767,-0.003857405256654012,False,False,False,False,low
NOC,2023-02-24,0.9438790810157364,0.9473203523742764,0.003645881583514754,470.9100036621094,446.10263060576125,-0.011233372514623752,-0.007628446477080941,False,False,False,False,low
SHW,2023-02-24,0.9686082828006812,0.9712426905523736,0.002719786521002243,221.0800018310547,214.72233580571722,-0.008832105777851096,-0.006136340699095633,False,False,False,False,low
ALL,2023-02-27,0.9227473775029932,0.9290307727468852,0.0068094425376696854,128.9499969482422,119.79851531053393,-0.020062310685605378,-0.013389481299722283,False,False,False,False,low
CSX,2023-02-27,0.9512025783515844,0.9546173763855896,0.0035899797916054688,30.770000457763672,29.37357710837375,0.0006504213906886047,0.004242736181942597,False,False,False,False,low
GLW,2023-02-27,0.917082148918162,0.9246279889337252,0.008228096059294865,34.310001373291016,31.72398757009942,0.0,0.008228096059294865,False,False,False,False,low
HLT,2023-02-27,0.9900655044965584,0.9910925014918548,0.0010373020680269907,145.08999633789062,143.79760741196407,0.0020719874692234352,0.003111438814137113,False,False,False,False,low
NEE,2023-02-27,0.9102279086865396,0.9161073439450405,0.006459300140538415,71.86000061035158,65.83147429503816,-0.014536445216823402,-0.008171040338917135,False,False,False,False,low
UNP,2023-02-27,0.9223992050043271,0.9286210569127176,0.006745291924185048,212.1699981689453,197.02552794481534,0.09354702348628141,0.10092331739252014,False,False,False,False,low
WELL,2023-02-27,0.9250040835945584,0.9326025603802988,0.008214533233423804,74.2699966430664,69.26438902875992,-0.008013971971478462,0.0001347302228538183,False,False,False,False,low
CTVA,2023-02-28,0.9626302160795674,0.9649608209634064,0.0024210801249628933,62.290000915527344,60.1074104212586,0.0028980889294305534,0.00532618555990072,False,False,False,False,low
EA,2023-02-28,0.9821191681873754,0.9838017379883124,0.0017132033010234249,110.94000244140624,109.14296721428308,-0.0013502016511744985,0.00036068847992298814,False,False,False,False,low
HAL,2023-02-28,0.9256871736472514,0.9296879579242864,0.0043219614475933366,36.22999954223633,33.68259429001952,-0.025551392015647822,-0.021339862699278456,False,False,False,False,low
IR,2023-02-28,0.996402239849837,0.9967436134128552,0.0003426061778721845,58.06999969482422,57.88090132670249,-0.00531006111029908,-0.004969274192168083,False,False,False,False,low
LMT,2023-02-28,0.9108029262673268,0.9165373276122796,0.00629598476198745,474.260009765625,434.67700194395957,-0.010907381958471296,-0.00468006990708747,False,False,False,False,low
MCD,2023-02-28,0.921531224468329,0.9268520570711762,0.00577390376101139,263.9100036621094,244.60552977588773,-0.0032857282317335645,0.0024692040506830715,False,False,False,False,low
MCK,2023-02-28,0.9835397452632668,0.985036519692455,0.0015218240405603378,349.80999755859375,344.57562254874335,-0.01559028689958153,-0.014092188532424332,False,False,False,False,low
O,2023-02-28,0.8324375430415657,0.835728221393048,0.003953063360716325,63.95000076293945,53.44482039569545,-0.01250774160857937,-0.008604122142941262,False,False,False,False,low
ODFL,2023-02-28,0.980795558649938,0.9819428522120676,0.0011697581132084078,169.6300048828125,166.56697081537587,-0.009141635996675723,-0.007982571386342285,False,False,False,False,low
GS,2023-03-01,0.9185248775065284,0.9251017935409056,0.007160302562769116,346.2300109863281,320.2980041411396,-0.015413004419820187,-0.008363063632098378,False,False,False,False,low
QCOM,2023-03-01,0.9248176985889373,0.9304668407737358,0.006108384596680949,123.68000030517578,115.08013915085158,0.001214292296293884,0.0073300942573333305,False,False,False,False,low
AJG,2023-03-02,0.9695431219951164,0.9723915625607265,0.0029379204503545697,187.02000427246097,181.85667418461205,-0.004047260154310561,-0.0011212302323312384,False,False,False,False,low
BAC,2023-03-02,0.9191332768083104,0.9250945669640992,0.006485773397835626,33.4900016784668,30.981418600368198,-0.019039183444705232,-0.01267689387637172,False,False,False,False,low
D,2023-03-02,0.8432576898858504,0.8536752513952115,0.012353947831500234,54.990001678466804,46.94360350708825,0.004567044068950921,0.01697741292462296,False,False,False,False,low
FANG,2023-03-02,0.8720324386365492,0.8901907030428248,0.02082292309523104,144.16000366210938,128.32989501062934,-0.0031806905725960677,0.017576001247451956,False,False,False,False,low
GM,2023-03-02,0.9668961722061225,0.9691489121076964,0.00232986743181951,39.529998779296875,38.310455312574135,0.02091935777524334,0.023297964537438043,False,False,False,False,low
PEP,2023-03-02,0.8977155277803092,0.9037818587873344,0.006757520416322604,173.32000732421875,156.64347838451684,0.011615043902972522,0.01845105321560614,False,False,False,False,low
TT,2023-03-02,0.965231149311384,0.9691462090295028,0.0040560851366140405,187.1199951171875,181.34663390144132,0.007863790941937454,0.011951772284108486,False,False,False,False,low
ETN,2023-03-03,0.9522299263392884,0.9569284483013129,0.00493423051729458,177.5500030517578,169.90264891621197,0.013702593427961318,0.018704435699914423,False,False,False,False,low
HIG,2023-03-03,0.9349747725729732,0.9401401126079054,0.005524576904591294,77.51000213623047,72.8702621365947,0.002068567101044083,0.0076045719636674836,False,False,False,False,low
MLM,2023-03-03,0.9796825993617208,0.9814645899999294,0.0018189469113460977,365.6199951171875,358.8430786034666,0.00591518939462321,0.0077448957214487635,False,False,False,False,low
MTB,2023-03-03,0.8907237013206389,0.8984422209542772,0.008665447682816074,152.5399932861328,137.04837035234368,0.008062291189955495,0.016797602235281817,False,False,False,False,low
NKE,2023-03-03,0.9337048499275644,0.9363671667033828,0.0028513472710620658,120.94000244140624,113.24424742715976,0.011373144250934164,0.014256920305819598,False,False,False,False,low
VMC,2023-03-03,0.973425513784996,0.9757354565152144,0.002373004094824438,182.47000122070312,178.0424499414145,0.004514216084620548,0.006897932432698761,False,False,False,False,low
BLK,2023-03-06,0.9250882202119072,0.9317893862763365,0.0072438129877971935,688.3900146484375,641.4345092680259,-0.009852677754667583,-0.002680235721954083,False,False,False,False,low
EQIX,2023-03-06,0.9297024937144522,0.9342185465657536,0.004857524726279205,699.4299926757812,653.420471182064,-0.008477312054567143,-0.0036609660812054745,False,False,False,False,low
GE,2023-03-06,0.983411858736469,0.984323566468186,0.0009270863714094801,69.48124694824219,68.39202879875052,0.007872253750119018,0.008806638380692622,False,False,False,False,low
CI,2023-03-07,0.9361031929036616,0.9401119071408494,0.004282342232754477,281.7200012207031,264.84832762731764,-0.023399313521116127,-0.01921717515687038,False,False,False,False,low
NVDA,2023-03-07,0.9977830732952369,0.9979523517292272,0.0001696545456832954,23.288000106811523,23.240314473663055,-0.011293229941015892,-0.01112549134312757,False,False,False,False,low
TPL,2023-03-07,0.9638378192203256,0.9655599627186632,0.0017867565102711591,197.60110473632815,190.79571532237566,-0.02394039382201074,-0.022196412966259405,False,False,False,False,low
HD,2023-03-08,0.913559672171796,0.9201752093377236,0.007241494307865581,291.489990234375,268.221862783767,0.0027175025599281977,0.009978675647112745,False,False,False,False,low
NEM,2023-03-08,0.9180825623988704,0.9268054052496456,0.009501152955114556,42.15999984741211,39.07411574390578,-0.008000003590303284,0.001425140107058187,False,False,False,False,low
ADP,2023-03-09,0.9283542216389518,0.9336118629867012,0.005663400052694723,218.97999572753903,204.4423217680076,-0.013470313451010685,-0.007883201172224075,False,False,False,False,low
AME,2023-03-09,0.9789565944922928,0.9806985216697304,0.0017793712073015389,138.94000244140625,136.25825499507584,-0.012999941575001395,-0.011243702089434926,False,False,False,False,low
BDX,2023-03-09,0.9421579545154168,0.945817022107154,0.0038837092805941165,182.5707550048828,172.67852782257305,-0.012753472228238638,-0.008919293726097122,False,False,False,False,low
CME,2023-03-09,0.8733002138619016,0.8786129676942361,0.006083536621204422,177.47000122070315,155.9274444492217,-0.02446128514199708,-0.018526559644755802,False,False,False,False,low
EBAY,2023-03-09,0.9382943818660624,0.9436242818600576,0.005680413415025676,42.95000076293945,40.52866362581767,-0.02959777696052046,-0.02408549115479619,False,False,False,False,low
ELV,2023-03-09,0.9498509106906704,0.9528728462543788,0.003181484093657483,459.9599914550781,438.2833862209401,-0.014378515395430114,-0.011242776319793535,False,False,False,False,low
FIX,2023-03-09,0.987227916318538,0.9883900608828048,0.0011771796006341262,145.0,143.3165588280067,-0.02566864088305343,-0.024521677882842763,False,False,False,False,low
KMB,2023-03-09,0.8818627726380169,0.890349030569287,0.009623104857782172,122.61000061035156,109.1656951815262,-0.00961229735114566,-8.169263869783894e-05,False,False,False,False,low
LHX,2023-03-09,0.935000403568474,0.9401547737511694,0.005512693003151048,204.38999938964847,192.1582336331766,-0.017024928633805003,-0.01160608883561276,False,False,False,False,low
OXY,2023-03-09,0.9470265922458486,0.9497774579937788,0.0029047397089521088,60.560001373291016,57.51852416042409,-0.025583268118277047,-0.022752841144112912,False,False,False,False,low
PEG,2023-03-09,0.8966616388431867,0.9054042887492472,0.009750221853295216,57.7599983215332,52.29615019846548,-0.02151449236026559,-0.011974041580543937,False,False,False,False,low
SPG,2023-03-09,0.8407891857983587,0.8533611546416106,0.014952581521745278,117.3000030517578,100.09926604371248,-0.039941047972081756,-0.025585688226202885,False,False,False,False,low
TRV,2023-03-09,0.9412842634467696,0.9462345260971072,0.005259051747248833,173.9199981689453,164.56910704620174,-0.021657231315665992,-0.016512076068608383,False,False,False,False,low
WM,2023-03-09,0.9506348124122662,0.9550949687301256,0.00469176623833234,150.6199951171875,143.85639952658187,0.004803210473779851,0.009517512252848803,False,False,False,False,low
FDX,2023-03-10,0.9337325630632484,0.9389280472524514,0.005564210133315317,162.11926269531247,152.21832274451694,-0.03194919501061477,-0.026562756911928775,False,False,False,False,low
UNH,2023-03-10,0.9393649972612352,0.942710841128538,0.0035618144992177747,460.3299865722656,433.9580688382291,-0.009851405764055077,-0.006324680144725314,False,False,False,False,low
WMB,2023-03-10,0.8692467494951583,0.8824735972703462,0.015216447784095699,28.89999961853027,25.503486624476043,-0.033121438318296836,-0.018408981170905614,False,False,False,False,low
LIN,2023-03-13,0.9552844311378446,0.958863929009218,0.003747049312956774,334.8299865722656,321.0563964747863,-0.019646371742049307,-0.015972938352830646,False,False,False,False,low
ROST,2023-03-13,0.9658257754989336,0.9689418923887132,0.003226375780010615,103.38999938964844,100.17890166267387,-0.007487748804908989,-0.004285531316289282,False,False,False,False,low
AEE,2023-03-14,0.904150038977124,0.9110393082711884,0.00761960846880938,83.70999908447264,76.26309966129978,0.004801362832804745,0.012457555806516973,False,False,False,False,low
CCI,2023-03-14,0.8374813368993047,0.8476403150657356,0.012130393501117887,131.14999389648438,111.16802214728531,0.0043650793187086645,0.016548422949626218,False,False,False,False,low
DLR,2023-03-14,0.8960045753914315,0.9064441317403686,0.011651231071422297,105.6999969482422,95.81114195870902,-0.0021712768457562426,0.009454656177416032,False,False,False,False,low
DVN,2023-03-14,0.8808477235645721,0.8968174790361423,0.01812998438248159,49.220001220703125,44.14135741290682,-0.015206048989475418,0.002648249962307725,False,False,False,False,low
GILD,2023-03-14,0.8947705879054484,0.903291083824166,0.009522548051856594,79.7699966430664,72.05552672436554,0.003269959751610596,0.012823646152329227,False,False,False,False,low
GRMN,2023-03-14,0.937689487124707,0.9448795697944168,0.007667871687201178,97.02999877929688,91.68166350373481,0.011466678522065399,0.01922247522885212,False,False,False,False,low
IRM,2023-03-14,0.8918119369147527,0.9024174712289528,0.011892119711797378,52.2599983215332,47.16033553174731,-0.007784314821826732,0.004015232886235065,False,False,False,False,low
LRCX,2023-03-14,0.9679729376793252,0.9714861448253124,0.003629447693455079,49.39799880981445,47.989471425832015,0.03559744276134813,0.0393560895113263,False,False,False,False,low
MRK,2023-03-14,0.9059154179077824,0.9122134643373664,0.006952135160840145,106.97000122070312,97.57947539370991,0.011727965803457252,0.018761635367724683,False,False,False,False,low
MSI,2023-03-14,0.9644563400762556,0.9677170444178792,0.0033808729396354043,266.25,257.65466307626036,0.01952903014631957,0.0229759282555142,False,False,False,False,low
NXPI,2023-03-14,0.9404357664864952,0.9459188500205034,0.00583036474090437,178.82000732421875,169.149215688783,0.022237551085063645,0.02819756885973823,False,False,False,False,low
PSA,2023-03-14,0.8752911836574815,0.8844534569516058,0.010467686028595713,287.6400146484375,254.40420531342107,-0.006733594786119346,0.003663606086411475,False,False,False,False,low
TMO,2023-03-14,0.9901410122010328,0.9907813819108946,0.0006467459704939671,555.9600219726562,550.8348388572797,0.026589896740858432,0.027253839619925335,False,False,False,False,low
XEL,2023-03-14,0.8951038332304129,0.902288958039422,0.008027141145265926,65.44000244140625,59.04579161695368,0.002143941548325312,0.010188292415006961,False,False,False,False,low
EOG,2023-03-15,0.8855022076226146,0.8936860295873315,0.009242011927546478,101.4800033569336,90.69126128256705,-0.07069591398402397,-0.06210727453674658,False,False,False,False,low
AIG,2023-03-16,0.9298655643359852,0.9361115333864336,0.006717066735242083,50.189998626708984,46.98343657511155,0.0464970722436544,0.05352646291615071,False,False,False,False,low
CB,2023-03-16,0.961147245965182,0.9654233263640952,0.004448933726714399,191.86000061035156,185.22611998546296,0.023799396260016703,0.028354211923427908,False,False,False,False,low
CRH,2023-03-16,0.9293409281197808,0.9496424821862196,0.021845109208213254,48.869998931884766,46.40902709011295,0.014321266549158995,0.036479225389138614,False,False,False,False,low
HCA,2023-03-16,0.9744776760816504,0.976846086662327,0.002430441085320645,254.3800048828125,248.49011229491902,0.027922591134376562,0.03042089643239887,False,False,False,False,low
HPE,2023-03-16,0.9134812383547832,0.9214302335501084,0.008701870231775821,14.3100004196167,13.185667028749565,0.028756331890183784,0.03770843599040985,False,False,False,False,low
ICE,2023-03-16,0.958756909248876,0.9629039827881468,0.004325469260523684,99.23000335693361,95.54896544447254,0.017534934092809706,0.02193625017173728,False,False,False,False,low
KO,2023-03-16,0.9074878156070844,0.9144485486596796,0.007670332243456812,60.29999923706055,55.141246786509804,-0.002151267043831173,0.0055025642666550745,False,False,False,False,low
NDAQ,2023-03-16,0.9551628666664532,0.958857366200189,0.00386792625914123,53.11000061035156,50.92491530413213,0.023116947918836672,0.027074288827864335,False,False,False,False,low
PLD,2023-03-16,0.9022494093476454,0.9088379762040116,0.007302378686099731,120.08999633789062,109.14234923407568,0.0006665627884028247,0.007973808968401164,False,False,False,False,low
WMT,2023-03-16,0.960274723568929,0.964210482025864,0.004098575501714219,46.09333419799805,44.44367598523094,-0.009739279748308682,-0.005680621419975163,False,False,False,False,low
DTE,2023-03-17,0.894042785439254,0.9019123877529862,0.00880226588917199,107.04000091552734,96.5407028108051,-0.019959716909090708,-0.011333141755225151,False,False,False,False,low
HBAN,2023-03-17,0.8630916982223037,0.8752810748243277,0.014122921848432002,10.340000152587892,9.050406447240842,-0.07097933097305353,-0.057858844668807974,False,False,False,False,low
JCI,2023-03-17,0.9444280426204178,0.9501818503831212,0.006092372846891347,57.299999237060554,54.44541930202163,-0.03616486960954235,-0.03029282663227162,False,False,False,False,low
APH,2023-03-20,0.9723596147658556,0.975026329853892,0.002742519380217745,38.834999084472656,37.86514662721263,0.011459789594038483,0.01423373766931113,False,False,False,False,low
ECL,2023-03-20,0.9657222135773512,0.969044641929534,0.0034403561453508757,156.2899932861328,151.45198058112985,0.011062177738534462,0.0145405917150494,False,False,False,False,low
AVGO,2023-03-21,0.9541111566334554,0.960978477048274,0.007197610432572388,63.67499923706055,61.19030379288045,-0.010812367936608669,-0.003692580716297633,False,False,False,False,low
SRE,2023-03-21,0.901905771084832,0.909240858593106,0.008132875676636564,72.79499816894531,66.18818663641541,-0.013016054778961728,-0.004989037057642864,False,False,False,False,low
STX,2023-03-21,0.9128704967845204,0.9232846545339836,0.011408143637181567,62.099998474121094,57.3359756377398,0.0006444908144538353,0.01205998689541965,False,False,False,False,low
VST,2023-03-21,0.9562031722160816,0.9638061938101344,0.007951261630341655,25.059999465942383,24.15298270215393,-0.0015936619489804738,0.006344928058254595,False,False,False,False,low
PM,2023-03-22,0.8634190848766821,0.8750313141210928,0.013449122735188723,92.37000274658203,80.82664488871063,-0.03479617876540941,-0.021815034109152198,False,False,False,False,low
MDT,2023-03-23,0.8994273276639798,0.9071436684543654,0.00857917093805316,77.56999969482422,70.36713408516685,-0.029647268879171906,-0.021322446928679573,False,False,False,False,low
MO,2023-03-23,0.7744963119499384,0.7909637138480655,0.021262079165577097,43.45999908447266,34.37528227968802,-0.0374308390762198,-0.016964617374315205,False,False,False,False,low
COP,2023-03-28,0.897204165018759,0.9027608622124756,0.006193347523749448,97.93000030517578,88.40737151196849,0.004616300089716585,0.010838237964195585,False,False,False,False,low
DE,2023-03-30,0.9561344564066844,0.9591257987664544,0.003128579186458813,403.7000122070313,387.1990966700963,0.00726066917854129,0.01041196394347188,False,False,False,False,low
DHR,2023-03-30,0.982942761645432,0.9840162091962136,0.0010920753401597594,221.4539031982422,217.91423033683952,0.009374540109158058,0.010476853153396526,False,False,False,False,low
FITB,2023-03-30,0.8773430906174182,0.8881865401002187,0.012359417426048847,26.31999969482422,23.377069464384736,-0.026267146643916828,-0.014232375847831324,False,False,False,False,low
ITW,2023-03-30,0.9267755930364652,0.9318739100022344,0.0055011342595516766,239.8800048828125,223.53791808150157,0.0018376312935175498,0.007348874609534484,False,False,False,False,low
KDP,2023-03-30,0.912015398622256,0.9172135790183163,0.005699662970507946,35.130001068115234,32.22171401060325,-0.004533857842483391,0.0011399636663662616,False,False,False,False,low
MDLZ,2023-03-30,0.9146255930670828,0.9196570937900796,0.0055011589016706886,69.58000183105469,63.98974226985617,-0.011226387447678676,-0.005786986687249307,False,False,False,False,low
MPWR,2023-03-30,0.975419085939788,0.977409917828314,0.0020410015727834185,497.7900085449219,486.5448913476478,0.014014798703405384,0.016084404502384686,False,False,False,False,low
NUE,2023-03-30,0.953986791190695,0.9572431311378454,0.003413401503270519,151.36000061035156,144.88832091327913,0.009605139134163387,0.013051326833793508,False,False,False,False,low
SYK,2023-03-30,0.968720548610158,0.9713311310814018,0.002694876737144858,280.7099914550781,272.66235350591165,0.006020831749743438,0.008731933886308996,False,False,False,False,low
USB,2023-03-30,0.858078995379245,0.8696034272789466,0.013430502275152412,35.45000076293945,30.82744216049342,-0.021258984865067942,-0.00811400143451324,False,False,False,False,low
APD,2023-03-31,0.9198096415012218,0.9256004777765168,0.006295689905841506,287.20999145507807,265.8417053130096,0.026776741747778,0.03324100971635269,False,False,False,False,low
CAH,2023-03-31,0.9454026947164637,0.9516672297347752,0.006626313901284542,75.5,71.85087584497553,0.001990730310770017,0.00863023541598662,False,False,False,False,low
O,2023-03-31,0.8357283895244666,0.839146228203013,0.004089652477273331,63.31999969482421,53.13473891372767,0.011340026793663194,0.015476056039605446,False,False,False,False,low
RSG,2023-03-31,0.9621755172960575,0.9657206487645148,0.003684495608888394,135.22000122070312,130.5847473047959,0.0027437530622242967,0.006438358017222479,False,False,False,False,low
STT,2023-03-31,0.8984082030052123,0.906018744260815,0.008471139544524497,75.69000244140625,68.5765609650609,0.009200032552083348,0.017749106856170593,False,False,False,False,low
VTR,2023-03-31,0.8982260025116731,0.9074102980832952,0.010224927296627495,43.349998474121094,39.33623503731261,-0.02496627605058188,-0.014996627111439231,False,False,False,False,low
A,2023-04-03,0.9758453604699264,0.9774349007619132,0.0016288854324433277,137.86000061035156,134.74917601561629,-0.003469681511098832,-0.001846447792324124,False,False,False,False,low
CMCSA,2023-04-04,0.8948359457478018,0.9017156716247028,0.0076882538185831795,35.398311614990234,31.919212332291437,-0.006314130903742887,0.0013255782738084143,False,False,False,False,low
CSCO,2023-04-04,0.9135037287994108,0.9203653597797896,0.007511333302817391,51.81999969482422,47.69333266291548,-0.009367265639510847,-0.001926292991047962,False,False,False,False,low
MRSH,2023-04-04,0.9498378295056374,0.9531728400266573,0.0035111367618991807,167.72000122070312,159.86614989281202,-0.005396451614537834,-0.0019042625322862605,False,False,False,False,low
AXP,2023-04-05,0.9615445844035424,0.9651066508983208,0.0037045255649668096,161.0800018310547,155.45938109386458,-0.009104304563031351,-0.005433506127069276,False,False,False,False,low
JPM,2023-04-05,0.9266630529000316,0.9339355777286412,0.007848078981729012,127.61000061035156,119.17951964398094,-0.00630740982824296,0.0014911681029838864,False,False,False,False,low
MA,2023-04-05,0.9810064762577636,0.982545529498972,0.0015688512547638034,363.7900085449219,357.4402465722058,-0.0003022405974367759,0.0012661364867865288,False,False,False,False,low
PGR,2023-04-05,0.9131614353458568,0.9137945586675236,0.0006933312086563337,146.42999267578125,133.80693053285424,0.014901538083412325,0.015605200993479063,False,False,False,False,low
ROP,2023-04-05,0.9795314841789204,0.9810647285710136,0.0015652834205510668,437.39999389648443,429.11770628901746,0.0008923917579566343,0.002459072024531217,False,False,False,False,low
SYY,2023-04-05,0.9142201455082516,0.920019216696496,0.006343189019336837,77.44999694824217,71.25548552546778,-0.003730395208339843,0.0025891312090735585,False,False,False,False,low
BMY,2023-04-06,0.8633069719868833,0.8704126698922592,0.00823078943637201,70.73999786376953,61.57299040877635,0.013176714021290836,0.021515958216235198,False,False,False,False,low
INTU,2023-04-06,0.9775369356987484,0.97927638173934,0.0017794172036560418,446.760009765625,437.50152586911344,0.017328967266101003,0.019139219932231777,False,False,False,False,low
MU,2023-04-06,0.98525133130841,0.9872425216146308,0.0020209973262115266,58.560001373291016,57.81292342152406,0.027008083184216547,0.02908366377432947,False,False,False,False,low
PWR,2023-04-06,0.9956036634210949,0.99610211923384,0.0005006568688510349,159.1300048828125,158.50973509746083,-0.004877735985454823,-0.004379521188629276,False,False,False,False,low
T,2023-04-06,0.8380714666298973,0.8499569847296381,0.014181986349607545,19.649999618530273,16.70165442570453,-0.011569393961053609,0.0024485154013249577,False,False,False,False,low
VZ,2023-04-06,0.8037238899043849,0.8170252605679065,0.016549676861171703,39.47999954223633,32.256156913216465,-0.015706832673361815,0.0005829011825533303,False,False,False,False,low
ORCL,2023-04-10,0.961257357867134,0.9652828379666512,0.004187723575348246,93.76000213623048,90.50492094981983,-0.022518724707546456,-0.018425303326542908,False,False,False,False,low
ACN,2023-04-12,0.9509924954325288,0.9547267398855306,0.003926681304991186,283.760009765625,270.9132690334215,-0.008975576876898317,-0.005084139801831089,False,False,False,False,low
ABBV,2023-04-13,0.8898621999982914,0.8980483306038514,0.009199323901583512,162.69000244140625,146.10348509844138,0.002032531595307585,0.01125055341337644,False,False,False,False,low
ABT,2023-04-13,0.9369481408536772,0.9416306034935564,0.004997568633428262,103.61000061035156,97.56234740269309,0.010237939515920225,0.015286672954744063,False,False,False,False,low
AMT,2023-04-13,0.8947068410249264,0.9013628318310232,0.00743929799225862,210.80999755859375,190.01629637770515,-0.0021300622926391233,0.005293389531482395,False,False,False,False,low
EOG,2023-04-13,0.8936861222257989,0.899755140960795,0.0067909958363017164,121.29000091552734,109.13130187088527,-0.008339438013460598,-0.0016050752659853007,False,False,False,False,low
FCX,2023-04-13,0.957131503202364,0.9606356109294628,0.003661051501674395,42.95000076293945,41.259300222327234,0.044503936736138616,0.04832791944223125,False,False,False,False,low
GD,2023-04-13,0.9351813658124934,0.940597642633762,0.005791685997253326,228.77000427246097,215.18052672399244,-0.0020502582858171747,0.0037295532592314107,False,False,False,False,low
EME,2023-04-14,0.9912611423784524,0.9924063278463564,0.0011552813067565726,155.91000366210938,154.72607420882593,-0.0005128651082597635,0.0006418236950243017,False,False,False,False,low
PNC,2023-04-17,0.8803229427790484,0.8912948172099582,0.012463465278177432,125.08999633789062,111.49206542077457,0.026590052559234634,0.03938492203422905,False,False,False,False,low
CL,2023-04-20,0.9256521067371152,0.9315675486942382,0.006390567162402716,76.36000061035156,71.13449858687574,0.010186589625153175,0.016642254872711204,False,False,False,False,low
CVS,2023-04-20,0.8827732873975717,0.8900294384050516,0.008219721995520679,73.25,65.19465636317003,-0.012936249781918208,-0.004822860163269493,False,False,False,False,low
PG,2023-04-20,0.9193773194914756,0.9251335156019674,0.006260972495683914,150.85000610351562,139.55639647512365,-0.002578678758816011,0.003666148700083749,False,False,False,False,low
ZTS,2023-04-20,0.9623358696371388,0.9644026612035972,0.002147682146814045,174.39999389648438,168.19181822766063,-0.0033146750783890067,-0.0011741118000634376,False,False,False,False,low
CAT,2023-04-21,0.9506151947506668,0.9557752128588648,0.0054280829263952945,220.27000427246097,210.52861021993445,-0.008998065242975306,-0.003618824560896017,False,False,False,False,low
DELL,2023-04-24,0.9398724609421532,0.9480088404370466,0.008656897433442445,42.68000030517578,40.46101759916249,-0.009974490816233694,-0.0014039415267380617,False,False,False,False,low
F,2023-04-25,0.8177976170866418,0.8280116897064488,0.012489731452378194,11.770000457763672,9.745697966878573,-0.03207231863012194,-0.019983161824489115,False,False,False,False,low
LOW,2023-04-25,0.9384619755711124,0.943154564042584,0.005000296861911613,205.8800048828125,194.17666625033408,-0.024450286995243986,-0.019572248826667638,False,False,False,False,low
FAST,2023-04-26,0.9240016179246984,0.9300850728478924,0.0065838141461889155,26.225000381469727,24.391481390235278,-0.01980933642016569,-0.013355943263326453,False,False,False,False,low
BK,2023-04-27,0.916511988189995,0.9246992711372652,0.00893308876781762,42.0099983215332,38.84661482839949,0.005264355137262422,0.014244470856826563,False,False,False,False,low
TRGP,2023-04-27,0.9294530231432582,0.9357433029951744,0.0067677221928263975,74.27999877929688,69.50701140421678,-0.001344426967110457,0.005414196517494085,False,False,False,False,low
AON,2023-04-28,0.9774713958138768,0.9792807431130024,0.0018510488459042573,325.17999267578125,318.44250487301974,-0.02307274233539891,-0.02126440226256654,False,False,False,False,low
BX,2023-04-28,0.9027454437539874,0.911321037263311,0.009499459198224036,89.33000183105469,81.40830992741023,0.025131999733137622,0.034870199337396324,False,False,False,False,low
C,2023-04-28,0.8965723851315937,0.9064014946306472,0.010962984876687898,47.06999969482422,42.66431807565278,0.0008505404330343413,0.011822849771626398,False,False,False,False,low
KMI,2023-04-28,0.8445916639141423,0.8586211432212385,0.016610961138402214,17.149999618530273,14.725352278706268,-0.009815247072131661,0.006632673378591525,False,False,False,False,low
MS,2023-04-28,0.9010199770627082,0.908823436530323,0.008660695285640507,89.97000122070312,81.76684569403677,-0.003212950461597086,0.00541991843912748,False,False,False,False,low
NRG,2023-04-28,0.9296029353085898,0.9400323303186128,0.011219193285529894,34.16999816894531,32.120903005736395,0.002935088788283302,0.01418721140223922,False,False,False,False,low
O,2023-04-28,0.8391459339271802,0.842595538333439,0.004110851601359489,62.84000015258789,52.948703757443184,0.00882965530545432,0.012976804309465795,False,False,False,False,low
OKE,2023-04-28,0.8444037048820907,0.8569362050239925,0.01484183462180777,65.41000366210938,56.05220030881346,0.0016845421931201976,0.016551378511571846,False,False,False,False,low
DHI,2023-05-02,0.9679384575345096,0.970175658671404,0.0023113051449499267,108.58000183105467,105.34167479498572,0.0014757762849251232,0.0037904923991951556,False,False,False,False,low
ETR,2023-05-03,0.893445251023272,0.9025188114469612,0.010155698307531713,52.51499938964844,47.3957748322834,-0.01315420014906099,-0.0031320919297201932,False,False,False,False,low
CARR,2023-05-04,0.955476383412192,0.9597978226601888,0.004522811157889661,41.099998474121094,39.44768904679851,0.00024332736666043964,0.004767239048279137,False,False,False,False,low
COST,2023-05-04,0.9587417984513316,0.9607415259750862,0.002085783186865253,490.3399963378906,471.08999632828323,0.0005713561210705098,0.002658331032926675,False,False,False,False,low
HWM,2023-05-04,0.9905630192162,0.9914503878570236,0.0008958225005468723,43.27000045776367,42.90005873642338,-0.03199105773531408,-0.03112389354410272,False,False,False,False,low
INTC,2023-05-04,0.976027396302482,0.9800243080022404,0.004095081464823513,31.239999771118164,30.615959157680226,0.01924959738763543,0.023423507521926457,False,False,False,False,low
NSC,2023-05-04,0.930454410129934,0.9366842910851596,0.006695525205104413,203.92999267578125,191.01802062051595,0.004680249129167313,0.011407111060282471,False,False,False,False,low
WFC,2023-05-04,0.9206757173443176,0.927878018365359,0.007822842381263628,36.720001220703125,34.07168196703958,-0.04993532287142366,-0.04250311665024065,False,False,False,False,low
WMT,2023-05-04,0.9642105835485436,0.9678734134099916,0.0037987862028725505,50.15666580200195,48.54530333504782,-0.0009959444213170077,0.0027990584016290843,False,False,False,False,low
AMP,2023-05-05,0.9553633060018676,0.9599586474842796,0.004810046035411686,291.17999267578125,279.5207519435254,0.03247998021042875,0.03744625644588151,False,False,False,False,low
ETN,2023-05-05,0.9569284358249318,0.9618392901518368,0.005131892984945541,171.05000305175778,164.52261351577224,0.015495135196637477,0.020706547557199695,False,False,False,False,low
GWW,2023-05-05,0.97186603901868,0.9745817414287604,0.002794317633346477,675.510009765625,658.3397216699418,0.012000014630149769,0.014827864115977807,False,False,False,False,low
TXN,2023-05-05,0.9089963204417358,0.915994673815994,0.0076989897724308864,165.82000732421875,151.8902435211135,0.02168825758640569,0.029554225032176085,False,False,False,False,low
MET,2023-05-08,0.9043735788755128,0.9130597857081122,0.00960466673893734,53.689998626708984,49.02217864077174,-0.017746088975685415,-0.00831186750727908,False,False,False,False,low
AEP,2023-05-09,0.8869297059708404,0.8949918089803014,0.009089900761229064,91.0999984741211,81.53375243245634,-0.011287181706278404,-0.0022998803066333062,False,False,False,False,low
EQT,2023-05-09,0.9537783692257932,0.958229831439014,0.004667187217544111,32.31999969482422,30.969987859680394,0.0009290423798795633,0.005600565612143615,False,False,False,False,low
IBM,2023-05-09,0.8955632350256081,0.9077747415601696,0.013635560345677034,121.16999816894531,109.99506377266056,-0.0180713397841078,-0.004682192282584152,False,False,False,False,low
URI,2023-05-09,0.9674891882500904,0.9717080642817136,0.00436064411143855,340.6700134277344,331.03179930668915,-0.0006453730272211189,0.0037124568421265103,False,False,False,False,low
FANG,2023-05-10,0.8901906802584734,0.8957846032303329,0.006283960387268195,130.49000549316406,116.89093779621794,-0.018207795517766745,-0.012038252196271637,False,False,False,False,low
PAYX,2023-05-10,0.8982864770296252,0.9058030386238788,0.008367666425424414,108.62000274658205,98.38832854318808,0.01277391838304931,0.021248472696448806,False,False,False,False,low
RMD,2023-05-10,0.9693102469876388,0.9711589281862928,0.0019072130975601453,233.5,226.76560973149935,0.010253948285031678,0.01218071784706276,False,False,False,False,low
TJX,2023-05-10,0.9570199751271063,0.961092535388216,0.004255460039450876,77.9800033569336,74.94599913589691,-0.007761712805462229,-0.0035392824246925914,False,False,False,False,low
CEG,2023-05-11,0.976345756674055,0.97982347274133,0.0035619718153145907,79.12000274658203,77.52363585445957,-0.004216211399566294,-0.0006692576104244674,False,False,False,False,low
COR,2023-05-11,0.9717896947596842,0.9745783272651788,0.002869584356092858,171.44000244140625,167.08171080568388,0.011445442132190342,0.014347870149974185,False,False,False,False,low
DUK,2023-05-11,0.88199479800912,0.8910271956070831,0.010240874003283773,97.33000183105467,86.72367857995691,-0.018256985775034762,-0.008203079262752766,False,False,False,False,low
EMR,2023-05-11,0.940676187323739,0.9466444018979504,0.006344600463620953,81.9800033569336,77.60591124541637,-0.006062075407977874,0.00024406360919915215,False,False,False,False,low
HON,2023-05-11,0.9326564021706512,0.937549783854021,0.0052467143011949435,182.8275146484375,171.40989684121044,-0.017026455525634088,-0.011869074172144112,False,False,False,False,low
MSCI,2023-05-11,0.9608659358451468,0.9636593638579763,0.002907198505661013,470.3999938964844,453.3053588770821,-0.011910041255492998,-0.009037467603972393,False,False,False,False,low
PFE,2023-05-11,0.8208552389935949,0.8297374718795405,0.010820705605577352,37.58000183105469,31.18153571252782,-0.01879888825974607,-0.008181599889739544,False,False,False,False,low
PH,2023-05-11,0.9640319612700968,0.96841690587563,0.004548546917216401,324.5899963378906,314.3384399317221,-0.0070056550131992745,-0.002488973646496251,False,False,False,False,low
SBUX,2023-05-11,0.9231261302009648,0.9277228426291269,0.004979506351056706,105.62999725341795,97.99536131884777,-0.012526913639277493,-0.007609785134246816,False,False,False,False,low
SCHW,2023-05-11,0.9536094295066132,0.9586497360191868,0.005285504061323554,47.72999954223633,45.756351461360765,0.0037854954377263272,0.009091007750560154,False,False,False,False,low
TFC,2023-05-11,0.8410526373942515,0.8570257713516743,0.018991836238586357,26.82999992370605,22.994001379979544,-0.03835124406645363,-0.02008776837472337,False,False,False,False,low
V,2023-05-11,0.9755284048789776,0.9774301228463949,0.0019494234692767343,231.0099945068359,225.79612730956163,-0.001124269299181302,0.0008229624931377355,False,False,False,False,low
WEC,2023-05-11,0.8905904023598679,0.8979280863370555,0.008239123122980363,93.83000183105467,84.25259398516133,-0.016972186160110314,-0.008872898968569243,False,False,False,False,low
AAPL,2023-05-12,0.9848123453794712,0.9861746905670944,0.0013833551072091055,172.57000732421875,170.18417357412264,-0.006791324752697836,-0.005417364459270102,False,False,False,False,low
COF,2023-05-12,0.9463807676032931,0.9529211373604758,0.006910928435016839,86.33999633789062,82.27520751000205,-0.012354173572132865,-0.005528623946546851,False,False,False,False,low
CTAS,2023-05-12,0.9715104710257164,0.973871880126538,0.00243065738481274,118.58999633789062,115.4914626977808,0.00027407452549033096,0.002705398091572331,False,False,False,False,low
EXC,2023-05-12,0.8858633224556774,0.8934349012233632,0.008547118472742365,41.75,37.300907126075415,-0.017184546847994087,-0.008784306733061964,False,False,False,False,low
KLAC,2023-05-12,0.971638327443612,0.97491710126151,0.003374479706378386,386.9700012207031,377.2636718652509,0.0011124144106062772,0.00449064793683851,False,False,False,False,low
KR,2023-05-12,0.9311191067493004,0.9360700022188652,0.005317145179040805,49.180000305175774,46.03592299478968,0.0004068441380338239,0.005726152566421838,False,False,False,False,low
LLY,2023-05-12,0.9763742579530374,0.9789140482073656,0.002601246636359411,434.4299926757813,425.26962279294526,-0.00257145023206784,2.3107428024804477e-05,False,False,False,False,low
ROK,2023-05-12,0.9469799228299444,0.9511294400337678,0.004381842849870532,271.8599853515625,258.5740356350199,0.005064864381859158,0.009468900671506741,False,False,False,False,low
SO,2023-05-12,0.8914842569088959,0.8999228322165003,0.00946575920124948,73.3499984741211,66.00933836990703,-0.017414641998461877,-0.008113725604945832,False,False,False,False,low
UPS,2023-05-12,0.8399838546580817,0.8480543368144701,0.009607901522909135,168.5,142.8971557532382,-0.010162696181394537,-0.000652436842603632,False,False,False,False,low
COP,2023-05-15,0.9027607848981676,0.907415255549008,0.005155818383676847,100.29000091552734,91.0046768097735,0.008649307127748251,0.013849719768120439,False,False,False,False,low
WELL,2023-05-15,0.9326026238937252,0.939832134154728,0.007751972893684123,80.12999725341797,75.3087463284923,0.01046650907590041,0.018299618064232526,False,False,False,False,low
XOM,2023-05-15,0.8968191813874883,0.9046013446246476,0.008677516492365145,105.06999969482422,95.0464630036493,-0.006712035287068097,0.0019072374083961563,False,False,False,False,low
ADM,2023-05-16,0.9001145110186077,0.9054716471589378,0.005951616238546897,73.1500015258789,66.23525237131639,-0.03825921806627841,-0.032535306011248766,False,False,False,False,low
AFL,2023-05-16,0.9317174344983462,0.9376763037261054,0.006395575533012954,65.16000366210938,61.09899138466621,-0.014071610339128848,-0.007766030852910943,False,False,False,False,low
ED,2023-05-16,0.894670510092356,0.9020902010126154,0.008293210558033781,96.5,87.05170439771739,-0.02010563860114034,-0.011979168337429513,False,False,False,False,low
MPC,2023-05-16,0.9339855638566688,0.9403605761752664,0.006825600486022099,106.75,100.38349150670969,-0.03507183720279883,-0.02848562306583391,False,False,False,False,low
PCAR,2023-05-16,0.8923689498359318,0.8954440221090522,0.0034459651175511308,70.5199966430664,63.14670943318424,-0.03131876803728195,-0.02798072630191184,False,False,False,False,low
TGT,2023-05-16,0.889123810800651,0.8951443773939025,0.006771347837181585,156.91000366210938,140.45710753499387,-0.0227938188650586,-0.016176815903950148,False,False,False,False,low
AMGN,2023-05-17,0.903462314742978,0.9119865848110372,0.009435114148047541,225.02000427246097,205.2152252106067,-0.012550467566569967,-0.0032337685126242466,False,False,False,False,low
FIX,2023-05-17,0.9883902149449684,0.9897039253514548,0.0013291414530642864,151.2100067138672,149.65313719713419,0.0036506241762168656,0.004984617825203319,False,False,False,False,low
MSFT,2023-05-17,0.9747547159302852,0.976885461472422,0.002185929965061284,314.0,306.7420349023405,0.0072496626561315836,0.0094514398760297,False,False,False,False,low
CMI,2023-05-18,0.9309669088782636,0.9377925489468704,0.007331775172149779,214.6499938964844,201.29716490761427,-0.004914064180568389,0.0023816821778279706,False,False,False,False,low
CVX,2023-05-18,0.8727701623734624,0.8813167162782007,0.009792445105474723,154.00999450683594,135.7315826327884,-0.010917809605873297,-0.0012322765516361578,False,False,False,False,low
HLT,2023-05-18,0.9910925493564672,0.9921244824375044,0.0010412075862211712,146.25,145.09820555648503,0.014216387622349336,0.015272397419211714,False,False,False,False,low
HSY,2023-05-18,0.9132256908610126,0.9167762393477068,0.003887920064257866,266.8399963378906,244.6325683502072,-0.002467303409754651,0.0014110239760716237,False,False,False,False,low
MCO,2023-05-18,0.9733463260508516,0.975774103634672,0.0024942587431038277,314.1499938964844,306.5394287011797,0.015089772341912333,0.01762166888161154,False,False,False,False,low
MMM,2023-05-18,0.8976641972221882,0.9113091844282732,0.015200547429995881,83.31103515625,75.92211150211739,-0.005390327868195488,0.009728283627376655,False,False,False,False,low
OTIS,2023-05-18,0.9451696594020692,0.9490222816924234,0.00407611718386236,84.5,80.19238280300978,0.008955223880596996,0.013067843606404672,False,False,False,False,low
RTX,2023-05-18,0.9327854841922042,0.9385193639856112,0.006147050839210522,96.12999725341795,90.21986388221637,-0.004556305713956044,0.0015627372823916463,False,False,False,False,low
SHW,2023-05-18,0.9712426497566348,0.9738308518189056,0.0026648356751213242,232.8699951171875,226.77598570803508,0.023019769459095007,0.02574594903710392,False,False,False,False,low
TEL,2023-05-18,0.9512232038851588,0.9558446530734118,0.004858427726928127,123.08999633789062,117.6549148463986,0.008686368673254341,0.013586998494590885,False,False,False,False,low
APO,2023-05-19,0.9472647141599536,0.9536984161507976,0.006791873374645263,63.849998474121094,60.893642416000134,0.001725710586095941,0.008529304768523316,False,False,False,False,low
ATO,2023-05-19,0.9235480921775864,0.92947182273817,0.006414100804015943,116.55999755859376,108.33923338914279,0.003875608869836622,0.010314568219820464,False,False,False,False,low
KKR,2023-05-19,0.9760703899374203,0.9793039513518816,0.0033128362952068446,50.029998779296875,48.99457549069525,0.0012006715454890848,0.004517485468970239,False,False,False,False,low
MCHP,2023-05-19,0.9234015638396802,0.9279405817233076,0.004915540607006719,77.87000274658203,72.25873564745889,-0.005491702278626276,-0.0006031563571716747,False,False,False,False,low
PSX,2023-05-19,0.8923435204529575,0.9021825499195348,0.011026055819381098,94.94000244140624,85.65321349195474,-0.013917702065642135,-0.003045103606114208,False,False,False,False,low
GEHC,2023-05-22,0.9946378834454928,0.9950141694385272,0.00037831455979842055,79.08000183105469,78.68572234112409,-0.003276966458741426,-0.002899891623066364,False,False,False,False,low
JNJ,2023-05-22,0.9092969626074776,0.9161573918217856,0.007544762048511844,156.8699951171875,143.71760558165874,-0.012837508639541362,-0.005389602539010552,False,False,False,False,low
PRU,2023-05-22,0.8488070514508406,0.8619400581611297,0.0154723110368149,82.0,70.67908476921264,-0.0004875781945508084,0.014977188880783254,False,False,False,False,low
VLO,2023-05-22,0.9086829944177248,0.9170900802786244,0.00925194585190492,112.79000091552734,103.4385909942471,0.013660504343653734,0.023038836442055732,False,False,False,False,low
EQIX,2023-05-23,0.9342186421161188,0.9386227081900258,0.0047141706184874455,696.8099975585938,654.0416870023325,-0.0411574944274512,-0.03663734725992418,False,False,False,False,low
IR,2023-05-23,0.9967435230054588,0.9970773274461802,0.00033489501864525373,58.0099983215332,57.840454091591724,-0.028958876938853018,-0.028633680103840264,False,False,False,False,low
TER,2023-05-23,0.9874973400241798,0.9886090068136928,0.0011257415533756365,95.5500030517578,94.4615936180436,-0.023105966294315716,-0.022006236087328546,False,False,False,False,low
AMAT,2023-05-24,0.9732498064291204,0.9757581682384582,0.0025773052229427496,121.7300033569336,118.77904509522288,-0.022170411713366756,-0.0196502464083278,False,False,False,False,low
MAR,2023-05-25,0.968832347523212,0.9718361301879834,0.0031004153323848094,171.66000366210938,166.82539366703944,0.020267480904067714,0.023430733844996388,False,False,False,False,low
SPGI,2023-05-25,0.9735574875655854,0.9760235337331292,0.0025330257319577942,358.3200073242188,349.72875975586476,0.0059516986090257795,0.008499800146709147,False,False,False,False,low
VMC,2023-05-25,0.9757353815821738,0.977901738982515,0.002220230444885951,195.1000061035156,190.7886352441272,0.005151983351647571,0.007383652386822481,False,False,False,False,low
BKR,2023-05-26,0.9306445118441408,0.9370026460162884,0.006831968696133561,27.889999389648438,26.133003225493255,-0.00392859322684147,0.0028765354433464285,False,False,False,False,low
NEE,2023-05-26,0.9161074305666086,0.9219868585731436,0.006417836828262136,73.91999816894531,68.1532668975184,0.007221675755615609,0.013685860120503879,False,False,False,False,low
NOC,2023-05-26,0.9473202031480166,0.9514244715497834,0.004332503823024192,438.3200073242187,417.02838133814197,0.011095470577932476,0.015476045569653873,False,False,False,False,low
WAB,2023-05-26,0.9829260705198936,0.9847093206826354,0.0018142261317768416,94.73999786376952,93.29135893790681,0.009268084496984352,0.011099125029847112,False,False,False,False,low
YUM,2023-05-26,0.9394992384526524,0.9438832947494205,0.004666375572574877,129.86000061035156,122.57268523226038,-0.0030707347869831647,0.0015813115837919334,False,False,False,False,low
CSX,2023-05-30,0.9546174208965712,0.9580377745556437,0.0035829575117747314,30.969999313354492,29.67042922015595,0.005193114254642417,0.008794678474145279,False,False,False,False,low
EA,2023-05-30,0.983801676584108,0.98527806775989,0.0015006999997277948,126.4800033569336,124.61797331778394,-0.002523656838506416,-0.001026744090595444,False,False,False,False,low
GLW,2023-05-30,0.9246279109616216,0.9329125614767269,0.008959983163918439,31.15999984741211,29.06955527326365,-0.011734882054414641,-0.002880043236134333,False,False,False,False,low
UNP,2023-05-30,0.9286211886328756,0.9349150563461276,0.0067776481845280845,194.1999969482422,181.56050108928366,0.005696482703045236,0.012512739643223858,False,False,False,False,low
CTVA,2023-05-31,0.9649607883182696,0.9676012470803012,0.0027363378843956454,53.4900016784668,51.756992330411876,-0.026923767680014588,-0.024261102321112338,False,False,False,False,low
EBAY,2023-05-31,0.9436244222772332,0.9490637489803788,0.0057642919944982385,42.54000091552735,40.37317275051913,-0.024759239862520266,-0.019137667356151522,False,False,False,False,low
GS,2023-05-31,0.9251016337597932,0.9321457324802628,0.007614405232256427,323.8999938964844,301.9219970609911,-0.020947293041912562,-0.013492388987395909,False,False,False,False,low
HD,2023-05-31,0.9201750314332604,0.926799804878754,0.007199470991051449,283.45001220703125,262.701416006357,-0.030608693147311072,-0.023629588554647696,False,False,False,False,low
HIG,2023-05-31,0.9401403634191154,0.9459847301602696,0.00621648316417267,68.5199966430664,64.81887053497375,-0.003925051153764292,0.002267031995992541,False,False,False,False,low
LMT,2023-05-31,0.9165374180917504,0.922716663026014,0.006741945077516798,444.010009765625,409.6954345610854,-0.008839858571527692,-0.0021575113349932007,False,False,False,False,low
MCK,2023-05-31,0.9850366417970056,0.9864227852464617,0.0014071998854046086,390.8399963378906,385.5334777733389,0.017097372972274982,0.01852863227896684,False,False,False,False,low
MLM,2023-05-31,0.981464765519237,0.9830938876811356,0.0016598885860530377,398.0400085449219,391.31069945305967,-0.0004771173346168611,0.0011819792898182246,False,False,False,False,low
MTB,2023-05-31,0.8984422400276051,0.9078666122960304,0.010489680748019703,119.16000366210938,108.18138884590181,-0.048470809966548956,-0.03848957254067642,False,False,False,False,low
NEM,2023-05-31,0.9268054987509166,0.9360734805294876,0.009999921009383073,40.54999923706055,37.95777892130333,0.0037128144929785556,0.013749863354013847,False,False,False,False,low
O,2023-05-31,0.8425956929522874,0.8462580699095649,0.004346541274671267,59.439998626708984,50.30157851326593,0.008825534180646688,0.013210436003905368,False,False,False,False,low
QCOM,2023-05-31,0.9304668162628976,0.9369285689818032,0.006944635322792436,113.41000366210938,106.2570724393612,-0.0223275546369881,-0.01553797603879925,False,False,False,False,low
AJG,2023-06-01,0.9723914405576928,0.9750683032813512,0.0027528653708872586,202.1300048828125,197.09056090333522,0.008985189613664568,0.011762790001890178,False,False,False,False,low
ALL,2023-06-01,0.9290308001572944,0.9367180830190092,0.008274518843092382,109.1999969482422,102.28961180703908,0.0069156295168726345,0.015247371866714099,False,False,False,False,low
BAC,2023-06-01,0.9250945297565484,0.9324765640969804,0.007979762178871308,27.780000686645508,25.90419959089496,-0.00035984989393245126,0.007617040768365335,False,False,False,False,low
D,2023-06-01,0.8536750980806748,0.86516959626636,0.013464722365134518,49.02000045776367,42.41061400502018,-0.025059633097127554,-0.011932331734218038,False,False,False,False,low
GM,2023-06-01,0.969148620707325,0.971847603591772,0.0027849009189913065,33.02000045776367,32.09040831547684,0.01882137035555309,0.021658686926144366,False,False,False,False,low
LHX,2023-06-01,0.9401549627003494,0.9462870107678214,0.006522380150884244,176.91000366210938,167.40763854034182,0.005627589264827648,0.012186674692230115,False,False,False,False,low
LIN,2023-06-01,0.9588637444156568,0.9623332087715796,0.0036183079985332434,355.489990234375,342.09982298842357,0.005174423325556621,0.008811453981396378,False,False,False,False,low
PEP,2023-06-01,0.9037819369254062,0.9100955074557396,0.006985723294948398,182.19000244140625,165.81030272527406,-0.0008774535604814115,0.0061021400866891895,False,False,False,False,low
TT,2023-06-01,0.9691462658559986,0.9736196134491014,0.004615761057647605,165.91000366210938,161.53323363284193,0.016418599551051516,0.02111014494112795,False,False,False,False,low
WM,2023-06-01,0.9550950380168388,0.959241788102414,0.004341714615317738,162.8000030517578,156.16456603044662,0.0054348128258643325,0.00980012384745943,False,False,False,False,low
ADI,2023-06-02,0.9481324666341292,0.9526736528985084,0.004789611604062438,179.8000030517578,171.29072569848105,-0.0033811906101061107,0.001392226404174579,False,False,False,False,low
MCD,2023-06-02,0.9268520555976376,0.9317720395254452,0.005308273200770097,289.9100036621094,270.1300353910729,0.007086561918658418,0.012432452526146998,False,False,False,False,low
NKE,2023-06-02,0.9363673287255132,0.9394495197663928,0.0032916473549700065,107.77999877929688,101.25386809363285,0.040046334419274965,0.04346980018501223,False,False,False,False,low
ROST,2023-06-05,0.968941791837478,0.9720942494955505,0.0032535057158533665,103.0999984741211,100.22291563969314,-0.0019361526788773675,0.001311053753168423,False,False,False,False,low
CI,2023-06-06,0.9401117188819124,0.9445335506308274,0.004703517316190897,263.20001220703125,248.60124205598436,0.001750863932992841,0.006462616468010829,False,False,False,False,low
HAL,2023-06-06,0.9296880649510828,0.9344863292693676,0.005161155122000327,31.229999542236328,29.184007635308458,0.0022464600502889454,0.007419209501084101,False,False,False,False,low
ODFL,2023-06-06,0.9819427609899016,0.9831968246710056,0.0012771250330718686,153.76499938964844,151.18125914544146,-0.01935589032550944,-0.01810348518450955,False,False,False,False,low
SLB,2023-06-06,0.9216739998415264,0.9266861508105194,0.005438095215721361,46.95000076293945,43.50791548755931,0.01579401823791704,0.021318002828655036,False,False,False,False,low
BLK,2023-06-07,0.9317893882348554,0.9386415913296664,0.007353811044995551,678.22998046875,636.6148681546761,-0.009767567903306129,-0.002485585707040827,False,False,False,False,low
NVDA,2023-06-07,0.9979525136978292,0.9980555474285384,0.00010324512368575789,37.474998474121094,37.40213011697257,-0.030501393774781893,-0.030401297771268987,False,False,False,False,low
TPL,2023-06-07,0.9655598734608318,0.9678461381019056,0.002367812399741931,158.663330078125,153.5616912745012,0.03791215772907752,0.04036973900599117,False,False,False,False,low
ADP,2023-06-08,0.933611685593816,0.9390344055861528,0.005808324891400263,215.19000244140625,202.0708160306487,-0.00591305387387997,-0.00013907392047940448,False,False,False,False,low
BDX,2023-06-08,0.945817276638809,0.9492417661418568,0.0036206671073060193,196.14779663085935,186.19168089871067,-0.010823447717680512,-0.007241968711513613,False,False,False,False,low
CME,2023-06-08,0.8786128452357758,0.883939237634905,0.006062274673095613,185.4499969482422,163.92652892182466,0.01588602491374469,0.022044605033330944,False,False,False,False,low
ELV,2023-06-08,0.9528726834541816,0.9559475044577128,0.0032268959504484496,466.260009765625,445.72009276387803,0.013322332422928351,0.016592218153922866,False,False,False,False,low
KMB,2023-06-08,0.8903490419081512,0.8982000812561494,0.008817934291446283,134.72000122070312,121.0055160432641,-0.00207406503182872,0.006725580290450672,False,False,False,False,low
OXY,2023-06-08,0.949777389005604,0.9526334187356216,0.0030070517187272827,59.709999084472656,56.88174056054202,-0.005496366189583823,-0.0025058423282537934,False,False,False,False,low
PEG,2023-06-08,0.9054042677427536,0.9137080354201316,0.009171337018412773,62.13999938964844,56.77781676332385,-0.009247477993722275,-0.00016095271256044708,False,False,False,False,low
SPG,2023-06-08,0.8533611375611339,0.8676031259212291,0.016689286321144525,109.70999908447266,95.18473815050366,-0.02653059400829194,-0.010284084366821933,False,False,False,False,low
TRV,2023-06-08,0.94623451307378,0.9516483696167276,0.005721474399999371,174.91000366210938,166.45281981470225,-0.004949340785238232,0.0007438160881616529,False,False,False,False,low
AME,2023-06-09,0.9806983068696798,0.98233131842545,0.0016651518049242142,150.2899932861328,147.63456725091888,-0.0007978882591224146,0.0008659349407269534,False,False,False,False,low
FDX,2023-06-09,0.9389281382389656,0.944215514006012,0.005631289074969459,180.3061981201172,170.2479095364563,-0.0055553690076356466,4.463617853378565e-05,False,False,False,False,low
WMB,2023-06-09,0.8824734517758677,0.895123877576896,0.01433519135966188,30.38999938964844,27.202814093221615,-0.04132496346254155,-0.02758217336204627,False,False,False,False,low
AEE,2023-06-13,0.9110395046826638,0.9179627915908604,0.007599326782879778,82.52999877929688,75.75946806943365,-0.011971746852794785,-0.004463397286411319,False,False,False,False,low
LRCX,2023-06-13,0.9714860899047026,0.9741639241294135,0.0027564308460388265,62.55400085449219,60.9378509424068,-0.003171123337281756,-0.0004234334734265488,False,False,False,False,low
NXPI,2023-06-13,0.9459189368198382,0.9510117841113428,0.0053840208640147935,196.44000244140628,186.8167571926383,0.03744386643438857,0.043029485856515226,False,False,False,False,low
PSA,2023-06-13,0.8844536972434554,0.8937736193190697,0.010537490096611535,285.0199890136719,254.743347159031,-0.009280869703764516,0.0011588233202557419,False,False,False,False,low
CCI,2023-06-14,0.8476403291442929,0.859273184921269,0.013723811122483554,114.41000366210938,98.30944823359478,-0.010294072904145635,0.0032884643061203978,False,False,False,False,low
DLR,2023-06-14,0.906444134586055,0.9171020594301522,0.011757950035127473,105.48999786376953,96.74509429014539,0.004858015722308151,0.016673086063568432,False,False,False,False,low
DVN,2023-06-14,0.896817471817044,0.9098173627104478,0.01449558165616982,48.950000762939446,44.535560598811976,-0.028577071723577152,-0.01449573134407045,False,False,False,False,low
GILD,2023-06-14,0.9032911720185928,0.9120102235656992,0.009652537096783265,77.94999694824219,71.09119414371193,-0.006373486544937412,0.003217530236535371,False,False,False,False,low
HPE,2023-06-14,0.9214303000645852,0.9281235892891602,0.007264021189780534,16.809999465942383,15.60175704027931,0.010216351113552458,0.017554584094303882,False,False,False,False,low
ICE,2023-06-14,0.9629038795487984,0.9666289297885444,0.003868558761536578,110.66999816894533,106.9768218897478,0.015414261290982889,0.01934245102808929,False,False,False,False,low
IRM,2023-06-14,0.90241736627936,0.9124352132066073,0.011101123827603754,56.72000122070313,51.75332640689128,0.006030509864253686,0.017198579128604008,False,False,False,False,low
MO,2023-06-14,0.7909639186751308,0.8075524753377482,0.020972583288506152,43.95000076293945,35.49193190720768,-0.039554143902623795,-0.019411113191521,False,False,False,False,low
MRK,2023-06-14,0.9122135447250004,0.918308397641583,0.006681388312886671,108.66000366210938,99.7833938506802,-0.012091955882274297,-0.005491358622099374,False,False,False,False,low
MSI,2023-06-14,0.967717133756667,0.9707684341461228,0.0031530912112827103,278.30999755859375,270.17456053716734,-0.006000188343786683,-0.0028660162736368067,False,False,False,False,low
TMO,2023-06-14,0.990781318454276,0.9914410901177498,0.0006659104801280957,520.1199951171875,515.6683349510231,-0.01127267904835505,-0.010614275163344344,False,False,False,False,low
XEL,2023-06-14,0.9022888846463908,0.9097828087375952,0.008305459835229234,62.4900016784668,56.85232924505256,-0.010137801026771753,-0.0019165402907879159,False,False,False,False,low
AIG,2023-06-15,0.9361114720629812,0.9421859103412804,0.006489011682457635,56.619998931884766,53.34656523716017,0.013968459476458861,0.020548112655645046,False,False,False,False,low
AMT,2023-06-15,0.9013626267037406,0.9087545326429012,0.0082008125477675,194.27000427246097,176.5437469391547,0.00647601270506426,0.014729933819082719,False,False,False,False,low
CB,2023-06-15,0.9654232148022296,0.96983991669052,0.004574886765277508,191.2599945068359,185.49157713873907,0.012815072102708491,0.017448586371744845,False,False,False,False,low
DTE,2023-06-15,0.9019125294329718,0.9095870896802972,0.008509206820921156,113.91000366210938,103.61106871649007,0.008499395660073183,0.01708092559651897,False,False,False,False,low
HBAN,2023-06-15,0.8752811481941223,0.8879901223066472,0.01451987642912922,10.890000343322754,9.670212736786603,0.005540204989785913,0.020140524510758873,False,False,False,False,low
HCA,2023-06-15,0.9768459428996924,0.9789127804778917,0.00211582757058304,285.8900146484375,279.86138915036713,0.005946524872684211,0.008074934264541866,False,False,False,False,low
KO,2023-06-15,0.9144486137595133,0.9214129991143006,0.0076159395399542085,61.22999954223633,56.41811751397923,0.00607950917144473,0.013741749885681331,False,False,False,False,low
NDAQ,2023-06-15,0.9588572668295304,0.9629983854113744,0.004318806067493908,52.27000045776367,50.33592604627822,0.021696649993397266,0.026109159684527095,False,False,False,False,low
PLD,2023-06-15,0.9088379988665272,0.9153510160031896,0.007166312527408847,121.72000122070312,111.41652678528008,-0.004498204281209284,0.002635872708508513,False,False,False,False,low
UNH,2023-06-15,0.9427108868965596,0.9465806478963592,0.004104928725856771,465.8900146484375,441.0024719143623,0.013112750595738465,0.017271506228190958,False,False,False,False,low
APH,2023-06-16,0.9750261509621104,0.9775336389831364,0.0025717136084522085,41.07500076293945,40.152194967031306,0.003420041161639631,0.006000550136488592,False,False,False,False,low
ECL,2023-06-16,0.9690446383105072,0.9718714891530136,0.002917152348559382,182.0399932861328,176.9194793603985,-0.000987860461883594,0.0019264101472094008,False,False,False,False,low
GRMN,2023-06-16,0.944879547836844,0.9514225652984728,0.006924710643391618,106.0,100.85079192163812,-0.001413109031772719,0.005501816240466306,False,False,False,False,low
JCI,2023-06-16,0.9501819141348072,0.9555674300894272,0.005667878828786055,65.47000122070312,62.56100081441895,-0.002741817227602472,0.002910521313366665,False,False,False,False,low
STX,2023-06-20,0.923284721015698,0.9334466402961874,0.011006268217360171,62.58000183105469,58.415092458927255,-0.026749628912437595,-0.01603777428560249,False,False,False,False,low
VST,2023-06-20,0.9638061938101344,0.9717161650440512,0.008207014319597805,24.969999313354492,24.26375197392542,-0.0035913868517916114,0.004586152904486163,False,False,False,False,low
AVGO,2023-06-21,0.9609783146125565,0.9660981296735818,0.005327711336638785,84.76599884033203,81.89227293955777,-0.023466960019048022,-0.018264273871339443,False,False,False,False,low
CARR,2023-06-22,0.9597979806537378,0.96349447924794,0.003851329830559136,47.86000061035156,46.112846364876766,-0.007465794301908968,-0.0036432177076535233,False,False,False,False,low
MDT,2023-06-22,0.907143737535264,0.9142864049625564,0.007873798971152368,87.41000366210938,79.91777800599387,-0.010303397145144833,-0.0025107250518333624,False,False,False,False,low
PM,2023-06-22,0.8750313073498729,0.8867192407471177,0.013357160251377787,95.69000244140624,84.85016631193358,-0.006849984879783166,0.006415679025835841,False,False,False,False,low
COP,2023-06-26,0.907415177574853,0.9128673570351504,0.006008472852381486,101.30999755859376,92.48258971255103,0.008461063924621204,0.0145203748498961,False,False,False,False,low
DE,2023-06-29,0.9591257271223772,0.962093860048814,0.0030946234080717616,401.6300048828125,386.4057617091291,-0.00881048177855126,-0.005743123493627711,False,False,False,False,low
DHR,2023-06-29,0.98401631494342,0.9851494121407208,0.0011515024498003346,210.78900146484375,207.65866087882037,0.01277839960216931,0.013944616410416,False,False,False,False,low
FITB,2023-06-29,0.888186557338815,0.8994596932027356,0.012692306329986636,26.25,23.61081694657181,-0.0030383563971843053,0.00961538618266955,False,False,False,False,low
ITW,2023-06-29,0.9318740328712756,0.9368210226702128,0.005308646474132095,248.5099945068359,232.809387197663,0.0017736411884816672,0.007091703296655094,False,False,False,False,low
KDP,2023-06-29,0.9172135991114322,0.923188912969396,0.006514637227089226,30.760000228881836,28.397291174239793,-0.004530724640025019,0.0019543965596584556,False,False,False,False,low
MDLZ,2023-06-29,0.9196571210106758,0.92451839169534,0.005285959923108985,72.27999877929688,66.82418822317669,-0.01283805552765338,-0.007619957051554271,False,False,False,False,low
MPWR,2023-06-29,0.9774101517712038,0.9792672978614292,0.0019000683457808254,535.7999877929688,524.6914062402072,0.016177609091641454,0.018108416000367944,False,False,False,False,low
NUE,2023-06-29,0.9572432844442798,0.9602829597146364,0.0031754469524654105,163.3300018310547,156.84301756852219,0.013716526693411168,0.016935529748763667,False,False,False,False,low
SYK,2023-06-29,0.9713311804302232,0.973763295724709,0.002503899126772291,301.7699890136719,293.8525390527623,0.0049620029320371906,0.007478326413617786,False,False,False,False,low
USB,2023-06-29,0.8696032712115686,0.8827130158252912,0.015075546571320375,32.7599983215332,28.91767691683205,0.013613819024244744,0.028894601358278926,False,False,False,False,low
A,2023-06-30,0.9774349594112898,0.9793015953090238,0.0019097290103664566,120.25,117.76101683591011,0.01863614478076414,0.02058146377745973,False,False,False,False,low
APD,2023-06-30,0.9256003705488028,0.9311288773126608,0.005972887371015201,299.52999877929693,278.9010314848294,0.01621712902221173,0.022286879478357946,False,False,False,False,low
CAH,2023-06-30,0.9516670697513372,0.9567708515940322,0.005362990908184484,94.56999969482422,90.48181914326433,0.006920800027164109,0.012320907122971514,False,False,False,False,low
O,2023-06-30,0.8462580745763536,0.8498708335341243,0.004269098359361845,59.79000091552734,50.813777915085275,-0.007140489811680029,-0.002901874905658075,False,False,False,False,low
PWR,2023-06-30,0.9961020196533504,0.9965111004951808,0.000410681670912183,196.4499969482422,195.76460265116773,0.008211397457573488,0.00862545139891413,False,False,False,False,low
RSG,2023-06-30,0.9657203207657672,0.9688873914269482,0.0032794905451194456,153.1699981689453,148.40447997077987,0.01142363774200561,0.014740591999090835,False,False,False,False,low
STT,2023-06-30,0.9060187723175922,0.9138909504103062,0.008688758261130802,73.18000030517578,66.8785400299236,0.0005469088851675075,0.009240419105392528,False,False,False,False,low
VTR,2023-06-30,0.9074101175051174,0.9160670574544556,0.009540272675314876,47.27000045776367,43.302490225214335,-0.0073498211249800605,0.0021203322526874846,False,False,False,False,low
CMCSA,2023-07-03,0.9017156701482882,0.908053631973352,0.007028780839553939,39.13776779174805,35.53919219062649,0.005054104872014964,0.01211840990705415,False,False,False,False,low
SRE,2023-07-03,0.909240858593106,0.9167339672137204,0.008241060165519398,72.58999633789062,66.5457153228639,-0.002816152705697017,0.005401699375939373,False,False,False,False,low
CSCO,2023-07-05,0.9203653597797896,0.9273445668236724,0.007583083141626146,51.5099983215332,47.7675170805703,-0.005982272773382147,0.001555446296427565,False,False,False,False,low
JPM,2023-07-05,0.9339354072062924,0.9403495701011002,0.006867887056552169,144.6399993896484,136.0121612454793,-0.013437018024021863,-0.006661414889635564,False,False,False,False,low
AXP,2023-07-06,0.9651067654017126,0.9684162529903744,0.0034291414248706076,170.94000244140625,165.5410766504721,-0.0263712746463719,-0.02303256405181786,False,False,False,False,low
BMY,2023-07-06,0.8704129194601097,0.878145554256944,0.008883869510611708,63.439998626708984,55.70955275611112,-0.019929007621261485,-0.01122218481383297,False,False,False,False,low
GD,2023-07-06,0.9405975823185792,0.9464029689966132,0.006172019561993647,214.27999877929688,202.79522704131722,-0.0042288380119199775,0.001917081079139571,False,False,False,False,low
MA,2023-07-06,0.9825456126317272,0.9839665894614744,0.0014462197087634632,393.1400146484375,386.83663939445717,-0.004028060430261271,-0.0025876661818799995,False,False,False,False,low
PGR,2023-07-06,0.9137945125710156,0.9144904030710738,0.0007615393728948039,131.6699981689453,120.41094969788634,0.0018261090050892825,0.002589039031890783,False,False,False,False,low
SYY,2023-07-06,0.9200193342494613,0.9262541574477404,0.006776839318670902,74.18000030517578,68.70953368214371,-0.001346236884281815,0.005421479203339352,False,False,False,False,low
INTU,2023-07-07,0.979276435298078,0.9809710280594048,0.0017304539354212611,448.19000244140625,439.66140746089343,-0.007331113086586405,-0.005613345304656847,False,False,False,False,low
MU,2023-07-07,0.9872426004443192,0.9891000294361992,0.0018814311609365308,60.650001525878906,59.988918294552356,-0.009472448484297957,-0.007608839083110053,False,False,False,False,low
ROP,2023-07-07,0.9810648344142138,0.9824717220077444,0.0014340414049909267,476.4100036621094,468.05935667962837,-0.0012368895972549865,0.00019537805684000098,False,False,False,False,low
T,2023-07-07,0.8499570420548475,0.8651115313846311,0.017829712067737313,15.609999656677246,13.504390707901619,-0.01638312733186731,0.0011544782927737085,False,False,False,False,low
VZ,2023-07-07,0.8170252716092338,0.8316512535710853,0.017901504971864268,35.900001525878906,29.856281272201066,-0.03312683832084695,-0.01581835360988537,False,False,False,False,low
GE,2023-07-10,0.9843236001488844,0.9850514102604933,0.0007394012614334589,88.21228790283203,86.89363860098935,0.02087367098217152,0.021628506262260094,False,False,False,False,low
ORCL,2023-07-11,0.9652826520474256,0.968670336811766,0.003509526206810998,114.87999725341795,111.28084563240311,0.004371393705249194,0.007896261432828844,False,False,False,False,low
ACN,2023-07-12,0.9547268399583162,0.9581917547399104,0.003629221088772727,313.8800048828125,300.75723265643376,0.01343149827493706,0.017109465240503052,False,False,False,False,low
ABBV,2023-07-13,0.898048495934338,0.9080041996114347,0.011085931018389727,133.58999633789062,121.30027770088087,-0.010297817703700307,0.0006739524179864009,False,False,False,False,low
ABT,2023-07-13,0.9416305254304316,0.9461464864144776,0.004795894846316484,107.73999786376952,101.93782042510885,0.008329428192401789,0.013165270100458981,False,False,False,False,low
FCX,2023-07-13,0.9606358288386748,0.964187627025646,0.0036973409489264863,42.08000183105469,40.573017110719455,0.03339883520583253,0.03721966303581192,False,False,False,False,low
DAL,2023-07-14,0.9676362387022992,0.9696686856738036,0.002100424612279994,46.4900016784668,45.079898824531824,-0.025571105206810052,-0.02352439077326951,False,False,False,False,low
EOG,2023-07-14,0.899755033929591,0.9058522580751384,0.006776537963803619,118.93000030517578,107.73300932932038,-0.029697310913855968,-0.023122017904882886,False,False,False,False,low
PNC,2023-07-14,0.8912949655417376,0.9020676634806648,0.012086568818864052,125.79000091552734,113.47109221510044,-0.030818958144077868,-0.019104884783747944,False,False,False,False,low
CAT,2023-07-19,0.9557750765845128,0.9605085697407394,0.004952517880191909,262.75,252.3736266993793,-0.0040180340715036955,0.0009145844231057687,False,False,False,False,low
EME,2023-07-19,0.9924064049157368,0.9933427217097792,0.0009434812083077837,191.22999572753903,189.9569244285431,0.0014663460789305915,0.002411210757208737,False,False,False,False,low
CL,2023-07-20,0.9315675639487416,0.937455709756753,0.00632068573003175,76.99999999999999,72.18408965126997,0.00758966036314801,0.013958317951132893,False,False,False,False,low
CVS,2023-07-20,0.8900293204303173,0.8973280407012292,0.008200539132107387,74.87000274658203,67.1829528718861,0.0065878665132854675,0.014842429702532245,False,False,False,False,low
GEHC,2023-07-20,0.9950141555548914,0.9953793923846932,0.00036706696860822063,81.8499984741211,81.47180174785872,0.001223222925028633,0.001590738898367805,False,False,False,False,low
PG,2023-07-20,0.925133548614734,0.9309623901034634,0.006300540605685967,150.55999755859375,140.16569518112004,0.001796555223386509,0.00810841509820781,False,False,False,False,low
ZTS,2023-07-20,0.964402885193168,0.9665238475698974,0.0021992493067921615,171.61000061035156,165.86515807138943,0.004213243743195427,0.006421759023369278,False,False,False,False,low
DELL,2023-07-24,0.9480090106562136,0.95460346903145,0.006956113603468594,53.72999954223633,51.29084395407702,0.0031739761872016103,0.010152168329603084,False,False,False,False,low
F,2023-07-24,0.8280115152452107,0.8370247787419682,0.010885432546295482,13.960000038146973,11.684865943167837,0.0021536060526894385,0.013062481532402526,False,False,False,False,low
LOW,2023-07-25,0.943154489851855,0.9476091432835744,0.00472314289933462,233.94000244140625,221.68368529325826,-0.0002563998230502573,0.004465532063280708,False,False,False,False,low
FAST,2023-07-26,0.9300851453388368,0.9356726534165544,0.0060075231883012226,29.26499938964844,27.3824596311462,-0.0013649860129936187,0.004634336990182675,False,False,False,False,low
MRSH,2023-07-26,0.9531727157201768,0.9566849072275978,0.0036847377704967155,191.99999999999997,183.68350218769876,-0.007238851813168967,-0.0035807873133633095,False,False,False,False,low
BK,2023-07-27,0.9246992788094696,0.9332915579373788,0.009291971265481758,45.13999938964844,42.12878035565732,-0.010521691220401252,-0.0013274872074038324,False,False,False,False,low
PFE,2023-07-27,0.8297374776561758,0.8389818423365273,0.011141312679360693,36.20000076293945,30.371143332674635,-0.027143196624121013,-0.01630429478546702,False,False,False,False,low
BX,2023-07-28,0.9113209932459406,0.918345435937004,0.0077079785751930086,105.0500030517578,96.47219084775011,0.01713791918455887,0.024977996473649844,False,False,False,False,low
KMI,2023-07-28,0.8586210978375972,0.8724927641711148,0.01615574829043087,17.56999969482422,15.329697600222826,-0.012921323151377284,0.0030256714946403918,False,False,False,False,low
MS,2023-07-28,0.908823265121648,0.9172292757455632,0.009249334767843953,91.56999969482422,83.99068450010506,-0.01272237525795994,-0.003590713997918882,False,False,False,False,low
TRGP,2023-07-28,0.9357434681142728,0.9415872981662526,0.006245119790957654,80.62999725341797,75.92018126499819,0.000868913815114114,0.007119460076935091,False,False,False,False,low
TXN,2023-07-28,0.9159947515844512,0.9224307370033366,0.007026225213357051,178.3699951171875,164.5339660552288,0.0036574042990082933,0.010709327258666468,False,False,False,False,low
AON,2023-07-31,0.9792806431686896,0.9811675402274848,0.0019268195199790839,318.5,312.5018615624539,-0.004127344424955215,-0.002208477552779753,False,False,False,False,low
NRG,2023-07-31,0.940032269399548,0.9495505051246182,0.010125435088680579,37.9900016784668,36.07342528347324,0.007425155152269269,0.017625773167467607,False,False,False,False,low
O,2023-07-31,0.8498707829675052,0.8534250310808537,0.004182104132275377,60.970001220703125,52.03332518677825,-0.008134048968126528,-0.0039859622756529545,False,False,False,False,low
OKE,2023-07-31,0.8569362566342132,0.8692861905867578,0.014411729993840439,67.04000091552734,58.276947012791524,-0.00267777896321042,0.011695359603228983,False,False,False,False,low
VLO,2023-08-02,0.9170900445557308,0.9244124562017028,0.00798439770384718,126.30999755859376,116.76253508597074,-0.01910388003608443,-0.011272015308131822,False,False,False,False,low
HWM,2023-08-03,0.991450155592888,0.9922763859313528,0.0008333553974488872,48.18000030517578,47.8078765769913,0.002705537360653487,0.0035411474322646352,False,False,False,False,low
NSC,2023-08-03,0.9366843768602828,0.9422093501696416,0.005898436491359238,227.27999877929688,214.14533995639823,-0.01277040407357044,-0.006947292999608168,False,False,False,False,low
WFC,2023-08-03,0.9278781128537728,0.9351351938422592,0.007821157636930032,45.150001525878906,42.22135542888107,0.001108715154092721,0.00893854422701712,False,False,False,False,low
AMP,2023-08-04,0.9599585883912374,0.9636492497489668,0.0038446047593725385,344.8599853515625,332.3240661524729,-0.02164601859400095,-0.017884634220736384,False,False,False,False,low
C,2023-08-04,0.9064014763501084,0.9169180448116656,0.011602550013384061,45.709999084472656,41.91232298887769,-0.010820169009005842,0.000656839452297886,False,False,False,False,low
COF,2023-08-04,0.9529211216231036,0.9580114800752764,0.005341846598491129,113.37999725341795,108.6193389796777,0.004073672440061404,0.00943727997182009,False,False,False,False,low
DHI,2023-08-04,0.9701755416624332,0.9721489772190433,0.002034101533036514,125.70999908447266,122.20884703617696,0.020787637246239,0.022864022944066198,False,False,False,False,low
ETN,2023-08-04,0.9618392525885224,0.9656646845577193,0.003977205087962288,215.8999938964844,208.48699950206213,-0.005527462797301874,-0.001572241562500687,False,False,False,False,low
INTC,2023-08-04,0.9800244194708768,0.9835501216297552,0.0035975656206423956,35.13999938964844,34.56195067375825,0.007743058962837779,0.011368480746203335,False,False,False,False,low
BKR,2023-08-07,0.937002723829529,0.9423083578237248,0.005662346393734863,35.59000015258789,33.53675459873121,0.0019707121036627306,0.007644217351970628,False,False,False,False,low
LVS,2023-08-07,0.9443754708721374,0.9476464615116988,0.0034636548072777273,58.13999938964844,55.096164693892675,0.0034518599875710265,0.006927470846288752,False,False,False,False,low
MET,2023-08-07,0.9130599071170415,0.9205950973821664,0.008252678938577951,64.18000030517578,59.083793630930764,0.010231410961253351,0.018568526449583178,False,False,False,False,low
EQT,2023-08-08,0.9582298355008528,0.9616522019745825,0.0035715507354672216,42.90999984741211,41.264495839992854,0.018030801756118153,0.021666750414858438,False,False,False,False,low
URI,2023-08-08,0.9717078917620472,0.9746726004330708,0.0030510287053937546,480.5499877929687,468.37890624025323,-0.012352042493796067,-0.009338700224621133,False,False,False,False,low
AEP,2023-08-09,0.894991796071713,0.904278652490173,0.010376471001434684,80.70999908447266,72.98432921459003,-0.0013610568023623149,0.009001291232631159,False,False,False,False,low
FANG,2023-08-09,0.8957848207376498,0.9008566141786762,0.0056618434735811185,150.42999267578125,135.51585387282736,0.008243939361243902,0.013952458729094008,False,False,False,False,low
IBM,2023-08-09,0.9077746304211868,0.918221182226626,0.011507869305173557,142.49000549316403,130.83734129941152,-0.02343909316091297,-0.012200957876467022,False,False,False,False,low
PAYX,2023-08-09,0.905803087288508,0.912356752706498,0.007235198808615451,124.02999877929686,113.1596069244702,0.0010492110719693137,0.00829200113128259,False,False,False,False,low
TJX,2023-08-09,0.9610923797119332,0.9648032903498172,0.0038611383423894363,86.22000122070312,83.18534087169962,-0.004158011119635208,-0.00031292743340805007,False,False,False,False,low
COR,2023-08-10,0.9745784359623706,0.9771301727653928,0.0026182980341673545,187.02999877929688,182.75265501952558,0.007107813352586145,0.0097447217604818,False,False,False,False,low
EMR,2023-08-10,0.9466443651797436,0.9517978202308645,0.005443918794300728,95.51000213623048,90.90621184350938,-0.005518521181221425,-0.00010464476809590728,False,False,False,False,low
ETR,2023-08-10,0.9025188573697784,0.912595990062086,0.011165564697091845,48.08000183105469,43.877616873198264,-0.007636716740111682,0.0034435797021450387,False,False,False,False,low
HON,2023-08-10,0.9375498491518538,0.942680547297742,0.0054724537052932565,177.88877868652347,167.69229125033883,-0.0026421415068504928,0.0028158532013635718,False,False,False,False,low
MSCI,2023-08-10,0.9636594989107776,0.9661001853222436,0.0025327269790051954,546.8599853515625,528.321533193464,0.0012082993954256604,0.0037440866669085082,False,False,False,False,low
SBUX,2023-08-10,0.9277227859434064,0.9326698075898838,0.0053324352074060055,101.66000366210938,94.81521605512644,0.017413986439651863,0.02283928060145013,False,False,False,False,low
SCHW,2023-08-10,0.9586498272423576,0.9623345047033136,0.003843611458790308,64.54000091552734,62.109069814595415,-0.011487210744113074,-0.00768775166016844,False,False,False,False,low
TFC,2023-08-10,0.8570258219073763,0.8714249407040767,0.01680126599295928,31.469999313354492,27.423742285597275,2.220446049250313e-16,0.016801265992959502,False,False,False,False,low
V,2023-08-10,0.977430216422624,0.9792682896978032,0.001880516116952613,240.16000366210935,235.181076040012,0.0016683732250504235,0.003552026744741976,False,False,False,False,low
WMT,2023-08-10,0.9678734014623046,0.971314075237498,0.003554879977066383,53.41999816894531,51.88759612065795,-0.004039534782828258,-0.0004990148670780403,False,False,False,False,low
AAPL,2023-08-11,0.9861747500740948,0.9875063992554552,0.001350317660496092,177.7899932861328,175.5687560936406,-0.0010114509936260951,0.00033750088673056844,False,False,False,False,low
CEG,2023-08-11,0.9798233836115908,0.9824440152147064,0.002674595898554788,106.55999755859376,104.68923186273416,0.00794548172712406,0.010641328578518294,False,False,False,False,low
GWW,2023-08-11,0.9745818250357862,0.9771334217855564,0.002618145223133528,713.3400268554688,697.0283813378849,0.0014881753172837353,0.004110216799515287,False,False,False,False,low
ROK,2023-08-11,0.9511290463056592,0.954894301244206,0.003958721430253664,296.17999267578125,282.8205871486542,-0.010292110503691942,-0.006374132671851829,False,False,False,False,low
UPS,2023-08-11,0.8480541702599474,0.855739730722295,0.009062582004628172,176.6199951171875,151.1407470617551,-0.02084493659964015,-0.011971263542327581,False,False,False,False,low
WAB,2023-08-11,0.9847092517819612,0.9861815692103724,0.0014951798469922117,114.19000244140624,112.61207579580226,0.002810219435370964,0.004309601065828561,False,False,False,False,low
WEC,2023-08-11,0.8979282005320836,0.9060438751146612,0.009038222184990508,86.76999664306639,78.61742400217003,-0.003560004380681381,0.005446041693736969,False,False,False,False,low
CTAS,2023-08-14,0.9738720060826848,0.9765625376078352,0.0027627157453400386,123.3625030517578,120.4711990258789,0.007020269735003248,0.009802380490076645,False,False,False,False,low
EXC,2023-08-14,0.8934348122881578,0.9014457585514616,0.00896645860797296,40.08000183105469,36.12994765333906,-0.010614576852498891,-0.0017432934085150897,False,False,False,False,low
KLAC,2023-08-14,0.9749171992767312,0.9775703360669576,0.0027213970501236417,490.8900146484375,479.8795165917868,0.02486534592035272,0.027654411449514305,False,False,False,False,low
KR,2023-08-14,0.9360699410144172,0.9416451885075126,0.005956015943694881,48.560001373291016,45.72629164707769,-0.008574891238680826,-0.002669947483919022,False,False,False,False,low
LLY,2023-08-14,0.9789140576614684,0.9810123939757248,0.0021435347647056346,538.0,527.78466795894,0.018399277209214304,0.02058225146426307,False,False,False,False,low
WELL,2023-08-14,0.9398322745444836,0.946685667017946,0.007292144203904893,84.27999877929689,79.78666686065034,0.00023732070447968212,0.007531195485184217,False,False,False,False,low
ADM,2023-08-15,0.905471768439815,0.9102942216621732,0.005325901248878884,82.43000030517578,75.03555296941269,-0.02955029507989393,-0.02438177578448586,False,False,False,False,low
COP,2023-08-15,0.9128673116010544,0.9168403936636912,0.004352310584622154,115.51000213623048,105.90423583067536,-0.0185232412265528,-0.01425154954078256,False,False,False,False,low
ED,2023-08-15,0.9020903143502826,0.910323202383248,0.009126456522144277,87.68000030517578,79.81713866277178,-0.02099148397350059,-0.012056605317175673,False,False,False,False,low
MPC,2023-08-15,0.9403606698976176,0.9451328718728786,0.0050748634306245766,142.6199951171875,134.79484557160336,-0.03985457409804516,-0.034981967188053686,False,False,False,False,low
TGT,2023-08-15,0.8951445758391842,0.9028179888743638,0.008572261109872636,125.0500030517578,112.89739226392103,-0.033765995819926564,-0.02548318564285723,False,False,False,False,low
XOM,2023-08-15,0.9046013456429572,0.9120167050161716,0.008197378225149432,108.16000366210938,98.64373015445405,-0.033595376772256325,-0.02567339255712553,False,False,False,False,low
FIX,2023-08-16,0.9897040478177012,0.9909502061415304,0.0012591221856443902,179.08999633789062,177.46926878891864,0.0008942249408088188,0.002154473064914786,False,False,False,False,low
KKR,2023-08-16,0.979303894899432,0.981984295201182,0.0027370465038589753,59.13999938964844,58.07455061884225,-0.02167082476025617,-0.018993092311543114,False,False,False,False,low
MAR,2023-08-16,0.9718362011484014,0.9742954282353584,0.002530495451858128,206.47999572753903,201.1725158593976,0.002330076347276888,0.004866468046734074,False,False,False,False,low
MSFT,2023-08-16,0.9768854887875812,0.9789538242249584,0.002117275219170489,320.3999938964844,313.6567993066167,-0.004536107380615828,-0.0024284363491939853,False,False,False,False,low
PCAR,2023-08-16,0.8954442011468149,0.8982951874563392,0.003183879359398345,84.55999755859376,75.95983885820456,-0.005995088022334616,-0.002830296299948576,False,False,False,False,low
RMD,2023-08-16,0.9711590170796518,0.9737079944651532,0.0026246756099390645,173.7100067138672,169.14282225588792,-0.05257703337193165,-0.050090355419126764,False,False,False,False,low
VMC,2023-08-16,0.9779018504198292,0.9797812472128118,0.0019218664860647383,222.5,218.00132750485062,-0.00731685283356065,-0.005409048361740165,False,False,False,False,low
AMGN,2023-08-17,0.9119865732439938,0.9193757642780842,0.008102302436105546,263.8500061035156,242.57730101619686,-0.00441469684800222,0.003651836379076956,False,False,False,False,low
APO,2023-08-17,0.9536984357602782,0.958835465236377,0.005386429591869302,79.19999694824219,75.93976592058743,-0.013207141287998825,-0.007891851032787112,False,False,False,False,low
CVX,2023-08-17,0.8813168671630658,0.8897865545584445,0.009610263585039913,159.75,142.1434020907115,0.007060424148728206,0.016738540270859747,False,False,False,False,low
DUK,2023-08-17,0.8910272825187447,0.9010997430920256,0.011304323415112671,90.6999969482422,81.72974394850856,-0.010905125771862645,0.00027592257464248426,False,False,False,False,low
HSY,2023-08-17,0.9167762348171912,0.9217822225567788,0.005460424855565638,217.52000427246097,200.5060729888291,-0.008975357289170427,-0.0035639416976341876,False,False,False,False,low
MCO,2023-08-17,0.9757742560424691,0.9780455520773426,0.00232768595892785,328.5,321.287963857407,-0.009229091510211451,-0.006922887978005554,False,False,False,False,low
OTIS,2023-08-17,0.9490222750910948,0.95282157587285,0.004003384200218507,83.91999816894531,79.96078490258115,-0.01583204558775908,-0.011892043148703846,False,False,False,False,low
PSX,2023-08-17,0.9021824298155624,0.9106237793442836,0.009356588257262821,113.58999633789062,103.4377517609133,0.0028251055381647294,0.012208127144731629,False,False,False,False,low
RTX,2023-08-17,0.93851975037971,0.945068718646238,0.006977975971073969,85.15000152587892,80.4726028347876,0.00011747869746514539,0.007096274432067062,False,False,False,False,low
SHW,2023-08-17,0.9738309008246232,0.9759934380523432,0.002220649628070781,268.0299987792969,261.5955200097713,-0.01845683674420462,-0.016277173283785307,False,False,False,False,low
TEL,2023-08-17,0.955844575983476,0.9602210375273492,0.004578633026577794,127.83999633789062,122.75465392106186,-0.01243723946162234,-0.007915551990402947,False,False,False,False,low
ATO,2023-08-18,0.9294717794321464,0.9354042198701992,0.00638259339264402,116.95999908447266,109.40487669963035,0.0023997152773787,0.00879762507689641,False,False,False,False,low
MMM,2023-08-18,0.9113091666064352,0.924938046709852,0.014955275995048423,83.62039947509766,77.34368895559436,-0.017583529833783307,-0.002891220380366377,False,False,False,False,low
SO,2023-08-18,0.8999228004562271,0.9092485680464418,0.010362852886366403,67.80999755859375,61.65614317938408,-0.006446922218406592,0.0038491221614405102,False,False,False,False,low
MCHP,2023-08-21,0.9279405111688076,0.9327564352436558,0.005189906052040172,80.5199966430664,75.10554503461775,0.0139779993674356,0.019240449922988123,False,False,False,False,low
PRU,2023-08-21,0.8619401088331646,0.8737088016124709,0.013653724497445507,91.20999908447266,79.69097899516917,-0.0171336628771267,-0.003713876692237439,False,False,False,False,low
AFL,2023-08-22,0.9376764008082312,0.9429960825687822,0.00567325972581334,73.38999938964844,69.2064819241638,-0.014237711243032858,-0.00864522575100235,False,False,False,False,low
EQIX,2023-08-22,0.9386228941541832,0.942934486951168,0.00459353039845678,752.8599853515625,709.8976440335394,0.009547557071399426,0.01418494446349472,False,False,False,False,low
IR,2023-08-22,0.9970772667473352,0.997376560866617,0.0003001714403318978,66.8499984741211,66.67462157205749,0.002248898541859168,0.0025497450373053177,False,False,False,False,low
AMAT,2023-08-23,0.97575818678744,0.977874446493524,0.002168836228831905,148.0,144.72541808104154,0.0010145004416122205,0.003185536955756074,False,False,False,False,low
CMI,2023-08-24,0.9377926234543642,0.944565926921078,0.007222602628035535,230.74999999999997,217.95858763703873,-0.015067435537347462,-0.007953659008821723,False,False,False,False,low
COST,2023-08-24,0.9607414136335016,0.9625567795719968,0.0018895468777904156,531.7100219726562,511.80108641615567,-0.01691743450563965,-0.015059853913399479,False,False,False,False,low
HLT,2023-08-24,0.9921244201059064,0.9931184530889634,0.0010019237133089831,147.11000061035156,146.0976562400688,-0.01841592444623641,-0.01743245208433275,False,False,False,False,low
JNJ,2023-08-25,0.916157531948774,0.9228091590727822,0.007260353041970147,166.25,153.41702269585002,0.007026492748447355,0.014337860608417907,False,False,False,False,low
KVUE,2023-08-25,0.8851052190056651,0.8926509776361862,0.008525267356346733,22.969999313354492,20.504192343368413,-0.02916316730801194,-0.020886523749923946,False,False,False,False,low
NOC,2023-08-25,0.9514243866712536,0.9555590429949228,0.004345753989063672,429.55999755859375,410.4699401759912,-0.006062277665761839,-0.001742868844046952,False,False,False,False,low
PH,2023-08-25,0.9684167993310902,0.9720282900991368,0.003729273150301804,403.2099914550781,391.93151854496716,0.01225116121637293,0.01602612229325895,False,False,False,False,low
SPGI,2023-08-25,0.9760235693676568,0.9782984620073496,0.002330776336852969,388.2699890136719,379.8439330956857,0.0032298073367880153,0.005568111632154205,False,False,False,False,low
YUM,2023-08-28,0.943883259258084,0.9483053786764606,0.004685027915266149,129.30999755859375,122.62536620145444,-0.0033143819667325047,0.0013551179764976773,False,False,False,False,low
EA,2023-08-29,0.9852780281159894,0.9868338699143148,0.0015790891037126276,120.95999908447266,119.36742400136212,0.0036508666915198162,0.005235720839044111,False,False,False,False,low
NEE,2023-08-29,0.921986688914567,0.9283742721119548,0.006928064444083892,67.51000213623047,62.67454909349947,-0.007497714378201459,-0.0006215945825129854,False,False,False,False,low
ALL,2023-08-30,0.9367180513921802,0.9446074963416744,0.008422432916466827,109.26000213623048,103.20781706819068,0.025337881376658933,0.03397372089926609,False,False,False,False,low
CSX,2023-08-30,0.9580378335457854,0.9614773290514146,0.0035901458013398724,30.729999542236328,29.54619788162058,-0.0006504213906884937,0.0029373893030264497,False,False,False,False,low
GLW,2023-08-30,0.932912638051386,0.9409205132250918,0.00858373533285195,32.7599983215332,30.82455443395017,-0.004255416348098895,0.004291791617089924,False,False,False,False,low
GS,2023-08-30,0.9321457157002832,0.9399182253413684,0.008338298948513678,328.5799865722656,308.8383178616946,-0.0119380585368557,-0.0036993026892870873,False,False,False,False,low
HD,2023-08-30,0.9267996920721292,0.9327179851747842,0.006385730544885115,330.6300048828125,308.3845519926259,0.0037950087481621875,0.010204973196328515,False,False,False,False,low
QCOM,2023-08-30,0.9369284826243152,0.9435625507493002,0.007080655832346183,113.2699966430664,106.87732695589641,-0.004482353152593488,0.0025665646797599084,False,False,False,False,low
UNP,2023-08-30,0.9349152284534684,0.940386528108526,0.00585218797228082,222.88999938964844,209.60275267614296,-0.0024615245513257555,0.0033762581165821537,False,False,False,False,low
AJG,2023-08-31,0.9750682771384882,0.9773972892980164,0.002388563154124057,230.47999572753903,225.27052306151506,-0.001516293812499514,0.0008686475780932401,False,False,False,False,low
BAC,2023-08-31,0.9324765105235946,0.9402470981171134,0.008333279718923503,28.670000076293945,26.9568843747528,-0.012741075329497087,-0.004513970555214297,False,False,False,False,low
CTVA,2023-08-31,0.967601118501386,0.9706309081612208,0.00313123827773909,50.5099983215332,49.02656554205151,-0.01463129193441548,-0.01154586771803412,False,False,False,False,low
D,2023-08-31,0.8651695635039982,0.8770046216228248,0.013679466567101395,48.540000915527344,42.56980513649363,-0.0193939208984375,-0.00597975282387142,False,False,False,False,low
EBAY,2023-08-31,0.949063775047608,0.9543955397769612,0.005617920385893704,44.779998779296875,42.7378311061787,0.0006703637831704246,0.00629205021942747,False,False,False,False,low
GM,2023-08-31,0.971847556223356,0.9744741981360774,0.0027027303777238387,33.5099983215332,32.654628743917364,0.0035938584629613413,0.006306302071126257,False,False,False,False,low
HIG,2023-08-31,0.9459846082851752,0.9515894623797372,0.00592488931159485,71.81999969482422,68.34315489771066,-0.004711806402854846,0.0011851659773451928,False,False,False,False,low
LMT,2023-08-31,0.9227166168719246,0.9288761764817616,0.006675461888524747,448.3500061035156,416.46163939500804,-0.008974155137440376,-0.0023585998795174756,False,False,False,False,low
MCD,2023-08-31,0.93177188771956,0.9367812317479898,0.005376148491332833,281.1499938964844,263.37603758828845,-0.01087108233905687,-0.0055533784006404074,False,False,False,False,low
MCK,2023-08-31,0.9864226456985792,0.9878753468625776,0.001472696485966818,412.3200073242187,407.32077025379306,-0.022011381985175826,-0.020571101584109908,False,False,False,False,low
MLM,2023-08-31,0.983093919855273,0.9847276069591728,0.0016617813119426117,446.4100036621094,439.59225462882455,0.0008519715800563432,0.0025151686824489428,False,False,False,False,low
MTB,2023-08-31,0.9078667486879404,0.9172987074627056,0.01038914442939598,125.0500030517578,114.70820616758482,-0.010915109151996782,-0.0006393633680434885,False,False,False,False,low
O,2023-08-31,0.8534254542523181,0.8573054104681326,0.004546332894668215,56.040000915527344,48.0433959875207,-0.009193784390698956,-0.00468924950043248,False,False,False,False,low
PEP,2023-08-31,0.9100954145690728,0.9164979225765127,0.0070349854586087,177.9199981689453,163.06330870665533,-0.017450870500087645,-0.010538651661687104,False,False,False,False,low
TER,2023-08-31,0.9886091301264164,0.9896229768403558,0.0010255283742015564,107.87000274658205,106.75063322984988,0.004656794143706122,0.005687098192435069,False,False,False,False,low
TPL,2023-08-31,0.9678462835401184,0.969468165651546,0.0016757641569848936,209.4166717529297,203.02279662116467,-0.029779618101228977,-0.028153757560866688,False,False,False,False,low
TT,2023-08-31,0.9736197734116,0.9771786463596456,0.00365530060628827,205.2599945068359,200.5756835839782,-0.003253523977928774,0.0003898840201903564,False,False,False,False,low
ADI,2023-09-01,0.9526737464193432,0.9572022858468796,0.004753505011088066,182.42999267578125,174.6224059962873,0.0035757173553154775,0.008346219556770285,False,False,False,False,low
LHX,2023-09-01,0.9462870735614198,0.95238346918349,0.006442437810257662,177.25999450683594,168.8194885158668,-0.004660575260386324,0.0017518370835962749,False,False,False,False,low
LIN,2023-09-01,0.9623332163759368,0.9655139050473096,0.0033051843345395238,388.9100036621094,375.4980163477667,0.004831529237036225,0.008152682666321631,False,False,False,False,low
NKE,2023-09-01,0.9394493407950012,0.9426005083851424,0.00335427090456486,102.36000061035156,96.48458861362087,0.006390733769833901,0.009766440926741504,False,False,False,False,low
ROST,2023-09-01,0.972094240889062,0.9747751020390696,0.002757820216644502,121.6999969482422,118.63012694337725,-0.0009030507557366008,0.0018522790092769803,False,False,False,False,low
CI,2023-09-05,0.9445335019600868,0.9487513794152354,0.004465566807736909,278.75,264.46444701199687,0.0075179328127978895,0.01201707145176667,False,False,False,False,low
HAL,2023-09-05,0.934486577081202,0.9382573917294192,0.00403517261852504,40.70000076293946,38.18707655922095,0.022356175808764256,0.02648155945576769,False,False,False,False,low
ODFL,2023-09-05,0.9831967427300746,0.9840999987859748,0.0009186930922817638,211.72000122070312,208.35365294426052,-0.028517660804890488,-0.027625166690598224,False,False,False,False,low
SLB,2023-09-05,0.9266861744296844,0.9305559091416902,0.0041758848019799455,60.209999084472656,56.028770437471785,0.0014970085526757604,0.005679144689919147,False,False,False,False,low
NEM,2023-09-06,0.9360735703794592,0.9458140581324792,0.010405686114042911,38.5,36.41384123810045,-0.008753865892177082,0.0015607302411075885,False,False,False,False,low
NVDA,2023-09-06,0.9980557205555636,0.9981377602807546,8.219954407495678e-05,47.06100082397461,46.97336195901276,-0.030629469832673673,-0.030549788017054325,False,False,False,False,low
ADP,2023-09-07,0.9390342550775111,0.9437331226870548,0.005003936314502022,250.1199951171875,236.04652403841425,-0.00370447290685183,0.0012809264611453042,False,False,False,False,low
BDX,2023-09-07,0.9492417615168964,0.9524924980299584,0.0034245612075338716,209.9528350830078,199.978500356686,0.0015752125026451402,0.005005168121809067,False,False,False,False,low
BLK,2023-09-07,0.9386416340735998,0.9454514076342344,0.007254923831879312,691.0599975585938,653.3636474514831,-0.004494504523475551,0.0027278120204239364,False,False,False,False,low
CME,2023-09-07,0.8839393268286835,0.8887394978786838,0.0054304304654277935,205.28999328613284,182.44932555263605,0.008003484212480982,0.013477377042405703,False,False,False,False,low
ELV,2023-09-07,0.9559476706799396,0.959130379427962,0.003329375493701159,450.3299865722656,431.92517088884614,0.009708490072344533,0.013070188774973346,False,False,False,False,low
KMB,2023-09-07,0.8981999232192461,0.9066511481516848,0.00940906886536852,127.12999725341795,115.26255797433193,0.0042657471455007645,0.01371495271952372,False,False,False,False,low
OXY,2023-09-07,0.9526333510718056,0.9552557334478268,0.0027527719589817146,64.56999969482422,61.68086241720526,-0.015250876996403817,-0.01254008722396771,False,False,False,False,low
PEG,2023-09-07,0.9137081243844192,0.9225850431516386,0.009715267414525774,60.15999984741211,55.502716055227275,0.015530015916250806,0.025396161588354893,False,False,False,False,low
SPG,2023-09-07,0.8676030135589544,0.8820821547386466,0.01668867091678017,114.4499969482422,100.954299917937,-0.011231127876957236,0.005270110442660236,False,False,False,False,low
TRV,2023-09-07,0.951648421329198,0.9576107282548406,0.006265241229859608,160.6699981689453,153.85931395526762,0.00037356054022641416,0.00664114221698453,False,False,False,False,low
WM,2023-09-07,0.9592419031537326,0.9635663087644306,0.004508149192065547,156.89999389648438,151.18354796399714,0.0059626381259387795,0.010497667780254405,False,False,False,False,low
FDX,2023-09-08,0.9442155125818108,0.9488828406746462,0.00494307499786073,204.11764526367188,193.68373106961272,-0.011125879316003728,-0.00623780037401922,False,False,False,False,low
UNH,2023-09-08,0.9465807357536788,0.9502655569344586,0.0038927700951423283,480.7699890136719,456.85916136745044,-0.008333179111954303,-0.004472848167256349,False,False,False,False,low
WMB,2023-09-08,0.8951237140908815,0.90700857546912,0.01327733942375664,33.81999969482422,30.675029745568587,-0.010821846936130752,0.0023118071526631034,False,False,False,False,low
AEE,2023-09-12,0.9179627830281536,0.9253168101598626,0.00801124758832783,78.73999786376953,72.85944365529761,-0.006685994723619415,0.0012716897056030962,False,False,False,False,low
LRCX,2023-09-12,0.9741640001171568,0.977108483721088,0.003022574847332926,65.2699966430664,63.775867452387125,-0.016544112152841683,-0.013571543122773533,False,False,False,False,low
NXPI,2023-09-12,0.9510117888861988,0.9557741398917844,0.0050076676874459825,199.5,190.67694090841098,-0.01965601965601982,-0.014746782783068957,False,False,False,False,low
PSA,2023-09-12,0.8937736371888264,0.9035743500137436,0.010965542523432736,272.489990234375,246.21496581127676,-0.014823407056656301,-0.004020411233645493,False,False,False,False,low
AME,2023-09-13,0.982331256305214,0.9839533059813026,0.0016512247428526194,152.49000549316406,150.04304503410577,0.0054727799750280415,0.007133041507587645,False,False,False,False,low
HPE,2023-09-13,0.9281234419886232,0.934690484650738,0.007075613399058378,16.770000457763672,15.674759855460225,-0.018149851717043752,-0.011202659651985414,False,False,False,False,low
AIG,2023-09-14,0.9421858584320352,0.9478117629875866,0.005971119716139617,61.20000076293945,58.00608061796329,0.009068412584060104,0.015093680877374505,False,False,False,False,low
CB,2023-09-14,0.9698398433743398,0.9738303627854402,0.004114616901298218,211.97999572753903,206.4325561426054,0.010053845997248567,0.014209830623210129,False,False,False,False,low
CCI,2023-09-14,0.8592730652057755,0.8732993693009454,0.016323453699565116,98.62999725341795,86.13351439556388,0.012212590129267564,0.02873539547835957,False,False,False,False,low
DLR,2023-09-14,0.9171019703127804,0.9259126264931676,0.009607062753755002,128.47999572753906,118.96125029591666,0.002105834174663368,0.011733127809483435,False,False,False,False,low
DVN,2023-09-14,0.9098175465837386,0.9187052288085568,0.009768642359328394,50.93000030517578,46.78965758358638,0.005528109987396723,0.015350754476115114,False,False,False,False,low
GILD,2023-09-14,0.912010212672178,0.9209444431748084,0.009796195676859076,77.36000061035156,71.24426268610306,0.000646786357998641,0.010449318080581804,False,False,False,False,low
GRMN,2023-09-14,0.9514224398594404,0.9579902926742524,0.006903193092421045,106.56999969482422,102.09302519793964,0.0008451947319061404,0.0077542223667621535,False,False,False,False,low
HCA,2023-09-14,0.978912770073918,0.9811554697682832,0.002291010765132606,263.5799865722656,258.61294554682905,0.004152525347413727,0.006453049592819893,False,False,False,False,low
ICE,2023-09-14,0.9666288952975514,0.970118357342982,0.0036099293766265195,116.9000015258789,113.40683745367774,0.001113341496530973,0.004727289957331848,False,False,False,False,low
IRM,2023-09-14,0.9124350960130791,0.9219382151486396,0.010415117937796037,63.81999969482422,58.83809660943297,0.012051987075520465,0.022592627880092753,False,False,False,False,low
KO,2023-09-14,0.921412991419514,0.9287233003856464,0.007933802794412692,58.459999084472656,54.29316329027331,0.00034223918948783627,0.008278757242138557,False,False,False,False,low
MO,2023-09-14,0.8075525718887627,0.8256334688086338,0.022389745942585693,44.099998474121094,36.410434714644055,-0.014525173762657162,0.007539357229610744,False,False,False,False,low
MRK,2023-09-14,0.9183084383466468,0.9245685891525254,0.00681704593409771,108.23999786376952,100.07530211477774,0.003988501205020922,0.010832736935041387,False,False,False,False,low
MSI,2023-09-14,0.9707683689430128,0.973828038874626,0.003151802252214564,284.8299865722656,277.3754272363555,0.016959440973032258,0.020164696029501883,False,False,False,False,low
NDAQ,2023-09-14,0.9629984803526332,0.9671623275911512,0.004323835731280923,51.470001220703125,49.77984618173463,0.007240758466351416,0.011595902047810691,False,False,False,False,low
TMO,2023-09-14,0.99144098102069,0.9921205537619822,0.0006854394303859035,515.6400146484375,511.5770568748444,0.009277785884870271,0.009969584675528331,False,False,False,False,low
XEL,2023-09-14,0.9097828377222732,0.9179946704488726,0.009026146005522095,58.68000030517578,53.86792754208959,0.009461538395914904,0.018573085628435404,False,False,False,False,low
DTE,2023-09-15,0.9095869554653768,0.917781162182799,0.00900871177646767,106.77999877929688,98.00067137754095,0.00037475094929662056,0.009386838749054327,False,False,False,False,low
HBAN,2023-09-15,0.8879900690262421,0.9008474591267148,0.014479204834545012,10.699999809265137,9.639067640832831,-0.014732951424518137,-0.0004670680114662318,False,False,False,False,low
PLD,2023-09-15,0.9153510312292924,0.9218014933367152,0.0070469818543383855,123.1800003051758,113.54750823052808,-0.009249589873259634,-0.002267789710918122,False,False,False,False,low
APH,2023-09-18,0.977533604886858,0.9799341532253776,0.0024557195031646994,43.1150016784668,42.249862661099094,0.005949628196077139,0.008419958317239518,False,False,False,False,low
ECL,2023-09-18,0.9718713888338244,0.9747744731656224,0.00298710751767417,175.77999877929688,171.34585570314286,-0.012249987931701067,-0.009299472445069012,False,False,False,False,low
VST,2023-09-19,0.9717162249753996,0.9777304540141936,0.006189285394453847,33.150001525878906,32.41176604246879,-0.010152288311364943,-0.0040258383266769115,False,False,False,False,low
AVGO,2023-09-20,0.9660981574574924,0.9713597098049364,0.0054461881609326745,83.05699920654297,80.67822264653641,-0.021938283120260693,-0.016611574977128618,False,False,False,False,low
MDT,2023-09-21,0.9142865461889338,0.9220951192632344,0.008540619028956975,80.45999908447266,74.19177245171655,-0.012518461345573106,-0.0040847577257971945,False,False,False,False,low
JCI,2023-09-22,0.9555674819720698,0.9620134322630928,0.006745677738761113,55.150001525878906,53.05504225722557,-0.0012676510915753392,0.005469475481436836,False,False,False,False,low
GE,2023-09-25,0.9850514861303176,0.9857602391643132,0.0007195086185596278,89.1620101928711,87.89236449209554,0.0042247126052568085,0.004947260940946885,False,False,False,False,low
STX,2023-09-25,0.9334466163840393,0.9434681961084024,0.010736103756189497,64.44999694824219,60.806522359950094,-0.022003103855275374,-0.011503227705034313,False,False,False,False,low
PM,2023-09-26,0.8867192039996653,0.8991919643317143,0.014066189472145219,91.06999969482422,81.88941191727761,-0.028275730808393296,-0.014607273123262488,False,False,False,False,low
SRE,2023-09-26,0.916733882430932,0.924409476804344,0.008372761736544998,69.22000122070312,63.98762511282623,-0.0340497113691387,-0.025962039753085753,False,False,False,False,low
COP,2023-09-27,0.916840424665176,0.9214421507785248,0.005019113456989244,123.08999633789062,113.42031096490668,0.02455466092250025,0.029697017008557314,False,False,False,False,low
DE,2023-09-28,0.9620937618946578,0.9654849080402372,0.0035247564009781573,384.7300109863281,371.45101927745446,0.000962705923789553,0.004490855628634938,False,False,False,False,low
FITB,2023-09-28,0.8994597120781538,0.9123038763081702,0.014279866076870373,25.030000686645508,22.83496665042286,0.006838297349967215,0.02121581339718892,False,False,False,False,low
ITW,2023-09-28,0.9368211266335108,0.9424988602353676,0.006060637874659935,232.0500030517578,218.7068633938953,-0.001505984741473343,0.004545525905023995,False,False,False,False,low
KDP,2023-09-28,0.9231889565273168,0.9294990933198384,0.006835151945770557,31.459999084472656,29.24204062486028,-0.006630912261300637,0.00015891639162490812,False,False,False,False,low
MDLZ,2023-09-28,0.92451848084767,0.9301667954300612,0.006109466386450713,69.38999938964844,64.54427336716319,-0.008572631696445399,-0.0025155395151876814,False,False,False,False,low
MPWR,2023-09-28,0.9792673041670498,0.981491999682506,0.0022717959703031365,451.9200134277344,443.55587767573195,0.024343852691084855,0.026670952927833058,False,False,False,False,low
NUE,2023-09-28,0.9602829543792182,0.9634383886587228,0.0032859421955941936,157.75999450683594,151.99203490247498,0.01316542100428908,0.016494624012284298,False,False,False,False,low
SYK,2023-09-28,0.9737632875723388,0.9765109191984614,0.0028216627810777606,273.4100036621094,266.9878539941411,0.025774723857374227,0.028669114217452663,False,False,False,False,low
USB,2023-09-28,0.8827128993054859,0.8959370712021212,0.0149812831635745,32.470001220703125,29.091077795606058,-0.0015374918928886538,0.01342075766927664,False,False,False,False,low
APD,2023-09-29,0.931128908892032,0.9368437952984424,0.0061375888470809326,283.3999938964844,265.50152586953783,-0.012096075852358168,-0.006032727745522104,False,False,False,False,low
O,2023-09-29,0.8573052567215687,0.8617511353568267,0.005185875859736955,49.939998626708984,43.03585051628483,0.006449006483524755,0.011668326090304104,False,False,False,False,low
PWR,2023-09-29,0.996511365168698,0.9969333154439992,0.0004234274590835252,187.07000732421875,186.49632262186663,-0.009792456397719085,-0.009373175333566186,False,False,False,False,low
RSG,2023-09-29,0.968887351272325,0.9724757174059178,0.003703594776916619,142.50999450683594,138.58750914554867,-0.01703684158844232,-0.013396344369047797,False,False,False,False,low
STT,2023-09-29,0.9138907156727086,0.9233207098287802,0.010318514013057056,66.95999908447266,61.825553884809764,-0.008880972406796306,0.0013459031680316258,False,False,False,False,low
VTR,2023-09-29,0.9160668987242716,0.9259407282778168,0.010778502713388871,42.130001068115234,39.00988387135582,-0.0016587605108693282,0.009101863247852116,False,False,False,False,low
A,2023-10-02,0.979301429294706,0.9812758561803304,0.002016158484570374,110.9000015258789,108.82349394770678,-0.008227492143231485,-0.0062279215867523385,False,False,False,False,low
CAH,2023-10-02,0.9567710699848828,0.9623242325616408,0.005804066145985942,86.37999725341797,83.12556456557209,-0.00506798483014137,0.0007066663966637243,False,False,False,False,low
CMCSA,2023-10-03,0.908053531353255,0.914011287524719,0.006561018668784113,40.72164916992187,37.220046987930196,-0.023376079679083728,-0.01696843190547692,False,False,False,False,low
CSCO,2023-10-03,0.9273445693248836,0.9340420728425464,0.007222238355844901,53.650001525878906,50.11135863323771,-0.013605403053384979,-0.0064814261613189705,False,False,False,False,low
PGR,2023-10-04,0.9144903552627917,0.9151470310729568,0.0007180784426932263,142.16000366210938,130.09730528870006,0.01979921008945329,0.02053150591809416,False,False,False,False,low
AXP,2023-10-05,0.9684162952337112,0.9723951703180008,0.004108641194775942,147.08999633789062,143.02960204105727,0.0031370895434787993,0.007258619913585118,False,False,False,False,low
BMY,2023-10-05,0.8781456037411061,0.8870583177897574,0.010149471808184263,56.41999816894531,50.04782866544582,-0.005464505125902908,0.004629504841560328,False,False,False,False,low
GD,2023-10-05,0.9464028516034784,0.9521330906693796,0.0060547567626116905,216.75,206.37484740258802,-0.011763104953794734,-0.005779570930451228,False,False,False,False,low
INTU,2023-10-05,0.980971011644671,0.9826802248144856,0.0017423686831978813,516.2999877929688,507.3577880761107,-0.00224178512431783,-0.0005033224573151029,False,False,False,False,low
JPM,2023-10-05,0.9403494735567626,0.9472880890868992,0.007378762603962752,142.89999389648438,135.36746214873025,-0.0031392548857395175,0.004216343901668029,False,False,False,False,low
MA,2023-10-05,0.9839665689052404,0.985392825913488,0.0014494974253387305,394.2000122070313,388.441864003818,0.0011174381107623699,0.002568555259765626,False,False,False,False,low
MRSH,2023-10-05,0.9566849017961354,0.960252253368306,0.0037288678492501948,191.9199981689453,184.2916107081709,0.004185867895545536,0.007930344293012537,False,False,False,False,low
ROP,2023-10-05,0.9824716006270224,0.9838482293327352,0.001401189311563078,489.1799926757813,481.2788696190678,0.0021100046956372687,0.003514150523227233,False,False,False,False,low
SYY,2023-10-05,0.9262542136307867,0.9334344031837682,0.007751856290981074,63.650001525878906,59.41310118695471,-0.020769207294170644,-0.013178350913411685,False,False,False,False,low
MU,2023-10-06,0.9891001865642188,0.9907503948780332,0.0016683934916104093,69.95999908447266,69.31289671860813,0.013178797863813818,0.014869178776007574,False,False,False,False,low
T,2023-10-06,0.8651115445864062,0.8816385214441328,0.019103868120992296,14.449999809265137,12.739676466708517,-0.02562374351961272,-0.007009388015585261,False,False,False,False,low
VZ,2023-10-06,0.831651365656824,0.8494028635916012,0.021344879197976674,30.850000381469727,26.204078665822376,-0.03048395105774515,-0.00978974811257316,False,False,False,False,low
AMT,2023-10-10,0.9087544780103676,0.9179326187606912,0.01009969246084852,158.55999755859375,145.54739378964877,-0.021355429099042977,-0.011471419904464208,False,False,False,False,low
ACN,2023-10-11,0.9581919351288486,0.9621659765712336,0.0041474377905827975,312.5400085449219,300.71536253920647,0.0007044096296870972,0.0048547689153881635,False,False,False,False,low
DAL,2023-10-11,0.9696687396549708,0.9723823545387908,0.0027984968194247895,35.97999954223633,34.986316671184376,0.0041863718536467864,0.006996584221388824,False,False,False,False,low
DHR,2023-10-11,0.9851493495954003,0.9863669204383864,0.0012359251350935185,216.42999267578125,213.47938536611287,-0.010424827251131807,-0.009201786422066927,False,False,False,False,low
ORCL,2023-10-11,0.968670316253764,0.9722148498974164,0.0036591744210356936,109.63999938964844,106.59363554935987,-0.0006380429806613908,0.0030187967298198615,False,False,False,False,low
ABBV,2023-10-12,0.9080041310720132,0.9170927140054356,0.010009407030661999,148.3000030517578,136.00485228575096,-0.006963930036396726,0.0029757721839980267,False,False,False,False,low
ABT,2023-10-12,0.94614647208525,0.9513840341158872,0.005535677810110995,90.19000244140624,85.80532835962678,-0.026446426644903043,-0.021057147731926906,False,False,False,False,low
FCX,2023-10-12,0.9641873357675284,0.9680963547338726,0.0040542110659775865,36.06999969482422,34.91923521981122,-0.029071380530155566,-0.025135030976826678,False,False,False,False,low
EME,2023-10-13,0.9933426729902748,0.994208578876573,0.000871709139094623,202.02000427246097,200.85002135236263,-0.022499607769305485,-0.021647511743929426,False,False,False,False,low
EOG,2023-10-16,0.905852105962208,0.9114706748912096,0.006202523449491126,134.02999877929688,122.16441344303372,0.0014196237791770372,0.007630952478448139,False,False,False,False,low
PNC,2023-10-16,0.9020678022124108,0.9140603872954028,0.013294549537827383,118.12999725341795,107.9779510406641,-8.46634186739692e-05,0.01320876055713982,False,False,False,False,low
CRH,2023-10-19,0.9496424922031677,0.9539379320369636,0.00452321780992615,54.56999969482422,52.05639266013835,-0.017110964609270085,-0.012665143419209657,False,False,False,False,low
CVS,2023-10-19,0.8973280803828343,0.9050300841700988,0.008583263976291278,70.61000061035156,63.9041747956372,-0.006751944749830097,0.0017733655023199901,False,False,False,False,low
GEHC,2023-10-19,0.9953794385190878,0.9958374626130202,0.00046015024643653035,65.44999694824219,65.17755888896741,0.003372582860448503,0.0038342850017194507,False,False,False,False,low
PG,2023-10-19,0.930962598360342,0.9368383911941844,0.006311524054984696,148.24999999999997,138.88629149453783,-0.011864285768044214,-0.005627643438079644,False,False,False,False,low
CAT,2023-10-20,0.960508402613762,0.965471478485889,0.005167134257879846,249.1999969482422,240.5954894922984,-0.014591333980434551,-0.00949959510423326,False,False,False,False,low
CL,2023-10-20,0.9374557495935916,0.9436445223415846,0.006601669199507221,73.2699966430664,69.14083098421591,0.0010929662384449035,0.007701850839504587,False,False,False,False,low
DELL,2023-10-23,0.954603484350283,0.9599926498388176,0.005645449212038578,65.54000091552734,62.917919149335624,-0.0056137570326785236,-8.565370634983083e-13,False,False,False,False,low
LOW,2023-10-24,0.9476090891916596,0.953175083979077,0.005873724567337479,186.2400054931641,177.51933287621046,-0.011360013452487494,-0.005553014475251139,False,False,False,False,low
FAST,2023-10-25,0.9356725987544384,0.9413949437929892,0.006115755710029758,28.540000915527344,26.867412557724723,-0.008683570408126173,-0.002620921293403522,False,False,False,False,low
BK,2023-10-26,0.933291561338186,0.9427530031031666,0.01013771275443065,42.119998931884766,39.70875548373653,0.006451624076656337,0.016654741542775575,False,False,False,False,low
CARR,2023-10-26,0.9634944667812582,0.9672984263440588,0.003948086568165365,46.400001525878906,44.8826484583446,-0.01360542893691108,-0.009711057779985599,False,False,False,False,low
BX,2023-10-27,0.9183456430369508,0.926374938361694,0.008743217094372646,89.61000061035155,83.01245879200579,-0.029144120828444753,-0.02065571710949976,False,False,False,False,low
KMI,2023-10-30,0.8724926430089763,0.8878415085845655,0.017591971346205604,16.1299991607666,14.320882788362795,-0.014661066961682345,0.0026729873146287275,False,False,False,False,low
MS,2023-10-30,0.917229198905764,0.928438999078623,0.012221373007130776,70.58999633789062,65.53850554491484,0.002698789884853614,0.014953145809834867,False,False,False,False,low
TRGP,2023-10-30,0.9415873515292912,0.9471993869068168,0.005960185604034329,83.5999984741211,79.18586730009832,-0.009361309648548755,-0.0034569191875166716,False,False,False,False,low
TXN,2023-10-30,0.9224308257610284,0.9308861565521276,0.009166357579305062,140.5,130.78950499557394,-0.018306282885506175,-0.009307727241077535,False,False,False,False,low
AON,2023-10-31,0.9811675347372028,0.9831253768144568,0.0019954207695818127,309.3999938964844,304.1789855858718,0.001975405080095971,0.00397476761400295,False,False,False,False,low
F,2023-10-31,0.8370247774945325,0.8500761365730388,0.015592560016649548,9.75,8.288242331587128,-0.0020471296649509085,0.013513510359536074,False,False,False,False,low
NRG,2023-10-31,0.9495504704321516,0.9581224018665858,0.0090273573668318,42.380001068115234,40.60522841449104,0.00307694835775707,0.01213208243701347,False,False,False,False,low
O,2023-10-31,0.8617512313780524,0.8665509749359893,0.005569755380867347,47.38000106811523,41.05718611804347,0.025097356485843436,0.03080689800304337,False,False,False,False,low
OKE,2023-10-31,0.8692860066905882,0.8821260828701808,0.014770830406525715,65.19999694824219,57.51461791110062,-0.006249103159506553,0.008429422804057118,False,False,False,False,low
ZTS,2023-10-31,0.9665237717711408,0.968837859462574,0.002394237740467098,157.0,152.1075439356241,0.0,0.002394237740467098,False,False,False,False,low
COST,2023-11-02,0.9625566627626996,0.9643233536021256,0.0018354148984387475,555.969970703125,536.134826650513,-0.0014906916451880026,0.0003419872155960846,False,False,False,False,low
NSC,2023-11-02,0.9422094732201808,0.9489450112864696,0.0071486630709292065,191.86000061035156,182.06459044461212,0.00878068325100223,0.015992116468025452,False,False,False,False,low
WFC,2023-11-02,0.9351351234463944,0.9434717586232308,0.008914898999956566,40.5099983215332,38.22003935824106,0.02272147683195036,0.03183893550299355,False,False,False,False,low
AMP,2023-11-03,0.9636493892141288,0.9675912291168044,0.004090533286063902,335.739990234375,324.8590698145428,0.013187660867249207,0.017332138719055923,False,False,False,False,low
BKR,2023-11-03,0.9423084750126354,0.9476456354794616,0.005663920688768753,35.189998626708984,33.34764861112902,-0.009011537875240339,-0.0033986578222806596,False,False,False,False,low
C,2023-11-03,0.916917919852087,0.9288230356420688,0.01298384024592103,42.2599983215332,39.2520599272352,0.022007252261003973,0.035276831154533506,False,False,False,False,low
ETN,2023-11-03,0.965664619175273,0.9695217773143532,0.003994304091180512,214.7899932861328,208.24357604010947,-0.0063379457474384004,-0.002368957338886535,False,False,False,False,low
INTC,2023-11-06,0.9835499926808304,0.9867840592311604,0.003288156752983218,37.95000076293945,37.44845580067903,-0.004981610638424727,-0.0017098342021030222,False,False,False,False,low
LVS,2023-11-06,0.9476464823450204,0.9515431065460398,0.0041118964441011485,49.189998626708984,46.8064041042541,0.0071662259014662055,0.011307589124369244,False,False,False,False,low
EQT,2023-11-07,0.9616521953874454,0.9652397393642316,0.003730604468012322,40.7599983215332,39.34317015636323,-0.041166785911481596,-0.037589758438924425,False,False,False,False,low
KVUE,2023-11-07,0.8926507734737134,0.9019736674246812,0.010444055198303603,19.600000381469727,17.6786842255994,0.012919896386121454,0.023498887695438064,False,False,False,False,low
URI,2023-11-07,0.974672512216573,0.9779731631363734,0.0033864204421791833,440.3599853515625,430.66024779295464,0.004150081568793151,0.007550555932033465,False,False,False,False,low
MET,2023-11-08,0.920594963035978,0.9286364283972394,0.008735074255394437,59.349998474121094,55.11457060838942,-0.011656965392722984,-0.0030237155956264195,False,False,False,False,low
MSCI,2023-11-08,0.9661003885166656,0.96878870935948,0.0027826516527356127,504.9800109863281,489.21893309578087,0.015443441347029907,0.018269066717353954,False,False,False,False,low
RMD,2023-11-08,0.9737082909944272,0.9768285470592653,0.003204508058210598,148.77999877929688,145.3325500390598,-0.009849565963292561,-0.006676620918581344,False,False,False,False,low
TJX,2023-11-08,0.9648032490055952,0.968355815555524,0.0036821668600206525,90.41999816894533,87.55873106941803,-0.0038558828584887017,-0.0001879140025455861,False,False,False,False,low
V,2023-11-08,0.9792682575960726,0.9813531356655818,0.00212901628673956,243.91000366210935,239.36184691401454,-0.0035135049039518584,-0.0013919689263763857,False,False,False,False,low
AEP,2023-11-09,0.9042785818263768,0.9145770508886572,0.01138860221756044,77.26000213623047,70.66022490540502,-0.011388347693809364,-0.00012944283804883217,False,False,False,False,low
HON,2023-11-09,0.9426806451962207,0.9482277359969892,0.005884379645467064,173.11970520019528,164.15690611844738,-0.005091534409861542,0.0007628847141598616,False,False,False,False,low
HWM,2023-11-09,0.992276303193685,0.9933037037688844,0.0010353976728989522,48.7599983215332,48.433486928543516,0.008688418858493252,0.009732812500059307,False,False,False,False,low
IBM,2023-11-09,0.9182213217533902,0.9286349262673692,0.011341061536333852,146.6199951171875,136.15644835497145,-0.009525121081785604,0.001707915470218646,False,False,False,False,low
PFE,2023-11-09,0.8389818988529246,0.8502931838726486,0.013482156212415441,29.68000030517578,25.236701956829098,-0.03698894876497627,-0.02400548333794339,False,False,False,False,low
SBUX,2023-11-09,0.9326698270824868,0.9377950251073578,0.005495190126288518,102.2300033569336,95.87078856484081,-0.019846592850021216,-0.014460463524802458,False,False,False,False,low
SCHW,2023-11-09,0.9623346250595516,0.9667369101660456,0.0045745887052766054,54.15999984741211,52.35847090708068,-0.013479083021846083,-0.008966155577518786,False,False,False,False,low
TFC,2023-11-09,0.8714248738612751,0.8865902917164936,0.01740301236527797,29.149999618530273,25.844106665328432,-0.041118421568599794,-0.024430993602320927,False,False,False,False,low
AAPL,2023-11-10,0.9875062967789516,0.9888072193845546,0.0013173815800935351,186.3999938964844,184.3136596580807,0.021873746802647975,0.023219944453866992,False,False,False,False,low
COF,2023-11-10,0.9580114594066272,0.9635442905923152,0.005775328814036085,104.58000183105467,100.7674636744466,0.0008613644284163335,0.006641667905255444,False,False,False,False,low
COR,2023-11-10,0.9771302685428646,0.9796686702292876,0.002597812971456115,197.57000732421875,193.553146352508,0.0038105882130394786,0.006418300379984476,False,False,False,False,low
GWW,2023-11-10,0.9771333455633122,0.9794639137074618,0.002385107574858214,792.25,775.9802856347366,0.013457357136209547,0.015874561955510735,False,False,False,False,low
PH,2023-11-10,0.9720283876367724,0.9755256233189024,0.0035978740195361514,419.4500122070313,409.18423460938544,0.016060279940854683,0.019715936824336477,False,False,False,False,low
ROK,2023-11-10,0.9548943735993556,0.9595595137883024,0.004885503902763766,258.42999267578125,247.97895812028722,0.005134018122298301,0.01004460429063525,False,False,False,False,low
UPS,2023-11-10,0.8557397306754636,0.8657613257847697,0.011711031695812224,138.11000061035156,119.57029723255333,-0.013147526816818078,-0.0015904662242791634,False,False,False,False,low
VMC,2023-11-10,0.979781283589074,0.9817990317709931,0.0020593863301081594,211.66000366210935,207.80758666010382,0.01161405144668981,0.013697355595584382,False,False,False,False,low
COP,2023-11-13,0.9214421818334124,0.9260883228589752,0.005042249114663111,115.36000061035158,106.83354949025085,-0.002162442683852017,0.0028689028561028618,False,False,False,False,low
ETR,2023-11-13,0.9125959318852211,0.9233965631760372,0.011835064033766107,47.540000915527344,43.89827345878361,-0.01583685715382288,-0.004189223338565751,False,False,False,False,low
PAYX,2023-11-13,0.9123568760689138,0.9194460451137164,0.007770171114781066,114.4800033569336,105.25818633113757,-0.00823006970224871,-0.0005238476373407019,False,False,False,False,low
WEC,2023-11-13,0.9060437801302128,0.914929941222595,0.009807650896411557,79.37999725341797,72.62713622131945,-0.011580131159850349,-0.0018860541471894532,False,False,False,False,low
WELL,2023-11-13,0.9466856368143172,0.9534501607600344,0.007145480698830919,85.47000122070312,81.49138640403973,-0.005931636616868574,0.0011714596870040506,False,False,False,False,low
ADM,2023-11-14,0.9102943447120913,0.9159374185954624,0.006199174932978391,73.86000061035156,67.65113829650468,0.011226720763223508,0.017495492102136856,False,False,False,False,low
AFL,2023-11-14,0.94299606488555,0.947885136747488,0.005184615338274412,81.81999969482422,77.55596159940788,0.0047893821464672914,0.009998828588879238,False,False,False,False,low
CTAS,2023-11-14,0.976562578174438,0.9790272187234328,0.002523791720139501,136.63499450683597,133.76937865231912,0.01915072281137542,0.021722846967180853,False,False,False,False,low
ED,2023-11-14,0.9103234069598364,0.9187445876650128,0.009250757083463457,90.50000000000001,83.14638518368366,0.024103170614650393,0.03357690027441107,False,False,False,False,low
EQIX,2023-11-14,0.942934520502576,0.9482318184958842,0.005617885312423132,786.030029296875,745.338684072549,0.03080500950297571,0.036595953825834915,False,False,False,False,low
EXC,2023-11-14,0.9014457209012984,0.9098879667658626,0.009365229285378751,39.59000015258789,36.02246474309838,0.020360848738696813,0.02991676204095839,False,False,False,False,low
KLAC,2023-11-14,0.9775703744121024,0.9802610398602174,0.0027524007667818484,545.4400024414062,534.6735839745724,0.03254141493877194,0.03538338272098329,False,False,False,False,low
KR,2023-11-14,0.9416451479806828,0.9478670417252524,0.006607471782669183,44.240001678466804,41.933639516888526,0.0013581116540641869,0.007974557121165127,False,False,False,False,low
LLY,2023-11-14,0.9810122704696056,0.9828248818870492,0.0018476949493975159,610.8200073242188,600.3291015526718,-0.0030846804861335286,-0.0012426850852909066,False,False,False,False,low
PCAR,2023-11-14,0.8982952083761131,0.9010609628620018,0.003078892618038509,90.66999816894533,81.69919585280581,0.0308094487571573,0.03398320035954039,False,False,False,False,low
TGT,2023-11-14,0.9028180123398988,0.912169273173599,0.010357858068719583,110.79000091552734,101.05923461001895,0.03252560824332962,0.04322036194583245,False,False,False,False,low
WAB,2023-11-14,0.9861814347609824,0.9876657901758998,0.0015051544904383096,115.54000091552734,114.1149063011585,0.021393194043379804,0.022930548595897493,False,False,False,False,low
XOM,2023-11-14,0.9120165732522764,0.9203564079995668,0.00914438946822016,104.29000091552734,95.98397063288627,-0.005246045799073729,0.0038503717831916973,False,False,False,False,low
FANG,2023-11-15,0.9008567009733388,0.9203436131153744,0.021631533762229704,155.7899932861328,143.38032530817938,-0.021173726428977524,-2.1284486850792206e-07,False,False,False,False,low
FIX,2023-11-15,0.9909500039356468,0.99218055011165,0.0012417843192047417,199.3500061035156,197.79119872054687,-0.011209734140142258,-0.009981869893015305,False,False,False,False,low
MPC,2023-11-15,0.9451327682150312,0.9503363114389748,0.005505621431125318,150.3300018310547,142.86405943873885,-0.00225656296557053,0.0032366346841310456,False,False,False,False,low
MSFT,2023-11-15,0.9789538570017488,0.9809407754668108,0.002029634441757411,369.6700134277344,362.62438963862814,-0.001620373251247642,0.0004059724251506136,False,False,False,False,low
AMGN,2023-11-16,0.9193758286985882,0.9266043737130852,0.007862448401247724,269.0,249.25657652881992,-0.01476027834785476,-0.007013881873505157,False,False,False,False,low
APO,2023-11-16,0.9588353948058742,0.9635998413312896,0.004968993167362212,86.4000015258789,83.2550277613601,-0.006553980531490811,-0.0016175540486086382,False,False,False,False,low
CEG,2023-11-16,0.9824440116764506,0.9847202042391084,0.002316867460745886,121.66999816894533,119.8109054466958,-0.002623163377554527,-0.0003123734386821786,False,False,False,False,low
CVX,2023-11-16,0.8897866955660689,0.8991136512730984,0.01048223776946422,141.77000427246094,127.46734618241511,-0.026037327216958728,-0.01582801890226393,False,False,False,False,low
DUK,2023-11-16,0.901099685034732,0.9115260962267532,0.011570763329718847,90.18000030517578,82.20142363590429,0.006360893772367371,0.01800525749849191,False,False,False,False,low
EMR,2023-11-16,0.95179788906155,0.9574862233838768,0.005976409895104284,87.5,83.78004454608921,-0.009845000786940505,-0.003927428651956721,False,False,False,False,low
GLW,2023-11-16,0.9409204867597636,0.950109725980844,0.009766222917225731,28.379999160766605,26.96411322597254,-0.019689173994860143,-0.010115239939924248,False,False,False,False,low
HLT,2023-11-16,0.9931182928283924,0.9940188868110882,0.0009068345525395927,167.1699981689453,166.17013548810667,0.00966353067553749,0.010579128451593034,False,False,False,False,low
HSY,2023-11-16,0.9217822564418254,0.9274304475640556,0.006127467829585731,195.83999633789065,181.62797545459293,0.0006130958330223812,0.006744320387601199,False,False,False,False,low
KKR,2023-11-16,0.9819842443089032,0.984430165065494,0.0024907942981429176,66.02999877929688,65.00192259757759,-0.0057221030245073745,-0.0032455613079512835,False,False,False,False,low
LHX,2023-11-16,0.9523836077247247,0.9582114299501076,0.0061191962756537155,186.2599945068359,178.4764556788944,-0.006295390093900677,-0.0002147165458633582,False,False,False,False,low
MMM,2023-11-16,0.9249380930078251,0.9394933647713872,0.015736482120905615,80.02508544921875,75.18303679480431,-0.011464564762251661,0.004091505440248833,False,False,False,False,low
OTIS,2023-11-16,0.9528217762226556,0.9567125489856796,0.004083421328224146,83.9199981689453,80.28731535908523,0.0038277476156085566,0.007926799250085548,False,False,False,False,low
PSX,2023-11-16,0.9106238444714916,0.9189790279208744,0.00917523025572864,113.52999877929688,104.3316879180563,-0.0169711587213347,-0.007951642754580712,False,False,False,False,low
RTX,2023-11-16,0.94506864125345,0.952034950361595,0.00737122025221959,80.2300033569336,76.38176726342887,-0.0049608571265009616,0.002373795555199232,False,False,False,False,low
SHW,2023-11-16,0.9759933540717998,0.9782283757145176,0.002289996784704984,269.29998779296875,263.43688963865526,0.017032286349587755,0.01936128701526929,False,False,False,False,low
TEL,2023-11-16,0.9602211359837146,0.964539811611676,0.00449758442729653,131.33999633789062,126.68265532482724,-0.0032633218534408037,0.0012195855083063645,False,False,False,False,low
VLO,2023-11-16,0.924412389004251,0.9319147864938764,0.008115855627710333,121.91999816894533,113.61904906294649,-0.03772690524412192,-0.029917235732653258,False,False,False,False,low
IR,2023-11-17,0.9973765530972972,0.9976608396361746,0.00028503431125836975,70.31999969482422,70.15550993875387,0.0017094409088151963,0.001994962469385575,False,False,False,False,low
SO,2023-11-17,0.909248581017044,0.9183970767942544,0.010061600279845706,69.7699966430664,64.07656096493713,-0.007115412322270753,0.002874595522962098,False,False,False,False,low
TDG,2023-11-17,0.8547846905104172,0.8862123250603291,0.036766726052551935,957.6300048828124,848.6635131747315,-0.029707692346700565,0.005966779119686905,False,False,False,False,low
DHI,2023-11-20,0.9721490155975298,0.9744317823195068,0.0023481654410502095,128.39999389648438,125.11703490236506,0.0026549769199788464,0.005009376686079259,False,False,False,False,low
JNJ,2023-11-20,0.922809308258544,0.9301994136079756,0.008008269187680384,149.91000366210938,139.44619750046363,0.0008011908762644016,0.008815876216152763,False,False,False,False,low
PRU,2023-11-20,0.8737086999842243,0.8852657355729884,0.013227561530487986,94.27999877929688,83.46285246917469,-0.015352493166612247,-0.002328007684131994,False,False,False,False,low
MAR,2023-11-21,0.9742954735353349,0.9767496974872656,0.002518972959019594,207.19000244140625,202.37277220702939,0.0011113051801212581,0.0036330774868389426,False,False,False,False,low
MCHP,2023-11-21,0.9327564917877884,0.9376155769810188,0.005209382337202584,82.51000213623047,77.36266325966683,-0.025970923999755424,-0.020896834135317843,False,False,False,False,low
AMAT,2023-11-22,0.9778746024391918,0.979975645893776,0.0021485816784108103,149.47999572753906,146.48675536129397,0.0015410098997592492,0.0036929025638070545,False,False,False,False,low
CMI,2023-11-22,0.9445660063898031,0.9517101554088632,0.007563419571243513,224.5099945068359,213.66844176294381,0.0031724372001635803,0.010759851245015328,False,False,False,False,low
MCO,2023-11-22,0.978045546159769,0.9801201683300304,0.002121191777220588,364.5499877929687,357.30279540035497,0.0020615723616430603,0.004187137129205265,False,False,False,False,low
NEE,2023-11-22,0.928374419682517,0.9359288849074276,0.008137304372834997,57.470001220703125,53.78783415812118,-0.008796107719209023,-0.0007303799521816146,False,False,False,False,low
ATO,2023-11-24,0.9354043038269764,0.9421127863451518,0.007171746474470275,112.0,105.51663207065701,-0.009287952440629965,-0.0021828168063307007,False,False,False,False,low
NOC,2023-11-24,0.9555590409568532,0.9593644121153102,0.003982350640151511,471.5199890136719,452.35949706071887,0.00014842889983812668,0.004131370635913845,False,False,False,False,low
TER,2023-11-24,0.9896230662161836,0.990801914525318,0.0011912094103079252,92.48999786376952,91.6392669578654,0.0005408418546393179,0.0017326955208538664,False,False,False,False,low
SPGI,2023-11-27,0.978298480706872,0.9804241857990648,0.0021728594433232384,412.25,404.17987059566445,-0.00686583006892294,-0.0047078891093012,False,False,False,False,low
YUM,2023-11-27,0.948305343376024,0.9527908442219248,0.004730017475101711,127.69000244140624,121.66186522484709,-0.0063807649247551446,-0.0016809285792521722,False,False,False,False,low
EA,2023-11-28,0.9868337298652602,0.9882033609336044,0.0013879045951654678,136.3800048828125,134.7711791893367,-0.005396661761419619,-0.004016247217911495,False,False,False,False,low
ALL,2023-11-29,0.9446075617052064,0.9508102563493211,0.006566424931976567,135.49000549316406,128.82528685572626,-0.006889886631094466,-0.0003687036224707674,False,False,False,False,low
CSX,2023-11-29,0.9614772695193236,0.9647885881605482,0.003443990561399435,31.729999542236328,30.61274146068903,-0.009984390091784867,-0.006574785675622752,False,False,False,False,low
GS,2023-11-29,0.9399181045833316,0.9476363362126022,0.00821160012945188,340.260009765625,322.44274901396113,0.0077299449617072025,0.016005020308207385,False,False,False,False,low
HD,2023-11-29,0.9327178652785716,0.9389810315212892,0.006714963308703137,311.0199890136719,292.04187010779765,-0.00740412124635681,-0.0007388763401561249,False,False,False,False,low
NEM,2023-11-29,0.9458140911477212,0.9552322895972902,0.009957769225176438,40.380001068115234,38.57228087423674,-0.004683229680507606,0.0052279050242818315,False,False,False,False,low
QCOM,2023-11-29,0.9435626687225824,0.9495636255313252,0.0063598921488352556,127.91000366210938,121.45868681911766,0.010427422090252936,0.016853631518972456,False,False,False,False,low
AJG,2023-11-30,0.9773972262383818,0.9795961800913378,0.0022498057022515283,249.0,243.9194488427431,0.016243554232875157,0.018529904776064754,False,False,False,False,low
BAC,2023-11-30,0.940247126883516,0.9477515334032832,0.007981312896579551,30.489999771118164,28.896944036542994,0.005938644287276862,0.01396735536209448,False,False,False,False,low
CTVA,2023-11-30,0.9706309389768788,0.9740560078102188,0.0035287035430278113,45.20000076293945,44.02733229616765,-0.0065933898255065015,-0.003087952400516625,False,False,False,False,low
D,2023-11-30,0.8770045424286491,0.8897231094904472,0.014502281854295918,45.34000015258789,40.34004592005785,-0.02974533283254377,-0.0156744261788353,False,False,False,False,low
EBAY,2023-11-30,0.9543954059083982,0.9603029617142068,0.006189840991727813,41.0099983215332,39.38202284806299,0.00910430456303124,0.015350499752344593,False,False,False,False,low
GM,2023-11-30,0.9744740618932782,0.977257462961756,0.0028563110885373444,31.600000381469727,30.881336202385626,0.0,0.0028563110885373444,False,False,False,False,low
HIG,2023-11-30,0.951589323204224,0.9574348913538614,0.006142952644691446,78.16000366210938,74.8331146144491,0.01532866008987388,0.021565775967603784,False,False,False,False,low
KO,2023-11-30,0.9287231375223864,0.9361183102892076,0.007962731268383871,58.439998626708984,54.70675276773842,0.0036063727653017352,0.011597820610869336,False,False,False,False,low
LMT,2023-11-30,0.928876166410162,0.9354982273805634,0.007129110649909176,447.7699890136719,418.8880309965044,0.006202061049144669,0.013375386878530682,False,False,False,False,low
MCD,2023-11-30,0.936781441517776,0.9423944972738064,0.0059918520022517185,281.8399963378906,265.60446166049786,0.005207188207619673,0.011230240910959255,False,False,False,False,low
MCK,2023-11-30,0.9878754941432776,0.9892183891286868,0.0013593767568591542,470.55999755859375,465.4866027733109,0.03034811688439243,0.03174874816595863,False,False,False,False,low
MLM,2023-11-30,0.9847277572431232,0.9863050240251824,0.0016017287727065899,464.5899963378906,458.2274474999026,0.004019590922140326,0.00562775798928139,False,False,False,False,low
MTB,2023-11-30,0.9172986914031354,0.9267306677131254,0.0102823392188236,128.1699981689453,118.77906798389675,0.003444725596555287,0.013762484652478424,False,False,False,False,low
O,2023-11-30,0.8665508395837217,0.8707040292364102,0.004792782446190413,53.959999084472656,46.98318862044335,0.00540340833652464,0.010222088143340136,False,False,False,False,low
PEP,2023-11-30,0.9164979308439274,0.923486540448648,0.0076253413886984145,168.2899932861328,155.41354369193698,0.006759928208110999,0.014436816357159321,False,False,False,False,low
TMUS,2023-11-30,0.9562940538855408,0.9604684270212062,0.0043651564272562116,150.4499969482422,144.50247191422343,0.006018013227140573,0.010409439223514338,False,False,False,False,low
TPL,2023-11-30,0.969468180639018,0.9713790849536844,0.001971085129794492,185.772216796875,180.45524596196591,0.012033326331397864,0.014028130171786168,False,False,False,False,low
TT,2023-11-30,0.977178642175448,0.9804815984975722,0.0033800946721174174,225.41000366210935,221.01036070796857,0.012487080439854248,0.015909382626036805,False,False,False,False,low
WM,2023-11-30,0.9635663385917916,0.9675565796724364,0.004141117140389339,170.99000549316406,165.44250487313693,0.0073642038385013375,0.011535817009631577,False,False,False,False,low
ADI,2023-12-01,0.9572023345807426,0.961712334903004,0.004711647850542233,183.07000732421875,176.06068419448445,-0.0016904654288336651,0.0030132175439043785,False,False,False,False,low
LIN,2023-12-01,0.9655138893214008,0.9684981808560904,0.003090884106066172,411.7000122070313,398.73071288094,-0.005002723400928333,-0.00192730213310921,False,False,False,False,low
NKE,2023-12-01,0.9426004106578304,0.945773817688292,0.0033666514406109904,113.4800033569336,107.32641600616728,0.029110427238496106,0.0325750833409062,False,False,False,False,low
UNH,2023-12-01,0.9502657877543702,0.9535073743206556,0.003411241999931258,547.1599731445312,521.7210693264024,-0.010506895250037007,-0.0071314948124717725,False,False,False,False,low
ROST,2023-12-04,0.9747749605003796,0.977252612555522,0.002541768259897159,132.64999389648438,129.6325530908134,0.0038595013560738245,0.006411079574016876,False,False,False,False,low
CI,2023-12-05,0.9487515140320512,0.9532109575470452,0.004700328219811922,257.7799987792969,245.71871947288972,-0.01951239896297574,-0.01490378542264581,False,False,False,False,low
ELV,2023-12-05,0.9591303241872436,0.9620776744829196,0.003072940372491617,482.0499877929687,463.7695312403791,-0.002173500925855776,0.0008927604078909912,False,False,False,False,low
FAST,2023-12-05,0.9413948136551006,0.9472990307613058,0.0062717756891832455,30.375,28.774208059374665,-0.003608351915669883,0.0026407929996907775,False,False,False,False,low
NVDA,2023-12-05,0.9981378306402968,0.9982256896726952,8.802294603138527e-05,46.56600189208984,46.483379354031406,0.023203770808688073,0.023293836218985176,False,False,False,False,low
ODFL,2023-12-05,0.984099956165836,0.985075459818272,0.0009912648063075125,197.39500427246097,194.44897459952426,-0.02255505196639651,-0.02158614518930768,False,False,False,False,low
SLB,2023-12-05,0.9305557916212298,0.9350486931702694,0.004828191484588018,50.61000061035156,47.32281493205576,-0.02729191240170359,-0.022595491496171682,False,False,False,False,low
SRE,2023-12-05,0.9244093688243248,0.9320258918371046,0.008239339917623933,70.93000030517577,66.10859679243755,-0.025820592177675294,-0.01779399689587735,False,False,False,False,low
BLK,2023-12-06,0.9454514971047016,0.9517604026465624,0.006672902376463341,743.0700073242188,707.2246093654825,-0.014887949954245916,-0.00831439341441298,False,False,False,False,low
HAL,2023-12-06,0.938257347837416,0.9424078112140208,0.0044235873944085125,34.86000061035156,32.852336874120844,-0.040462459306747856,-0.03621786113727543,False,False,False,False,low
ADP,2023-12-07,0.9437331264710604,0.9494539271943516,0.006061883982692473,229.9900054931641,218.36491393093516,-0.010157092956133096,-0.004156780092542167,False,False,False,False,low
AME,2023-12-07,0.9839530151911308,0.9855275903439618,0.0016002544110556016,155.91000366210938,153.6536102196369,-0.0036425874296555083,-0.0020481620852018656,False,False,False,False,low
BDX,2023-12-07,0.9524926141504828,0.956384447306141,0.004085945757311027,183.6006317138672,175.5927886867252,0.00038552308840134053,0.004473044072139887,False,False,False,False,low
CME,2023-12-07,0.8887393910940203,0.8933259070040435,0.005160698350927362,210.72999572753903,188.250564566262,-0.016429424842291596,-0.011353513797054626,False,False,False,False,low
KMB,2023-12-07,0.9066512246229406,0.9154731646325952,0.009730246615310634,121.48999786376952,111.22083281555231,-0.007839927385857481,0.0018140348025426078,False,False,False,False,low
NDAQ,2023-12-07,0.9671623835781,0.9709879345105792,0.003955438091301833,54.130001068115234,52.55957793218466,-0.030623192689826828,-0.02678888274136748,False,False,False,False,low
OXY,2023-12-07,0.955255653778928,0.9583098238521548,0.003197227947455472,56.400001525878906,54.04867552752628,-0.001416395485230093,0.001776303922995437,False,False,False,False,low
PEG,2023-12-07,0.9225850667295245,0.930982883947854,0.009102485528081461,62.41999816894531,58.111949911344475,-0.012185479893937035,-0.0031939125202429253,False,False,False,False,low
SPG,2023-12-07,0.8820822681261016,0.8949910165888596,0.01463440421513229,131.35000610351562,117.55707549153836,-0.0028846097043029317,0.011707579966413695,False,False,False,False,low
TRV,2023-12-07,0.957610596794398,0.9628684911815906,0.005490639310794299,181.91000366210932,175.15541075697283,-0.006661940633288732,-0.0012078796356216337,False,False,False,False,low
UNP,2023-12-07,0.9403865175224048,0.9456635120618024,0.005611516585011023,231.4900054931641,218.91165160187148,-0.006352730908632975,-0.0007768627784759952,False,False,False,False,low
WMB,2023-12-07,0.907008452217706,0.918489650473286,0.012658314514608637,34.93000030517578,32.082843771332676,-0.02539062063442543,-0.013053708581528545,False,False,False,False,low
WMT,2023-12-07,0.9713140666452472,0.9749216303728196,0.0037141063343522074,50.81999969482422,49.54551695802422,-0.010257112420368086,-0.00658110209222873,False,False,False,False,low
DIS,2023-12-08,0.9769925214351654,0.9801765609509688,0.0032590213803542767,92.81999969482422,90.97998808834278,0.005089347357540408,0.008364955029745103,False,False,False,False,low
FDX,2023-12-08,0.9488827751421408,0.9533712529073758,0.0047302763658689795,219.34730529785156,209.1194152736694,0.017113226166411755,0.021924452821559415,False,False,False,False,low
VRT,2023-12-08,0.996592631683748,0.9971448032384987,0.0005540594393296239,47.13999938964844,47.00540541605394,0.044306602282733865,0.044885210213282845,False,False,False,False,low
AEE,2023-12-12,0.9253167373464491,0.9328340234572878,0.008124013980765232,77.95999908447266,72.7237396146951,-0.002814034533695997,0.005287118191175111,False,False,False,False,low
HPE,2023-12-12,0.9346904811738654,0.9420413051135456,0.00786444720229551,16.3700008392334,15.421216955301267,-0.017406903411452235,-0.009679351881991427,False,False,False,False,low
LRCX,2023-12-12,0.9771084967076562,0.9797724639536354,0.0027263781401505316,73.1240005493164,71.64488219235072,-0.005913587321507707,-0.0032033318565602986,False,False,False,False,low
NXPI,2023-12-12,0.9557741422075966,0.9601887178809028,0.004618848196823677,219.1300048828125,210.4061584376637,-0.0064384409399081965,-0.0018493309244103084,False,False,False,False,low
PSA,2023-12-12,0.9035741274361028,0.9134735554231272,0.010955855957401228,273.0,249.37828063051373,-0.013835157887658323,-0.00303087792722212,False,False,False,False,low
AIG,2023-12-13,0.9478115771660228,0.9529357278582702,0.00540629679537008,67.2300033569336,64.06587218285347,0.004182321455636018,0.009611229122089116,False,False,False,False,low
HCA,2023-12-13,0.9811554534887156,0.983399105674386,0.0022867448554586556,268.2699890136719,263.8164672753223,0.020037981040577524,0.022370547646094474,False,False,False,False,low
ICE,2023-12-13,0.970118237094801,0.9735856226103704,0.0035741885710272037,121.54000091552734,118.32959746340867,0.03061138472831093,0.034294984160777364,False,False,False,False,low
CB,2023-12-14,0.9738304108428972,0.977548522608546,0.003818027989525019,220.5099945068359,215.55921935057603,-0.02476673339701574,-0.02104326548880986,False,False,False,False,low
CCI,2023-12-14,0.87329925625528,0.8851635953169306,0.013585651169021995,114.5500030517578,101.3954925448593,-0.01892770678347666,-0.0055992008362446555,False,False,False,False,low
CRH,2023-12-14,0.9539379560846928,0.9695338204613256,0.01634892948451694,67.23999786376953,65.19145201667185,0.001489402368634929,0.01786268198745078,False,False,False,False,low
DLR,2023-12-14,0.9259128114761004,0.9342523846537104,0.009006866601527053,132.92999267578125,124.19016264934889,-0.027365226774502704,-0.018604835120054175,False,False,False,False,low
DVN,2023-12-14,0.9187052836395272,0.9349860802599886,0.01772145747977394,44.9900016784668,42.06502532023998,0.01741294519465475,0.035442985442293296,False,False,False,False,low
EOG,2023-12-14,0.911470563745484,0.9231582049103568,0.01282283995749145,120.5999984741211,111.3328781035614,0.017893273608381,0.03094555614966832,False,False,False,False,low
GILD,2023-12-14,0.9209443553489964,0.9293329418921408,0.009108679036276213,81.77999877929688,76.00084685349965,-0.015766008139735166,-0.00680093661128689,False,False,False,False,low
GRMN,2023-12-14,0.9579903492123634,0.963533376672086,0.005786099478225504,125.5999984741211,121.01979063977875,-0.010166293023345818,-0.0044390167278782755,False,False,False,False,low
IRM,2023-12-14,0.9219382103121436,0.9308570623430132,0.009674023628817752,68.44999694824219,63.71716307662894,0.008991754765335314,0.01875276484221744,False,False,False,False,low
MRK,2023-12-14,0.9245687158205584,0.9312635344676624,0.007241017928194093,105.87999725341795,98.60218047164439,-0.011483552888848836,-0.004325687573002446,False,False,False,False,low
MSI,2023-12-14,0.9738281946128826,0.9767558332597276,0.0030063194545406624,315.82000732421875,308.47903441406055,-0.03401234181852808,-0.03110827432889085,False,False,False,False,low
PCAR,2023-12-14,0.90106108174788,0.9314574412422034,0.03373396111544458,95.80999755859376,89.2429351713495,-0.022945136202512706,0.010014794580487596,False,False,False,False,low
TMO,2023-12-14,0.9921206568874484,0.9927906378867996,0.0006753019350016487,521.52001953125,517.7601928611658,0.0057469850545430745,0.0064261679396722116,False,False,False,False,low
DTE,2023-12-15,0.9177811442596864,0.9261836997666012,0.009155293241170925,109.9000015258789,101.78759001759364,-0.022502879769007667,-0.013553606990892808,False,False,False,False,low
HBAN,2023-12-15,0.9008476117154854,0.9115678391676068,0.01190015637795483,12.859999656677246,11.722762098733442,-0.024279259566698852,-0.012668030174328826,False,False,False,False,low
JCI,2023-12-15,0.962013440813182,0.968638226327273,0.006886375213730034,52.439998626708984,50.795387258380025,-0.03068391671408599,-0.024008842463875912,False,False,False,False,low
PLD,2023-12-15,0.921801373936034,0.9276873613547604,0.006385309878193857,134.25999450683594,124.55130003955125,-0.020857648134448237,-0.01460552080292321,False,False,False,False,low
APH,2023-12-18,0.97993426159411,0.9821105554274796,0.0022208569683330737,49.279998779296875,48.39840697260077,-0.007252228339604594,-0.005047477533115519,False,False,False,False,low
ECL,2023-12-18,0.9747746113972384,0.9776063019426486,0.0029049695307012957,196.75,192.34403990721611,-0.00015244831529104275,0.0027520783576993058,False,False,False,False,low
AVGO,2023-12-19,0.9713597709084208,0.975826325175038,0.004598249176450908,113.95800018310548,111.20321654297612,-0.0064690216641551945,-0.0019005186612440772,False,False,False,False,low
MDT,2023-12-19,0.9220952084159768,0.9298193309523216,0.008376708246444098,82.06999969482422,76.3102722074987,-0.01191906926160391,-0.0036422035809332565,False,False,False,False,low
VST,2023-12-19,0.977730390140395,0.9832767194072212,0.005672657127932634,37.720001220703125,37.08919905632935,-0.0010592453021183168,0.004607403090401085,False,False,False,False,low
CARR,2023-12-20,0.967298493423164,0.9705341882334984,0.0033450841000315368,55.99999999999999,54.349914541075904,-0.017371497619044107,-0.014084522639491559,False,False,False,False,low
MO,2023-12-20,0.8256333640620497,0.8451491293719572,0.023637326396175995,40.299999237060554,34.05950926889226,-0.050424115431088934,-0.02797868030959616,False,False,False,False,low
PM,2023-12-20,0.8991919663538974,0.9116316378952016,0.013834277892567748,91.98999786376952,83.8609924225243,-0.03442845486376522,-0.0210704697831946,False,False,False,False,low
STX,2023-12-20,0.9434680970611172,0.9514060222864988,0.00841355976964997,81.8499984741211,77.87258147241955,-0.02443388575059191,-0.016225901939109222,False,False,False,False,low
AMT,2023-12-27,0.9179327107035156,0.9252062351074132,0.007923810012526067,216.72000122070312,200.51069640188072,0.002219736012512241,0.010161134791479398,False,False,False,False,low
CME,2023-12-27,0.8933260060421784,0.9157070372850256,0.025053598676707978,210.5399932861328,192.79295348205386,-0.019832447416672117,0.004724277081681771,False,False,False,False,low
COST,2023-12-27,0.9643233576630148,0.986252444068886,0.022740387061675138,666.7999877929688,657.6331176659188,-0.011591721829798951,0.010885064990755478,False,False,False,False,low
GE,2023-12-27,0.985760296211931,0.9863793148896428,0.0006279606513779346,102.31444549560548,100.92085265126904,0.005726854472515752,0.0063584113631587336,False,False,False,False,low
XEL,2023-12-27,0.917994671409854,0.9257277088207811,0.008423836926036543,61.540000915527344,56.9692840483599,-0.011405607782693283,-0.0030778498366603735,False,False,False,False,low
DE,2023-12-28,0.9654849121478885,0.9690315304743508,0.0036734062664658396,399.260009765625,386.8955383203878,-0.00592571655216112,-0.0022740778500114356,False,False,False,False,low
DHR,2023-12-28,0.9863670196375212,0.9873846148992032,0.0010316598602981841,233.1300048828125,230.18898009266516,0.001159513320249106,0.002192369403897221,False,False,False,False,low
FITB,2023-12-28,0.9123038397814572,0.9215004342051132,0.010080626675712523,34.79999923706055,32.0682144072889,-0.007698901058260321,0.002304115870070511,False,False,False,False,low
ITW,2023-12-28,0.942498783809835,0.94752982184129,0.005337978274219335,261.8800048828125,248.13911437040747,-0.00678882107848211,-0.001487081383687472,False,False,False,False,low
MDLZ,2023-12-28,0.9301666853973866,0.9356736265029908,0.005920380929630431,72.26000213623047,67.61177824992062,0.0006924671429411333,0.006616947741838963,False,False,False,False,low
MPWR,2023-12-28,0.9814918385842936,0.9830361028477416,0.0015733847218490915,632.219970703125,621.4950561425134,-0.0068179384066138216,-0.00525528092488825,False,False,False,False,low
NUE,2023-12-28,0.963438698164433,0.9663724826671062,0.0030451179802750694,175.19000244140625,169.29879759775815,-0.015067143134599892,-0.012067906382795424,False,False,False,False,low
PCG,2023-12-28,0.985710522440338,0.9862606503129184,0.0005581028710319735,18.06999969482422,17.821729650171573,0.007808108603769792,0.008370569202630795,False,False,False,False,low
SYK,2023-12-28,0.9765110287937506,0.979130779504083,0.002682766126633984,299.1199951171875,292.8775939843493,0.0003678316710824525,0.0030515846040639616,False,False,False,False,low
USB,2023-12-28,0.8959371560859186,0.9060407646797748,0.011277139836454397,43.63000106811523,39.530559530734514,-0.007055019760636161,0.004142559631428622,False,False,False,False,low
A,2023-12-29,0.98127591500678,0.9829356842919772,0.0016914399505929545,139.02999877929688,136.65754698724092,-0.00529445138830742,-0.003611966684309187,False,False,False,False,low
APD,2023-12-29,0.9368437616124666,0.9428607923214116,0.0064226618732974305,273.79998779296875,258.1552734280713,-0.001568111352264867,0.004844479072037222,False,False,False,False,low
CAH,2023-12-29,0.9623240437570784,0.9671559872604504,0.005021118961662019,100.8000030517578,97.48932646737923,0.00518552332260569,0.01023267941374928,False,False,False,False,low
MU,2023-12-29,0.9907502461545548,0.9920768366690552,0.001338975710225121,85.33999633789062,84.6638336082433,-0.007674461187318293,-0.006345761394212057,False,False,False,False,low
O,2023-12-29,0.8707040374393511,0.8745407015128474,0.0044063928826831855,57.41999816894532,50.21612547953585,-0.01980204209373071,-0.015482904788391982,False,False,False,False,low
PWR,2023-12-29,0.9969333689453967,0.9973480252805448,0.0004159318446594895,215.8000030517578,215.2277068992062,-0.003095108630143173,-0.00268046413972578,False,False,False,False,low
RSG,2023-12-29,0.9724760451924904,0.9756527431825476,0.0032666079599197317,164.91000366210938,160.89489745118098,0.003651671306864168,0.006930207845341929,False,False,False,False,low
STT,2023-12-29,0.9233206914973,0.9315168754092124,0.00887685501623614,77.45999908447266,72.15529631636842,-0.012241763668553896,-0.0034735770135466693,False,False,False,False,low
VTR,2023-12-29,0.9259407419599324,0.9341917267720852,0.008910921010655715,49.84000015258789,46.56011580486707,-0.02178607642257324,-0.0130692894180513,False,False,False,False,low
CMCSA,2024-01-02,0.9140113217523186,0.9200963630289034,0.006657511927662618,40.927833557128906,37.65755080256661,-0.004104905047326413,0.002525278426021904,False,False,False,False,low
CSCO,2024-01-03,0.9340420617817442,0.9413102271525352,0.007781411210675548,50.50999832153321,47.545577993516595,2.220446049250313e-16,0.0077814112106757705,False,False,False,False,low
AXP,2024-01-04,0.9723952038793234,0.9755366076289438,0.0032305833441874654,187.13999938964844,182.56192015626024,0.004400987726469907,0.007645788828304578,False,False,False,False,low
BMY,2024-01-04,0.8870582635333412,0.8973531248225252,0.0116056201857333,52.040000915527344,46.69825743731553,-0.004971287291127946,0.006576638022470105,False,False,False,False,low
JPM,2024-01-04,0.9472881115820811,0.9531294091788596,0.0061663368571391874,171.41000366210938,163.37591551781247,0.00046694583668749345,0.006636162039149962,False,False,False,False,low
KDP,2024-01-04,0.9294990336330554,0.9356717924336996,0.006640952359592278,32.369998931884766,30.28769492167356,-0.006750574399296383,-0.0001544522826897321,False,False,False,False,low
SYY,2024-01-04,0.9334344004659172,0.939700769588568,0.006713239965789652,75.12000274658203,70.59032439245847,0.0018671563534344848,0.0085929309878785,False,False,False,False,low
MA,2024-01-08,0.9853927895422332,0.986946029975944,0.001576265272280386,421.9800109863281,416.4714965721618,0.00610366095235193,0.007689547213425074,False,False,False,False,low
ROP,2024-01-08,0.9838482684541942,0.9852609766823248,0.00143590050765674,528.780029296875,520.9863281151474,0.010916362805556412,0.012367938124107525,False,False,False,False,low
INTU,2024-01-09,0.9826800836812404,0.9841603893791238,0.0015063963567247818,605.1799926757812,595.5941772362521,0.011363995684148032,0.012887510722568996,False,False,False,False,low
T,2024-01-09,0.8816385529542182,0.8960204151900869,0.01631265124202841,16.950000762939453,15.187546721081299,-0.021362525312014435,-0.005398353495050023,False,False,False,False,low
VZ,2024-01-09,0.8494028807313775,0.8637264898997287,0.01686315115392345,39.040000915527344,33.719882956450625,-0.026433855334878076,-0.010016462279047844,False,False,False,False,low
ORCL,2024-01-10,0.9722148824751264,0.9759822367488648,0.0038750222215762076,103.91999816894533,101.42407225586518,0.0027984263554325928,0.006684292541321524,False,False,False,False,low
ABT,2024-01-11,0.9513841514638202,0.9559801411731722,0.004830845355454638,113.5,108.50374602315505,-0.007867146100302369,-0.003074305711047165,False,False,False,False,low
FCX,2024-01-11,0.9680963835895408,0.9716253639398824,0.003645277898112642,41.029998779296875,39.865787496387256,-0.006537541470978736,-0.0029160947282984573,False,False,False,False,low
ABBV,2024-01-12,0.9170927319790582,0.9258549666508282,0.009554360607417989,162.39999389648438,150.35884093312424,-0.008425967108915078,0.0010478887702780604,False,False,False,False,low
EME,2024-01-12,0.99420855821814,0.995018212181619,0.0008143703419030146,218.97999572753903,217.88908385235445,-0.010036172022292567,-0.009229974841230892,False,False,False,False,low
GEHC,2024-01-12,0.9958374022131484,0.9962293741106024,0.0003936103389798884,76.16999816894531,75.88278960185411,-0.00104920434170086,-0.0006560069803975832,False,False,False,False,low
PNC,2024-01-12,0.9140601234128354,0.923443645956622,0.010265760756252185,148.9199981689453,137.51922606498434,-0.023731449301935825,-0.013709309926616231,False,False,False,False,low
EOG,2024-01-16,0.923158225998504,0.9304542652547708,0.007903346415372381,112.13999938964844,104.34114073776578,-0.03369240464703405,-0.026055340977154007,False,False,False,False,low
ACN,2024-01-17,0.9621659837180524,0.965679395140432,0.0036515647838670784,353.6499938964844,341.5125121973745,-0.0025665717181165837,0.001075621062849308,False,False,False,False,low
GD,2024-01-18,0.9521331111494464,0.9571877105530624,0.005308710877110379,250.94999694824222,240.20625304218595,0.003920453345414909,0.009249976775843383,False,False,False,False,low
PG,2024-01-18,0.9368384448395938,0.9427551291256908,0.006315586554638042,148.13999938964844,139.65974425326777,-0.012004822078492516,-0.005765053016763999,False,False,False,False,low
PGR,2024-01-18,0.9151468876839638,0.9197486138486716,0.005028401698828677,169.91000366210938,156.27449034724782,0.0001177483814986946,0.005146742166489027,False,False,False,False,low
ZTS,2024-01-18,0.968837778953698,0.971035293968671,0.0022681970735556334,190.5,184.98222350103183,-0.0020953059679055253,0.00016813853878550056,False,False,False,False,low
BK,2024-01-19,0.9427528708340022,0.9500556054154206,0.0077461812181574,55.040000915527344,52.291061391866634,0.007320672224507607,0.015123560696354899,False,False,False,False,low
CAT,2024-01-19,0.9654717249797408,0.9699443359802834,0.004632565496039298,285.2799987792969,276.70571898444115,0.011990084980468607,0.016678195330483092,False,False,False,False,low
CL,2024-01-19,0.9436445152236902,0.949281704416645,0.00597384831047143,80.37999725341797,76.30326079372985,-0.005567296392956722,0.0003732937333638109,False,False,False,False,low
CVS,2024-01-19,0.9050301441451428,0.9132504928370996,0.009082955684002636,73.22000122070312,66.86820220034016,-0.008933352155536367,6.846228672774402e-05,False,False,False,False,low
DELL,2024-01-22,0.9599925896783272,0.9642814762113237,0.004467624624512556,81.13999938964845,78.2417983912361,-0.024642420863032033,-0.020284889324774902,False,False,False,False,low
LOW,2024-01-23,0.9531749641884374,0.9579678596681034,0.00502834805753305,214.47000122070312,205.45536803241248,-0.024515597992746718,-0.019610522894759952,False,False,False,False,low
MRSH,2024-01-24,0.9602522788081446,0.9636883984183848,0.003578350904311467,198.69000244140625,191.47525023450376,-0.0021594650779706015,0.0014111585025262663,False,False,False,False,low
PFE,2024-01-25,0.850293262127133,0.8630888172136398,0.015048402305925412,27.469999313354492,23.709049216222628,-0.03035653415699191,-0.015764949189674415,False,False,False,False,low
OKE,2024-01-29,0.8821262375392821,0.8947007200359834,0.014254742645200436,69.6500015258789,62.315906515711205,-0.011215231234332879,0.0028796411759155482,False,False,False,False,low
KMI,2024-01-30,0.8878414815854286,0.9025461715009137,0.01656229205378712,17.209999084472656,15.532818785225025,-0.00921138440012903,0.007198346015003576,False,False,False,False,low
MS,2024-01-30,0.928439120035578,0.937533964063407,0.009795843186229058,87.62000274658202,82.14672850624966,-3.3306690738754696e-16,0.009795843186228836,False,False,False,False,low
TRGP,2024-01-30,0.9471993514272504,0.952707659183736,0.005815362677545677,87.04000091552734,82.92367552758229,0.006475457179186739,0.012328476988732406,False,False,False,False,low
TXN,2024-01-30,0.9308862476151188,0.93823208400075,0.007891228820331886,162.0500030517578,152.04051207557862,-0.024030296288311548,-0.016328696034610957,False,False,False,False,low
AON,2024-01-31,0.983125351435036,0.9851529110043042,0.00206236118955605,298.42999267578125,293.9991760155391,-0.0012382701884307012,0.0008215372407465171,False,False,False,False,low
FAST,2024-01-31,0.947298999790549,0.9526751685642816,0.005675260688464023,34.11500167846679,32.5005149746041,-0.012733283832241371,-0.007130287848945538,False,False,False,False,low
NRG,2024-01-31,0.9581225587128972,0.9654126926619314,0.007608769757835088,53.040000915527344,51.20549010265056,-0.018323114679559827,-0.010853761282567875,False,False,False,False,low
O,2024-01-31,0.8745405666372196,0.8786330098261045,0.004679534998154766,54.38999938964844,47.788848868166795,-0.014316797955023608,-0.009704258913960984,False,False,False,False,low
VLO,2024-01-31,0.9319146569642957,0.9389957101142618,0.007598392295956158,138.89999389648438,130.42649840369597,-0.02107270072609635,-0.013634427076992361,False,False,False,False,low
COST,2024-02-01,0.9862523335563548,0.9877022577877852,0.00147013515922656,704.4799804687499,695.8164672752791,0.01381529979058227,0.015305745307766294,False,False,False,False,low
NSC,2024-02-01,0.9489450685149126,0.954422295790134,0.005771911838683419,255.22999572753903,243.59719847678392,0.08497700122250618,0.09123939282056148,False,False,False,False,low
WFC,2024-02-01,0.9434717817712468,0.9500986237819464,0.007023889997280763,48.72999954223633,46.298305501973616,-0.02889598952014938,-0.02207506177462082,False,False,False,False,low
BX,2024-02-02,0.9263748100345736,0.9334337170142816,0.007619925437571506,124.36000061035156,116.08181761761878,0.0004826834844788852,0.008106286934212337,False,False,False,False,low
C,2024-02-02,0.9288229629775776,0.9376880817802608,0.009544465582831618,55.54000091552735,52.079196920554764,-0.009275783892709888,0.0001801492900039836,False,False,False,False,low
DHI,2024-02-05,0.9744318414292378,0.97642604744189,0.0020465320691154254,145.22999572753906,141.80635069824353,-0.011300998495520131,-0.009277594282238733,False,False,False,False,low
LVS,2024-02-05,0.9515431423527893,0.9553280369046888,0.003977638410110451,51.11000061035156,48.82681654928461,0.012480211446676437,0.016507491625203263,False,False,False,False,low
MET,2024-02-05,0.9286363522426048,0.9360167254017396,0.00794753849697094,65.80999755859375,61.599258413491405,-0.0021228111618915024,0.005807856211648588,False,False,False,False,low
INTC,2024-02-06,0.9867841297369164,0.9896765761090198,0.0029311845265231895,42.7400016784668,42.29877852403878,-0.000701397684727656,0.0022277309157550107,False,False,False,False,low
SLB,2024-02-06,0.935048550964932,0.9403751114501756,0.00569656033341448,48.0099983215332,45.14740752233453,-0.011122573100168731,-0.005489373175482148,False,False,False,False,low
ADM,2024-02-07,0.9159374936858736,0.9245995666319476,0.009457056846986944,52.880001068115234,48.89282607107627,-0.009181148090238955,0.00018908211733781322,False,False,False,False,low
RMD,2024-02-07,0.9768286744390984,0.9792933836402792,0.002523174498942682,186.58999633789065,182.72634886716023,-0.021654807342587956,-0.019186271701311597,False,False,False,False,low
AEP,2024-02-08,0.9145771254321808,0.92510464534945,0.011510806059461087,75.94000244140625,70.25244902639349,-0.017974904393319613,-0.0066710039722676084,False,False,False,False,low
AMP,2024-02-08,0.9675913694641224,0.9709403979058432,0.003461201233714517,394.8299865722656,383.3563842676343,0.008866520213061557,0.012358410257476526,False,False,False,False,low
COR,2024-02-08,0.9796686440554676,0.9817754466638416,0.0021505257120943977,230.32000732421875,226.12252806635414,-0.030925194182489513,-0.028841173895636008,False,False,False,False,low
ETR,2024-02-08,0.9233964306686028,0.9340842253459412,0.011574437936260784,48.700000762939446,45.48990248699704,-0.013770763273937336,-0.002355714182525781,False,False,False,False,low
HWM,2024-02-08,0.9933037180997548,0.994144951885552,0.0008469048997485906,59.16999816894531,58.823554982734336,0.0013538334092204618,0.002201884877116811,False,False,False,False,low
IBM,2024-02-08,0.9286350592045324,0.937101195863794,0.009116753212520035,184.36000061035156,172.76397704141024,0.0033743066215949913,0.01252182255484735,False,False,False,False,low
PH,2024-02-08,0.9755257579056767,0.9783414056638232,0.0028862874561008667,515.510009765625,504.3447875878728,0.0025087299910504512,0.005402258363055301,False,False,False,False,low
SBUX,2024-02-08,0.9377950976212566,0.943437188000754,0.006016335971267939,96.58999633789062,91.12659453402266,0.013429847991654364,0.01952698244048312,False,False,False,False,low
SCHW,2024-02-08,0.9667369152747222,0.9706237782499832,0.004020600552071096,62.470001220703125,60.63486861211993,0.0006407322654462533,0.0046639089460174254,False,False,False,False,low
TFC,2024-02-08,0.8865904007207623,0.8995805871370254,0.014651846450968176,35.5099983215332,31.944105139319625,-0.013885032582770518,0.000563372502828452,False,False,False,False,low
V,2024-02-08,0.9813531370087718,0.9831831301108982,0.00186476512186462,275.7799987792969,271.14224242180876,-0.012921062600190547,-0.011080392225200408,False,False,False,False,low
AAPL,2024-02-09,0.9888073318147989,0.990069142419008,0.0012760934952751324,188.8500061035156,186.9745635887321,0.0028143519471321987,0.004094036818620195,False,False,False,False,low
COF,2024-02-09,0.9635443669584822,0.967833835472358,0.004451760252011994,135.1699981689453,130.82209776864195,-0.0015512387818937823,0.0028936157269674467,False,False,False,False,low
GWW,2024-02-09,0.9794638829225712,0.9813854899397552,0.0019618967587147207,959.010009765625,941.1585082909672,0.009558617119001633,0.011539266897659717,False,False,False,False,low
BKR,2024-02-12,0.9476457072303548,0.954543743779809,0.007279130266536926,29.5,28.159040441504366,0.015141106061384635,0.022530450411321956,False,False,False,False,low
PAYX,2024-02-12,0.9194460449805532,0.9261458978186043,0.007286836323487478,122.0999984741211,113.0824127104651,-0.007559134474544704,-0.00032738032672052775,False,False,False,False,low
ED,2024-02-13,0.9187445998295676,0.9273495356768616,0.009365971619196722,86.66999816894531,80.37338255908588,-0.031078802393983862,-0.02200391395596768,False,False,False,False,low
KVUE,2024-02-13,0.9019735747287368,0.911277076941382,0.010314606185046094,19.25,17.542083731121604,-0.017355801426217732,-0.007220213497909023,False,False,False,False,low
URI,2024-02-13,0.9779732388212542,0.9803815981266416,0.0024626024616891673,636.8800048828125,624.3854370019151,-0.040164006506687944,-0.0378003120262933,False,False,False,False,low
WEC,2024-02-13,0.9149297713918044,0.9247831094410884,0.010769502050736568,76.45999908447264,70.70891570120139,-0.024371616628438786,-0.013864584752961817,False,False,False,False,low
XOM,2024-02-13,0.9203564258252068,0.9289099104123894,0.009293665309625387,101.33999633789062,94.13572691942184,-0.017737732514621074,-0.008608915754338309,False,False,False,False,low
CTAS,2024-02-14,0.9790270978072716,0.981212962497648,0.002232690693926731,153.16749572753906,150.28993224116445,0.011073273308783937,0.013330687196978497,False,False,False,False,low
KR,2024-02-14,0.9478668917186182,0.9539377585241712,0.006404767229020614,45.689998626708984,43.585414876935225,0.0026332879677064547,0.009054920793207133,False,False,False,False,low
LLY,2024-02-14,0.9828250150613396,0.984547662753394,0.0017527511669479523,757.3099975585938,745.607788076092,0.01930095080679739,0.021087531737795207,False,False,False,False,low
MSFT,2024-02-14,0.9809407092616826,0.982754873815708,0.0018494130551385268,409.489990234375,402.4282836815787,0.007801690423840935,0.009665532027101298,False,False,False,False,low
PCAR,2024-02-14,0.9314573730730408,0.9338542854121696,0.0025732925718555677,106.66999816894533,99.61423491497789,0.0140697375528962,0.016679235675884474,False,False,False,False,low
TJX,2024-02-14,0.968355847451264,0.9716587262488416,0.003410811021868465,97.16999816894533,94.41607665043969,-0.00806452555033299,-0.004681221101097699,False,False,False,False,low
AMGN,2024-02-15,0.9266043163846336,0.9338482129469606,0.007817680572210994,289.07000732421875,269.9475097562865,-0.0034474436334338554,0.004343285925660023,False,False,False,False,low
COP,2024-02-15,0.9260881984026464,0.9326947872936832,0.007133865761848712,111.0,103.52912138959883,0.007991257096524818,0.015182131413768563,False,False,False,False,low
CVX,2024-02-15,0.8991137452695334,0.9089248105473462,0.010911928918261316,154.4600067138672,140.39253233954355,0.02284625079484437,0.03400747637782775,False,False,False,False,low
DUK,2024-02-15,0.9115261662019684,0.9218709858152148,0.011348900335302448,92.36000061035156,85.14400481255863,0.011167115320299237,0.02264275013440442,False,False,False,False,low
EMR,2024-02-15,0.9574861603214893,0.9622411726431296,0.004966142090287562,105.70999908447266,101.71851347914712,-0.004988693429535562,-4.732589966416345e-05,False,False,False,False,low
F,2024-02-15,0.8500760996457742,0.8730136222198939,0.02698290492307409,12.520000457763672,10.930130949826992,-0.0031847102322188903,0.023712261957451686,False,False,False,False,low
KKR,2024-02-15,0.9844300709879352,0.9861258723776803,0.001722622499781279,96.22000122070312,94.88503264394734,0.00281401022458172,0.00454148020169054,False,False,False,False,low
KLAC,2024-02-15,0.980261031124754,0.9824397857977426,0.0022226270389313907,652.3800048828125,640.9240722558006,-0.002232995706423768,-1.5331784127381454e-05,False,False,False,False,low
MMM,2024-02-15,0.939493349824958,0.9550981631020036,0.016609817706482843,77.24080657958984,73.77255248068342,-0.0004327397272446687,0.016169890251254593,False,False,False,False,low
MSCI,2024-02-15,0.9687886364472246,0.9715024368520424,0.002801230632483387,575.719970703125,559.3133544824724,0.005097735636146128,0.007913246201849855,False,False,False,False,low
OTIS,2024-02-15,0.9567125314038252,0.9603072108401026,0.0037573245026933932,92.22000122070312,88.55953215592427,0.015303306854863585,0.019118130847375125,False,False,False,False,low
TEL,2024-02-15,0.9645396648225272,0.9685416563630768,0.004149120753148106,143.1699981689453,138.66610716804897,0.0025910021658290816,0.006750873299834925,False,False,False,False,low
TER,2024-02-15,0.9908019110894484,0.9919739599816676,0.001182929583705139,102.55999755859376,101.73684691390842,0.009746951528444292,0.010941411069463225,False,False,False,False,low
APO,2024-02-16,0.9635997281070492,0.9672466725037668,0.0037847088270581697,112.70999908447266,109.01837157235879,-0.011749267263737151,-0.008009025992203433,False,False,False,False,low
EQT,2024-02-16,0.9652396924340678,0.9696817319492584,0.00460200668290911,34.70000076293945,33.64795683844772,0.006088694527485838,0.010718721423300437,False,False,False,False,low
HSY,2024-02-16,0.9274306640958192,0.9340754231957412,0.007164696356465772,191.16000366210935,178.55786131878423,-0.00737354946227009,-0.0002616823487706643,False,False,False,False,low
JNJ,2024-02-16,0.9301993487950692,0.9372619621043772,0.007592580362969059,156.55000305175784,146.72836302773678,-0.008675247803142883,-0.001148534956287972,False,False,False,False,low
PRU,2024-02-16,0.8852657466883035,0.8959226261350358,0.01203805691861315,107.27999877929688,96.1145782381111,-0.018391455022349623,-0.006574795486111729,False,False,False,False,low
PSX,2024-02-16,0.918978923480015,0.9256187867616168,0.007225261768200042,143.80999755859375,133.11323546437663,-0.017489906702149893,-0.010391014088174222,False,False,False,False,low
ROK,2024-02-16,0.959559600237474,0.9638412740842428,0.0044621239219628794,279.7200012207031,269.60568236340845,-0.005899508256817065,-0.0014637086717748105,False,False,False,False,low
SO,2024-02-16,0.918397274514608,0.9281186667775458,0.010585171072154953,66.4800033569336,61.701332083003976,-0.005237145960370948,0.005292589025863492,False,False,False,False,low
UPS,2024-02-16,0.8657613754371916,0.8754702504952347,0.011214262189902291,148.41000366210938,129.9285430820656,0.009729269125991591,0.021052637890788928,False,False,False,False,low
AFL,2024-02-20,0.9478851206865484,0.9538935865776222,0.00633881233067779,78.77999877929688,75.1477355861642,-0.007558560026219463,-0.0012676599890379947,False,False,False,False,low
MPC,2024-02-20,0.9503364589014934,0.954970549056758,0.004876262624524896,164.2899932861328,156.89210509298934,-0.03364508796847898,-0.028932887628913773,False,False,False,False,low
TGT,2024-02-20,0.9121693048772744,0.9189254285494166,0.007406655361036574,149.8899993896484,137.73773192440447,0.0018715244846905232,0.009292041582585009,False,False,False,False,low
YUM,2024-02-20,0.9527908613039702,0.9575590356094754,0.0050044290926338775,133.9499969482422,128.26502989765098,-0.004459354068426236,0.0005227585029732307,False,False,False,False,low
AMAT,2024-02-21,0.9799758443669472,0.981636540935786,0.0016946301058182733,190.3300018310547,186.83488463373834,0.006291648753549595,0.007996940876760839,False,False,False,False,low
MAR,2024-02-21,0.9767496606034248,0.9788449294081788,0.0021451441339221944,243.3500061035156,238.2019195458756,0.0016876745615750366,0.0038364390006830895,False,False,False,False,low
META,2024-02-21,0.9922136347994496,0.9932663497828744,0.001060976131050273,468.0299987792969,464.87844847639536,-0.007885535179020908,-0.006832925412576185,False,False,False,False,low
CMI,2024-02-22,0.951710185592436,0.9578241459055667,0.006424182913756349,262.8800048828125,251.7928161525311,-0.001177847014393163,0.005238769194698012,False,False,False,False,low
HLT,2024-02-22,0.9940190665374576,0.9947687488349066,0.0007541930760548432,202.4499969482422,201.39093016583354,0.017132253703441735,0.017899367806616828,False,False,False,False,low
MCHP,2024-02-22,0.937615444969343,0.9426972463309924,0.005419920703007897,83.9000015258789,79.09230040561211,0.005031123048109265,0.010478312039085225,False,False,False,False,low
MCO,2024-02-22,0.9801200534320572,0.9823416771497576,0.0022666853003578957,381.8999938964844,375.1562805077547,0.016069836588942454,0.01837294715167559,False,False,False,False,low
RTX,2024-02-22,0.9520349491354368,0.9583025844281554,0.006583408832218085,89.52999877929688,85.7968292140498,-0.007537970425418483,-0.001004187134275969,False,False,False,False,low
WAB,2024-02-22,0.987665905336822,0.9891197819695828,0.0014720328249713255,137.82000732421875,136.32049559557757,0.012935541652255633,0.014426616019148186,False,False,False,False,low
WELL,2024-02-22,0.9534501699554117,0.9596611415826932,0.006514206848976745,93.81999969482422,90.03540801042294,-0.004562337455445986,0.001922149383631222,False,False,False,False,low
ATO,2024-02-23,0.9421128136653988,0.948801526660788,0.007099694323619232,112.76000213623048,106.9868621731292,-0.012522990407233925,-0.005512205487523625,False,False,False,False,low
DAL,2024-02-23,0.9723823878584448,0.9746965429850984,0.002379881778556525,41.720001220703125,40.66434096315342,-0.00949662206374946,-0.007139341123000298,False,False,False,False,low
NOC,2024-02-23,0.9593643796712418,0.963305706885274,0.004108269284901711,461.1000061035156,444.18026732435123,0.008861215225284047,0.013005888768522711,False,False,False,False,low
SHW,2024-02-23,0.978228312804843,0.9804147520813976,0.0022351012007468807,322.0299987792969,315.7229614159771,0.004397740888224977,0.006642671484911711,False,False,False,False,low
NEE,2024-02-26,0.9359289397765922,0.9444954990394476,0.009153001791888382,55.150001525878906,52.0889282132113,-0.028707243544575434,-0.019816999204290586,False,False,False,False,low
SPGI,2024-02-26,0.9804241711367734,0.9824640636124068,0.002080622383338726,433.4100036621094,425.8097534081441,-0.011089021546969113,-0.00903147123007031,False,False,False,False,low
EA,2024-02-27,0.988203066178856,0.989521860578148,0.0013345378540379205,139.5,138.03829955065163,-0.02160192026581842,-0.02029621099209533,False,False,False,False,low
EQIX,2024-02-27,0.9482318081228488,0.9528572010714924,0.004877913722173277,873.0499877929688,831.8919677639088,-0.005207273477866203,-0.00035476038644566277,False,False,False,False,low
CSX,2024-02-28,0.9647886146629956,0.9678481156694404,0.0031711620140890684,37.68000030517578,36.46851729378832,-0.0073761534786602745,-0.004228382442292955,False,False,False,False,low
GLW,2024-02-28,0.9501098060549754,0.958384493842652,0.00870919101659906,32.09000015258789,30.75455855364857,-0.010484124248793969,-0.001866241472919583,False,False,False,False,low
GS,2024-02-28,0.9476362834796114,0.954351778134244,0.007086574007037827,393.1799926757813,375.23202513694093,0.00606431547809172,0.01319386470556716,False,False,False,False,low
QCOM,2024-02-28,0.94956358219467,0.9543868453259676,0.005079452520862171,155.85000610351562,148.74119566916707,-0.015476922937526005,-0.010476084711894096,False,False,False,False,low
UNP,2024-02-28,0.9456635524804252,0.9505420957820496,0.005158857279450313,253.9900054931641,241.4281921291665,0.002763678888176635,0.007936793592577152,False,False,False,False,low
AJG,2024-02-29,0.9795960395748856,0.9819963423041004,0.0024502985233141317,243.92999267578125,239.53836058588317,-0.006273713843905737,-0.003838787792359022,False,False,False,False,low
BAC,2024-02-29,0.9477516577161034,0.9544278498421602,0.0070442420983416465,34.52000045776367,32.94684981345377,0.00612063760032755,0.01320799495172209,False,False,False,False,low
CTVA,2024-02-29,0.97405621197956,0.9769220081472196,0.0029421260625559498,53.52000045776367,52.2848663232386,-0.0187018782662558,-0.0158147754871657,False,False,False,False,low
D,2024-02-29,0.8897230551526852,0.9021877521372806,0.014009636945348403,47.83000183105469,43.15164183668124,-0.010754843008831338,0.003104122490559247,False,False,False,False,low
GM,2024-02-29,0.9772574381138082,0.9801523102544696,0.0029622410920184805,40.97999954223633,40.166641225550045,0.008614286608910726,0.011602045294700547,False,False,False,False,low
HON,2024-02-29,0.9482276933742272,0.9534393906286492,0.005496250838104455,187.3044281005859,178.58341979027028,0.005871332987859468,0.011399854144819255,False,False,False,False,low
LMT,2024-02-29,0.9354980292984728,0.942361868454242,0.007337096328162485,428.239990234375,403.55703734409195,-0.009803969303189719,-0.0025388056422029903,False,False,False,False,low
MCD,2024-02-29,0.9423944662573116,0.947756240654664,0.00568952237023046,292.2799987792969,277.0101928616162,-0.009858069846681139,-0.00422463518537064,False,False,False,False,low
MCK,2024-02-29,0.9892183809713534,0.9903909511244328,0.001185350146777564,521.4099731445312,516.3997192283772,-0.0043347455755397,-0.0031545336200664575,False,False,False,False,low
O,2024-02-29,0.8786327894637445,0.8829951615851338,0.004964954840863456,52.11000061035156,46.0128784091388,0.001730106724258107,0.006703651466877458,False,False,False,False,low
PEP,2024-02-29,0.9234865314117274,0.9305338397746052,0.007631197774053744,165.33999633789062,153.85446166061652,-0.01011795757503009,-0.0025639719363009794,False,False,False,False,low
TMUS,2024-02-29,0.9604685584059528,0.9642950882835432,0.0039840240933457505,163.3000030517578,157.46939085949768,-0.0030525029956318672,0.0009193598522343471,False,False,False,False,low
TPL,2024-02-29,0.9713791064399544,0.973588585158738,0.002274579208195293,175.04666137695312,170.42343138674852,0.021494297610241908,0.02381776730087637,False,False,False,False,low
TT,2024-02-29,0.9804817266465564,0.9833939654785402,0.00297021224652938,281.9700012207031,277.2875976464161,-0.005887792065602193,-0.0029350678111711437,False,False,False,False,low
ALL,2024-03-01,0.9508103026454156,0.956325537831596,0.0058005631310846795,155.14999389648438,148.37390135762425,-0.027394748363425037,-0.021753090199682745,False,False,False,False,low
EXC,2024-03-01,0.9098879951684884,0.9196385526238724,0.010716217278565532,35.4900016784668,32.63797377620401,-0.009765582383676974,0.0008459847922133168,False,False,False,False,low
HIG,2024-03-01,0.9574348387864512,0.9621532743988276,0.004928205472820579,94.4499969482422,90.8753738307105,-0.014503333083902503,-0.009646603016560285,False,False,False,False,low
MLM,2024-03-01,0.9863052036442124,0.987570016601748,0.0012823748195409657,589.9500122070312,582.6169433494993,0.02118708308465922,0.022496627686047432,False,False,False,False,low
MTB,2024-03-01,0.9267308443614122,0.9354329556607928,0.009390117262555453,136.91000366210938,128.07012938517693,-0.020251908686185982,-0.011051959220984453,False,False,False,False,low
NKE,2024-03-01,0.9457738930797108,0.9491529446337884,0.0035727900492943387,101.87999725341795,96.69969939236393,-0.019724844084848314,-0.016222526762224243,False,False,False,False,low
VMC,2024-03-01,0.9817988507297626,0.9835007883787086,0.0017334891436071587,267.42999267578125,263.01760863274313,0.005943150408092901,0.007686941938411351,False,False,False,False,low
ADI,2024-03-04,0.9617123104859936,0.966244182272586,0.004712294661490146,194.66000366210935,188.08909605967344,-0.007646818780569498,-0.0029705581823965543,False,False,False,False,low
FANG,2024-03-04,0.9203436321354403,0.9359110385373468,0.01691477602315339,178.88999938964844,167.4251251127112,-0.033914774755071986,-0.017573659550776388,False,False,False,False,low
NEM,2024-03-04,0.9552322468627328,0.96276807534462,0.007889001346674585,33.47999954223633,32.23347472181763,0.048215372023447944,0.056484744504945894,False,False,False,False,low
CI,2024-03-05,0.953210878800055,0.9571898184204022,0.0041742490658058795,332.7300109863281,318.48577879902183,-0.012084254614470047,-0.007960448237199436,False,False,False,False,low
HAL,2024-03-05,0.9424078305530068,0.9469839491590792,0.0048557731140530525,35.18000030517578,33.314895620412976,0.0,0.0048557731140530525,False,False,False,False,low
NVDA,2024-03-05,0.9982255930166928,0.9982724607985788,4.6951092231850566e-05,85.96399688720703,85.81549071267354,0.008529129129989377,0.008576480674149733,False,False,False,False,low
ODFL,2024-03-05,0.9850755689674764,0.986224798453179,0.0011666409379202936,215.0399932861328,212.0777740379893,-0.03619215206607285,-0.03506773437438426,False,False,False,False,low
BLK,2024-03-06,0.951760423678492,0.9576665637048616,0.006205490246739442,830.4000244140625,795.2463378810484,0.004184126977097691,0.01041558178298474,False,False,False,False,low
HD,2024-03-06,0.9389809733605068,0.9445969802030696,0.005980959148153664,377.44000244140625,356.52868651399154,-0.002668806270436974,0.003296190856438841,False,False,False,False,low
IR,2024-03-06,0.9976607259679882,0.9978826399474444,0.00022243431427138027,90.23999786376952,90.04892729715007,0.0030009629810281435,0.0032240648124426396,False,False,False,False,low
ADP,2024-03-07,0.9494540081006146,0.9549384375408674,0.00577640348396069,244.25,233.24371336935687,0.002010196522015173,0.007798211712169101,False,False,False,False,low
AME,2024-03-07,0.9855277543001744,0.9870600293052376,0.0015547761068903654,181.5800018310547,179.23036192860593,0.006764256024476278,0.008329549035014372,False,False,False,False,low
BDX,2024-03-07,0.9563842938026904,0.9602564343953236,0.004048728756551601,186.8081817626953,179.38375853531932,0.008573898145962211,0.012657340290492813,False,False,False,False,low
BKNG,2024-03-07,0.9816613483586716,0.9841736172720325,0.00255920121288411,139.1103973388672,136.90878294914265,0.014506850648899006,0.0171031778115589,False,False,False,False,low
CEG,2024-03-07,0.9847203545243526,0.986655399681058,0.0019650707409617496,179.5800018310547,177.1835784813444,-0.0022224353038095,-0.0002617318054367601,False,False,False,False,low
CME,2024-03-07,0.9157070856650787,0.92052574038297,0.0052622228148331285,213.52999877929688,196.55986022028694,-0.028039526576783214,-0.02292485399841937,False,False,False,False,low
ELV,2024-03-07,0.9620777200807474,0.96519445721742,0.003239589766626194,501.5799865722656,484.1222228907387,-0.006319714941135035,-0.003100598458360193,False,False,False,False,low
FIX,2024-03-07,0.992180546125032,0.992972197956453,0.0007978909025305736,314.260009765625,312.05145262678906,0.00239226811469484,0.0031920677861905222,False,False,False,False,low
KMB,2024-03-07,0.9154733243695172,0.924510141597575,0.009871196666796811,125.9000015258789,116.39582823782523,0.008733306534786323,0.018690711387939762,False,False,False,False,low
LHX,2024-03-07,0.9582113726789284,0.9633946657108706,0.00540934200921761,213.02000427246097,205.22233580579575,-0.011966612977811764,-0.0066220024708831815,False,False,False,False,low
OXY,2024-03-07,0.9583097111731445,0.961773296098978,0.0036142646635537456,61.04999923706055,58.71625899306781,-0.0006547866332857755,0.0029571114580770885,False,False,False,False,low
PEG,2024-03-07,0.9309828431834014,0.939671493990929,0.009332772210729035,65.26000213623047,61.3229637052029,0.00570199953863848,0.015087987212207388,False,False,False,False,low
SPG,2024-03-07,0.8949910462220934,0.9065972501567774,0.012967955359638239,149.6999969482422,135.71760558175433,-0.01720069754460929,-0.004455800062884263,False,False,False,False,low
TRV,2024-03-07,0.9628685500020316,0.9672527181972888,0.004553236467478294,219.3999938964844,212.2152404688431,-0.0055298760207798114,-0.0010018183864601848,False,False,False,False,low
WMB,2024-03-07,0.9184898474112932,0.9305902413370168,0.013174227194593158,35.91999816894531,33.42679976486402,-0.016698621153452553,-0.003744385387771332,False,False,False,False,low
EBAY,2024-03-08,0.960302882874715,0.9654361305889096,0.005345446531231923,50.369998931884766,48.62901686656634,-0.008074042088777378,-0.0027717549178221113,False,False,False,False,low
ETN,2024-03-08,0.9695218449713854,0.9725577729687958,0.003131366263851465,297.489990234375,289.32620238285256,-0.012087851059060184,-0.00899433628421753,False,False,False,False,low
FDX,2024-03-08,0.9533712247719208,0.9581959547795286,0.0050607044582891,199.58097839355472,191.2376861476446,-0.010230171480287709,-0.005221238896418123,False,False,False,False,low
UNH,2024-03-08,0.9535074467268214,0.9572661700953176,0.003941996867878661,476.5700073242187,456.2043456935523,-0.004615880907123948,-0.0006920798273235551,False,False,False,False,low
AEE,2024-03-12,0.9328337744822828,0.9413978733237872,0.009180734098374055,72.31999969482422,68.08189391148446,-0.018058408737267384,-0.009043464087750142,False,False,False,False,low
LRCX,2024-03-12,0.979772437151168,0.9818812410608816,0.0021523405127064077,95.08300018310548,93.36021422357965,0.02108029830997271,0.023278010802751714,False,False,False,False,low
PSA,2024-03-12,0.9134736449716484,0.9229665362924084,0.010392080136099269,290.55999755859375,268.1771545317859,-0.003839807821280239,0.0065123687242327755,False,False,False,False,low
AIG,2024-03-13,0.9529358138350278,0.9574778224283402,0.0047663321362994004,75.48999786376953,72.27999876972211,-0.005270806813756135,-0.0005295970933573146,False,False,False,False,low
CRM,2024-03-13,0.9855307741322028,0.9868180846279504,0.0013062103483081344,304.67999267578125,300.66372679677244,-0.006327057831518101,-0.00502911195162381,False,False,False,False,low
LIN,2024-03-13,0.9684982240540968,0.9713620341059712,0.002956959528419789,474.8900146484375,461.29013060552074,0.007253936451692589,0.010232345576621782,False,False,False,False,low
NDAQ,2024-03-13,0.9709879316911626,0.974576907373924,0.0036962103911122313,59.540000915527344,58.02630995729524,-0.003347853319721983,0.0003359827011617522,False,False,False,False,low
CB,2024-03-14,0.977548509848188,0.9807900833779848,0.003316023191831441,257.6300048828125,252.6809539696843,-0.009915017320582087,-0.006631872556133067,False,False,False,False,low
CCI,2024-03-14,0.885163713467389,0.897928273406274,0.014420563952947552,106.19000244140624,95.35100554521992,-0.03542550664198807,-0.021515798473136893,False,False,False,False,low
CRH,2024-03-14,0.9695337584030936,0.9735561531685756,0.004148792892067155,84.55999755859375,82.32390593508867,-0.0017707652874523472,0.002370681066176772,False,False,False,False,low
DLR,2024-03-14,0.9342522460823858,0.9422390555110176,0.008548879022900913,142.80999755859375,134.5611572171401,-0.007781526951859297,0.0007008287385168455,False,False,False,False,low
DVN,2024-03-14,0.9349862452483436,0.943744773125628,0.009367547300076051,47.86000061035156,45.16762541780865,0.009491684547305868,0.01894814565133629,False,False,False,False,low
GILD,2024-03-14,0.9293330618185792,0.9388525763440064,0.010243383041596221,74.20999908447266,69.67224883094352,-0.02278118648031946,-0.01277115985798305,False,False,False,False,low
GRMN,2024-03-14,0.963533501281341,0.9682981867503746,0.004945012770907642,147.02999877929688,142.36888121590295,-0.008897925648197691,-0.003996913233254906,False,False,False,False,low
HCA,2024-03-14,0.983398968060046,0.9854195358615464,0.0020546775694572084,324.7799987792969,320.04455565420835,0.008946893250761034,0.011019953801097104,False,False,False,False,low
HPE,2024-03-14,0.9420413207442272,0.9489332171252326,0.007315917284350881,17.530000686645508,16.634799947786057,-0.02067033183071909,-0.013505636984281866,False,False,False,False,low
ICE,2024-03-14,0.9735857675982164,0.9767829829924886,0.003283958641013829,135.4499969482422,132.30525206542748,-0.014694146028397137,-0.011458442355205545,False,False,False,False,low
IRM,2024-03-14,0.9308570152169664,0.938472576581809,0.008181236473861153,78.05000305175781,73.24778746620122,-0.025592952077590825,-0.017621097596740465,False,False,False,False,low
KO,2024-03-14,0.9361182994030623,0.9436061636886214,0.007998844046029019,60.5,57.08817290316159,-0.010143961759157216,-0.0022262576812485113,False,False,False,False,low
MRK,2024-03-14,0.9312633791558762,0.937170661390284,0.006343299185416651,120.51000213623048,112.93843840615567,-0.013506888313811305,-0.007249267362033129,False,False,False,False,low
MSI,2024-03-14,0.976755919545399,0.9795491530505218,0.0028597047115137553,342.69000244140625,335.68170165036076,-0.002880558238689601,-2.9091073142750723e-05,False,False,False,False,low
ROST,2024-03-14,0.9772524841939468,0.9797036793156828,0.002508251614993684,146.02000427246094,143.0563354394217,-0.00727440405241242,-0.0047843984731315015,False,False,False,False,low
TMO,2024-03-14,0.992790728877702,0.99344360655767,0.0006576186309736887,584.9099731445312,581.075073232253,-0.014174533263449973,-0.013526236069635766,False,False,False,False,low
WM,2024-03-14,0.967556632479692,0.9710079376295369,0.0035670316692468784,210.30999755859375,204.21267699224305,-0.0032701537507404677,0.0002852131765140875,False,False,False,False,low
WMT,2024-03-14,0.9749216018345096,0.9782420345649327,0.0034058458897363586,61.02000045776367,59.69232939695586,-0.004242792537734852,-0.0008513969455242743,False,False,False,False,low
XEL,2024-03-14,0.9257276959149452,0.9356841170102598,0.010755237354624247,51.880001068115234,48.54329298991074,0.007378661516800777,0.01821325812739749,False,False,False,False,low
DTE,2024-03-15,0.9261836719926684,0.934901180338936,0.009412288955075176,108.4800033569336,101.41808318156896,-0.008318822906959067,0.0010151668831497318,False,False,False,False,low
HBAN,2024-03-15,0.911567739786942,0.9225164834255216,0.012010894155972007,13.050000190734863,12.038840284659113,-0.0007657142848797038,0.011235982957862989,False,False,False,False,low
PLD,2024-03-15,0.92768746071717,0.9345491755780776,0.007396580369430694,129.02000427246094,120.57553862590842,-0.013231324876015749,-0.005932611064424553,False,False,False,False,low
APH,2024-03-18,0.982110570894067,0.9840913297814609,0.0020168389854420266,54.79499816894531,53.923282613450105,0.002653186441316846,0.0046753764766094275,False,False,False,False,low
ECL,2024-03-18,0.9776063300592102,0.980070597610346,0.0025207156248534535,228.1199951171875,223.57369994137116,0.00626377674486478,0.008800281569629531,False,False,False,False,low
VRT,2024-03-18,0.997144841074146,0.9974812315006548,0.00033735362472153696,77.13999938964844,76.94570158914628,0.04018332767507182,0.040534237291038,False,False,False,False,low
VST,2024-03-19,0.9832768748826544,0.986672101816324,0.0034529714065276718,63.68000030517578,62.83127974477194,0.019206158318363142,0.022725448040393337,False,False,False,False,low
AVGO,2024-03-20,0.9758262927094556,0.9799821665122264,0.004258825401426414,127.5999984741211,125.04572295162596,0.03068631024700119,0.035075823285983576,False,False,False,False,low
NXPI,2024-03-20,0.9601886852944684,0.9643254109123468,0.004308242412385477,241.27000427246097,232.66279601086458,0.020687026350104,0.025084393486797252,False,False,False,False,low
PM,2024-03-20,0.9116316452305246,0.924282332475436,0.013876972471389415,93.63999938964844,86.54979704886266,-0.014108274583329306,-0.0004270822499516935,False,False,False,False,low
SRE,2024-03-20,0.9320258365695794,0.9402257630316316,0.008797960464522081,69.7699966430664,65.5995483304415,-0.01856800904237299,-0.009933409187310671,False,False,False,False,low
STX,2024-03-20,0.9514060355281942,0.9591618800761446,0.008151981654861418,87.41999816894531,83.8499297999787,0.009818626280668763,0.01805064919684618,False,False,False,False,low
MDT,2024-03-21,0.9298192847362152,0.937516807239041,0.008278514577173546,83.41000366210938,78.1982803250975,-0.00749639750779163,0.0007200580333373008,False,False,False,False,low
JCI,2024-03-22,0.9686381587896784,0.9742024738055172,0.005744472242133591,63.75,62.10540770510172,-0.015899950582062283,-0.010246815164698608,False,False,False,False,low
MO,2024-03-22,0.8451491773861772,0.8639857158965673,0.02228782682915975,42.97999954223633,37.13410567373319,-0.04382650027288448,-0.022515470892334855,False,False,False,False,low
DE,2024-03-27,0.9690314573876492,0.9726191381683256,0.003702336754214608,409.1400146484375,397.9374084375394,0.026648664878893502,0.030449663964539964,False,False,False,False,low
DHR,2024-03-27,0.9873846923479076,0.9884588426636032,0.001087874183203441,248.77000427246097,245.89891051257638,0.0012476758843156244,0.00233690738190262,False,False,False,False,low
FITB,2024-03-27,0.9215005574968324,0.9305399102103624,0.009809383879359368,36.7400016784668,34.18803786300906,0.019705881854703122,0.029708568293856485,False,False,False,False,low
ITW,2024-03-27,0.947529914065871,0.9525530211433728,0.005301264902495273,268.2099914550781,255.48423766137287,0.010245211950559385,0.01560078943558696,False,False,False,False,low
KDP,2024-03-27,0.9356718264861638,0.9422642638101842,0.007045672571736938,30.59000015258789,28.82386397373165,-0.004555788862151355,0.0024577851129565786,False,False,False,False,low
MDLZ,2024-03-27,0.935673660471425,0.9413858962820368,0.006104944546300395,70.0999984741211,65.9911498929299,0.0008566184724370096,0.006966792627008722,False,False,False,False,low
MPWR,2024-03-27,0.9830362758342336,0.9848832947557712,0.0018788919259058456,673.1400146484375,662.9643554589012,0.009977680852677251,0.011875319762576497,False,False,False,False,low
NUE,2024-03-27,0.96637232069835,0.9690689832651987,0.0027905006270254606,198.55999755859375,192.41833495124678,0.023188704816103467,0.02604391353845803,False,False,False,False,low
PCG,2024-03-27,0.9862606460720456,0.9868667531041958,0.0006145505597978662,16.739999771118164,16.520149221088364,0.028255470827467155,0.028887385802679466,False,False,False,False,low
SYK,2024-03-27,0.9791306731773816,0.9813713538425618,0.002288438843314866,358.7099914550781,352.02770995112377,0.023774149369772513,0.02611699389997213,False,False,False,False,low
USB,2024-03-27,0.9060408399261553,0.9163558264296988,0.011384681626916748,44.0,40.31965636290675,0.010797179735430262,0.022304783816103457,False,False,False,False,low
APD,2024-03-28,0.9428607636086668,0.949775992980312,0.0073343060169119845,242.27000427246097,230.10223387722104,-0.0034142402723807974,0.003895024661558333,False,False,False,False,low
CAH,2024-03-28,0.9671560465210246,0.9714807235561312,0.004471540089795223,111.9000015258789,108.70869444829303,-0.0056868614220895175,-0.0012407503611283621,False,False,False,False,low
MU,2024-03-28,0.9920768816933728,0.9930344642771288,0.0009652302169580462,117.88999938964844,117.06883238753058,-0.011404617277581242,-0.010450395141832436,False,False,False,False,low
O,2024-03-28,0.8829952827927415,0.8872359237084615,0.004802563499895163,54.099998474121094,47.999462118813184,0.006137214311847217,0.01096925217318745,False,False,False,False,low
STT,2024-03-28,0.9315168531702768,0.9399530532495612,0.00905641164791926,77.31999969482422,72.67716979040517,0.005723236955327726,0.014831480593073154,False,False,False,False,low
VTR,2024-03-28,0.93419170847207,0.9439272804753522,0.010421385583913478,43.540000915527344,41.098594656088075,-0.0020628042719362805,0.008337084033275266,False,False,False,False,low
A,2024-04-01,0.982935553646356,0.9845324977152464,0.001624668131055218,145.55999755859375,143.30854796378748,0.0003436399810698987,0.0019688664130510514,False,False,False,False,low
RSG,2024-04-01,0.9756526511237492,0.978386905700299,0.0028024877228596257,189.8300018310547,185.72718810056767,-0.008409948755847552,-0.005631029811126176,False,False,False,False,low
CMCSA,2024-04-02,0.9200961693225728,0.9268922475948448,0.0073862694997151035,39.18463134765625,36.319931021004514,-0.01111635566908531,-0.003812194568196703,False,False,False,False,low
CSCO,2024-04-03,0.9413102339247462,0.9490006141171072,0.00816986782380602,48.7400016784668,46.25429152493383,-0.012560756163255471,-0.004493508057070383,False,False,False,False,low
MRSH,2024-04-03,0.9636883200288612,0.9670694336661988,0.0035085136626293867,203.5,196.79862975107145,0.00206814144750056,0.00558391121265478,False,False,False,False,low
PGR,2024-04-03,0.9197485623113526,0.9201867686310916,0.0004764414294247121,210.77000427246097,193.94776915583722,0.0035233323690189167,0.004001452459953869,False,False,False,False,low
AXP,2024-04-04,0.9755367877567104,0.9785592433740896,0.0030982487337352094,219.58999633789065,214.8818206689254,-0.03106388559874118,-0.0280618805092272,False,False,False,False,low
BMY,2024-04-04,0.8973530619742559,0.907791348060559,0.011632306757094923,51.400001525878906,46.6604766754924,-0.014948232555290097,-0.0034898082247546425,False,False,False,False,low
JPM,2024-04-04,0.9531294328782468,0.9586892742191044,0.005833249031108156,195.6499938964844,187.56755064959285,-0.013363636482555896,-0.007608340871011698,False,False,False,False,low
ROP,2024-04-04,0.9852607065433028,0.9866193650106572,0.0013789837129718485,537.280029296875,530.09088133779,-0.01358589167660329,-0.012225642686979676,False,False,False,False,low
SYY,2024-04-04,0.9397008703491768,0.945614628061357,0.006293234260794867,76.5500030517578,72.3868026638837,-0.04252650439355821,-0.0365008993872048,False,False,False,False,low
MA,2024-04-08,0.98694590829892,0.9883129499160662,0.0013851231416546206,478.8500061035156,473.25366209949186,0.003562846544644449,0.004952904667498315,False,False,False,False,low
PWR,2024-04-08,0.9973479158736606,0.9976891307427964,0.0003421222060076001,262.260009765625,261.6539611716637,-0.0035714376816473603,-0.003230537343778095,False,False,False,False,low
INTU,2024-04-09,0.98416044692007,0.9855350788753524,0.001396755945216377,644.0900268554688,634.7733154198322,-0.001844164374190993,-0.00044998427652831463,False,False,False,False,low
ORCL,2024-04-09,0.9759821011837962,0.9791316283631591,0.003227033749433339,123.2300033569336,120.65839385007196,-0.009006796388667304,-0.005808827875154465,False,False,False,False,low
T,2024-04-09,0.8960204188363197,0.9106972008614584,0.01637996380060147,16.899999618530273,15.390782347155236,-0.020289877186650762,-0.004242260839885215,False,False,False,False,low
VZ,2024-04-09,0.8637265431296911,0.8777134530659253,0.016193678482489426,40.84000015258789,35.84581755714083,-0.02132756768299604,-0.005479260974378564,False,False,False,False,low
ACN,2024-04-10,0.9656793370211346,0.9694184510073238,0.003872003720948758,324.3999938964844,314.4793395899152,-0.03004938838012572,-0.026293736002797052,False,False,False,False,low
AMT,2024-04-11,0.9252062757758226,0.9335174967751636,0.008983100544115663,178.63999938964844,166.76356505414137,-0.01824580787930752,-0.00942661126188038,False,False,False,False,low
GD,2024-04-11,0.957187639611692,0.9618969726227928,0.0049199684745315775,287.5,276.54537962905295,-0.008757441973831992,-0.0038805598377291695,False,False,False,False,low
ABBV,2024-04-12,0.9258550573013632,0.9345014499411072,0.009338818826508444,162.27999877929688,151.65089415569403,-0.031279879175752145,-0.022233177473781174,False,False,False,False,low
ABT,2024-04-12,0.955980274796969,0.960721239556048,0.0049592704829457546,109.11000061035156,104.8242950343381,-0.020995930031091348,-0.01614078404421071,False,False,False,False,low
FCX,2024-04-12,0.9716253141507551,0.9745061480430528,0.00296496380893041,49.470001220703125,48.20882033327252,-0.02502957066914402,-0.02213881863140077,False,False,False,False,low
GE,2024-04-12,0.9863794398214124,0.9881340049205884,0.001778793259816558,154.6300048828125,152.79516600574365,-0.019342896592087544,-0.01759851034635429,False,False,False,False,low
PNC,2024-04-12,0.9234437208266336,0.9328275974067112,0.010161828347998725,150.6300048828125,140.51182555219515,-0.022390945659677697,-0.012456650258022006,False,False,False,False,low
EME,2024-04-15,0.9950183011518028,0.99572558799517,0.0007108279742678025,347.2699890136719,345.78561400371467,-0.013101102094948303,-0.012399586750543201,False,False,False,False,low
EOG,2024-04-15,0.9304543631341836,0.9367550908889836,0.006771667697463846,132.38999938964844,124.0170059110426,-0.021435390940932386,-0.014808876587885766,False,False,False,False,low
GEHC,2024-04-18,0.996229454521522,0.996580375467646,0.00035224911744102805,84.97000122070312,84.67943572001465,-0.002582476985541149,-0.0022311375433390346,False,False,False,False,low
PG,2024-04-18,0.9427548509193386,0.9488423584718556,0.006457147949523234,157.2899932861328,149.24340819363658,0.0021023608444867836,0.008573084049026347,False,False,False,False,low
ZTS,2024-04-18,0.9710352154612104,0.9738040346707478,0.0028514096764475916,153.11000061035156,149.09913634280102,0.007700395880910316,0.010573762540685205,False,False,False,False,low
CAT,2024-04-19,0.96994453749427,0.9734801852739488,0.0036452061360257026,354.6600036621094,345.2544860742496,-0.009135834047396707,-0.005523929909698189,False,False,False,False,low
CL,2024-04-19,0.9492816392873752,0.9547872765502404,0.00579979326999136,87.12999725341797,83.19061278342087,0.004843710914310462,0.010671596706264497,False,False,False,False,low
CVS,2024-04-19,0.9132503528612028,0.9220873103306708,0.009676380021953257,69.75,64.31558989556429,0.005188076286469334,0.014914658106153444,False,False,False,False,low
DELL,2024-04-22,0.9642814563566096,0.968031490020686,0.0038889409719080614,115.54000091552734,111.84635924324935,0.00583266434165064,0.00974428820089246,False,False,False,False,low
LOW,2024-04-23,0.9579679512877642,0.9625468458005916,0.004779799268516349,233.55999755859375,224.81243895521828,0.01007655526578044,0.01490451844578522,False,False,False,False,low
FAST,2024-04-24,0.9526751528565836,0.9582106487258504,0.005810475745765764,33.869998931884766,32.45459364886516,0.0034068392869393005,0.009237110389751502,False,False,False,False,low
BK,2024-04-25,0.950055574609552,0.9569915900196702,0.007300641768213101,57.18000030517578,54.720779409375396,-0.013287324376639265,-0.006083688603758186,False,False,False,False,low
COST,2024-04-25,0.9877022454938988,0.9892874361258118,0.001604927638005238,721.8599853515625,714.1270141502633,-0.0028043338847005828,-0.0012039069996530039,False,False,False,False,low
BX,2024-04-26,0.9334337803548616,0.9397567449989124,0.006773875958985487,122.48999786376952,115.11080168737978,-0.007052551412755403,-0.00032644856223418284,False,False,False,False,low
KMI,2024-04-29,0.9025463303213348,0.916679219467216,0.01565890710657425,18.600000381469727,17.05023383177559,-0.004282651092028522,0.011309194378925858,False,False,False,False,low
MS,2024-04-29,0.93753413821303,0.9461979838022432,0.009241098788921764,92.11000061035156,87.15429686553804,-0.007756126322322698,0.001413297337035102,False,False,False,False,low
TRGP,2024-04-29,0.9527076776381224,0.9588616135039246,0.006459416681787067,117.19999694824219,112.37857817644655,0.00290943296350199,0.009387642885108072,False,False,False,False,low
AON,2024-04-30,0.9851530857270044,0.9875250299836908,0.0024076910391404027,282.010009765625,278.49194334949976,0.003451470222070041,0.0058674713351360985,False,False,False,False,low
NRG,2024-04-30,0.9654126877129928,0.9707687199149768,0.005547919837962878,72.66999816894531,70.54576109869075,-0.017308976769704887,-0.011857085747337459,False,False,False,False,low
O,2024-04-30,0.8872357674375009,0.8914544083594953,0.004754813857627216,53.540000915527344,47.728469839718265,-0.014177875866200007,-0.009490475169213086,False,False,False,False,low
OKE,2024-04-30,0.8947007658843397,0.9057134345526188,0.012308773042564614,79.12000274658203,71.66004942941944,-0.028248531983393388,-0.016287463709797945,False,False,False,False,low
DHI,2024-05-01,0.9764260337869444,0.9784860491374938,0.002109750538461075,142.47999572753906,139.4146881005667,-7.024889633733267e-05,0.0020393534344769204,False,False,False,False,low
ETR,2024-05-01,0.9340841613388708,0.9440852687525196,0.01070685900434687,53.4900016784668,50.49912261018805,0.002906207868282662,0.01364418323051253,False,False,False,False,low
CARR,2024-05-02,0.9705341467186646,0.9735607168455988,0.003118458157466142,60.939998626708984,59.328788747588604,-0.0029450312225363096,0.00016424297828998569,False,False,False,False,low
NSC,2024-05-02,0.9544222263587214,0.9600432492925728,0.005889450998324497,233.8000030517578,224.458114614423,0.013964789639746789,0.0199364855823565,False,False,False,False,low
AMP,2024-05-03,0.9709405221358934,0.9744031134616284,0.0035662239311198274,418.9500122070313,408.2261962793186,0.005930659708862418,0.009518033700563366,False,False,False,False,low
BKR,2024-05-03,0.9545436350346336,0.9608632016318054,0.006620510959608916,31.920000076293945,30.670753469395272,-0.0003131922576341539,0.006305245209200727,False,False,False,False,low
C,2024-05-03,0.9376881544875448,0.94583384138217,0.00868698922519373,61.52000045776367,58.187698354799466,-0.00032499930884177797,0.008359166650857786,False,False,False,False,low
ETN,2024-05-03,0.9725578942668354,0.9754660571860716,0.0029902208767000893,320.5,312.63687132813595,0.0165889909239072,0.0196288165475913,False,False,False,False,low
INTC,2024-05-06,0.9896765522352888,0.993696387830818,0.004061767035351105,30.969999313354492,30.774776448803273,0.0022653623200123985,0.0063363307293580196,False,False,False,False,low
LVS,2024-05-06,0.9553280788254398,0.9594220707319612,0.004285430311600225,47.02000045776367,45.112026205005385,0.0032003739982349177,0.007499519289575707,False,False,False,False,low
MET,2024-05-06,0.936016726547443,0.943306816617139,0.007788418585836565,71.19000244140625,67.15401457796928,0.009500933497360364,0.017363349330230538,False,False,False,False,low
EQT,2024-05-07,0.969681801594666,0.9734293279934676,0.0038646970507631995,40.5099983215332,39.433620443146566,-0.01291429293788382,-0.009099505716950396,False,False,False,False,low
F,2024-05-07,0.8730136101414327,0.8836170187165129,0.012145754031672285,12.170000076293944,10.753619185194589,-0.02639999389648462,-0.014574887697116568,False,False,False,False,low
KVUE,2024-05-07,0.9112769984272656,0.9209304247252864,0.010593295249063939,20.079999923706055,18.492282858222335,0.05241090167707729,0.06355940108187608,False,False,False,False,low
TXN,2024-05-07,0.9382320986723096,0.9449943494265812,0.007207439144153005,182.6699981689453,172.62211607941725,0.005504486211697079,0.012751598605240666,False,False,False,False,low
URI,2024-05-07,0.9803814683574408,0.9827256400548,0.002391081199532241,674.27001953125,662.6224365136102,-0.013273051435251482,-0.010913707179466492,False,False,False,False,low
RMD,2024-05-08,0.9792934084770004,0.9814726995667776,0.0022253709367516805,212.88000488281253,208.9359130761228,-0.01517393932146649,-0.01298233602827692,False,False,False,False,low
AEP,2024-05-09,0.9251044976692736,0.9341801750806058,0.009810434858113393,90.9499969482422,84.96368407268946,0.004084732940032643,0.013935240804567206,False,False,False,False,low
COR,2024-05-09,0.9817755140356268,0.9840147345713623,0.0022807867009548843,224.08999633789065,220.50785826652702,-8.926095402450596e-05,0.0021913221617333445,False,False,False,False,low
HWM,2024-05-09,0.9941448002045896,0.9947557792637606,0.0006145775334189807,82.02999877929688,81.59981535870479,0.007492024368335404,0.008111206331610887,False,False,False,False,low
IBM,2024-05-09,0.9371010957576488,0.9464037226947354,0.00992702599452766,166.27000427246094,157.3585510159266,-0.021365448819469002,-0.011650518190756798,False,False,False,False,low
PAYX,2024-05-09,0.9261457122278616,0.933696160331262,0.008152548787639047,121.3000030517578,113.25734709759662,0.0009076706670152479,0.009067619284050199,False,False,False,False,low
PFE,2024-05-09,0.863088803335757,0.8761049826475059,0.015080927085883378,28.18000030517578,24.68863867837274,-0.0031835921871439243,0.01184932337709399,False,False,False,False,low
PH,2024-05-09,0.9783415432344432,0.981223870847354,0.0029461363803295892,560.6900024414062,550.1624145409689,0.01041615681210617,0.013392980610962724,False,False,False,False,low
SCHW,2024-05-09,0.9706237358176184,0.9738102633884148,0.0032829689334892276,75.44000244140625,73.46424864748847,-0.012565432791876052,-0.009323715783878583,False,False,False,False,low
TFC,2024-05-09,0.8995806832832587,0.9116151192371243,0.013377828334355524,39.099998474121094,35.64414977115728,-0.007362298045720639,0.005917038729232882,False,False,False,False,low
WFC,2024-05-09,0.9500985508641804,0.9555607055730349,0.005749040143137041,61.279998779296875,58.556758871059635,0.0008165807191629071,0.006570315417634642,False,False,False,False,low
WMT,2024-05-09,0.9782419912033964,0.9816279781054248,0.003461297851120815,60.439998626708984,59.32959364863099,0.0023217146172431757,0.00579104861417945,False,False,False,False,low
AAPL,2024-05-10,0.9900689319386398,0.9914119818253504,0.0013565215949973286,183.0500030517578,181.47796629867966,-0.008235380680192916,-0.00689003055693127,False,False,False,False,low
COF,2024-05-10,0.9678337156542832,0.9719264392094198,0.00422874662138617,142.55999755859375,138.5578308008276,0.0004912068407003645,0.0047220306513544585,False,False,False,False,low
COP,2024-05-10,0.9326947535300248,0.9386281533454884,0.006361566625101123,121.91000366210938,114.42816161170745,-0.011994454452223802,-0.005709191348252207,False,False,False,False,low
EXC,2024-05-10,0.91963867340393,0.9288471327657584,0.010013127577317205,37.66999816894531,34.989669790516224,-0.01721898331804006,-0.007378271617437981,False,False,False,False,low
FIX,2024-05-10,0.9929723696133672,0.9938310766735008,0.0008647844455811349,344.79998779296875,342.67294310529604,-0.006941055042827493,-0.006082273113683367,False,False,False,False,low
GWW,2024-05-10,0.9813854937281457,0.983493869893586,0.002148366955609715,958.6799926757812,942.8558959862588,0.002583083889906801,0.0047370002575892745,False,False,False,False,low
KKR,2024-05-10,0.986125951338724,0.9878170852949204,0.001714926935956429,103.12999725341795,101.87357329334446,0.00890232852521744,0.010632522304154346,False,False,False,False,low
ROK,2024-05-10,0.963841351880669,0.9683157729648656,0.0046422796401772715,273.58999633789057,264.9215087793793,0.011423276665029736,0.016118586349893382,False,False,False,False,low
UPS,2024-05-10,0.8754702027386931,0.8852156337538325,0.011131653578446477,147.3699951171875,130.45422362396033,-0.004660289428501385,0.006419487422451686,False,False,False,False,low
WELL,2024-05-10,0.9596612320242326,0.965601258401124,0.006189711721876989,98.83000183105467,95.43037413585178,-0.003327973163244291,0.0028411393641341043,False,False,False,False,low
DAL,2024-05-13,0.9746964449083648,0.9765531103128507,0.0019048652677300382,52.9900016784668,51.74755095458993,0.007414509803409519,0.009333498713341326,False,False,False,False,low
WEC,2024-05-13,0.9247830828012004,0.9339112664692778,0.009870621379045819,84.87999725341797,79.2703857328484,-0.006438055130434939,0.003369018644000743,False,False,False,False,low
CTAS,2024-05-14,0.9812131890064504,0.9831362093392833,0.0019598394664670504,171.9250030517578,169.02569579094987,-0.0034921580555069553,-0.0015391626582202944,False,False,False,False,low
ED,2024-05-14,0.927349394765262,0.9353000654762224,0.008573543861505328,96.63999938964842,90.38739775676027,-0.010241704283603603,-0.0017559681229901702,False,False,False,False,low
FANG,2024-05-14,0.935911035218537,0.9451853917325612,0.009909442420303005,198.0500030517578,187.19396971711066,-0.013547846604674563,-0.003772655790219792,False,False,False,False,low
KLAC,2024-05-14,0.98243966949475,0.9844385935188033,0.002034653206828718,729.9199829101562,718.5614013573431,0.022082136745752434,0.024161719442924445,False,False,False,False,low
KR,2024-05-14,0.9539376000882432,0.9589757177045364,0.005281391168381555,55.279998779296875,53.01217650408211,0.0014492394067344705,0.006738284575319442,False,False,False,False,low
PCAR,2024-05-14,0.9338542551262412,0.9364836690790804,0.0028156577307492103,108.12000274658205,101.25261687295941,0.011885861400068753,0.014734985648355625,False,False,False,False,low
TGT,2024-05-14,0.9189255649306328,0.9252510389763968,0.006883554323838581,158.9600067138672,147.07791136770064,-0.012057099168476526,-0.005256540541752175,False,False,False,False,low
XOM,2024-05-14,0.9289099108221098,0.9364549942724474,0.008122513671600329,117.66999816894533,110.19265746133858,-0.0020354972920857417,0.006070483024930962,False,False,False,False,low
ADM,2024-05-15,0.9245995710600255,0.9321571221917344,0.008173863982052554,60.08000183105469,56.00400160811007,-0.025782331524233593,-0.017819208813200205,False,False,False,False,low
IR,2024-05-15,0.997882538720765,0.9981007501614448,0.0002186744754142378,92.79000091552734,92.61376952126899,0.013655232548593688,0.013876893074822094,False,False,False,False,low
LLY,2024-05-15,0.9845476345412026,0.9862258711626704,0.0017045763583087847,787.02001953125,776.1795043846689,0.03015790943679364,0.03191389225454455,False,False,False,False,low
MPC,2024-05-15,0.9549705259376382,0.9595067163748666,0.0047500842319447845,172.64999389648438,165.65882872575648,-0.01065841882356311,-0.005958962978809601,False,False,False,False,low
MSFT,2024-05-15,0.9827548868842232,0.9845273392424336,0.001803554865883017,423.0799865722656,416.5338134667172,0.01565198063156492,0.01748376470327684,False,False,False,False,low
TJX,2024-05-15,0.9716586945035642,0.9753517418594748,0.0038007660270023003,98.4800033569336,96.0526428125121,-0.005654256395568713,-0.0018749808741825857,False,False,False,False,low
AMGN,2024-05-16,0.933848196258899,0.940480929150466,0.007102581466814861,314.7200012207031,295.98815917028264,-0.01354064445998937,-0.006534236523564774,False,False,False,False,low
APO,2024-05-16,0.9672465962779518,0.9711456211809192,0.004031055697658825,112.7300033569336,109.47724913579638,-0.02245921214658886,-0.018518690784018577,False,False,False,False,low
CVX,2024-05-16,0.9089247302717176,0.9181029541939184,0.010097892175798817,161.08999633789062,147.89720152890487,-0.01202089345098023,-0.002044386961106315,False,False,False,False,low
DUK,2024-05-16,0.9218710124263304,0.9311056152449302,0.010017239607409634,102.83999633789062,95.75489806197801,-0.004934708696277101,0.0050330987517290815,False,False,False,False,low
EMR,2024-05-16,0.9622412744357256,0.9666611281355516,0.004593290495066293,112.81999969482422,109.05870818125136,-0.01741856823999066,-0.012905286288858897,False,False,False,False,low
HLT,2024-05-16,0.9947686603972692,0.9954987348860824,0.0007339138413564594,205.7899932861328,204.8636779685606,0.005963659961064183,0.006701950615011443,False,False,False,False,low
HON,2024-05-16,0.9534394558242842,0.9584875542248776,0.005294618729858591,194.7408142089844,186.65664671893077,0.007607584768092979,0.012942482758753648,False,False,False,False,low
HSY,2024-05-16,0.9340754359119612,0.9403473479623125,0.0067145669495396465,208.1699981689453,195.75210570348716,0.013436514569056923,0.020241301895238983,False,False,False,False,low
MCO,2024-05-16,0.9823415715665588,0.98438286856483,0.0020779910545940528,412.0199890136719,405.5854186913281,0.005171981333873532,0.00726071971941411,False,False,False,False,low
MSCI,2024-05-16,0.9715024380361428,0.9746846600625266,0.003275567720464556,497.510009765625,484.9153747461125,0.015202245121303637,0.018527608825166242,False,False,False,False,low
OTIS,2024-05-16,0.9603072244212564,0.9641729754083368,0.004025535671055902,96.55999755859376,93.10054015149109,-0.007299260912673744,-0.0033031086767941753,False,False,False,False,low
RTX,2024-05-16,0.958302588145864,0.9640677027343942,0.006015964748341762,104.23999786376952,100.49441527356244,-0.010536313492441551,-0.00458373483464769,False,False,False,False,low
SBUX,2024-05-16,0.943437359721776,0.9505949061785162,0.007586668455498602,75.27999877929688,71.56078337672453,-0.005548192680013941,0.00199638347709441,False,False,False,False,low
SHW,2024-05-16,0.9804148083016012,0.982635534337817,0.002265088223282641,314.0199890136719,308.5671996972049,-0.007428030912492667,-0.005179767834552096,False,False,False,False,low
V,2024-05-16,0.9831829172330574,0.985002503291756,0.0018507095951376673,279.8399963378906,275.64309691397807,-0.005896993471081302,-0.004057197498343101,False,False,False,False,low
PSX,2024-05-17,0.9256188204410836,0.9329753444601628,0.007947681979471488,147.0800018310547,137.22201537152964,0.00843329225962508,0.016447999364016086,False,False,False,False,low
SO,2024-05-17,0.9281185678673974,0.9366139664316584,0.009153354817349912,79.54000091552734,74.4982757474698,0.002015667266888066,0.011187472201925397,False,False,False,False,low
JNJ,2024-05-20,0.9372620438889264,0.9448383744947528,0.008083471058307756,151.27000427246094,142.92570494660632,-0.021792518950391915,-0.013885207088307205,False,False,False,False,low
PRU,2024-05-20,0.8959226290214662,0.9056278226208492,0.010832624698834836,117.6999969482422,106.59239195871717,-0.02975847566568368,-0.01924821336534477,False,False,False,False,low
AFL,2024-05-21,0.953893627219712,0.959363782049516,0.005734554329446251,87.58999633789062,84.030670156422,-0.0011404504587902986,0.004587563895539937,False,False,False,False,low
EQIX,2024-05-21,0.9528570818863156,0.9579886379448972,0.005385441485540543,792.239990234375,758.9569091701076,-0.00382260204017415,0.0015422530457565031,False,False,False,False,low
MCHP,2024-05-21,0.942697124563304,0.9471353366634528,0.0047079936752800755,95.77999877929688,90.71662138945445,-0.007049557450029442,-0.00237475304663759,False,False,False,False,low
TER,2024-05-21,0.991973795629113,0.9928278145023588,0.0008609288642591473,140.27000427246094,139.26396178206392,0.005447708376103089,0.00631332732974732,False,False,False,False,low
AMAT,2024-05-22,0.9816365543486524,0.9834262196683384,0.0018231445352741016,218.1499938964844,214.53442381829075,-0.00750686593432337,-0.0056974075006545055,False,False,False,False,low
CMI,2024-05-23,0.9578241576470492,0.9634638257783024,0.0058879994686158454,283.8999938964844,273.5273742579435,-0.010835914300272309,-0.005011716689298673,False,False,False,False,low
CRH,2024-05-23,0.9735560906168564,0.9778208642457756,0.00438061419369995,80.41000366210938,78.62657927488978,0.0019938151041667407,0.006383163432611694,False,False,False,False,low
MAR,2024-05-23,0.9788447773188924,0.9814630631146016,0.002674873336792727,232.05999755859375,227.7583160302244,-0.01736113668672601,-0.014732702191552982,False,False,False,False,low
MMM,2024-05-23,0.9550980540531702,0.9617314300410328,0.0069452303454209385,99.51000213623048,95.70189665786317,-0.019509269575478716,-0.012699535601130352,False,False,False,False,low
TEL,2024-05-23,0.9685416014147286,0.9727104694989548,0.004304273640013845,150.0,145.9065704248432,-0.010945559950056305,-0.006688398995210676,False,False,False,False,low
VMC,2024-05-23,0.9835008307816494,0.9852381102850988,0.0017664240324724023,257.2099914550781,253.4130859276476,-0.014029990917373114,-0.012288349798032505,False,False,False,False,low
ATO,2024-05-24,0.9488015343895608,0.955549647618827,0.007112249490203171,112.61000061035156,107.60444640157733,-0.012106301248177909,-0.005080154792855285,False,False,False,False,low
NOC,2024-05-24,0.9633055525901498,0.967571793134153,0.0044287511190317375,466.4299926757813,451.30450438485553,-0.0016694822318923386,0.002751875165836637,False,False,False,False,low
WAB,2024-05-24,0.9891197844098863,0.9902884144383398,0.0011814848382096788,169.6999969482422,168.05194090806586,0.0012980955053645271,0.0024811140237324114,False,False,False,False,low
YUM,2024-05-24,0.9575589366015111,0.9622647302325088,0.004914364485698375,137.64999389648435,132.455734243307,0.004671187616290817,0.009608508020517048,False,False,False,False,low
CEG,2024-05-29,0.9866555039846164,0.9881638279438784,0.0015287240107317857,220.7400054931641,218.12728880847777,-0.04553119118245619,-0.044072071796922185,False,False,False,False,low
EA,2024-05-29,0.9895217590964286,0.990947631187842,0.0014409709319735953,131.97000122070312,130.7753600975124,-0.0006058449769466012,0.0008342529500260376,False,False,False,False,low
SPGI,2024-05-29,0.9824640756188812,0.9845427917679652,0.0021158189909127323,424.9599914550781,418.39129637687324,-0.01401394093949393,-0.011927772910958478,False,False,False,False,low
GS,2024-05-30,0.9543517335973966,0.960127191910804,0.006051708306367365,450.2300109863281,432.27807616227363,-0.015180353561188409,-0.009220512326560959,False,False,False,False,low
HD,2024-05-30,0.9445967987294508,0.9511635301757948,0.006951888313804,329.17999267578125,313.1040038967384,0.010033410993613101,0.01705505046005129,False,False,False,False,low
QCOM,2024-05-30,0.9543867260822017,0.9582980578923492,0.004098267194267979,204.8000030517578,196.2594451808467,-0.016613807482668164,-0.012583628110578116,False,False,False,False,low
VLO,2024-05-30,0.9389957170116158,0.9454938639624156,0.006920315857755321,150.89999389648438,142.67501830109194,-0.030766320700165606,-0.02405891749943645,False,False,False,False,low
ALL,2024-05-31,0.9563254377905832,0.9616882530162338,0.005607730395669863,167.52000427246094,161.102020254055,0.015395857744575636,0.021089923959687118,False,False,False,False,low
CSX,2024-05-31,0.967848057908119,0.971348401947436,0.0036166255753846688,33.75,32.783008565725964,0.013513536734218068,0.01717903571216972,False,False,False,False,low
D,2024-05-31,0.9021876681058628,0.9135948399146578,0.012643901276930825,53.91999816894531,49.261032095356235,0.007850433064398255,0.020593594441976615,False,False,False,False,low
EBAY,2024-05-31,0.9654360529779714,0.970346885390251,0.005086647010055012,54.220001220703125,52.61220931036489,0.016307455885009148,0.021477053166783167,False,False,False,False,low
GLW,2024-05-31,0.958384500179449,0.9657004845636796,0.007633663089147147,37.2599983215332,35.9819984339465,0.008116862675642711,0.015812487159796662,False,False,False,False,low
TMUS,2024-05-31,0.9642951480149976,0.9679809637862468,0.0038222900725326525,174.96000671386722,169.35795592293738,0.024956120924341407,0.028873800530131888,False,False,False,False,low
UNP,2024-05-31,0.9505419951416728,0.955963301268173,0.005703384126328981,232.82000732421875,222.56738280294036,0.015616828412444939,0.021409281310045047,False,False,False,False,low
HIG,2024-06-03,0.9621533344429368,0.9665446433130908,0.004564042666542756,101.61000061035156,98.21060179697518,-0.017786335352056315,-0.013303470278941854,False,False,False,False,low
LMT,2024-06-03,0.9423619141667452,0.948715719671452,0.006742426035250881,467.6000061035156,443.61947630887215,-0.005825552272204826,0.0008775954077362424,False,False,False,False,low
MCD,2024-06-03,0.9477563468978656,0.953909645374278,0.006492489864671436,259.75,247.77803038596872,0.0033218173853879485,0.009835874115766252,False,False,False,False,low
MCK,2024-06-03,0.9903909736507748,0.991470241722014,0.0010897394059043997,573.1599731445312,568.2710571189915,0.0062675716229989575,0.007364141048680217,False,False,False,False,low
MLM,2024-06-03,0.9875700939093188,0.9888493104891388,0.0012953172516152467,563.4099731445312,557.1275634666739,-0.015155299409716827,-0.013879613078880526,False,False,False,False,low
MTB,2024-06-03,0.9354329801387096,0.9438377797712753,0.008984929771579608,148.3000030517578,139.97114562044445,-0.021767829280326723,-0.012978481926110508,False,False,False,False,low
NEE,2024-06-03,0.9444954372616738,0.9506136354938184,0.006477742496970418,77.70999908447266,73.87218474391184,-0.028867753755322245,-0.0225770091336448,False,False,False,False,low
NKE,2024-06-03,0.949152916399652,0.9528619805173284,0.003907762441215157,94.4000015258789,89.9501724147878,-0.006838521883318016,-0.0029574827610718835,False,False,False,False,low
O,2024-06-03,0.8914545389729338,0.8958949749433907,0.0049811131990789015,53.310001373291016,47.760162344556676,0.004711647069912228,0.009716229516400388,False,False,False,False,low
TPL,2024-06-03,0.9735885172835904,0.9754463058981228,0.0019081866533467995,198.59666442871097,193.72038268067524,-0.030147676490429376,-0.028297017230990873,False,False,False,False,low
ADI,2024-06-04,0.9662441767174688,0.9700875340508734,0.0039776253518664095,230.6300048828125,223.73129271490848,-0.006804193554852178,-0.002853632735768663,False,False,False,False,low
CI,2024-06-04,0.9571896874270638,0.9611301517481338,0.0041167016034846515,337.05999755859375,323.9585266017168,-0.012972540345152717,-0.00890924281930816,False,False,False,False,low
CTVA,2024-06-04,0.9769220766176188,0.979742963104182,0.002887524557055654,53.70000076293945,52.61219786617913,-0.03365123163855155,-0.030860875839227364,False,False,False,False,low
LHX,2024-06-04,0.9633946588358612,0.968350650682131,0.0051443007295250975,226.69000244140622,219.5154113672696,0.00017652127067813161,0.005321730078704734,False,False,False,False,low
LIN,2024-06-04,0.9713620418371608,0.9744806547186572,0.003210556669064557,431.1400146484375,420.13760375002084,-0.007344581360829827,-0.004157604886434796,False,False,False,False,low
NEM,2024-06-04,0.9627680439532686,0.9685482763423074,0.0060037642767039046,40.529998779296875,39.25526045784381,-0.03246599737806721,-0.026657151296629267,False,False,False,False,low
HAL,2024-06-05,0.9469838152444788,0.9517608277648228,0.005044450014291657,33.47999954223633,31.864952077884737,-0.011514597045980346,-0.006528231840921772,False,False,False,False,low
ODFL,2024-06-05,0.9862248962695448,0.987716544266572,0.0015124826017569593,175.6999969482422,173.54179381336502,0.020680827066436258,0.02222458905932112,False,False,False,False,low
SLB,2024-06-05,0.9403751652868404,0.9463703021513168,0.006375260731867227,43.20000076293945,40.883197774960124,-0.004837573950951635,0.0015068459856686367,False,False,False,False,low
AJG,2024-06-07,0.9819964600722856,0.9843434459161238,0.0023900145665143313,253.52999877929688,249.56059264152373,0.007510727206456069,0.009918692520398897,False,False,False,False,low
BAC,2024-06-07,0.9544279167321772,0.9602326905452664,0.006081940512557393,39.779998779296875,38.19805525773165,0.0020150633455933153,0.008109259353547671,False,False,False,False,low
BKNG,2024-06-07,0.9841734611949298,0.9864388866382934,0.0023018558543663747,152.5236053466797,150.45521544423715,0.0007952667262323132,0.0030989531699683326,False,False,False,False,low
BLK,2024-06-07,0.9576666763757112,0.9639814051037918,0.0065938691236273606,768.6900024414062,741.002868642704,-0.012639238674397313,-0.006128711036411216,False,False,False,False,low
CME,2024-06-07,0.9205257098658776,0.92580972570178,0.005740215378310598,199.36000061035153,184.56942748097626,-0.010571268175804449,-0.0048917341536447445,False,False,False,False,low
GM,2024-06-07,0.9801522832339156,0.9827379110664776,0.0026379858281113666,45.720001220703125,44.930778493590594,0.002411765158507828,0.005056113188927958,False,False,False,False,low
KMB,2024-06-07,0.9245102039414136,0.9328170745252158,0.008985158355622191,134.47999572753906,125.44523619672651,-0.01839419176978785,-0.0095743081400409,False,False,False,False,low
PEG,2024-06-07,0.9396715177583636,0.9473068224521476,0.008125504018679175,72.87999725341797,69.03971861845662,-0.02095654401967817,-0.013001322483648492,False,False,False,False,low
PEP,2024-06-07,0.930534097217532,0.9378712828120276,0.007884918582172551,171.0399932861328,160.41349791542598,-0.012471153003281277,-0.00468456844716536,False,False,False,False,low
SPG,2024-06-07,0.9065973177360406,0.918543455523078,0.013176895136717937,151.7899932861328,139.42570494686925,-0.012940600266359015,6.577793764273032e-05,False,False,False,False,low
TT,2024-06-07,0.9833939560778924,0.9859948009897584,0.0026447639786593147,319.0299987792969,314.5619201561557,0.001789886766040194,0.004439384572744176,False,False,False,False,low
WM,2024-06-07,0.9710080746771648,0.974617683788233,0.0037173832074139934,200.5500030517578,195.45957945802726,-0.009629614559220734,-0.005948028319262999,False,False,False,False,low
WMB,2024-06-07,0.930590097181813,0.9413859120638453,0.011601042085797264,40.70000076293945,38.31440733921895,-0.017382844950139975,-0.0059834619801804045,False,False,False,False,low
BDX,2024-06-10,0.9602563111388096,0.964062587443473,0.00396381284924785,188.2940216064453,181.52722167004686,-0.004654476597432122,-0.0007091132223276952,False,False,False,False,low
ELV,2024-06-10,0.9651946496267736,0.968122632557704,0.00303356730382065,536.25,519.1557617090688,-0.004991283685049308,-0.001972857776219694,False,False,False,False,low
GOOG,2024-06-10,0.9918569490755338,0.9929856912551096,0.0011380090451833524,176.6300048828125,175.39106749495295,0.0038647794621464726,0.005007186661315277,False,False,False,False,low
GOOGL,2024-06-10,0.991802708688598,0.9929409897287418,0.0011476889810564384,175.00999450683594,173.77459715803934,0.003152515028104874,0.004303822115921729,False,False,False,False,low
OXY,2024-06-10,0.961773372314826,0.9653437776736268,0.0037123146279329777,60.47999954223633,58.38399123180164,0.01681237403658531,0.020587101486584602,False,False,False,False,low
TRV,2024-06-10,0.9672527536483412,0.9720456118418348,0.004955124888934792,213.00000000000003,207.04571532231083,0.0002348112349115361,0.005191099642840591,False,False,False,False,low
NVDA,2024-06-11,0.9982724078267192,0.998354483876078,8.22180886852486e-05,120.91000366210938,120.7110443015399,-0.007225529573879674,-0.007143905554425678,False,False,False,False,low
ROST,2024-06-11,0.9797036804776078,0.9822006828731552,0.002548732280285071,144.5800018310547,142.00657652826393,-0.0012433868652347302,0.001302176354810003,False,False,False,False,low
AEE,2024-06-12,0.941397881699882,0.9503065788304874,0.009463264474866895,70.13999938964842,66.65450285914928,-0.01860923196219888,-0.00932207157106446,False,False,False,False,low
PSA,2024-06-12,0.9229663986301272,0.9331595953730488,0.011043952150425529,275.739990234375,257.3094177152778,0.004005154119095078,0.015093338999966788,False,False,False,False,low
ICE,2024-06-13,0.9767832005233472,0.980024590427138,0.0033184333043956293,135.25999450683594,132.55812071773883,-0.005806751394348275,-0.002507587407169831,False,False,False,False,low
NXPI,2024-06-13,0.9643255225359268,0.967793081768306,0.0035958389064103535,275.4700012207031,266.5979614161033,-0.026573339245828942,-0.02307305378655189,False,False,False,False,low
ADP,2024-06-14,0.9549385047370316,0.9604431828248852,0.005764432013734222,242.6199951171875,233.02272032730966,-0.006754857847519502,-0.0010293637526098687,False,False,False,False,low
AIG,2024-06-14,0.9574776814984678,0.962673742135832,0.005426821677172011,73.41999816894531,70.67950438490452,-0.009310517281386654,-0.003934222121222852,False,False,False,False,low
AME,2024-06-14,0.9870600343123704,0.9886516527219632,0.0016124838958773147,167.02000427246094,165.12460326159785,-0.03967337838735341,-0.03812486717522079,False,False,False,False,low
AMT,2024-06-14,0.9335173361795684,0.9412664012338324,0.00830093320599401,197.02999877929688,185.45771788609517,0.0012704543223440723,0.009581933484808847,False,False,False,False,low
CB,2024-06-14,0.9807900760972624,0.9841928678629166,0.0034694394331500344,259.4599914550781,255.35867308586117,-0.014247179521070796,-0.01082716981436227,False,False,False,False,low
CCI,2024-06-14,0.8979282865068828,0.9122290110852812,0.015926354914189256,99.0999984741211,90.40189360660037,-0.00731246462530355,0.008497429381965516,False,False,False,False,low
DLR,2024-06-14,0.9422391233880884,0.9499778985086368,0.00821317532721566,149.9199981689453,142.42068480495334,0.0010684005607524139,0.009290350849093354,False,False,False,False,low
DVN,2024-06-14,0.9437447171756193,0.9510185683068968,0.007707435071049984,45.560001373291016,43.328407278087475,-0.004370562840429026,0.0033031864013044476,False,False,False,False,low
GILD,2024-06-14,0.9388524926062548,0.950365720628863,0.012263085110044925,65.05999755859375,61.83079146388502,0.023599687742188458,0.036152177831586085,False,False,False,False,low
HCA,2024-06-14,0.9854195083578774,0.98733114024408,0.0019399168272893341,337.4700012207031,333.1946411034079,-0.010061580337906273,-0.00814118213962367,False,False,False,False,low
KO,2024-06-14,0.943606070202806,0.9509278068080668,0.007759314862914257,62.54999923706055,59.48053359034424,-0.0069852743242053705,0.000719839595823446,False,False,False,False,low
META,2024-06-14,0.9932663972455436,0.9942525914108904,0.0009928798236622516,504.1600036621094,501.2623901267762,0.00011901915863377077,0.0011120171540173196,False,False,False,False,low
MO,2024-06-14,0.8639858223115775,0.8828980886822042,0.02188955638187129,44.31999969482422,39.13004302095618,-0.03125683727160178,-0.010051479191506174,False,False,False,False,low
MSI,2024-06-14,0.979548985301564,0.9821039577641296,0.002608315154120744,375.4100036621094,368.691650380804,-0.0034508980978906756,-0.0008515839735742103,False,False,False,False,low
NDAQ,2024-06-14,0.9745769115737852,0.9785439545857548,0.004070528415826669,58.599998474121094,57.342674245585656,-0.01013517366699046,-0.006105900763574645,False,False,False,False,low
TMO,2024-06-14,0.9934435944516168,0.9941207581565368,0.0006816327657674925,572.0499877929688,568.6867675681837,-0.001012900275741635,-0.0003319579359906122,False,False,False,False,low
XEL,2024-06-14,0.9356840215885722,0.9452163503387696,0.010187551064528844,53.77000045776367,50.82428359040135,-0.010489504844012676,-0.0004088161457237449,False,False,False,False,low
DTE,2024-06-17,0.934901139590612,0.943482898354532,0.009179322176971372,110.7600021362305,104.5001678372449,-0.012306021588451399,-0.0032396603483572095,False,False,False,False,low
GRMN,2024-06-17,0.9682983900428308,0.972872005735174,0.004723353606052028,160.3000030517578,155.95138548831812,0.004826705186190106,0.00957285702758881,False,False,False,False,low
HBAN,2024-06-17,0.922516465940968,0.9342225665048473,0.0126893134118089,12.390000343322754,11.575017919734922,0.0016168518956107825,0.014326682047863581,False,False,False,False,low
IRM,2024-06-17,0.9384726838082108,0.9454544510574604,0.007439499699573915,88.2699966430664,83.45526122101423,0.002840263684782629,0.010300893525186483,False,False,False,False,low
MRK,2024-06-17,0.9371706847147084,0.942777207244531,0.005982392131193448,127.5,120.2040939236777,-0.015291904486199659,-0.009400994524075168,False,False,False,False,low
PLD,2024-06-17,0.9345489813562622,0.9426077966519864,0.008623213396507845,111.27999877929688,104.89339446078876,-0.00899458658825969,-0.00044893543131574454,False,False,False,False,low
UNH,2024-06-17,0.9572663046501936,0.9613272061358396,0.004242185759510075,489.2300109863281,470.3101196192929,-0.01587138760934259,-0.011696531224332452,False,False,False,False,low
VRT,2024-06-17,0.9974813323528252,0.99775386532055,0.00027322112092265094,89.55000305175781,89.34886168435841,-0.021097510213738957,-0.02083005337820565,False,False,False,False,low
APH,2024-06-18,0.984091345194798,0.985658861449751,0.0015928564585054872,69.7300033569336,68.72999571768248,0.00824175339274169,0.009847737781368382,False,False,False,False,low
ECL,2024-06-18,0.9800705279407882,0.9823729590440012,0.002349250423896221,243.2899932861328,239.00151061029348,0.00037005073610174577,0.002720170501846475,False,False,False,False,low
HPE,2024-06-18,0.948933073110704,0.9546628294079984,0.006038103697357355,21.84000015258789,20.849836339940673,0.008310263455393763,0.014398545385247097,False,False,False,False,low
LRCX,2024-06-18,0.9818813800136932,0.983717217541139,0.001869714167937797,108.95800018310548,107.18386076897144,0.016683792523179086,0.01858470061437223,False,False,False,False,low
VST,2024-06-18,0.98667216315091,0.9892381807286086,0.00260067900314942,87.58000183105469,86.63748167956075,0.0421228091023651,0.044833036010700766,False,False,False,False,low
STX,2024-06-20,0.959161827511962,0.9655387349921812,0.006648416666831691,102.62000274658205,99.083587636829,-0.03179540697339178,-0.025358379420210686,False,False,False,False,low
CARR,2024-06-21,0.9735606793135702,0.9764496439306728,0.0029674212183050663,62.880001068115234,61.399154653321446,-0.02086577588160965,-0.017960272209392003,False,False,False,False,low
PM,2024-06-21,0.9242823279234887,0.9363101308292112,0.013013126554896282,99.91999816894533,93.55610655801975,-0.012648209663005505,0.0002003241388532917,False,False,False,False,low
AVGO,2024-06-24,0.9799820569753332,0.9830938232722508,0.0031753298693262266,159.2209930419922,156.52917479485654,-0.04004517756121018,-0.0369970043403165,False,False,False,False,low
FDX,2024-06-24,0.9581960020992092,0.9634373668656302,0.005470034058729478,206.6962127685547,199.1388549708344,0.011235533148092447,0.016767025955809922,False,False,False,False,low
JCI,2024-06-24,0.974202416417792,0.9795190073905534,0.005457378141506597,68.7699966430664,67.3615188500681,0.00880150345074271,0.01430691472479384,False,False,False,False,low
SRE,2024-06-27,0.9402258844842544,0.9479479198655912,0.008212957661309916,75.94000244140625,71.98716734891897,-0.002233585173853969,0.005961028146989955,False,False,False,False,low
DE,2024-06-28,0.9726193045550632,0.9764286159756204,0.003916549263125901,373.6300048828125,364.8230285546889,-0.008386643993859022,-0.004502941435087338,False,False,False,False,low
DHR,2024-06-28,0.9884588737474094,0.9895201405232452,0.0010736579983467998,249.8500061035156,247.23161314928444,-0.007586544506650972,-0.0065210318624934205,False,False,False,False,low
FITB,2024-06-28,0.9305398395465528,0.9397141954022492,0.009859175787859886,36.4900016784668,34.29017256750715,0.01785225192708717,0.027887436204905303,False,False,False,False,low
ITW,2024-06-28,0.9525529369794934,0.958203888052936,0.005932427326675871,236.9600067138672,227.05599974627737,-0.0018113344154633282,0.004110347301428785,False,False,False,False,low
KDP,2024-06-28,0.9422642417545362,0.9482393571109548,0.006341231144771697,33.400001525878906,31.671195974404323,-0.021101917600971243,-0.014894498593305161,False,False,False,False,low
MDLZ,2024-06-28,0.941385857641464,0.9474319112423256,0.00642250311260173,65.44000244140625,61.999946584763975,-0.017417358247621917,-0.0111067181725788,False,False,False,False,low
MDT,2024-06-28,0.9375166738544204,0.945862897400029,0.008902480114081346,78.70999908447266,74.44886778839295,-0.007815488872701892,0.0010174140071084192,False,False,False,False,low
MPWR,2024-06-28,0.9848835035488128,0.9864042865920604,0.0015441248003116304,821.6799926757812,810.5086669823233,0.013543826697200112,0.015108864856205884,False,False,False,False,low
NUE,2024-06-28,0.9690688745634992,0.9724633300513956,0.0035028010670814513,158.0800018310547,153.72700499515815,0.021782657688201423,0.025361759071876877,False,False,False,False,low
PCG,2024-06-28,0.9868667907708304,0.9874318166331092,0.0005725452184255353,17.459999084472656,17.240558614393258,-0.0011441909775423698,-0.0005723008601898893,False,False,False,False,low
SYK,2024-06-28,0.9813714986473406,0.983682311489504,0.0023546769448150595,340.25,334.69790648430376,-0.0008516137242171595,0.0015010579453955675,False,False,False,False,low
USB,2024-06-28,0.9163558410338204,0.927813149171648,0.012503121194602285,39.70000076293945,36.83418272997968,0.000504043790570563,0.013013467105774001,False,False,False,False,low
APD,2024-07-01,0.9497759639130688,0.9563355808002836,0.0069064886209471155,247.33999633789065,236.54003905293666,-0.041503553426519124,-0.0348837086250412,False,False,False,False,low
CAH,2024-07-01,0.971480792287379,0.9765063663003716,0.005173106923874071,97.76000213623048,95.46326445556699,-0.005695662737305929,-0.000552020085774374,False,False,False,False,low
O,2024-07-01,0.8958950186677119,0.9003780453566999,0.005003964298913699,52.36000061035156,47.14379500442395,-0.008708805133100572,-0.0037484193841590407,False,False,False,False,low
PWR,2024-07-01,0.99768917225564,0.9980426894431206,0.00035433599693313056,247.61000061035156,247.125350942168,-0.02550275816023051,-0.025157458708534586,False,False,False,False,low
STT,2024-07-01,0.9399529533147024,0.9487998740834966,0.009412088911041616,73.55999755859375,69.79371642117607,-0.005945978937922258,0.003410145890692551,False,False,False,False,low
TPL,2024-07-01,0.9754462691959052,0.9889143587564752,0.013807105512507745,241.6199951171875,238.94148253405612,-0.012815475051608849,0.0008146858446684835,False,False,False,False,low
VTR,2024-07-01,0.9439272970119632,0.9522871949285248,0.008856506155744404,50.880001068115234,48.4523734951158,-0.007413134332045823,0.0013777173538533916,False,False,False,False,low
A,2024-07-02,0.9845323908042654,0.9863595303808074,0.001855845062699757,125.77999877929688,124.06430052724579,-0.012715876979428109,-0.010883630614238582,False,False,False,False,low
RSG,2024-07-02,0.9783869162499772,0.981108282842538,0.0027814830179777594,193.16000366210935,189.51087950679047,0.0014516734353411387,0.004237194258327026,False,False,False,False,low
CMCSA,2024-07-03,0.9268924675006984,0.934483759099466,0.00819004562550485,35.6607322692871,33.324375143243046,-0.0028825830333244484,0.00528385410561838,False,False,False,False,low
PGR,2024-07-03,0.9201867452202048,0.9206228041060676,0.00047388085964916726,210.27000427246097,193.57936095270782,-0.004026102995382863,-0.003554130028882163,False,False,False,False,low
AXP,2024-07-05,0.9785592365361268,0.9814738760416736,0.0029785008374800803,235.6300048828125,231.26469420405246,-0.0003394078688895297,0.0026380820419689144,False,False,False,False,low
BMY,2024-07-05,0.9077913615507552,0.9215946971267996,0.015205405295402485,39.6599998474121,36.55044554742468,-0.009985060213842267,0.005068518194109695,False,False,False,False,low
CSCO,2024-07-05,0.9490005191449158,0.957130817657717,0.008567222407978248,46.650001525878906,44.65015410419822,-0.009343780532665935,-0.0008566083706423866,False,False,False,False,low
GD,2024-07-05,0.9618969489369202,0.9667154924473356,0.005009417605223554,281.67999267578125,272.30441283212974,-0.011232842432544854,-0.006279694825959692,False,False,False,False,low
JPM,2024-07-05,0.9586891084734508,0.9640013569189682,0.005541158649414735,204.7899932861328,197.41783141125842,-0.018688049785079874,-0.013250444584372412,False,False,False,False,low
SYY,2024-07-05,0.9456146720014592,0.9525497599230776,0.007333947036735067,69.75,66.44034575463466,-0.004282698625097114,0.00301983932674732,False,False,False,False,low
DIS,2024-07-08,0.9801765761244298,0.9846985079710864,0.004613384931658082,97.37000274658205,95.88009642569992,-0.006327126550705886,-0.0017429310893376515,False,False,False,False,low
MU,2024-07-08,0.993034641316347,0.9939031394819128,0.0008745899986071226,130.69000244140625,129.89320372541252,-0.006914921123890916,-0.006046378846139788,False,False,False,False,low
ROP,2024-07-08,0.9866194827351152,0.987936677321672,0.001335058357965213,556.7999877929688,550.0831298729331,-0.010238925253523878,-0.00891753645829485,False,False,False,False,low
CRM,2024-07-09,0.9868182248979236,0.9883542243902392,0.001556517151347192,252.42999267578125,249.49024962390556,-0.01919416612319913,-0.017667525020628405,False,False,False,False,low
MA,2024-07-09,0.9883129928178748,0.9897769203994028,0.0014812388303770962,444.7000122070313,440.15380858385225,-0.003451008562757596,-0.0019748815002677,False,False,False,False,low
INTU,2024-07-10,0.9855348120865162,0.9869005505102264,0.0013857840504067909,632.8400268554688,624.5501708885686,-0.027028622300363514,-0.025680294083644917,False,False,False,False,low
T,2024-07-10,0.91069712126551,0.9243658900467095,0.015009127032492797,18.739999771118164,17.322616567904774,-0.003191461083897562,0.011769764903767799,False,False,False,False,low
VZ,2024-07-10,0.877713642004152,0.8920775945104644,0.016365192266482254,41.08000183105469,36.64654921593274,-0.005326813803145147,0.010951204131280923,False,False,False,False,low
ACN,2024-07-11,0.9694184822734172,0.9736699214054768,0.004385556093473131,297.989990234375,290.1438903711227,0.008631152761632066,0.01305456125969262,False,False,False,False,low
GE,2024-07-11,0.9881339660330708,0.9898066160827864,0.0016927361139407182,161.9199981689453,160.26948546373472,-0.02281230445935123,-0.021158183557011156,False,False,False,False,low
ORCL,2024-07-11,0.9791315367650464,0.9818961664114988,0.002823552855407474,142.75999450683594,140.17549132318882,0.004856670282578079,0.007693936203229557,False,False,False,False,low
ABBV,2024-07-15,0.9345016384637947,0.9430861602048398,0.009186202985322689,168.02999877929688,158.466766347991,-0.01321353075011622,-0.004148709940416939,False,False,False,False,low
ABT,2024-07-15,0.960721209741494,0.9658181483656476,0.005305325387294335,102.95999908447266,99.44063567149415,-0.012089830372983834,-0.006848645469695436,False,False,False,False,low
EME,2024-07-15,0.995725755706144,0.9963873747995128,0.0006644591541167255,380.3900146484375,379.01580809550484,0.01046620351612404,0.011137617034975955,False,False,False,False,low
FCX,2024-07-15,0.9745060976721264,0.9773650441041586,0.002933738884612014,50.41999816894532,49.278743734122834,-0.016770683128384922,-0.01388614504898833,False,False,False,False,low
PNC,2024-07-15,0.9328277425527096,0.9417671648402196,0.0095831436820768,169.02000427246094,159.17749022495735,0.0027290384464278006,0.012338334896050851,False,False,False,False,low
EOG,2024-07-17,0.9367552101866902,0.9432816376515862,0.006967057555618439,132.3800048828125,124.87162779818436,0.006538933868721175,0.013551548552955373,False,False,False,False,low
ZTS,2024-07-18,0.9738039996518102,0.9761203307776832,0.002378642033408429,179.22999572753906,174.9500427148482,-0.015490289903576704,-0.013148493724842614,False,False,False,False,low
CL,2024-07-19,0.9547873771006908,0.959658099109486,0.005101368247646398,98.08000183105467,94.12326811784483,-0.004365042085585968,0.0007140584749654177,False,False,False,False,low
GEHC,2024-07-19,0.9965803391974932,0.9969495699970636,0.0003704977762934991,80.44000244140625,80.1946258445227,-0.006668324192914521,-0.006300297015906398,False,False,False,False,low
PG,2024-07-19,0.94884229233482,0.9545490512337194,0.00601444407042262,167.9600067138672,160.32606505393105,-0.002849654004879465,0.0031476509809107434,False,False,False,False,low
BK,2024-07-22,0.9569915234790882,0.9642205385617212,0.007553896670215332,63.2599983215332,60.996589651002324,0.00909235455911106,0.016714933936154752,False,False,False,False,low
CAT,2024-07-22,0.9734801784264796,0.9774447837442386,0.004072610213972094,347.8699951171875,340.0237121484287,0.0006903611052098135,0.004765782890870263,False,False,False,False,low
CVS,2024-07-22,0.9220873212566052,0.9324969947769788,0.01128924916372065,58.33000183105469,54.39255141279416,-0.02081581114859854,-0.009761556863479348,False,False,False,False,low
DELL,2024-07-23,0.9680315699953468,0.9713891941659883,0.0034685068903874683,125.8499984741211,122.24932860356735,-0.022448399065793323,-0.01905775460224368,False,False,False,False,low
LOW,2024-07-24,0.9625467828656676,0.967214383410496,0.0048492194124134524,231.6699981689453,224.07455443368718,-0.027862865417619953,-0.023148759153075016,False,False,False,False,low
MRSH,2024-07-25,0.9670694164317278,0.9707071642553532,0.003761620171019109,216.05999755859372,209.73098753912106,-0.006529327739753565,-0.0027922684196634018,False,False,False,False,low
COST,2024-07-26,0.9892875242285828,0.9906957963108132,0.001423521522045279,817.5999755859375,809.9928588768117,0.0020221378199913875,0.0034485378987441084,False,False,False,False,low
FAST,2024-07-26,0.9582106691206936,0.9636524467212352,0.005679103537362229,35.185001373291016,33.90611266126191,0.018969088246445498,0.02475591919996889,False,False,False,False,low
PFE,2024-07-26,0.876104814646332,0.8884693242519817,0.014113048346436674,30.770000457763672,27.338201513942455,0.01954937530224976,0.03393832492746962,False,False,False,False,low
BX,2024-07-29,0.9397565814148938,0.9452150143307442,0.005808347633631028,140.97999572753906,133.2564086819541,-0.007183128679302375,-0.0014165031541377715,False,False,False,False,low
DAL,2024-07-30,0.9765530400557368,0.9799572642214924,0.003485959314162068,43.22999954223633,42.36355208370628,0.0011579258153584515,0.004647921611801609,False,False,False,False,low
KMI,2024-07-31,0.916679245788835,0.9289972513714432,0.013437639871521467,21.1299991607666,19.629711141833074,-0.027163912119699263,-0.01409129111674401,False,False,False,False,low
MS,2024-07-31,0.9461979166635576,0.9547089981209,0.008995032970854355,103.20999908447266,98.5355148219959,-0.005300723211586922,0.0036466295792099146,False,False,False,False,low
TRGP,2024-07-31,0.9588616719637438,0.9642529475211874,0.005622579059190391,135.27999877929688,130.44413756359964,0.008498579057965916,0.01416894204980057,False,False,False,False,low
TXN,2024-07-31,0.9449942647164626,0.9511462696094762,0.006510097598168452,203.80999755859375,193.8531188869729,0.01403050892262181,0.020631946503228527,False,False,False,False,low
AON,2024-08-01,0.987524775586645,0.9895581886358789,0.002059100793725399,327.82000732421875,324.39697264635447,-0.002100400051427753,-4.562419311537891e-05,False,False,False,False,low
DHI,2024-08-01,0.9784861495813172,0.9801202823227608,0.0016700622100198625,179.0500030517578,175.49053954098005,-0.0048907333954550936,-0.0032288390144582513,False,False,False,False,low
NRG,2024-08-01,0.9707686697619587,0.9760664335207416,0.005457287532859789,73.5,71.74088286377452,-0.022216285880331865,-0.016880239007433184,False,False,False,False,low
O,2024-08-01,0.900378414090249,0.9045203800670162,0.0046002501969710785,58.0099983215332,52.47122572948018,0.01009921666855984,0.014745925788999692,False,False,False,False,low
OKE,2024-08-01,0.9057135766975116,0.916603072769754,0.0120231123308856,82.05999755859375,75.21644591368553,-0.01524066056107587,-0.0034007884041130643,False,False,False,False,low
VLO,2024-08-01,0.9454938923687712,0.95179119845099,0.006660335019660346,156.4499969482422,148.90773009302117,-0.032587213904783696,-0.026143920647086483,False,False,False,False,low
NSC,2024-08-02,0.9600432218450444,0.9653308732650648,0.005507722256356873,243.41000366210935,234.97119139659665,-0.012375245348827724,-0.006935682506706509,False,False,False,False,low
AMP,2024-08-05,0.9744031634164944,0.977998161266186,0.0036894357332406535,391.5299987792969,382.9156188867044,-0.027520396849051054,-0.023932495851338165,False,False,False,False,low
C,2024-08-05,0.9458337640786616,0.9549347224254048,0.009622154222426627,56.209999084472656,53.676879873263154,-0.04339685687373607,-0.03419227390091706,False,False,False,False,low
ETN,2024-08-05,0.9754662679484164,0.9787487814501766,0.0033650712583470632,272.5199890136719,266.72860716794685,-0.0276172856713518,-0.024345148547251116,False,False,False,False,low
BKR,2024-08-06,0.9608631493573052,0.966746008223704,0.006122473185004251,34.209999084472656,33.07238005625051,-0.00869311074041279,-0.0026238608928109697,False,False,False,False,low
LVS,2024-08-06,0.9594219391120452,0.9645170729472744,0.005310628856314059,38.5,37.133907308470064,0.016904368180951757,0.022304769862725227,False,False,False,False,low
MET,2024-08-06,0.9433068394967328,0.9509328713086374,0.008084359714780831,68.5999984741211,65.23399352076412,0.009417295442469609,0.017577787961147617,False,False,False,False,low
EQT,2024-08-07,0.973429351297559,0.978447022751168,0.005154633407057796,30.219999313354492,29.568668355694044,-0.019149632029045738,-0.014093707954977663,False,False,False,False,low
F,2024-08-07,0.8836170147920549,0.8973805477184912,0.01557635570165572,9.770000457763672,8.767408361997873,-0.0010224208057807438,0.014538009305727462,False,False,False,False,low
INTC,2024-08-07,0.9936964190409536,0.999999999473407,0.0063435676245438,18.989999771118164,18.989999761118163,-0.042360068372148674,-0.036285214705903734,False,False,False,False,low
PAYX,2024-08-08,0.9336961536246364,0.9411815223985864,0.008016921505879182,124.37000274658205,117.05474852574447,0.00933291279407733,0.01742465552924788,False,False,False,False,low
AEP,2024-08-09,0.9341802862933812,0.9426413928541728,0.009057252315142872,97.52999877929688,91.93581389438218,-0.005201980125131733,0.003808156543479324,False,False,False,False,low
COR,2024-08-09,0.9840146478809156,0.986136751486442,0.0021565772522760263,237.77000427246097,234.4737396141621,0.003248963174940833,0.005412547067293438,False,False,False,False,low
HWM,2024-08-09,0.9947557451885204,0.9956219287522394,0.0008707499985887157,93.08999633789062,92.68244170146957,0.012287921538363333,0.013169371244614148,False,False,False,False,low
IBM,2024-08-09,0.9464036322730688,0.9546811964591908,0.008746336028150115,191.4499969482422,182.77371214865627,-0.006022551572781754,0.0026711091955657906,False,False,False,False,low
SCHW,2024-08-09,0.9738102614901026,0.9777036107620676,0.003998057348468809,62.40999984741211,61.018482198474906,-0.005893579787815795,-0.0019190853093263849,False,False,False,False,low
TFC,2024-08-09,0.9116151772551422,0.9230240743168676,0.01251503632933959,41.560001373291016,38.36088179618969,-0.012122612912591646,0.0002407084757403144,False,False,False,False,low
V,2024-08-09,0.9850024823122696,0.9869777494810258,0.002005342325756665,259.760009765625,256.37734984364585,-0.0002693176702341926,0.0017354845813992714,False,False,False,False,low
WFC,2024-08-09,0.9555607274369836,0.9628606382066756,0.007639400155416531,52.7599983215332,50.80052565565459,0.0,0.007639400155416531,False,False,False,False,low
AAPL,2024-08-12,0.9914118507067716,0.9925595076888442,0.0011575986117720038,217.52999877929688,215.91146849593378,0.005965562584919315,0.007130066923658029,False,False,False,False,low
CEG,2024-08-12,0.9881636893813224,0.9900043650701852,0.0018627234623600497,187.3300018310547,185.45751952134992,-0.013377539113355597,-0.01153973430697064,False,False,False,False,low
COF,2024-08-12,0.9719263629415312,0.97627149643317,0.004470640634222756,132.1199951171875,128.98498534179976,-0.01995402781783351,-0.015572594471189638,False,False,False,False,low
COP,2024-08-12,0.9386281559687998,0.9454178283594106,0.007233612530622269,110.02999877929688,104.02432250031144,0.013074285617948656,0.020402472464845722,False,False,False,False,low
EXC,2024-08-12,0.928847141838556,0.9383610073798512,0.010242660081252408,36.900001525878906,34.62552260414178,-0.01547486722095126,-0.0053907109444455426,False,False,False,False,low
FIX,2024-08-12,0.993831085098028,0.994782780833494,0.0009576031075464453,312.8900146484375,311.25759886700536,-0.0022003059932815816,-0.0012448099055919482,False,False,False,False,low
GWW,2024-08-12,0.983493876436941,0.9855570315239652,0.0020977813247793353,959.4199829101562,945.5631103417071,-0.020310233427640934,-0.01825505853124798,False,False,False,False,low
KKR,2024-08-12,0.9878171562884982,0.989337465986486,0.0015390598232774,112.69000244140624,111.48844145739176,-0.010362696730603527,-0.008839585717524967,False,False,False,False,low
ROK,2024-08-12,0.968315861100236,0.973027446664486,0.004865752750240482,253.0099945068359,246.18566893558219,-0.01991090261931039,-0.015142031398249434,False,False,False,False,low
WELL,2024-08-12,0.965601178977624,0.9711435919614564,0.005739857308066476,116.62000274658205,113.2547683618706,-0.0066439418156645225,-0.0009422197855828429,False,False,False,False,low
ETR,2024-08-13,0.9440853394756152,0.9532511388630588,0.00970865556765732,58.6349983215332,55.893878927235065,-0.0021272975420455476,0.0075607048264860754,False,False,False,False,low
ED,2024-08-14,0.93530018016741,0.9430038239835292,0.008236546917739673,100.86000061035156,95.11136626254262,-0.007283443650424992,0.000893112841965138,False,False,False,False,low
KVUE,2024-08-14,0.9209304782307234,0.9298629730436024,0.009699423598228618,21.18000030517578,19.694498052835158,-0.0074976497782595075,0.002129050938778576,False,False,False,False,low
URI,2024-08-14,0.9827256727738276,0.9850091453938284,0.002323611444438489,702.1900024414062,691.6635742088998,-0.001308448079707203,0.0010121230397988068,False,False,False,False,low
WAB,2024-08-14,0.9902884764991214,0.991557513829272,0.0012814824773452749,156.0800018310547,154.7622985740688,-0.0010879882812500075,0.0001920999581772609,False,False,False,False,low
WEC,2024-08-14,0.933911309892614,0.9427122173267916,0.009423707948444937,89.63999938964844,84.50472258578772,0.0022361017753014245,0.011680882093819678,False,False,False,False,low
CTAS,2024-08-15,0.9831363142281908,0.985150157533126,0.002048386653804135,191.93499755859375,189.08479308096878,0.006001385359575728,0.008062065171054567,False,False,False,False,low
FANG,2024-08-15,0.9451853334630386,0.9565795939253514,0.012055054240596164,196.5800018310547,188.04441832539513,0.0006617708568696923,0.012724802781040268,False,False,False,False,low
IR,2024-08-15,0.9981007390775338,0.9983199943322651,0.0002196724700693764,92.22000122070312,92.06507109597383,0.013072640419247161,0.013295184588527853,False,False,False,False,low
KLAC,2024-08-15,0.9844385686640468,0.9862398456189464,0.0018297504915356644,836.1900024414062,824.6838989159189,0.053281924463681074,0.05520916758269401,False,False,False,False,low
KR,2024-08-15,0.9589758629186098,0.9648343904570068,0.0061091501516699065,52.88999938964844,51.03009032238291,0.0036052869821321387,0.009736462373315824,False,False,False,False,low
LLY,2024-08-15,0.9862257523734366,0.9876040153711644,0.0013975126834915308,931.5800170898438,920.0321655174677,-0.00010730678636805546,0.0012900559345283558,False,False,False,False,low
MSFT,2024-08-15,0.9845273691628076,0.9863019179313084,0.001802437214122099,421.0299987792969,415.2626953026369,0.010003391004818063,0.0118238587031545,False,False,False,False,low
PCAR,2024-08-15,0.9364836837940992,0.939491940535258,0.003212289539280544,95.01000213623048,89.26113127722618,0.0140890133464322,0.01734656087590447,False,False,False,False,low
RMD,2024-08-15,0.9814728050672268,0.9838192502600712,0.00239073887807173,227.22000122070312,223.5434112450446,0.022546214641391726,0.024990855631360054,False,False,False,False,low
TJX,2024-08-15,0.97535176828922,0.9787164672425837,0.00344972866483384,111.4800033569336,109.10731505368942,0.02200221383930745,0.025527844171912673,False,False,False,False,low
VMC,2024-08-15,0.9852381125761565,0.9871106957042884,0.001900640164270273,246.57000732421875,243.39189146962107,0.01678353535760313,0.018716074983272435,False,False,False,False,low
XOM,2024-08-15,0.936454998935449,0.9439942182108744,0.008050807870101373,118.73000335693358,112.08043669710301,-0.0018494627738775415,0.0061864554267685445,False,False,False,False,low
AMGN,2024-08-16,0.940480736917257,0.9470293495940904,0.006963048172893727,321.44000244140625,304.4131164456078,-0.012139315987612531,-0.0052607944567264475,False,False,False,False,low
APO,2024-08-16,0.9711457032409336,0.9752197264746424,0.00419506899954647,111.0,108.2493896386853,0.0015338641715847423,0.0057353678371667716,False,False,False,False,low
DUK,2024-08-16,0.931105441238795,0.9397879095478712,0.009324903415368846,112.3000030517578,105.53818511023101,-0.007161148918954474,0.002096977474401962,False,False,False,False,low
EMR,2024-08-16,0.9666611774676585,0.971551956017754,0.005059454816327413,103.08999633789062,100.15728758794073,-0.011506420242614612,-0.006505181639602342,False,False,False,False,low
HON,2024-08-16,0.9584874371617428,0.9637321693940522,0.005471884167663088,187.087646484375,180.30238341321424,0.00020149274307956766,0.0056744794556935485,False,False,False,False,low
HSY,2024-08-16,0.9403472603765533,0.9469439876815712,0.0070152034072776814,193.4900054931641,183.2241973782259,-0.016119180870105998,-0.009217056795390755,False,False,False,False,low
MAR,2024-08-16,0.9814630118661526,0.9842573515841272,0.002847116686202522,220.55999755859375,217.08779906242304,-0.006038739859162701,-0.0032088161699768136,False,False,False,False,low
MCO,2024-08-16,0.9843828683229364,0.9861773130444828,0.0018229134001523928,466.7200012207031,460.26867674795074,-0.000856297954841434,0.0009650544882946477,False,False,False,False,low
MSCI,2024-08-16,0.9746848366583234,0.9774620018849604,0.0028492956104235745,561.6599731445312,549.0012817285066,-0.002628194526063332,0.00021361258123375748,False,False,False,False,low
OTIS,2024-08-16,0.9641729488838944,0.9682239701564904,0.004201550434790091,92.12000274658206,89.19279479012248,-0.011693985072382396,-0.007541567505657598,False,False,False,False,low
RTX,2024-08-16,0.9640677821510314,0.969226792618602,0.0053512943416278436,117.9499969482422,114.32029723151868,-0.0034640390334156335,0.0018687182157335336,False,False,False,False,low
SBUX,2024-08-16,0.9505949246315056,0.956340243383124,0.006043919026651023,94.80999755859376,90.67061614033895,-0.0007377708352712675,0.00530168916419127,False,False,False,False,low
SHW,2024-08-16,0.9826355348912912,0.984610494833183,0.002009860087250237,354.3999938964844,348.9459533592945,-0.005806960802115624,-0.0038087718936098414,False,False,False,False,low
WMT,2024-08-16,0.9816280467627628,0.9844260626682018,0.002850383008784485,73.44999694824219,72.3060912987495,0.003689486771528694,0.006550386230717908,False,False,False,False,low
CVX,2024-08-19,0.9181028787997448,0.9283781568500798,0.011191859090746048,146.8300018310547,136.3137664702084,-0.0029877261400238497,0.008170694740761375,False,False,False,False,low
SO,2024-08-19,0.9366141067619492,0.9443975638206784,0.008310206949197152,86.94000244140625,82.1059265042279,-0.004807671314227879,0.003462582891404331,False,False,False,False,low
UPS,2024-08-19,0.8852156508247355,0.8964864196078909,0.012732229454658572,128.9499969482422,115.6019210725781,-0.005399128277638665,0.007264358236933832,False,False,False,False,low
PRU,2024-08-20,0.9056277412103616,0.9159127031032892,0.011356721338043219,113.26000213623048,103.73627471007917,-0.021680872243389215,-0.010570374529779936,False,False,False,False,low
PSX,2024-08-20,0.932975104693492,0.9407392726451916,0.008321945475973314,132.38999938964844,124.54447173131524,-0.0498779756774852,-0.041971111995551924,False,False,False,False,low
ADM,2024-08-21,0.9321572134696768,0.9401230389632168,0.008545581559026516,59.220001220703125,55.67408751501283,0.003558768092580822,0.01213476139459213,False,False,False,False,low
AFL,2024-08-21,0.9593637200710105,0.963962733928986,0.0047938167368213325,105.33999633789062,101.54383086194242,0.005152607542064036,0.009971124935158837,False,False,False,False,low
EQIX,2024-08-21,0.9579886112805625,0.9629318812341484,0.00516005085590554,817.989990234375,787.6686401270894,-0.014279904846235647,-0.00919353902555431,False,False,False,False,low
MPC,2024-08-21,0.9595066362858268,0.9641416240781808,0.004830594825582235,171.97000122070315,165.80343626965546,0.002097783398818276,0.006938511766031885,False,False,False,False,low
TGT,2024-08-21,0.9252511757972146,0.932487164353484,0.007820566723446332,159.25,148.49858092329234,0.10337419787751334,0.11200320941294373,False,False,False,False,low
AMAT,2024-08-22,0.9834262052601598,0.9853108619603388,0.001916419035915773,200.1999969482422,197.25923155752972,-0.04265492720553421,-0.040820252884090635,False,False,False,False,low
MCHP,2024-08-22,0.9471353238451496,0.9523566393665792,0.005512745000611163,79.77999877929688,75.97901152612097,-0.03658977018026044,-0.03127873525228397,False,False,False,False,low
CMI,2024-08-23,0.9634639223580702,0.9692318165494448,0.005986621872937192,309.30999755859375,299.79309081062013,0.011378907036984742,0.017433650123679367,False,False,False,False,low
CRH,2024-08-23,0.9778209153021516,0.9817192329280237,0.00398673986705167,90.18000030517578,88.53144072504611,0.023145007143793306,0.0272240201335483,False,False,False,False,low
HLT,2024-08-23,0.9954987173120826,0.9961909607960476,0.0006953735569183994,217.08999633789065,216.26309203105376,0.005837902498014413,0.006537335577957881,False,False,False,False,low
TEL,2024-08-23,0.972710371537435,0.976924321307328,0.004332173166029518,153.0800018310547,149.54757689452762,0.015860371298207054,0.020261254339177803,False,False,False,False,low
ATO,2024-08-26,0.955549699899968,0.9614994235168738,0.006226493103947073,130.19000244140625,125.1776122950725,0.0007687455325608994,0.007000025225265105,False,False,False,False,low
MMM,2024-08-26,0.9617313552468923,0.9669159146866876,0.005390860359818728,131.85000610351562,127.48786925302615,0.009957893691066477,0.015402435665251568,False,False,False,False,low
JNJ,2024-08-27,0.9448383792313606,0.9520096794171048,0.007589975538015548,162.9499969482422,155.12997435571424,-0.010084464224253131,-0.0025710295230138014,False,False,False,False,low
SPGI,2024-08-27,0.9845427934348838,0.9863308257587456,0.0018161042219644319,505.3900146484375,498.4817504784179,0.006712931175084869,0.008541226779698263,False,False,False,False,low
YUM,2024-08-27,0.9622647140884328,0.9670660876154248,0.00498965976481891,134.5,130.07038878427463,-0.0033345458200697564,0.0016384756956366875,False,False,False,False,low
EA,2024-08-28,0.9909476043365364,0.992211089512408,0.001275027226810277,149.32000732421875,148.15696715316383,0.0007372200616713176,0.0020131872641324655,False,False,False,False,low
PH,2024-08-28,0.981223692284858,0.9839417991776992,0.0027701195091527353,588.010009765625,578.5676269432855,-0.0035249148353310167,-0.0007645597615317801,False,False,False,False,low
HD,2024-08-29,0.951163686832636,0.9569407495127904,0.006073678758061085,367.05999755859375,351.2546691798837,-0.015106401690229476,-0.009124474363225166,False,False,False,False,low
ALL,2024-08-30,0.9616883292075936,0.966408697733088,0.00490841822878707,188.94000244140625,182.59326170908588,0.0031324466088225034,0.008056240195645215,False,False,False,False,low
CSX,2024-08-30,0.9713486323740655,0.9747951698435922,0.003548198200581165,34.27000045776367,33.40623091676572,0.009723095003162152,0.013305792671937766,False,False,False,False,low
D,2024-08-30,0.9135949299603396,0.9246004290733298,0.012046366230894057,55.900001525878906,51.68516539602743,-0.003920124914344236,0.008079018056160736,False,False,False,False,low
EBAY,2024-08-30,0.9703469120582254,0.9748384883887016,0.004628835599578496,59.099998474121094,57.61295317628678,0.008532423430365865,0.013200754215269672,False,False,False,False,low
GLW,2024-08-30,0.9657003402131032,0.9722018394636264,0.00673241892934251,41.849998474121094,40.686645498090485,-0.00047767992056102493,0.006251523067442033,False,False,False,False,low
GS,2024-08-30,0.9601272680321812,0.9658072142946744,0.0059158264238599045,510.25,492.80313109385764,0.00029404801938759384,0.006211613980290576,False,False,False,False,low
MCK,2024-08-30,0.9914701136635072,0.9927373083024096,0.0012780966581231734,561.0800170898438,557.0050659080415,0.008864501410343895,0.01015392775809576,False,False,False,False,low
NEE,2024-08-30,0.950613516464927,0.9567703979448816,0.006476745147544705,80.51000213623047,77.02958678242449,0.0059977928808585546,0.012513384204340339,False,False,False,False,low
TMUS,2024-08-30,0.9679810237776152,0.9711358414120672,0.0032591730178139766,198.72000122070312,192.98411559087455,-0.006797284075896415,-0.0035602645829370116,False,False,False,False,low
UNP,2024-08-30,0.9559632667774214,0.9610494214226374,0.005320449877076916,256.0899963378906,246.1151428126551,0.011413899780730263,0.01679507673949243,False,False,False,False,low
ADI,2024-09-03,0.9700876008993772,0.9739028737998028,0.003932915848927854,218.7100067138672,213.00230406740943,-0.0686850190578926,-0.06502223560900133,False,False,False,False,low
CTVA,2024-09-03,0.9797428918928536,0.9826584010606751,0.002975790068952433,55.56999969482422,54.60632704705817,-0.030191964489894696,-0.02730601936903343,False,False,False,False,low
HIG,2024-09-03,0.9665446773165698,0.9704732975281946,0.004064602810220697,116.18000030517578,112.74958800299059,0.0006890769345919701,0.0047564805688575795,False,False,False,False,low
LMT,2024-09-03,0.9487157476129636,0.9540055170571432,0.005575715863775921,567.219970703125,541.1309814357724,-0.001549031720877725,0.0040180471821584796,False,False,False,False,low
MCD,2024-09-03,0.9539096404069628,0.9594605297123248,0.005819093413285792,285.5199890136719,273.9451599025148,-0.010877899981297845,-0.005122106084143541,False,False,False,False,low
MLM,2024-09-03,0.9888491085580496,0.990313687424308,0.0014810943890055661,519.4500122070312,514.418457021347,-0.027538493479592363,-0.026098186198761142,False,False,False,False,low
MTB,2024-09-03,0.9438378863719312,0.9512997758187708,0.007905901590285591,171.32000732421875,162.97668456079947,-0.004590048709146921,0.003279564407749458,False,False,False,False,low
NKE,2024-09-03,0.9528621170755928,0.9571123322094232,0.004460472357610934,81.31999969482422,77.83237456318278,-0.024003840702417123,-0.019650436812735705,False,False,False,False,low
NOC,2024-09-03,0.967571903022859,0.9713965360561948,0.003952815311592861,522.6900024414062,507.739257802786,-0.0009939020840796786,0.0029549845161369603,False,False,False,False,low
O,2024-09-03,0.904520541977445,0.908366841436652,0.004252307471976691,62.279998779296875,56.573085775828446,0.0027370498675696187,0.007000996117149327,False,False,False,False,low
TPL,2024-09-03,0.9889145001721654,0.9902476969354944,0.00134814158665586,271.67999267578125,269.03048705064435,-0.06197566517424191,-0.060711075559168215,False,False,False,False,low
CI,2024-09-04,0.9611301690302918,0.9648258789854424,0.0038451711060940585,366.6400146484375,353.7437744044142,0.003173918209586457,0.007031293574273123,False,False,False,False,low
HAL,2024-09-04,0.951760757207176,0.9572123739975772,0.005727927684682221,29.420000076293945,28.16118811603823,-0.014405370173553367,-0.0087599554074963,False,False,False,False,low
LIN,2024-09-04,0.9744807891297216,0.9773464851801515,0.0029407414516495756,472.1300048828125,461.4346008203046,-0.004050169728080921,-0.0011213387784368978,False,False,False,False,low
ODFL,2024-09-04,0.9877165101659736,0.98903674248031,0.0013366510539694065,195.63999938964844,193.49514769518774,0.004415240865290437,0.00575779355561612,False,False,False,False,low
SLB,2024-09-04,0.9463703546449866,0.9525646266686216,0.006545293809376185,41.319999694824226,39.359970083247795,-0.02293689287547329,-0.01654172776904128,False,False,False,False,low
NEM,2024-09-05,0.968548371887892,0.9732628874730168,0.0048676098395945555,51.93000030517578,50.541542043490026,0.00620034278317827,0.011098133472313254,False,False,False,False,low
QCOM,2024-09-05,0.95829799662263,0.9632503662872592,0.005167880640555511,163.6999969482422,157.6840820216175,-0.009859099163853857,-0.004742169171000454,False,False,False,False,low
TER,2024-09-05,0.9928278515688368,0.9937686419476368,0.0009475866106227748,126.0999984741211,125.3142242332264,-0.005206718609866212,-0.004264065816083296,False,False,False,False,low
AJG,2024-09-06,0.9843433614044932,0.9863458760841312,0.002034366013075717,294.19000244140625,290.17309569326153,-0.004601540882198107,-0.002576536087500969,False,False,False,False,low
BAC,2024-09-06,0.960232778027458,0.9664930596290942,0.006519545827727624,38.7599983215332,37.46126936899718,-0.0343796982834812,-0.028084292474256367,False,False,False,False,low
BKNG,2024-09-06,0.9864389368210368,0.9887263826701632,0.0023188924967805224,149.25399780273438,147.57136534655805,-0.013361143243091678,-0.011073233801126015,False,False,False,False,low
GM,2024-09-06,0.9827378416074216,0.9851932448797256,0.0024985333507538954,47.13999938964844,46.44200896231603,-0.02097616000463942,-0.01853003628922778,False,False,False,False,low
KMB,2024-09-06,0.9328170114509112,0.9405678956772466,0.008309115433347003,146.91000366210938,138.17883299840682,-0.007700097035796105,0.0005450374024325022,False,False,False,False,low
LHX,2024-09-06,0.9683506785813698,0.9732057592553592,0.005013762866467042,227.22999572753903,221.14154051761167,-0.02275076745105864,-0.017851071537621332,False,False,False,False,low
PEP,2024-09-06,0.9378711989200008,0.9450128607296612,0.00761475756786667,177.33999633789062,167.58857726105765,-0.010931437147278844,-0.003399919823157016,False,False,False,False,low
TT,2024-09-06,0.9859947180656664,0.988415953294119,0.00245562697658519,342.07000732421875,338.10745238269396,-0.0024496116442211946,-7.16093850883226e-14,False,False,False,False,low
BDX,2024-09-09,0.9640625287530378,0.9680147817539642,0.004099581596681778,186.49371337890625,180.5286712549683,0.019555580099380743,0.02373533139235029,False,False,False,False,low
BLK,2024-09-09,0.9639813576951604,0.9696860485886344,0.005917843584769766,877.9400024414064,851.3261718653033,0.012711691676845494,0.018704761064656683,False,False,False,False,low
CME,2024-09-09,0.9258097607112727,0.930663484998194,0.0052426799682823155,218.5399932861328,203.38719176315428,-0.00888891933726621,-0.003692841128333013,False,False,False,False,low
FDX,2024-09-09,0.963437372884324,0.9681577792523692,0.004899546665823706,228.2836456298828,221.01458739266218,0.0009186418257605133,0.005822689420078575,False,False,False,False,low
GOOG,2024-09-09,0.99298545067531,0.9942928003336629,0.0013165849081311354,149.5399932861328,148.68653868634613,-0.01702498858574808,-0.01573081852065017,False,False,False,False,low
GOOGL,2024-09-09,0.9929411416722028,0.9942586897007644,0.0013269145302436947,148.7100067138672,147.85621642072147,-0.014643463304340743,-0.013335979398328646,False,False,False,False,low
PEG,2024-09-09,0.9473068828664024,0.9544707663594124,0.007562368248959839,80.41999816894531,76.75853728293578,0.0060044497483082715,0.013612225857397187,False,False,False,False,low
SPG,2024-09-09,0.9185435749643456,0.9301348517232008,0.012619190939640701,161.92999267578125,150.61672972702678,-0.015623144828077473,-0.003201105336099963,False,False,False,False,low
ELV,2024-09-10,0.9681226406178493,0.9710340161300276,0.0030072383291441795,544.1500244140625,528.3881835840397,0.00090139295467484,0.0039113419872620625,False,False,False,False,low
OXY,2024-09-10,0.9653439359304424,0.9694312023874478,0.00423400024061471,51.38999938964844,49.819068898997095,-0.015139917801974101,-0.010970019976975887,False,False,False,False,low
ROST,2024-09-10,0.9822004734541993,0.9846034874470148,0.002446561631521682,150.7899932861328,148.4683532616383,0.0,0.002446561631521682,False,False,False,False,low
TRV,2024-09-10,0.972045595321416,0.976297418633327,0.004374098635265167,238.8500061035156,233.18864439941666,-0.00933222705533221,-0.00499894850169369,False,False,False,False,low
AEE,2024-09-11,0.9503065054763808,0.957864767907463,0.007953499620938942,83.73999786376953,80.21159361835105,-0.013779363418658708,-0.005935457959446944,False,False,False,False,low
NVDA,2024-09-12,0.9983545018641432,0.9984399251258445,8.556405719795102e-05,119.13999938964844,118.95413207009373,0.019074464611122055,0.019161660756900956,False,False,False,False,low
NXPI,2024-09-12,0.9677931614401823,0.972062603419093,0.004411523194230105,225.13999938964844,218.85017394047466,-0.024819144318128372,-0.020517111354718676,False,False,False,False,low
ADP,2024-09-13,0.9604431231020684,0.9652974316984811,0.005054238486017049,277.510009765625,267.8796996973782,-0.0031967821493210646,0.001841299037325106,False,False,False,False,low
CB,2024-09-13,0.9841926431312604,0.987306263469853,0.0031636289504120008,288.8699951171875,285.20315550770505,0.00107429152071159,0.004241319130879662,False,False,False,False,low
CCI,2024-09-13,0.9122290921817784,0.9243786728723185,0.013318563061261113,118.8499984741211,109.86240386038513,-0.0018476628980178544,0.011446291948420173,False,False,False,False,low
DLR,2024-09-13,0.9499780040486724,0.9572548425629172,0.007660007371993682,158.92999267578125,152.13650511738055,-0.009720311321500086,-0.0021347616058871033,False,False,False,False,low
DVN,2024-09-13,0.951018846236322,0.9615935897498884,0.011119383759234713,39.45000076293945,37.93486784927079,-0.013996440442047287,-0.0030326884753507644,False,False,False,False,low
GILD,2024-09-13,0.950365818144668,0.9592476444547904,0.009345692090927393,82.80999755859375,79.435295095388,-0.004208827418259231,0.00509753026755333,False,False,False,False,low
GRMN,2024-09-13,0.9728721498088534,0.9768810071861398,0.004120641523219781,172.67999267578125,168.68780516601242,-0.05515431239891855,-0.051260942025554423,False,False,False,False,low
KO,2024-09-13,0.9509278822228048,0.9574470834309192,0.0068556210518044836,71.41000366210938,68.37129973407788,0.002527029295138483,0.009399974702177127,False,False,False,False,low
MSI,2024-09-13,0.9821039865116314,0.9842972225023656,0.002233201392985329,441.760009765625,434.8231506249226,0.004456621252975079,0.006699775178750533,False,False,False,False,low
NDAQ,2024-09-13,0.9785440229015778,0.9817908298767454,0.0033179978612920547,73.0,71.67073058100242,0.005925317720601342,0.009262975773417947,False,False,False,False,low
PSA,2024-09-13,0.933159602694832,0.9410205918615244,0.008424056446497463,359.1600036621094,337.9769592191054,0.0001114071771715075,0.008536402124017961,False,False,False,False,low
TMO,2024-09-13,0.9941207845245148,0.9947524364416772,0.0006353874971687379,611.1699829101562,607.9628295798962,-0.004868422504101133,-0.0042361283417226,False,False,False,False,low
WM,2024-09-13,0.9746177465868884,0.9781470380574188,0.003621205834687391,208.0500030517578,203.50349425291384,0.0009140885252012509,0.00453860446258969,False,False,False,False,low
WMB,2024-09-13,0.9413858947852702,0.9514083965619724,0.010646539142153078,45.02999877929687,42.84191893579841,-0.0013307024415163404,0.009301669325006534,False,False,False,False,low
XEL,2024-09-13,0.9452162536031647,0.9533937090539686,0.008651412224061295,63.84000015258789,60.86465453148169,-0.0007825831513257331,0.007862058623294033,False,False,False,False,low
AIG,2024-09-16,0.96267357094045,0.9679696068678832,0.005501382906211383,73.0,70.66178130135548,-0.00150459047234619,0.003988515105559642,False,False,False,False,low
AME,2024-09-16,0.9886516908099816,0.9903071570426168,0.001674468620266989,168.35000610351562,166.71821593247975,0.0050146953867007404,0.006697560957033,False,False,False,False,low
DTE,2024-09-16,0.9434828128583898,0.951185943290659,0.008164568900764335,126.36000061035156,120.19185637476549,0.003255289178592413,0.011446436112147351,False,False,False,False,low
HCA,2024-09-16,0.9873310448765272,0.9889849113123996,0.0016750880512210742,403.4299926757813,398.9861755272196,0.022169859537794823,0.023882084055825148,False,False,False,False,low
ICE,2024-09-16,0.9800245656817514,0.9827652305966595,0.0027965267513487824,161.91000366210938,159.1195220848989,0.0034085464159481216,0.006214605258532568,False,False,False,False,low
IRM,2024-09-16,0.9454544553136704,0.9512648952808112,0.006145658243487784,118.19000244140624,112.43000029566312,0.009653211228257907,0.015858194808906934,False,False,False,False,low
META,2024-09-16,0.994252489750545,0.995201127108149,0.0009541211788586246,533.280029296875,530.7208862205167,0.016507251458749872,0.017477122555830116,False,False,False,False,low
MO,2024-09-16,0.8828982276557155,0.9002365184313761,0.019637926810315953,51.70000076293945,46.5422286897281,-0.023791509503681696,-0.004620798615705968,False,False,False,False,low
MRK,2024-09-16,0.9427772364816154,0.9490847862560696,0.006690392523682087,117.95999908447266,111.9540405178529,0.018125310400986416,0.024936968365864676,False,False,False,False,low
PLD,2024-09-16,0.9426077925694756,0.949621386498197,0.007440627993964499,129.27999877929688,122.76705168728112,-0.005385420612795677,0.0020151364697980068,False,False,False,False,low
UNH,2024-09-16,0.9613272167932632,0.9647359691189858,0.003545881429523501,589.1400146484375,568.3645629786339,-0.008715830885624887,-0.005200854758981688,False,False,False,False,low
APH,2024-09-17,0.9856591016895156,0.9882361986926896,0.0026145926099161443,63.9900016784668,63.237236013066855,0.011379820064704615,0.01402416626806402,False,False,False,False,low
ECL,2024-09-17,0.9823729646650068,0.9845894519742476,0.0022562584567833444,250.4600067138672,246.60028075187287,-0.010821446553710201,-0.008589604077228308,False,False,False,False,low
HBAN,2024-09-17,0.9342225948893847,0.9442194106894222,0.01070067867628599,14.56999969482422,13.757276525591987,-0.004781464949245029,0.005868048807017079,False,False,False,False,low
LRCX,2024-09-17,0.9837171114533784,0.9867092123027928,0.003041627328199903,76.60399627685547,75.58586882558214,0.009980568164420722,0.013052552661500627,False,False,False,False,low
VRT,2024-09-17,0.9977538057464564,0.9980407776835928,0.00028761798299692387,87.29000091552734,87.11898039773443,0.0034487074275784124,0.003737317320849698,False,False,False,False,low
CRM,2024-09-18,0.9883542535631908,0.9899059144690086,0.0015699440764520567,252.42999267578128,249.88194273912438,-0.010815508990242306,-0.00926254465806331,False,False,False,False,low
AVGO,2024-09-19,0.9830939561203128,0.9863272425488177,0.0032888885221762365,167.4199981689453,165.13090514150392,0.03556627738679907,0.03897213943044919,False,False,False,False,low
HPE,2024-09-19,0.9546627374930368,0.9614929080487994,0.0071545377100386,18.850000381469727,18.124141683500305,0.030054708597765156,0.037424273853830625,False,False,False,False,low
RCL,2024-09-20,0.9724810812147792,0.974753959097783,0.0023371949613297804,174.0500030517578,169.65592955568212,0.014513904923049603,0.016885021709834636,False,False,False,False,low
VST,2024-09-20,0.9892381438723667,0.991590480477208,0.002377927518679268,107.87999725341795,106.97277831039659,0.16325209983170752,0.16601822901105878,False,False,False,False,low
STX,2024-09-23,0.9655386490853904,0.972034968015408,0.006728181141346656,105.87999725341794,102.9190597436976,0.010884088341601483,0.017685499600868848,False,False,False,False,low
JCI,2024-09-25,0.9795187875692,0.9843395687887854,0.0049215811690030975,75.83000183105469,74.64247130363317,0.0037061385570700267,0.008645959787805246,False,False,False,False,low
GE,2024-09-26,0.9898066002584412,0.9912725907496934,0.0014810878113658,184.58999633789065,182.9790038963373,-0.025035680807702576,-0.023591673038030225,False,False,False,False,low
PM,2024-09-26,0.9363101366540432,0.9468138075287128,0.011218153540668796,120.8499984741211,114.42244719512172,-0.006902818230196006,0.004237898435702991,False,False,False,False,low
SRE,2024-09-26,0.947948042054464,0.9550822900797534,0.007525990569934082,81.94000244140625,78.25944518087887,-0.012771054922816272,-0.005341179191799439,False,False,False,False,low
DHR,2024-09-27,0.9895201269318548,0.9904858592148966,0.0009759602222909614,275.44000244140625,272.81942748032947,-0.005380385923454023,-0.004409676743804991,False,False,False,False,low
KDP,2024-09-27,0.9482393435990584,0.9540864153851704,0.006166240438747694,37.41999816894531,35.70191191672867,-0.00293100490086462,0.003217162256937023,False,False,False,False,low
MDT,2024-09-27,0.9458627697270596,0.9533232580752437,0.007887495508821951,89.31999969482422,85.15083312034959,-0.0014532952247409137,0.0064227374245229285,False,False,False,False,low
NUE,2024-09-27,0.9724630476037638,0.9759629104983466,0.0035989674910597014,150.1300048828125,146.52131651856067,-0.0030545950346263506,0.0005333790682053863,False,False,False,False,low
DE,2024-09-30,0.976428602277403,0.9798746170625476,0.003529203033490802,417.3299865722656,408.9310607812169,-0.0016029029371635861,0.0019206431264189305,False,False,False,False,low
FITB,2024-09-30,0.9397141888652408,0.9478817430953832,0.008691530176856421,42.84000015258789,40.607254018841495,-0.0023287954662134513,0.0063424939145726444,False,False,False,False,low
ITW,2024-09-30,0.958203912692468,0.9636799840331156,0.005714933187092042,262.07000732421875,252.5516204737616,-0.007197764472091639,-0.0015239660280540468,False,False,False,False,low
MDLZ,2024-09-30,0.9474319270595082,0.9534712553725528,0.006374419249083774,73.66999816894531,70.24222563743795,-0.007142840985109089,-0.000813953199094053,False,False,False,False,low
MPWR,2024-09-30,0.9864043212987674,0.9877390967138968,0.001353172716611617,924.5,913.1647949119977,-0.0005297249046455343,0.0008227310026778234,False,False,False,False,low
PCG,2024-09-30,0.9874318036072768,0.987930255181476,0.0005047959488222453,19.770000457763672,19.531381597176363,-0.0025226658844804684,-0.002019143367176901,False,False,False,False,low
SYK,2024-09-30,0.9836822817087292,0.9858714074880458,0.002225439880358504,361.260009765625,356.1559142967819,0.0027479967306285324,0.004979552112502228,False,False,False,False,low
USB,2024-09-30,0.9278132279215204,0.938126744009516,0.011115939908616923,45.72999954223633,42.900535574114826,0.005496921779162056,0.016673965139958558,False,False,False,False,low
A,2024-10-01,0.9863596821174836,0.9879299810798248,0.0015920145468335534,146.55999755859375,144.7910156151207,-0.012931022522848834,-0.011359594351977087,False,False,False,False,low
APD,2024-10-01,0.956335692928276,0.9620548677318258,0.005980300480093792,291.42999267578125,280.3716430567857,-0.021192979665333622,-0.015339419571707258,False,False,False,False,low
CAH,2024-10-01,0.9765062686550732,0.98099766994811,0.004599459765089575,110.33000183105467,108.23347472163535,-0.0017190989665457623,0.0028724538720150683,False,False,False,False,low
O,2024-10-01,0.9083669629173624,0.9121641127334362,0.004180193656403652,63.0,57.46633910220648,-0.006622487875614147,-0.0024699775010177394,False,False,False,False,low
PWR,2024-10-01,0.9980427397255311,0.9983439793184372,0.00030183035346653675,296.04998779296875,295.55972289040716,-0.007043455128309506,-0.006743750703394058,False,False,False,False,low
STT,2024-10-01,0.9487999246940212,0.9570211074698256,0.008664822331700295,86.6500015258789,82.9258804225587,-0.020571941558856,-0.012085371445781257,False,False,False,False,low
VTR,2024-10-01,0.9522872538844208,0.9590166331003952,0.0070665434074908,63.88999938964844,61.27157210344695,-0.003742365102888612,0.003297732719155899,False,False,False,False,low
CMCSA,2024-10-02,0.9344838791985456,0.9414828458832506,0.007489660164825551,38.706653594970696,36.44165038121017,-0.009592298284332279,-0.00217448117385588,False,False,False,False,low
CSCO,2024-10-02,0.9571307313123736,0.9644455996735224,0.007642496601398374,52.619998931884766,50.74912642468171,-0.0022753648608818677,0.00534974227230034,False,False,False,False,low
RSG,2024-10-02,0.9811083029370758,0.9839436111401868,0.002889903382351511,200.08999633789065,196.8772735497309,-0.005912174327420638,-0.003039356557655082,False,False,False,False,low
PGR,2024-10-03,0.920622749047977,0.9209847933740568,0.00039326024308450336,252.27000427246097,232.3368377593449,-0.008489519575126336,-0.008099597922573532,False,False,False,False,low
AXP,2024-10-04,0.9814739129955744,0.9840384562926456,0.0026129510556667235,275.9700012207031,271.56509398430023,0.02747684196520983,0.030161588664096017,False,False,False,False,low
BMY,2024-10-04,0.9215946699519112,0.9319109751413404,0.011193972280642006,53.959999084472656,50.28591536543674,-0.00442807518613364,0.006716329343618099,False,False,False,False,low
JPM,2024-10-04,0.9640012867976736,0.9699087174023708,0.006128031866348582,211.22000122070312,204.86412047369936,0.02918679344083963,0.03549368290747035,False,False,False,False,low
MRSH,2024-10-04,0.9707071278382552,0.9742860973011184,0.003686971446097642,222.16000366210935,216.44740294435869,0.0013522178442821886,0.005044174878960694,False,False,False,False,low
SYY,2024-10-04,0.9525496545681352,0.9589729605957682,0.0067432768431847645,75.41000366210938,72.31615447039074,-0.00958754574981402,-0.002908920381866964,False,False,False,False,low
TDG,2024-10-04,0.8862123054323352,0.9356627672588792,0.055799791453380765,1355.4599609375,1268.2534179593936,-0.04483859826746839,0.008459208753525571,False,False,False,False,low
MU,2024-10-07,0.9939030504070756,0.995022100014368,0.0011259142497188623,102.91000366210938,102.39772795635837,0.006454803541412035,0.0075879853464171365,False,False,False,False,low
ROP,2024-10-08,0.987936401863422,0.9893159522369508,0.0013963959329028608,542.9099731445312,537.1094970604194,0.009370253171020693,0.010779733687341864,False,False,False,False,low
AMT,2024-10-09,0.9412663842087404,0.9481147260362882,0.00727566812375291,220.77999877929688,209.3247680569251,-0.015605493218520006,-0.008443365484332443,False,False,False,False,low
MA,2024-10-09,0.9897768629822788,0.9910927984423272,0.001329527400836028,499.9500122070313,495.4968566795423,0.005814216920758897,0.007151474482305353,False,False,False,False,low
ACN,2024-10-10,0.9736700197452238,0.9776331774573128,0.004070329404951778,361.0700073242187,352.9940185449111,-0.010983837502834937,-0.00695821593465018,False,False,False,False,low
DAL,2024-10-10,0.979957200071378,0.9828491090739062,0.002951056436258259,50.290000915527344,49.42748259515198,-0.013534692681535399,-0.010623577887227786,False,False,False,False,low
INTU,2024-10-10,0.9869006283729882,0.9885546021068548,0.0016759273287658694,619.2999877929688,612.2118530174582,-0.0037161525925091254,-0.0020464532654309586,False,False,False,False,low
ORCL,2024-10-10,0.9818962235720788,0.9841041017491852,0.002248586076718073,175.41000366210938,172.62170409172143,-0.016153400260672024,-0.01394113649487172,False,False,False,False,low
T,2024-10-10,0.924365843131028,0.9362342406744568,0.01283950248878507,21.219999313354492,19.86688994425094,-0.03237578577022271,-0.01995197226341061,False,False,False,False,low
VZ,2024-10-10,0.8920775369994904,0.9060034627702844,0.015610667451210425,42.95000076293945,38.9128494172095,-0.02629788781140674,-0.011097747941489322,False,False,False,False,low
GD,2024-10-11,0.9667155827247746,0.9713748910453676,0.0048197302328159,299.44000244140625,290.8684997461456,0.011450818403033303,0.016325738491496766,False,False,False,False,low
ABBV,2024-10-15,0.9430861577924908,0.9506172269530532,0.007985557945406008,191.86000061035156,182.38542174342348,-0.019371292636676807,-0.011540425271098442,False,False,False,False,low
ABT,2024-10-15,0.9658182301948128,0.9703700751768578,0.004712941669289927,116.0500030517578,112.61145018560879,-0.010234515550040069,-0.0055698085555510035,False,False,False,False,low
EME,2024-10-15,0.9963873822609468,0.9969380218780066,0.0005526360799654739,444.9100036621094,443.54769896464,-0.01699072544786362,-0.016447479055805347,False,False,False,False,low
FCX,2024-10-15,0.9773650886528994,0.98037480187698,0.0030794155214086683,47.279998779296875,46.35211943599703,-0.03233732728852945,-0.02935749183469405,False,False,False,False,low
PNC,2024-10-16,0.941767020752144,0.9496668822465896,0.008388339494131314,189.92999267578125,180.37022398952678,-0.012529914255980712,-0.004246679936460884,False,False,False,False,low
EOG,2024-10-17,0.943281897546123,0.9500701051963254,0.007196372227497916,127.04000091552734,120.69690703395634,-0.002512560405862674,0.0046657305017105966,False,False,False,False,low
CL,2024-10-18,0.959658238239148,0.9644551167588143,0.00499852794310196,100.45999908447266,96.88916014660546,-0.0006963065321218265,0.0042987409033223845,False,False,False,False,low
GEHC,2024-10-18,0.9969498381751212,0.9972790940793465,0.00033026326061502687,91.33999633789062,91.09146880106239,0.0057255741556232476,0.00605772836302787,False,False,False,False,low
PG,2024-10-18,0.954549126107004,0.9601614466282468,0.0058795512643039505,171.27999877929688,164.45645140641403,-0.005804504336461402,4.091904703251714e-05,False,False,False,False,low
BK,2024-10-21,0.9642205567494,0.9701677389741904,0.006167865000555217,75.87999725341797,73.61632536871629,-0.010303912017664896,-0.004199600155412431,False,False,False,False,low
CAT,2024-10-21,0.9774446063769784,0.980956525322685,0.0035929595629198285,390.4800109863281,383.0439147851123,-0.008581664781755816,-0.005019538793379352,False,False,False,False,low
CVS,2024-10-21,0.9324970542657132,0.9428885959846768,0.011143779673541632,58.16999816894531,54.847827901948065,-0.03596290981364059,-0.025219892883481698,False,False,False,False,low
DELL,2024-10-22,0.9713891034039012,0.974841438100439,0.00355401834799296,120.4000015258789,117.37091063478285,-0.041859000341701647,-0.03845374964895176,False,False,False,False,low
LOW,2024-10-23,0.9672142872402356,0.971317813481302,0.004242623682467528,270.1099853515625,262.3626403711462,-0.007751141942835882,-0.0035414034387410975,False,False,False,False,low
CARR,2024-10-25,0.9764496606719736,0.9790012612217716,0.002613140904818456,73.72000122070312,72.17197417233889,0.011248280900695518,0.013890815148444258,False,False,False,False,low
FAST,2024-10-25,0.9636526252121962,0.9686483677330766,0.005184173622502675,37.92499923706055,36.73598860725687,0.0030414667969509424,0.008241407911395715,False,False,False,False,low
BX,2024-10-28,0.9452151169853136,0.9500932476000732,0.00516086817392214,169.97000122070312,161.48735045436624,0.01474627594449629,0.01998324770462423,False,False,False,False,low
KMI,2024-10-31,0.9289974114982852,0.9398946277493032,0.01173008246970575,24.510000228881836,23.03681754126023,-0.013285021001566921,-0.0017107729238212688,False,False,False,False,low
MS,2024-10-31,0.9547090742532286,0.9622573687638314,0.007906381864555945,116.25,111.8624191187954,-0.014162128518291683,-0.006367717849816157,False,False,False,False,low
TRGP,2024-10-31,0.964252878810262,0.9686126465128568,0.004521394541205925,166.96000671386716,161.71957396492323,0.0019804466265649356,0.006510795548337445,False,False,False,False,low
TXN,2024-10-31,0.9511463355111328,0.9574083311794492,0.0065836301255908225,203.16000366210935,194.5070800685509,-0.02294036061026361,-0.016507761333878546,False,False,False,False,low
ZTS,2024-10-31,0.9761201711315886,0.9784333683345025,0.0023697873185350993,178.77999877929688,174.92431639646568,-0.021670168517179733,-0.019351734889187178,False,False,False,False,low
AON,2024-11-01,0.9895581252003264,0.9913821886178484,0.001843311040625073,364.4200134277344,361.27951048813304,-0.006678065042278858,-0.004847063752676184,False,False,False,False,low
COST,2024-11-01,0.9906958704560032,0.992012368006802,0.001328861449874541,877.3099975585938,870.3023681541423,0.003580503911136068,0.004914123354629263,False,False,False,False,low
NRG,2024-11-01,0.9760664883763266,0.9804918178188984,0.004533840158710056,86.72000122070312,85.0282516381443,-0.04070796729049064,-0.036358690548661476,False,False,False,False,low
NSC,2024-11-01,0.965330809153163,0.9705629040134314,0.00542000194198522,250.08999633789065,242.72807311041157,-0.001357650232936658,0.004054993242149418,False,False,False,False,low
O,2024-11-01,0.912163911164702,0.91623824193759,0.004466665171707573,58.880001068115234,53.94810866393332,-0.008253290762758936,-0.003823490277453323,False,False,False,False,low
OKE,2024-11-01,0.9166030292192582,0.9260663785747208,0.010324370587694087,93.36000061035156,86.457557668962,-0.03633357496758394,-0.026384325672631048,False,False,False,False,low
AMP,2024-11-04,0.977998316874704,0.980860534364465,0.0029266077869207763,506.5899963378906,496.89413451167576,-0.0011632878788809808,0.0017599154206751066,False,False,False,False,low
BKR,2024-11-04,0.9667459167081462,0.9721396162727772,0.005579231803737095,38.16999816894531,37.1065673730911,0.008454417641337919,0.014080818600861411,False,False,False,False,low
C,2024-11-04,0.954934599136846,0.96340288854112,0.008867926046378871,62.349998474121094,60.06816863050268,-0.021346737245253378,-0.012668112486096894,False,False,False,False,low
ETN,2024-11-04,0.9787489250232556,0.9815030097944514,0.002813882805674961,331.1300048828125,325.00509642573184,-0.011552224230410468,-0.00877084802986483,False,False,False,False,low
KKR,2024-11-04,0.9893373694428752,0.9905975698530224,0.0012737822800090726,136.80999755859375,135.5236511131409,-0.00559677469263653,-0.004330121485056182,False,False,False,False,low
VMC,2024-11-04,0.9871107002458812,0.9887927405794584,0.001704003748675964,268.8599853515625,265.84680174792453,-0.0056586013313559835,-0.003964239860560825,False,False,False,False,low
LVS,2024-11-05,0.964517299505543,0.968287165124611,0.003908551584300923,50.34000015258789,48.743576040121816,-0.020050589852311007,-0.01622040703274341,False,False,False,False,low
MET,2024-11-05,0.9509328720819308,0.9575759787365788,0.006985883914291335,78.1500015258789,74.83456419940862,-0.005218890598985171,0.0017305347514202651,False,False,False,False,low
EQT,2024-11-06,0.9784470623310808,0.9825827424480869,0.004226779635019939,40.209999084472656,39.509651174256206,0.071124083746118,0.07565148920987541,False,False,False,False,low
F,2024-11-07,0.8973805480764185,0.9095732273045686,0.013586966258947397,10.960000038146973,9.968922605955537,-0.02055402599295275,-0.007246326591657026,False,False,False,False,low
PAYX,2024-11-07,0.9411817258650176,0.9474300558356636,0.006638813524458609,146.55999755859375,138.8553466702132,-0.013661745940693915,-0.007113630199953924,False,False,False,False,low
RMD,2024-11-07,0.9838192729848586,0.9859466143343016,0.0021623294113650715,248.5399932861328,245.0471649071327,0.011847039634708567,0.014034986248313341,False,False,False,False,low
AAPL,2024-11-08,0.99255949551748,0.9936514940918786,0.001100184502118129,226.9600067138672,225.51914977033692,-0.0022858669924306074,-0.0011881973657514866,False,False,False,False,low
AEP,2024-11-08,0.9426413369477687,0.9518305836583608,0.009748402017194069,96.4000015258789,91.7564697170442,0.0007266655610262962,0.010482151406241424,False,False,False,False,low
COP,2024-11-08,0.94541792748592,0.9520245140714894,0.006988006460949769,111.58999633789062,106.2364120388196,-0.007206451752598819,-0.0002688040230568456,False,False,False,False,low
EXC,2024-11-08,0.93836084167105,0.9478166236231512,0.010076914479148602,38.11000061035156,36.12129210477965,0.0005250842132722422,0.01060728992113269,False,False,False,False,low
GWW,2024-11-08,0.9855571086125784,0.9872592439995208,0.0017270794072385964,1202.3499755859375,1187.031127919815,0.011270469712248987,0.013017014115637382,False,False,False,False,low
HWM,2024-11-08,0.9956218442620546,0.9963384276314232,0.0007197344790077498,113.6500015258789,113.23386382060303,0.021848590887476593,0.022584050550663592,False,False,False,False,low
PFE,2024-11-08,0.8884692780262776,0.9022695090304258,0.015532592229643871,26.719999313354492,24.10864066175367,-0.02694828098288604,-0.011834265413039335,False,False,False,False,low
PH,2024-11-08,0.9839416939238614,0.98627239886887,0.0023687429442225127,695.5800170898438,686.0313720604497,0.00842309377630257,0.01081178886447609,False,False,False,False,low
SCHW,2024-11-08,0.977703753295019,0.9810556664682863,0.0034283525679130733,73.9000015258789,72.50001524897851,0.009976812562548565,0.013439369161430292,False,False,False,False,low
TFC,2024-11-08,0.9230240341265412,0.9335313903139426,0.011383621443123548,45.220001220703125,42.21429060956117,-0.021212110953523156,-0.010069960151504076,False,False,False,False,low
WFC,2024-11-08,0.9628605179856212,0.968408599030192,0.005762081777096695,70.04000091552734,67.82733916267921,0.003150977107773123,0.008931215072642829,False,False,False,False,low
DHI,2024-11-12,0.9801203845474988,0.9824671489444798,0.0023943634210448206,161.8300018310547,158.99266051263626,-0.03361999675798588,-0.031306131827393835,False,False,False,False,low
IBM,2024-11-12,0.9546810336176568,0.96220500857986,0.00788114008475893,210.86000061035156,202.8905486964326,-0.012689079088493704,-0.004907943413577698,False,False,False,False,low
V,2024-11-12,0.9869777145401832,0.9888541159013936,0.0019011587937267649,309.8500061035156,306.39645384753334,-0.003441423124946108,-0.001546807023056318,False,False,False,False,low
ED,2024-11-13,0.9430037689211764,0.9511390114455566,0.008626945927996843,95.41000366210938,90.74817656519565,-0.016797168570071075,-0.0083151309070717,False,False,False,False,low
EQIX,2024-11-13,0.9629318665287536,0.9674959608931706,0.004739789514776271,901.1500244140624,871.8590087793874,-0.002070823544043199,0.0026591507030120365,False,False,False,False,low
ETR,2024-11-13,0.9532511302220612,0.9609784974956944,0.008106328992060208,73.8050003051758,70.9250183009371,-0.010855693651196097,-0.0028373644833096234,False,False,False,False,low
KVUE,2024-11-13,0.9298630390689396,0.9379936105535408,0.008743837686829847,23.13999938964844,21.705171575703073,-0.02156449205530797,-0.0130092107868085,False,False,False,False,low
PCAR,2024-11-13,0.939491957633676,0.9419115028643162,0.002575376203043156,116.8000030517578,110.0152664090379,8.564205969729954e-05,0.002661238823262968,False,False,False,False,low
URI,2024-11-13,0.9850091479523122,0.9868616255179375,0.0018806704176062006,858.8300170898438,847.5463867088813,-0.01097467458482726,-0.009114643913055609,False,False,False,False,low
WAB,2024-11-13,0.9915576659680588,0.9925537813503522,0.0010045965216969321,198.83999633789065,197.35939024886355,-0.002207960879674231,-0.0012055824677971172,False,False,False,False,low
WELL,2024-11-13,0.9711435392693886,0.9759530749949316,0.0049524457827947455,134.9499969482422,131.7048644921936,-0.007428726947260378,-0.002513071531907052,False,False,False,False,low
COF,2024-11-14,0.9762715259595314,0.9794389067568016,0.003244364618907758,183.0,179.23731993649469,-0.013636602144899035,-0.010436479635512308,False,False,False,False,low
FANG,2024-11-14,0.9565796868861324,0.9613273088387456,0.004963122275853271,182.4199981689453,175.3653259181211,0.0009876682965090922,0.0059556924908859,False,False,False,False,low
FIX,2024-11-14,0.9947827851587268,0.9955635229813712,0.0007848324622141689,439.4100036621094,437.46057127910683,-0.015393912198572446,-0.014621161378372105,False,False,False,False,low
IR,2024-11-14,0.9983200708127352,0.9985115308526922,0.00019178222050686422,102.98999786376952,102.836700429468,-0.01303306785087166,-0.012843785141057329,False,False,False,False,low
TJX,2024-11-14,0.9787164262207788,0.9817558155258902,0.0031054851269307626,119.91000366210938,117.72234343500666,-0.010071770981354922,-0.0069975635894087285,False,False,False,False,low
WEC,2024-11-14,0.9427122555965528,0.9508444912804588,0.008626424060605764,96.12999725341795,91.4046783352181,-0.01536413031034356,-0.006870243753117289,False,False,False,False,low
XOM,2024-11-14,0.9439941396026992,0.9517511662261658,0.008217240232795797,120.55999755859376,114.74311827661532,-0.007491591775453665,0.00066408824799713,False,False,False,False,low
CEG,2024-11-15,0.9900042679214732,0.9915573203578408,0.001568733071856565,224.27999877929688,222.38647459945943,-0.0048806729953155825,-0.0033195963965995112,False,False,False,False,low
COR,2024-11-15,0.9861368251760504,0.988370064202145,0.0022646340437555423,240.2400054931641,237.44602965320226,-0.013023286312199844,-0.01078814524598859,False,False,False,False,low
CTAS,2024-11-15,0.9851502211666272,0.9869235295248148,0.0018000385322836099,215.1999969482422,212.38594054188854,-0.00852340970976384,-0.006738713643384298,False,False,False,False,low
DUK,2024-11-15,0.9397879609263194,0.948745662682436,0.009531620034041843,112.16999816894533,106.42079924588367,0.013462214127766492,0.023122150871691227,False,False,False,False,low
EMR,2024-11-15,0.9715520577084188,0.9755449558208428,0.004109813859940692,126.77999877929688,123.67958830811567,-0.017209311788396353,-0.013170224996563618,False,False,False,False,low
GLW,2024-11-15,0.9722017612024956,0.978022043635259,0.005986702210418304,46.4900016784668,45.46824645018072,-0.011902179971825522,-0.005986732568553421,False,False,False,False,low
HLT,2024-11-15,0.9961909779537303,0.996789026457622,0.0006003351938803636,248.41000366210935,247.6123657126883,-0.006518915644659229,-0.005922493985266342,False,False,False,False,low
HON,2024-11-15,0.9637321099737528,0.9684764597441566,0.004922892701513248,215.82469177246097,209.0211334131668,-0.007283167993841433,-0.0023961295468888366,False,False,False,False,low
KR,2024-11-15,0.9648343420287128,0.9700886839825104,0.005445848810428533,58.02000045776367,56.28454588873661,-0.017941796554478806,-0.012593656055473468,False,False,False,False,low
LLY,2024-11-15,0.9876039390036722,0.989239507023576,0.0016560971005783465,746.2000122070312,738.1705322166699,-0.0509138156215474,-0.04934203674339932,False,False,False,False,low
MMM,2024-11-15,0.966915863485314,0.9720583329655051,0.005318424978213443,129.7899932861328,126.16344450932236,-0.019120419422942847,-0.013903684960982265,False,False,False,False,low
MSCI,2024-11-15,0.9774617817705584,0.9800488231764048,0.002646693153731672,593.8599853515625,582.0117797753559,-0.020259393869578868,-0.01766632111490052,False,False,False,False,low
OTIS,2024-11-15,0.968224168832939,0.9720257581548064,0.003926352433909708,99.0999984741211,96.32775114994772,-0.006217436211315541,-0.0023154956232068757,False,False,False,False,low
RTX,2024-11-15,0.9692268892105408,0.974388779397458,0.0053257810368032565,118.52999877929688,115.49430083254127,-0.003279510558807708,0.0020288045228513685,False,False,False,False,low
SBUX,2024-11-15,0.956340227985838,0.9622554263305088,0.006185244718952099,98.41999816894533,94.70517729750638,-0.008162905981920154,-0.0020281508340840304,False,False,False,False,low
SHW,2024-11-15,0.9846105646064248,0.9864260024747082,0.0018438131110334322,378.989990234375,373.84558104482323,-0.02437831804822621,-0.022579453999635013,False,False,False,False,low
ACGL,2024-11-18,0.9508985572070946,0.999999999896886,0.05163688841216496,96.9800033569336,96.9800033469336,-0.04762838443396744,0.001549122405928971,False,False,False,False,low
AMGN,2024-11-18,0.9470293323954936,0.9546026408812914,0.007996910155508408,278.760009765625,266.1050414943602,-0.017100863285633205,-0.009240707197401776,False,False,False,False,low
APO,2024-11-18,0.9752197384325718,0.9779869838616844,0.002837560931201244,164.30999755859375,160.69303893064983,0.004155672281915823,0.007005025186427094,False,False,False,False,low
CVX,2024-11-18,0.9283783135560736,0.9378485276953172,0.010200813613330473,160.75999450683594,150.76852416054336,-0.004088735408227406,0.006070369777289475,False,False,False,False,low
HSY,2024-11-18,0.9469440149541322,0.954595611527382,0.008080305120911069,169.99000549316403,162.27171324728997,-0.005441099261316751,0.0025952401173698902,False,False,False,False,low
KLAC,2024-11-18,0.98623992318888,0.9889759641812778,0.0027742143955713505,620.260009765625,613.4222412010478,0.009439162167700577,0.012239562822839556,False,False,False,False,low
LHX,2024-11-18,0.9732058134727448,0.9777978906902516,0.004718505740446188,244.27000427246097,238.84669493651108,-0.01105261428153459,-0.006386260365022656,False,False,False,False,low
PSX,2024-11-18,0.9407394036896028,0.9490766991585604,0.00886249203154299,131.32000732421875,124.6327590847475,0.003131950581619636,0.012022199500235198,False,False,False,False,low
ROK,2024-11-18,0.9730274301661662,0.9775022731817063,0.004598886811213454,283.1300048828125,276.76022337889685,-0.01055386712593942,-0.006003516355058691,False,False,False,False,low
SO,2024-11-18,0.9443974794592596,0.9521943563757344,0.008255927282799558,88.04000091552734,83.83119200707962,0.0012510020467393357,0.00951725751146748,False,False,False,False,low
UPS,2024-11-18,0.896486586266667,0.9075199189019326,0.01230730364992172,135.1300048828125,122.63317107246776,0.007906298953429536,0.02031090782531808,False,False,False,False,low
PRU,2024-11-19,0.915912628297224,0.9253000173996966,0.01024921898928799,124.61000061035156,115.3016357329345,-0.027547984986037388,-0.017581111327584997,False,False,False,False,low
AFL,2024-11-20,0.9639627293623442,0.9683194644814656,0.00451960951021757,110.23999786376952,106.7475356958832,-0.008008633237152951,-0.0035252196218779064,False,False,False,False,low
MPC,2024-11-20,0.9641417502434284,0.969698408613518,0.005763320972965502,159.3800048828125,154.550537099678,0.0036524044074839335,0.009436775359372485,False,False,False,False,low
VLO,2024-11-20,0.9517910998928236,0.9590172906691852,0.007592202508696744,141.1999969482422,135.41323851580043,-0.005703806703230008,0.0018450913499052923,False,False,False,False,low
ADM,2024-11-21,0.940123152107098,0.9489887679439972,0.009430270722541767,53.189998626708984,50.476711263703464,-0.006165953442304528,0.0032061706700137194,False,False,False,False,low
AMAT,2024-11-21,0.985310786891696,0.9876280088120482,0.002351767534852778,175.75,173.57562254871746,0.03085221618487677,0.03327654096013144,False,False,False,False,low
MAR,2024-11-21,0.984257490866127,0.9864756439362627,0.002253630874766044,283.44000244140625,279.6066589256821,0.011635412416465485,0.013915265215893813,False,False,False,False,low
MSFT,2024-11-21,0.986301941337618,0.9882760816511468,0.0020015577692684694,412.8699951171875,408.02954100574215,-0.00630579599693748,-0.004316859642638171,False,False,False,False,low
CMI,2024-11-22,0.9692318167550664,0.9740377814273096,0.004958529620223695,372.6199951171875,362.9459533594002,0.010193596255883675,0.01520267112507856,False,False,False,False,low
CRH,2024-11-22,0.9817192114617072,0.9851499931199073,0.0034946669252726714,101.4000015258789,99.89421080557818,0.008955239063471732,0.01248120156650745,False,False,False,False,low
MCHP,2024-11-22,0.9523564915926652,0.9589164725752656,0.0068881569459664505,66.69000244140625,63.95014189714913,0.002706364447366827,0.009613163256399826,False,False,False,False,low
MCO,2024-11-22,0.9861773739466944,0.9879344267418624,0.001781680295641186,480.6600036621094,474.8605651756675,0.005733156506092518,0.007525051453712406,False,False,False,False,low
NEE,2024-11-22,0.9567705450486298,0.963182649987626,0.0067018210083698015,76.0,73.20188139905957,-0.017580152528716253,-0.010996150555893869,False,False,False,False,low
TEL,2024-11-22,0.9769245795302278,0.9811614177062076,0.004336914296922512,152.25999450683594,149.39163207026652,0.01155986038390866,0.0159469088046007,False,False,False,False,low
ATO,2024-11-25,0.9614994471925274,0.9671067309944036,0.005831811779246188,150.17999267578125,145.2400817774383,0.0008663087062956709,0.006703172634860088,False,False,False,False,low
TER,2024-11-25,0.9937687283586132,0.9948719602336676,0.0011101495182652688,110.66999816894533,110.10247801739504,0.022733565338562745,0.023868952513437014,False,False,False,False,low
JNJ,2024-11-26,0.9520097464439508,0.9596484434515914,0.008023759248446227,154.52000427246094,148.2848815822004,-0.008088294496786164,-0.00012943377611251972,False,False,False,False,low
SPGI,2024-11-26,0.9863308503667668,0.9880580598522576,0.0017511461644421633,521.9600219726562,515.7268066307445,0.0027857527805932314,0.004541777205332442,False,False,False,False,low
EA,2024-11-27,0.992211008774011,0.993354802228793,0.0011527723888038466,163.10000610351562,162.0161743064727,-0.011634941941797816,-0.010495581992809755,False,False,False,False,low
HD,2024-11-27,0.9569408130546369,0.9619800799336926,0.005266017302543391,427.19000244140625,410.94827269545834,-0.005424628962242495,-0.00018717784967392515,False,False,False,False,low
NEM,2024-11-27,0.9732627189183568,0.9790559148434608,0.005952345458729136,42.040000915527344,41.159511556371555,-0.004970392531897239,0.0009523674334166454,False,False,False,False,low
TMUS,2024-11-27,0.971135893209132,0.9746379337443328,0.0036061282048058807,246.1999969482422,239.95585631349581,0.005226191363981281,0.008851165884868673,False,False,False,False,low
ALL,2024-11-29,0.9664087500850448,0.9706981070290008,0.004438450028084517,207.38999938964844,201.31307982427737,-0.003890478244315765,0.000530704090495826,False,False,False,False,low
CSX,2024-11-29,0.9747949467302928,0.9780032337190672,0.0032912429424627465,36.54999923706055,35.74601744627465,-0.000820191156159833,0.0024683523379487315,False,False,False,False,low
D,2024-11-29,0.9246004326758794,0.9350631387620504,0.011315921685101316,58.75,54.93495940227046,-0.015912910398640956,-0.004777057961392828,False,False,False,False,low
EBAY,2024-11-29,0.9748384787622918,0.9789485248792964,0.0042161303708723175,63.290000915527344,61.95765303586481,-0.015860623259036366,-0.011711363343587577,False,False,False,False,low
KO,2024-11-29,0.9574469721256592,0.9647088720206652,0.007584649705334234,64.08000183105469,61.818546285518934,-0.005432228348025925,0.0021112198081691957,False,False,False,False,low
CTVA,2024-12-02,0.9826582664116112,0.9853497354947232,0.0027389675282949444,62.22999954223633,61.31831358877931,-0.0001607026985979143,0.002577824670223716,False,False,False,False,low
GS,2024-12-02,0.9658073951899964,0.9705919317311266,0.004953924110499219,601.7100219726561,584.014892568419,-0.011272302724422478,-0.006374220746170556,False,False,False,False,low
HIG,2024-12-02,0.970473233992686,0.9745831399271094,0.004234950321622577,121.22000122070312,118.13896941164089,-0.01694912317955033,-0.012785951552588215,False,False,False,False,low
LMT,2024-12-02,0.9540054460046412,0.959989447799568,0.006272502761894838,520.3400268554688,499.5209350489938,-0.017132178744555637,-0.010967137621153422,False,False,False,False,low
MCD,2024-12-02,0.9594604179452966,0.9652319383591378,0.006015381464303804,292.44000244140625,282.2724304102695,-0.012060427710013588,-0.00611759431900849,False,False,False,False,low
MCK,2024-12-02,0.992737544733608,0.9938602338036052,0.001130902196610828,621.2899780273438,617.4754028220926,-0.01147179311480706,-0.010353864394228918,False,False,False,False,low
MLM,2024-12-02,0.9903137206866196,0.9916193690829204,0.0013184189707029503,593.219970703125,588.2484130760213,-0.011300048828124964,-0.009996528056166798,False,False,False,False,low
MTB,2024-12-02,0.9512997090208548,0.957173590344616,0.006174585430922752,215.69000244140625,206.4527740382798,-0.019546356399774978,-0.013492461616305906,False,False,False,False,low
NKE,2024-12-02,0.9571123790147664,0.9619974331450366,0.005103950421473824,79.08999633789062,76.08437346450113,0.004062456626401145,0.009187141625085493,False,False,False,False,low
NOC,2024-12-02,0.9713964311467704,0.9755004441924212,0.004224859093630684,484.75,472.8738403222762,-0.010007135622512209,-0.005824555266817466,False,False,False,False,low
O,2024-12-02,0.916238103376395,0.9204358698897596,0.0045815236213113675,56.689998626708984,52.17950820002416,-0.020728982131480778,-0.01624242883145033,False,False,False,False,low
TPL,2024-12-02,0.9902478936718028,0.991238860687914,0.0010007262044624543,500.1166687011719,495.7350768943846,-0.06233400563589808,-0.06139565870430452,False,False,False,False,low
YUM,2024-12-02,0.9670659898539292,0.971751978480218,0.0048455727690275285,139.02999877929688,135.10267638188404,0.0006477352548528437,0.005496446672192734,False,False,False,False,low
LIN,2024-12-03,0.9773465288058972,0.9803107261093812,0.0030329030861813155,458.11999511718756,449.0999450585563,-0.0034153610387008815,-0.0003928164115544197,False,False,False,False,low
VRT,2024-12-03,0.9980407378246966,0.9983393446180896,0.0002991929909030855,128.16000366210938,127.94717406228223,0.00873672242179624,0.009038529378811555,False,False,False,False,low
CI,2024-12-04,0.9648258707131614,0.9688760818877744,0.004197867509107445,330.1199951171875,319.84536742195183,-0.014272913903887186,-0.010134962196317376,False,False,False,False,low
HAL,2024-12-04,0.9572122520683608,0.9623700685738206,0.005388372844491451,30.600000381469727,29.448524465473955,-0.0353089204328334,-0.03011080521637055,False,False,False,False,low
ODFL,2024-12-04,0.9890367633127736,0.9902146497500194,0.0011909430275376387,211.02999877929688,208.96499632798847,-0.03458528608467393,-0.033435532162454096,False,False,False,False,low
SLB,2024-12-04,0.9525646560578972,0.9586040205592964,0.006340109789914505,42.7400016784668,40.970737447689345,-0.020847647550999437,-0.014639714135419757,False,False,False,False,low
BLK,2024-12-05,0.96968593135763,0.974487833502652,0.004952017957297716,1044.780029296875,1018.125427236349,0.009449303668478182,0.014448114747226182,False,False,False,False,low
ELV,2024-12-05,0.9710338892780191,0.9750059193663226,0.004090516440427017,392.9800109863281,383.15783690431243,-0.01782003605575977,-0.013802412765787864,False,False,False,False,low
NVDA,2024-12-05,0.9984398481423168,0.9985087283457538,6.898783493580751e-05,145.05999755859375,144.8436736960696,-0.0005512045706980162,-0.0004822547621721185,False,False,False,False,low
NXPI,2024-12-05,0.97206262170927,0.9764896937856,0.004554307487459441,216.9900054931641,211.88850401855547,-0.02982204265283772,-0.025403553917523358,False,False,False,False,low
QCOM,2024-12-05,0.9632501762662696,0.9682891366312278,0.005231206273421218,160.38999938964844,155.30389403328584,-0.018060469048497563,-0.012923740814063889,False,False,False,False,low
SRE,2024-12-05,0.9550822939636694,0.9615980719243336,0.006822216265389258,90.94000244140624,87.44773100845042,-0.0061201918971995894,0.0006602710954812796,False,False,False,False,low
AJG,2024-12-06,0.9863458007946144,0.9882991090623822,0.001980348338477267,296.7099914550781,293.2382202049607,-0.02262993418886705,-0.020694401002960494,False,False,False,False,low
AME,2024-12-06,0.9903070189523336,0.9917387124948212,0.0014457067506217225,191.5399932861328,189.95762633285605,-0.01247686813758686,-0.011049199279458133,False,False,False,False,low
BAC,2024-12-06,0.9664930787972306,0.9718693205850614,0.005562628337205888,46.74999999999999,45.434890737351616,-0.005319148936170359,0.00021389095243340428,False,False,False,False,low
BKNG,2024-12-06,0.9887265323186392,0.990365268339975,0.0016574209023123565,212.0135955810547,209.97090147935415,0.0023449689897221404,0.004006276492653615,False,False,False,False,low
GM,2024-12-06,0.9851931296735132,0.9874125701461518,0.0022527973508850163,53.40999984741211,52.73770522083877,0.00037461056363197187,0.002628251836202411,False,False,False,False,low
KMB,2024-12-06,0.940567814676624,0.9489478931961854,0.008909595234706913,134.72999572753906,127.85174559597925,-0.02475568816534235,-0.016066656091945464,False,False,False,False,low
NDAQ,2024-12-06,0.9817908395547884,0.984698898308401,0.0029619941808902706,81.13999938964844,79.89846800773114,-0.0015995725210733447,0.0013576837353175275,False,False,False,False,low
PEP,2024-12-06,0.9450128366620016,0.9530594216064232,0.008514789040161563,157.7899932861328,150.38323973656313,-0.016823553583504958,-0.00845201355301295,False,False,False,False,low
TT,2024-12-06,0.9884160254619596,0.9904204063133332,0.0020278716651085382,412.1799926757813,408.231475820174,-0.006938767647455268,-0.004924966912649764,False,False,False,False,low
WM,2024-12-06,0.9781472077341908,0.9814324045992148,0.003358591466650296,222.19000244140625,218.06446837397473,-0.00830172097753501,-0.004971011600118369,False,False,False,False,low
ADI,2024-12-09,0.9739028548944204,0.97802647922164,0.0042341228455138324,219.0399932861328,214.22691344236813,0.0038496624639727806,0.00810008525327266,False,False,False,False,low
BDX,2024-12-09,0.968014990937672,0.9726122643946634,0.004749175890900403,175.32232666015625,170.52064513187543,0.013589690004466304,0.018403405723500743,False,False,False,False,low
CME,2024-12-09,0.9306634723407892,0.9351560770284666,0.00482731386929558,236.72000122070312,221.37014769572656,-0.011112054506856484,-0.006338382012398225,False,False,False,False,low
FDX,2024-12-09,0.968157867654658,0.9729413406838636,0.004940798591859252,225.2457733154297,219.15092467288778,-0.004097167017812264,0.0008233882970147821,False,False,False,False,low
GOOG,2024-12-09,0.9942927167489676,0.9954208125177932,0.0011345710873897907,177.10000610351562,176.28903197246765,0.0034562898258574393,0.00459478231975341,False,False,False,False,low
GOOGL,2024-12-09,0.9942586744433768,0.9953980875523756,0.0011459926257486597,175.3699951171875,174.56295775371788,0.0037776222194372266,0.004927943972392157,False,False,False,False,low
SPG,2024-12-09,0.9301348473424214,0.9408825195061202,0.0115549612987913,182.11000061035156,171.34411620152866,-0.0094103337793775,0.0020358914767844016,False,False,False,False,low
UNH,2024-12-09,0.964736155800332,0.968436281922429,0.0038353762319889295,560.6199951171875,542.9247436426593,0.02001382791332884,0.02392596470520747,False,False,False,False,low
UNP,2024-12-09,0.9610493567209204,0.9665947894550704,0.005770185157889074,233.5399932861328,225.7385406397481,-0.00012850125078034402,0.0056409424310988054,False,False,False,False,low
OXY,2024-12-10,0.9694312152988378,0.9738286356544212,0.004536082897049987,48.04999923706055,46.79246520022265,-0.013752092915750413,-0.009278390652174284,False,False,False,False,low
PEG,2024-12-10,0.9544709161452268,0.9610308213894349,0.006872818368003575,86.37999725341797,83.0138397120694,-0.017292426007676776,-0.010538455342766206,False,False,False,False,low
ROST,2024-12-10,0.9846034096277378,0.9869280071948764,0.002360948118204753,155.77000427246094,153.73377989735727,-0.0030082002315577894,-0.0006543543180288491,False,False,False,False,low
TRV,2024-12-10,0.9762973922601,0.9803836600858964,0.0041854744857370285,247.6499938964844,242.79200743648528,-0.016949842424170414,-0.012835311071436872,False,False,False,False,low
AEE,2024-12-11,0.9578648196304984,0.9649507221547023,0.007397601810803955,89.8499984741211,86.70082091320205,-0.015234539918817513,-0.007949637168103818,False,False,False,False,low
LRCX,2024-12-11,0.9867093361742784,0.9897392790044718,0.0030707552053184095,78.2300033569336,77.42730711900886,0.041261895605547716,0.04445935599157802,False,False,False,False,low
ADP,2024-12-13,0.9652974020662768,0.9702989397704674,0.0051813437946528484,296.760009765625,287.9459228418595,-0.006661055177824227,-0.0015142246000828807,False,False,False,False,low
CB,2024-12-13,0.9873061372132348,0.9905796637324524,0.003315614474409534,276.0899963378906,273.48913573228174,0.002578224426208031,0.005902387298843292,False,False,False,False,low
CCI,2024-12-13,0.9243786931858156,0.9392611106067276,0.016099913953685707,97.11000061035156,91.2116470242988,-0.016806683093386288,-0.000977355291351012,False,False,False,False,low
DLR,2024-12-13,0.9572547617868212,0.9635365724315904,0.006562318512830956,185.0399932861328,178.2928008936849,-0.011168767926813872,-0.004679742426514699,False,False,False,False,low
DVN,2024-12-13,0.9615936109667502,0.9678322395124128,0.0064878015769993524,33.880001068115234,32.7901573084369,-0.007324933846355908,-0.0008846549867163045,False,False,False,False,low
GILD,2024-12-13,0.9592477339750044,0.9673102953248512,0.008405087720600113,91.86000061035156,88.85712431894018,-0.0056288878385645225,0.0027288885859830803,False,False,False,False,low
GRMN,2024-12-13,0.9768809952486144,0.9802851338840164,0.003484701465131579,215.3999938964844,211.15341185543153,-0.002639289350358509,0.0008362149793068596,False,False,False,False,low
HCA,2024-12-13,0.9889848549386392,0.9910813388962152,0.0021198342392272362,313.92999267578125,311.1301574607923,0.006218156037470557,0.00835117173677058,False,False,False,False,low
MSI,2024-12-13,0.9842973323082096,0.9865856865926644,0.002324860801043327,469.7900085449219,463.48809813466545,-0.0002766532156487367,0.0020475644051780595,False,False,False,False,low
PSA,2024-12-13,0.9410208504615544,0.949904167740102,0.009440085492463446,317.6199951171875,301.70855711940726,-0.009881895767618554,-0.0005350962160290962,False,False,False,False,low
STX,2024-12-13,0.9720348775793108,0.979256014808792,0.007428886962846715,95.75,93.76376341794183,-0.019356814844970316,-0.012071727471567706,False,False,False,False,low
TMO,2024-12-13,0.9947524878902784,0.995491954516988,0.0007433674564392145,526.8900146484375,524.5147704978575,0.0036000279017858183,0.004346071501809545,False,False,False,False,low
WMB,2024-12-13,0.9514083309358782,0.9596679340379266,0.008681449209009706,54.43000030517578,52.234725942551755,-0.013770580548001732,-0.0052086799345982815,False,False,False,False,low
WMT,2024-12-13,0.9844261095024274,0.9866072352650151,0.0022156317691433003,94.25,92.98773192372768,0.0017005385092669911,0.003919938045556126,False,False,False,False,low
AIG,2024-12-16,0.9679696313811386,0.9733123573892908,0.005519518211050789,72.08999633789062,70.16608427981767,-0.010704080956384976,-0.0052436441151055835,False,False,False,False,low
DIS,2024-12-16,0.984698533136058,0.989061812366276,0.004431081273495785,112.11000061035156,110.88372038805862,-0.010852265460395638,-0.006469271457156478,False,False,False,False,low
DTE,2024-12-16,0.9511859656602548,0.95981229732307,0.00906902748173688,121.3499984741211,116.47322081559722,0.0005771742705209526,0.00965143616157893,False,False,False,False,low
ICE,2024-12-16,0.98276535579723,0.9856159903730908,0.002900625830006387,154.5800018310547,152.35652159658915,-0.006427561307563834,-0.003545579427910228,False,False,False,False,low
IRM,2024-12-16,0.9512648055594052,0.9573820611914003,0.006430654846310446,111.29000091552734,106.5470504665004,-0.005451301179924317,0.0009442982300347236,False,False,False,False,low
META,2024-12-16,0.9952010140914568,0.9960038319875708,0.0008066891861508996,624.239990234375,621.7454223533213,0.00627067752322108,0.007082425197119768,False,False,False,False,low
MRK,2024-12-16,0.9490847119167564,0.9566819497599142,0.008004804784827346,100.05999755859376,95.72559355732773,-0.01901963177849253,-0.011167075433131335,False,False,False,False,low
PLD,2024-12-16,0.9496213483793432,0.9578962128185784,0.008713856794981822,108.87000274658205,104.28616332049917,-0.02033649386026959,-0.011799846360498134,False,False,False,False,low
APH,2024-12-17,0.988236252909594,0.9904049012541916,0.002194463457713125,74.26000213623047,73.5474700828694,-0.014465777836279337,-0.012303058999415306,False,False,False,False,low
ECL,2024-12-17,0.9845894211964452,0.9871726870929838,0.0026236986107361915,246.1699981689453,243.01229857411263,-0.008977438737250543,-0.0063772942200572835,False,False,False,False,low
CRM,2024-12-18,0.9899059047583776,0.9910353994732348,0.001141012200682745,337.2300109863281,334.20687865219907,-0.03914861722251517,-0.03805227407172318,False,False,False,False,low
HBAN,2024-12-18,0.9442193990241412,0.9529388987877432,0.009234611969012319,15.90999984741211,15.161257734306057,-0.060802872147182496,-0.052129751109050826,False,False,False,False,low
CARR,2024-12-20,0.979001147522764,0.9823152655191414,0.003385203382818558,68.48999786376953,67.27877043695419,0.02699048367774104,0.03046705533720928,False,False,False,False,low
GEV,2024-12-20,0.9963007521807076,0.997049771516561,0.0007518004319619909,342.6600036621094,341.6490783591701,0.02962745261659805,0.030401526980235127,False,False,False,False,low
HPE,2024-12-20,0.9614929212582738,0.967513996189843,0.006262214519155984,21.61000061035156,20.907978048186184,0.03446631123694033,0.04094436119074607,False,False,False,False,low
PCAR,2024-12-20,0.941911433224449,0.9689493347735866,0.028705354447793985,105.31999969482422,102.04974364265426,-0.020370220424990926,0.007750399625324089,False,False,False,False,low
VST,2024-12-20,0.9915904273284196,0.993197709028144,0.0016209128844202336,139.9499969482422,138.99801634748988,0.020043732224261035,0.02169713425249542,False,False,False,False,low
AVGO,2024-12-23,0.9863272150524272,0.988970066200346,0.0026794872001767445,232.3500061035156,229.78720091784461,0.052357503369283576,0.05517728182957127,False,False,False,False,low
JCI,2024-12-23,0.9843396835343216,0.9888769104080354,0.004609411719969092,80.30999755859375,79.41670226061905,-0.0040922846422670744,0.0004982640529105353,False,False,False,False,low
MO,2024-12-26,0.9002365724114767,0.9177435932733534,0.019447133562881636,52.599998474121094,48.2733116058128,-0.016270857054799803,0.002859854977754539,False,False,False,False,low
PM,2024-12-26,0.9468137920503704,0.9573287978676316,0.01110567453236011,121.70999908447266,116.51648711200875,-0.009763278349056437,0.00123396839159029,False,False,False,False,low
AMT,2024-12-27,0.9481147250120026,0.9565373261329548,0.008883525272583181,181.8699951171875,173.96543883320808,-0.011468641479241537,-0.0026869981730814896,False,False,False,False,low
CME,2024-12-27,0.9351561124673148,0.9583937585326304,0.0248489484862644,233.5,223.7849426173692,-0.023870266935351325,0.00038553051748335676,False,False,False,False,low
DHR,2024-12-27,0.9904858203275516,0.991643386681878,0.0011686854375598799,231.1000061035156,229.1687927146929,-0.0007782457485787653,0.0003895301645080451,False,False,False,False,low
GE,2024-12-27,0.9912724863814624,0.9928874556973696,0.001629188077036714,170.0800018310547,168.87030028303985,-0.012024351663203592,-0.010414753516530761,False,False,False,False,low
MDT,2024-12-27,0.9533232510711735,0.9615719084381588,0.00865252930495175,80.73999786376953,77.63731383315773,-0.010539223363151273,-0.0019778849972005297,False,False,False,False,low
RCL,2024-12-27,0.97475394267398,0.9770139866235747,0.0023185789260773415,232.7100067138672,227.3609313867142,-0.02123985493624969,-0.01897052229022045,False,False,False,False,low
MU,2024-12-30,0.9950219984207338,0.9963148886412532,0.0012993584288301108,85.30999755859375,84.99562071757592,-0.03745909734524089,-0.03620841171028266,False,False,False,False,low
A,2024-12-31,0.987929868524059,0.9897559160863526,0.0018483574800929325,134.33999633789062,132.9638061424462,-0.0005951631613186903,0.0012520942444931293,False,False,False,False,low
DE,2024-12-31,0.9798745260503938,0.983627107306607,0.0038296548756489024,423.7000122070313,416.76281737297626,-0.0022136454619907653,0.0016075319155217649,False,False,False,False,low
FITB,2024-12-31,0.9478817891711164,0.9561630999210242,0.008736649278967112,42.279998779296875,40.42657469746962,-0.010299682322879145,-0.0016530177560518666,False,False,False,False,low
ITW,2024-12-31,0.9636800344808296,0.9693860160360934,0.005921033279824961,253.55999755859375,245.79751585944678,-0.004983731363400912,0.0009077930771634879,False,False,False,False,low
MDLZ,2024-12-31,0.9534713902835852,0.9610552167681558,0.007953910900582839,59.72999954223633,57.403827657625776,0.0028542337982810917,0.010830847020184997,False,False,False,False,low
MPWR,2024-12-31,0.987739178617198,0.9897886545413148,0.0020749160998008165,591.7000122070312,585.657958974477,-0.019796258964174807,-0.01776241844081461,False,False,False,False,low
NUE,2024-12-31,0.9759628636108956,0.9806178991646944,0.00476968512569842,116.70999908447266,114.44791411372898,0.007336427323004546,0.012141104896981059,False,False,False,False,low
PCG,2024-12-31,0.9879301679954844,0.9891585468701108,0.0012433863388530142,20.18000030517578,19.96121977770607,0.0024839118973551955,0.0037303866983284806,False,False,False,False,low
SYK,2024-12-31,0.9858714046001756,0.9881627730521256,0.0023242062212760484,360.04998779296875,355.78799437488397,-0.006100651225858678,-0.0037906241761155313,False,False,False,False,low
USB,2024-12-31,0.9381267960733805,0.9479500806258532,0.010471169348950538,47.83000183105469,45.34045409208299,-0.008704625263115329,0.001675396480586011,False,False,False,False,low
VTR,2024-12-31,0.9590166802539696,0.9664495135575282,0.007750473434508187,58.88999938964844,56.91421126352886,0.006494634746475159,0.014295444675052726,False,False,False,False,low
APD,2025-01-02,0.9620549427589992,0.9679619840424836,0.006140024878978467,283.2900085449219,274.2139587305547,-0.023272651362353458,-0.017275521141739802,False,False,False,False,low
CAH,2025-01-02,0.980997601176514,0.9852127951911324,0.004296844364922947,118.0199966430664,116.27481078116351,-0.0021138074498682213,0.0021739542134253664,False,False,False,False,low
O,2025-01-02,0.9204358138141416,0.9250079809543,0.0049673937840510884,52.599998474121094,48.655418386746014,-0.015165725062818103,-0.010273665407174781,False,False,False,False,low
PWR,2025-01-02,0.9983440072930172,0.9986601283607792,0.00031664543028520065,315.5,315.07727049782585,-0.001740192419589781,-0.0014240980132819159,False,False,False,False,low
RSG,2025-01-02,0.9839435331762372,0.9867885528921768,0.0028914461247138146,200.08999633789065,197.4465179344681,-0.005418015595851311,-0.002542235371335577,False,False,False,False,low
STT,2025-01-02,0.9570211298659438,0.9644894707136256,0.007803736630901614,97.9499969482422,94.47174071301136,-0.002037744009448339,0.0057500906038823185,False,False,False,False,low
AXP,2025-01-03,0.9840384768838824,0.9863521735193232,0.0023512257800808456,303.0799865722656,298.94360350576153,0.015581523340839842,0.017969384800292865,False,False,False,False,low
BMY,2025-01-03,0.9319110469276306,0.942197389547425,0.011037901797287253,56.56999969482422,53.30010603916201,-0.0038739428976303225,0.00712119869838479,False,False,False,False,low
CSCO,2025-01-03,0.9644456003805508,0.9710175686998412,0.006814244698402083,58.86000061035156,57.154094686334744,-0.004060877664398332,0.0027256952199083972,False,False,False,False,low
KDP,2025-01-03,0.9540864070361128,0.9610460636752872,0.00729457687254409,31.540000915527344,30.31139372818251,-0.006926930471317538,0.0003171173744129785,False,False,False,False,low
ROP,2025-01-03,0.9893159664261972,0.9909071092289756,0.00160832621404694,514.6400146484375,509.9604492088409,0.0016544437560992442,0.0032654308554087574,False,False,False,False,low
SYY,2025-01-03,0.9589729831903462,0.9654766610353512,0.006781919781898793,75.43000030517578,72.82590483653664,-0.0036983064678745015,0.003058531696230382,False,False,False,False,low
JPM,2025-01-06,0.9699087369967784,0.9749179978290564,0.005164672346172239,240.8500061035156,234.80900572755544,-0.009988460572074254,-0.004875375351999445,False,False,False,False,low
XEL,2025-01-06,0.9533935988078478,0.9612927687932714,0.008285318881205983,65.13999938964844,62.61861037246716,-0.023241910256633247,-0.015149158013311737,False,False,False,False,low
CMCSA,2025-01-08,0.9414828523253878,0.9493986339437196,0.008407780979526658,34.83599090576172,33.07324217800601,-0.0002688707058140505,0.008136649667705997,False,False,False,False,low
INTU,2025-01-10,0.988554482136898,0.9901995021123636,0.0016640660734343893,623.4299926757812,617.3200683494731,-0.004184961533860609,-0.002527859512933328,False,False,False,False,low
MA,2025-01-10,0.9910926970608832,0.9925536192010064,0.0014740519675460195,504.6700134277344,500.91204832991826,-0.022714969852369205,-0.021274400930826665,False,False,False,False,low
ORCL,2025-01-10,0.9841040717280056,0.9865229831291592,0.0024579833278264296,154.5,152.4178008934551,-0.052960643753665826,-0.05063283680521691,False,False,False,False,low
PGR,2025-01-10,0.9209847910353578,0.938711556130616,0.019247619795469184,235.61000061035156,221.1698303128785,-0.03275994846877783,-0.014142879705954847,False,False,False,False,low
T,2025-01-10,0.9362343602652536,0.9481178316717064,0.012692838364836145,21.690000534057617,20.564676275308862,-0.02209196412877512,-0.009679535493787084,False,False,False,False,low
VZ,2025-01-10,0.9060035634823316,0.9220577973108331,0.01771983519225384,37.810001373291016,34.86300658257629,-0.029018934084987458,-0.011813309622174528,False,False,False,False,low
GEHC,2025-01-14,0.9972790339031528,0.9976881472588646,0.00041022957648140235,84.12999725341797,83.93550108865594,-0.014409598736394913,-0.014005280403500464,False,False,False,False,low
ABBV,2025-01-15,0.9506171529800708,0.959581708775146,0.009430248304454159,171.35000610351562,164.42433165544324,-0.023924789947191827,-0.014720158352571677,False,False,False,False,low
ABT,2025-01-15,0.9703700417610548,0.9754621911800933,0.005247636674558853,111.0999984741211,108.37384795167118,-0.0169881279948092,-0.011829638843747992,False,False,False,False,low
FCX,2025-01-15,0.9803749758012994,0.9841118756894862,0.00381170468486558,40.029998779296875,39.39399718254169,0.013417690615110667,0.017280539574153986,False,False,False,False,low
PNC,2025-01-15,0.94966689274646,0.9574947114466263,0.008242699371700857,200.44000244140625,191.92024229999535,0.02416838978731639,0.03261030193033232,False,False,False,False,low
ACN,2025-01-16,0.977633154313953,0.981787910811497,0.004249811372712298,350.55999755859375,344.17556761713524,0.00237322090238945,0.006633118016282413,False,False,False,False,low
EME,2025-01-16,0.9969380902430448,0.9974348009733064,0.0004982362848033883,510.989990234375,509.67919920877563,0.017867816853919916,0.018374955533410064,False,False,False,False,low
EOG,2025-01-17,0.9500701041452244,0.9568278387176776,0.00711287992640619,136.5800018310547,130.6835479640645,-0.010648324434676004,-0.0036111847613911063,False,False,False,False,low
GD,2025-01-17,0.9713749121135822,0.9765329254038838,0.005310012875542114,266.6700134277344,260.41204833007845,-0.008034718046420863,-0.002767369627156624,False,False,False,False,low
CAT,2025-01-21,0.9809565152310452,0.9845527545706182,0.0036660537788730796,398.3599853515625,392.206420888592,0.03196724700557829,0.035750494431136426,False,False,False,False,low
CL,2025-01-21,0.9644551429408936,0.9699230824870168,0.005669459680053057,88.2300033569336,85.57631682379687,-0.005186594563198477,0.00045345992810186253,False,False,False,False,low
ZTS,2025-01-21,0.9784334045568464,0.9813912539492088,0.0030230462069129604,167.52999877929688,164.41247557612357,0.00988606543904047,0.012938997678580089,False,False,False,False,low
DELL,2025-01-22,0.9748413283450744,0.978745853933624,0.004005293451374348,115.12000274658205,112.67322539304459,0.03200358222462629,0.03613705941430556,False,False,False,False,low
LOW,2025-01-22,0.9713176331661036,0.9755616889989488,0.00436937999263054,258.0,251.6949157617288,-0.024021206570462694,-0.019756784357219948,False,False,False,False,low
CVS,2025-01-23,0.94288860598615,0.9548717481688008,0.012708969125910574,53.81999969482422,51.39119719504113,0.015663294773864855,0.02857132822946662,False,False,False,False,low
PFE,2025-01-24,0.9022693765783154,0.9171858321348476,0.01653215319475887,26.09000015258789,23.929378500349625,-0.013237533071108976,0.003075775198997599,False,False,False,False,low
PG,2025-01-24,0.9601614721917856,0.9660161877205712,0.006097636385493432,164.1199951171875,158.54257201182423,-0.012217868515611352,-0.006194732249731771,False,False,False,False,low
BK,2025-01-27,0.9701678136603228,0.9755120419395872,0.005508560688177511,85.9000015258789,83.79648589112378,0.0012822078234953072,0.006797831631283335,False,False,False,False,low
MRSH,2025-01-30,0.9742861813967794,0.977920325763992,0.00373005841261409,220.8300018310547,215.95414732908796,0.006930848066125428,0.010686758946875097,False,False,False,False,low
VLO,2025-01-30,0.9590170004413648,0.9668500492531864,0.008167789317829133,135.4199981689453,130.9308318995112,-0.02910809924689539,-0.021178058751157303,False,False,False,False,low
FAST,2025-01-31,0.9686483586434684,0.9742353753123766,0.005767848176331469,36.619998931884766,35.67649840334359,-0.0232062605396397,-0.01757226255084121,False,False,False,False,low
MS,2025-01-31,0.9622573411379928,0.9686600129721404,0.0066538040921315655,138.42999267578122,134.09159850105556,-0.010790408312714383,-0.0042084014835697126,False,False,False,False,low
TRGP,2025-01-31,0.9686125952904848,0.972165736138703,0.003668278593004004,196.8000030517578,191.32221983891114,-0.04098242476954739,-0.037464481128014926,False,False,False,False,low
TXN,2025-01-31,0.9574082378164251,0.9644882907840264,0.0073950198963703695,184.61000061035156,178.05418395031606,-0.003562388119443205,0.0038062878459053096,False,False,False,False,low
AON,2025-02-03,0.9913822943137448,0.9931900409273664,0.001823460660927978,374.8800048828125,372.32708739241184,0.010948701468106226,0.012792126655449376,False,False,False,False,low
C,2025-02-03,0.9634028915936635,0.9700740091254214,0.006924535508423091,79.61000061035156,77.22759245856099,-0.022350481247739196,-0.015580712440346312,False,False,False,False,low
KMI,2025-02-03,0.9398945707523106,0.949849386195433,0.010591417115171087,27.579999923706055,26.196845998802285,0.0036390241315698013,0.014268983669210478,False,False,False,False,low
NRG,2025-02-03,0.9804917189876629,0.9847212977809078,0.004313732295069039,102.68000030517578,101.11118315665671,0.0023428139208296894,0.0066666524879703815,False,False,False,False,low
O,2025-02-03,0.9250079657341288,0.92949880995054,0.004854924911751546,54.490001678466804,50.64839171433782,-0.002745199722861802,0.002096397450367382,False,False,False,False,low
OKE,2025-02-03,0.9260664781016812,0.9359877916221996,0.01071339234830715,97.62999725341797,91.38048552530809,0.004733962057638985,0.015498071198831731,False,False,False,False,low
MET,2025-02-04,0.9575757818027814,0.9637195818100764,0.006415993516177387,84.62999725341797,81.55958556165189,-0.01005966349095011,-0.0037082127105054763,False,False,False,False,low
SLB,2025-02-05,0.9586038724346648,0.96527793657784,0.0069622753830780315,40.810001373291016,39.392993917349166,-0.00994662385420264,-0.0030535996055295334,False,False,False,False,low
COST,2025-02-07,0.9920122745038724,0.9931084382680364,0.0011049901219339908,1043.81005859375,1036.6165771385067,-0.0068315889849948075,-0.005734147701406234,False,False,False,False,low
DHI,2025-02-07,0.982467127753519,0.985361498379284,0.002946022868351106,129.0,127.11163329092764,-0.05265475703428846,-0.0498638562842878,False,False,False,False,low
HWM,2025-02-07,0.9963386002588837,0.9971115839718584,0.0007758243159241562,127.6999969482422,127.33114623026327,-0.01007754303688213,-0.00930953712389071,False,False,False,False,low
NSC,2025-02-07,0.9705628780598312,0.9758012517573028,0.005397253301036242,249.1000061035156,243.0720977685623,-0.009463932179329282,-0.004117758117488823,False,False,False,False,low
PAYX,2025-02-07,0.9474302604734784,0.9536603466237522,0.0065757728143074345,146.74000549316406,139.94012450218213,-0.021798474324474792,-0.015366043325023782,False,False,False,False,low
PH,2025-02-07,0.9862722962191216,0.9886023802263396,0.002362515926028097,683.9400024414062,676.1447143455828,-0.011075727898980148,-0.00873937855650575,False,False,False,False,low
WFC,2025-02-07,0.9684086648194468,0.9731896807991034,0.004936981827344589,80.66999816894531,78.50720976810014,-0.009211496154099108,-0.004319991315870131,False,False,False,False,low
AAPL,2025-02-10,0.9936516118389378,0.9947439787166588,0.0010993459525510119,227.6499938964844,226.45346068341198,8.781361526666309e-05,0.0011872561053600794,False,False,False,False,low
AEP,2025-02-10,0.9518305794464348,0.9607341560292304,0.009354161102886449,100.83000183105467,96.87082671158407,0.0047832921199033596,0.014182196907881472,False,False,False,False,low
AMP,2025-02-10,0.9808605027999904,0.9835631369056764,0.0027553705118832372,529.1799926757812,520.4819335839143,-0.017489757402807782,-0.014782577652732276,False,False,False,False,low
BX,2025-02-10,0.9500931774007676,0.9581967461043784,0.008529235759570764,168.6100006103516,161.56155394549614,-0.009749243087191384,-0.001303160920388735,False,False,False,False,low
ETR,2025-02-10,0.9609786104502914,0.9680274283933958,0.007335041453005342,81.80000305175781,79.18464659676505,-0.0072815347452712675,9.63485360383487e-08,False,False,False,False,low
GWW,2025-02-10,0.987259221083388,0.9892170652671254,0.0019831105569101393,1038.469970703125,1027.2722167869829,0.0025776421598171506,0.004565864466106184,False,False,False,False,low
IBM,2025-02-10,0.9622050782349708,0.9686154498964664,0.006662167771193328,249.27000427246097,241.44677733406388,-0.012166093801946776,-0.005584978588782041,False,False,False,False,low
LVS,2025-02-10,0.9682869779087216,0.9739521251761648,0.005850690339426645,41.66999816894531,40.58458327273118,-0.03047932497076178,-0.024806959723494004,False,False,False,False,low
BKR,2025-02-11,0.9721397553051202,0.9768786916114208,0.004874747977787752,47.11000061035156,46.02075575805347,-0.006327762877580412,-0.0014838611490841647,False,False,False,False,low
V,2025-02-11,0.9888542158296384,0.9905179886969953,0.0016825259383264068,350.7200012207031,347.39447020493856,-0.001452067732460538,0.0002280150642417489,False,False,False,False,low
KVUE,2025-02-12,0.9379936548578476,0.947280644435758,0.009900908742626724,20.959999084472656,19.855001440112154,0.00239116391321903,0.012315747351539175,False,False,False,False,low
PCAR,2025-02-12,0.9689493914700058,0.9719728706047012,0.0031203684746716753,103.11000061035156,100.2201232812959,-0.028089318789756068,-0.02505659933991089,False,False,False,False,low
TGT,2025-02-12,0.9392303302320528,0.947240253448991,0.008528177763338585,127.5,120.77313231474635,-0.03737257125174953,-0.029163113419518827,False,False,False,False,low
URI,2025-02-12,0.986861460823202,0.9892131251919934,0.002382973154944956,734.489990234375,726.5671386619829,-0.02456871969073815,-0.022244293135267545,False,False,False,False,low
XOM,2025-02-12,0.9517511670065076,0.960264179515382,0.008944577956914834,107.3499984741211,103.0843582057294,-0.038685410277239485,-0.03008685698834468,False,False,False,False,low
RMD,2025-02-13,0.98594669428945,0.9881602931966302,0.002245150696281284,239.47999572753903,236.64462279285272,0.012172398773157234,0.014444878339019418,False,False,False,False,low
TJX,2025-02-13,0.9817558068094104,0.9847239937646478,0.0030233454537780258,125.8499984741211,123.92751311271135,0.011574590222846348,0.014632929661353877,False,False,False,False,low
AMGN,2025-02-14,0.9546025207689188,0.9623148372681998,0.008079086668521196,291.1600036621094,280.18759154311124,-0.019564257449276368,-0.011643232112293123,False,False,False,False,low
COP,2025-02-14,0.952024415223623,0.9597499117453628,0.008114809240396648,96.26000213623048,92.38552855485564,-0.006604740759240335,0.0014564722698127142,False,False,False,False,low
COR,2025-02-14,0.9883700482787676,0.990598138441029,0.002254307651412102,242.6300048828125,240.34883116685182,-0.0077699828486043065,-0.005533191128979209,False,False,False,False,low
CTAS,2025-02-14,0.9869234721528188,0.9887956016665556,0.0018969348349300308,204.22000122070312,201.93183897936984,-0.008592670640613753,-0.006712035541946992,False,False,False,False,low
CVX,2025-02-14,0.9378485303270254,0.9482508578161124,0.011091692477739112,155.33999633789062,147.30128478055656,-0.003464257942048743,0.007589010051933798,False,False,False,False,low
DUK,2025-02-14,0.9487457997324028,0.9575269685595076,0.009255554891079987,111.5999984741211,106.86000823017085,-0.020623067459918487,-0.011558390501736238,False,False,False,False,low
EMR,2025-02-14,0.9755449597055538,0.9796732361720112,0.00423176443626283,123.33999633789062,120.83289336178532,-0.015642511301915518,-0.011476942288673908,False,False,False,False,low
HSY,2025-02-14,0.9545954944749534,0.9627979561041166,0.008592604591827424,157.8800048828125,152.00654601087982,-0.018220214664910084,-0.009784169173276513,False,False,False,False,low
KKR,2025-02-14,0.9905976066103308,0.9918435604294068,0.0012577799610675733,140.55999755859375,139.41352843246435,0.009045186498436664,0.010314343313825969,False,False,False,False,low
KR,2025-02-14,0.9700887149623542,0.9748419151107416,0.004899758212909333,65.12999725341797,63.491451253679315,-0.007618467483235469,-0.002756037918946852,False,False,False,False,low
LLY,2025-02-14,0.9892395660262072,0.9909443832242892,0.0017233613137110915,844.27001953125,836.6246337791532,-0.031644950202855515,-0.029976124572098084,False,False,False,False,low
MMM,2025-02-14,0.97205831740076,0.976853292966276,0.004932806478460616,148.6199951171875,145.17993163085646,-0.0006724455533537732,0.004257043881324751,False,False,False,False,low
MSCI,2025-02-14,0.9800489795503352,0.9831410673705973,0.003155033967466414,572.6300048828125,562.9760742089186,0.0005766505274904521,0.0037335038469585857,False,False,False,False,low
OTIS,2025-02-14,0.9720256820533352,0.9759085733466344,0.0039946385831051145,96.73999786376952,94.40939330078777,-0.01305854747126678,-0.009116073065729702,False,False,False,False,low
SBUX,2025-02-14,0.9622554946993096,0.967478105145317,0.005427467522686635,112.5500030517578,108.88966368661427,-0.003982273878249454,0.0014235799822965856,False,False,False,False,low
SCHW,2025-02-14,0.9810556809914258,0.9843137778770948,0.0033210111809112153,80.33999633789062,79.07976530998108,-0.015079114399109694,-0.011808181125716133,False,False,False,False,low
TER,2025-02-14,0.9948719972744048,0.9959310568631146,0.0010645184421826936,113.25,112.78919218974772,0.0036334958828043717,0.0047018822483637646,False,False,False,False,low
TFC,2025-02-14,0.933531320796078,0.9440981026282378,0.011319150838076775,46.810001373291016,44.19323348054925,0.007533411444584637,0.018937834103127882,False,False,False,False,low
WEC,2025-02-14,0.9508444381840916,0.959097347038154,0.008679557373048041,102.97000122070314,98.75825499529185,-0.007804948623253649,0.0008068652504249485,False,False,False,False,low
ADM,2025-02-18,0.9489888070913556,0.959604756937016,0.01118659120774912,45.90999984741211,44.05545424455434,-0.004121445401254031,0.007019040881606209,False,False,False,False,low
APO,2025-02-18,0.9779868931825768,0.9807761474934608,0.0028520364948931842,162.05999755859375,158.94458006831724,-0.004606596715475586,-0.001767698402532103,False,False,False,False,low
COF,2025-02-18,0.9794389783071074,0.982354580044815,0.0029768079505545497,202.8000030517578,199.22151183099675,0.0031658061834929363,0.006152038131064463,False,False,False,False,low
EQT,2025-02-18,0.9825825477082916,0.985496914862919,0.002966027802371096,53.779998779296875,53.00002287832862,0.006550598392701001,0.00953605545202696,False,False,False,False,low
F,2025-02-18,0.9095732599429036,0.939297858580338,0.032679719101790905,9.289999961853027,8.72607707037997,-0.020042150797243585,0.011982596446297622,False,False,False,False,low
JNJ,2025-02-18,0.9596485875208688,0.9673301057468848,0.008004511574242201,154.99000549316406,149.92649840341267,-0.007428680426906031,0.0005163681888777916,False,False,False,False,low
PRU,2025-02-18,0.925299909808682,0.9366341218250528,0.012249230650756449,111.79000091552734,104.70632933633681,0.0020617009857208934,0.0143361858873845,False,False,False,False,low
ROK,2025-02-18,0.977502407735345,0.9818716562961884,0.004469808489746763,301.1499938964844,295.69064330072814,0.02292798960577902,0.027500281818118477,False,False,False,False,low
SO,2025-02-18,0.9521944180390997,0.960273318574467,0.008484507346729231,85.88999938964844,82.47787474625665,0.0036223130633452616,0.01213755395187266,False,False,False,False,low
UPS,2025-02-18,0.907519949127556,0.9205094679183672,0.014313204688556569,115.41999816894533,106.24520110163478,-0.006883523002538805,0.007331156412304196,False,False,False,False,low
AFL,2025-02-19,0.9683194995663776,0.973736516060069,0.0055942449740165046,104.51000213623048,101.76520537356343,0.002397851475902879,0.008005510618486866,False,False,False,False,low
ED,2025-02-19,0.9511389714382376,0.9596572746260936,0.008955897554040249,95.26000213623048,91.4169540309308,-0.005221386683854634,0.003687748665955004,False,False,False,False,low
MPC,2025-02-19,0.9696984030577545,0.9752790860547236,0.005755070833747489,156.63999938964844,152.7677154443488,-0.015028607231301727,-0.009360027096702805,False,False,False,False,low
AMAT,2025-02-20,0.987627897281045,0.9899028962702492,0.0023034981043641434,176.00999450683594,174.23280333482754,0.011203016061089865,0.013532320291713917,False,False,False,False,low
MSFT,2025-02-20,0.988276149300334,0.9902576668090016,0.002005024112005982,416.1300048828125,412.07592772447236,0.003278964016598218,0.005290562530519738,False,False,False,False,low
REGN,2025-02-20,0.9918084204802664,0.9930827935476202,0.0012848984148940978,696.02001953125,691.2055053611629,0.015109597748875547,0.01641391046196694,False,False,False,False,low
CMI,2025-02-21,0.974037869430344,0.978671547190029,0.004757184402280901,366.9200134277344,359.094177236307,-0.04544863434259905,-0.040907657474717696,False,False,False,False,low
HLT,2025-02-21,0.9967891646442067,0.9973476319884056,0.0005602662669372815,259.489990234375,258.8017272849484,-0.03106682872209965,-0.030523968151315972,False,False,False,False,low
RTX,2025-02-21,0.9743887488855846,0.9793202505142145,0.005061123329133332,123.29000091552734,120.74039458249197,-0.014547195955121994,-0.009559697778810494,False,False,False,False,low
TEL,2025-02-21,0.9811613996865362,0.9852725176128158,0.004190052653511467,154.50999450683594,152.2344512840926,-0.008152550278680115,-0.003996657240096568,False,False,False,False,low
WAB,2025-02-21,0.9925537649200924,0.9938470626355524,0.0013030001609677377,184.6300048828125,183.4939880271709,-0.038936003871607006,-0.03768373732995134,False,False,False,False,low
YUM,2025-02-21,0.9717521376164766,0.9763441069130924,0.004725453249713407,148.75,145.23118590332248,-0.014639683463025244,-0.009983409353107042,False,False,False,False,low
EXC,2025-02-24,0.9478166284507102,0.956635558109346,0.00930446817867181,43.349998474121094,41.47014998433013,-0.000921892511869582,0.008373997947261458,False,False,False,False,low
KLAC,2025-02-24,0.9889760456094348,0.9912100339255072,0.002258890218818088,737.5700073242188,731.0867919822755,-0.02217947864178127,-0.01997068943032565,False,False,False,False,low
MCHP,2025-02-24,0.9589165783412306,0.9661145398387448,0.0075063479556956025,60.83000183105469,58.768749227399404,-0.003929881528882184,0.003546967368632803,False,False,False,False,low
PSX,2025-02-24,0.94907660501988,0.9576282836771196,0.009010525190493501,127.08000183105467,121.6954040431581,-0.013200784006495159,-0.004309204812826373,False,False,False,False,low
ATO,2025-02-25,0.9671068700568716,0.9727395375084764,0.005824245102584724,150.38999938964844,146.29029845218668,0.0009983618943039119,0.006828421701262188,False,False,False,False,low
MCO,2025-02-25,0.98793448481226,0.9897917818073804,0.001879979921414865,501.8999938964844,496.7764892479146,0.0018963602481369968,0.003779905288741947,False,False,False,False,low
WELL,2025-02-25,0.975952922154386,0.9803131057705896,0.0044676167438266745,151.74000549316406,148.75271605465,0.007302217923343957,0.011802458178232333,False,False,False,False,low
EA,2025-02-26,0.9933547293095591,0.9947896335783208,0.0014445033847667599,131.19000244140625,130.50645445782553,-0.004099243176547973,-0.0026606611624248044,False,False,False,False,low
EQIX,2025-02-26,0.9674960485508736,0.9725267379034463,0.005199700153925901,910.280029296875,885.2716674707434,0.003992738468191703,0.00921319966494516,False,False,False,False,low
SPGI,2025-02-26,0.9880582196791994,0.9898396598709438,0.0018029708738447336,529.239990234375,523.8627319236954,-0.007761848233038049,-0.005972871745484665,False,False,False,False,low
DAL,2025-02-27,0.9828490716853028,0.9852443677458338,0.002437094493484837,59.75,58.868350972813566,-0.03160455006202745,-0.029244478843467814,False,False,False,False,low
MAR,2025-02-27,0.9864754003595302,0.98868303228505,0.0022378986082320917,277.2099914550781,274.0728149315194,-0.017543280914324666,-0.015344642390034524,False,False,False,False,low
CSX,2025-02-28,0.9780033410405344,0.9819914338442876,0.004077790572279749,32.0099983215332,31.43354414911563,0.0,0.004077790572279749,False,False,False,False,low
D,2025-02-28,0.9350630858637696,0.9462546064235172,0.011968733157089018,56.619998931884766,53.576934804990586,0.002478742754658647,0.014477143322343178,False,False,False,False,low
GLW,2025-02-28,0.9780222053867396,0.9836430500341792,0.005747154427047985,50.150001525878906,49.32970046013427,0.023469418895487815,0.029351455697241402,False,False,False,False,low
GS,2025-02-28,0.9705918964427124,0.9754048781087006,0.004958810890167253,622.2899780273438,606.9846801660271,0.023503253334447027,0.028578612413203475,False,False,False,False,low
HON,2025-02-28,0.9684765096235416,0.9736596393990108,0.005351838401825404,200.65032958984375,195.36512755373994,0.0029207893758194103,0.008288259370390128,False,False,False,False,low
NEE,2025-02-28,0.9631825065759312,0.9711188755517244,0.008239735378922752,70.16999816894531,68.14340971929273,0.011386580380535083,0.019720138168664247,False,False,False,False,low
TMUS,2025-02-28,0.9746378456165083,0.9778951527507872,0.0033420692095313953,269.69000244140625,263.7285461327991,0.020895592736084323,0.024307496462713685,False,False,False,False,low
UNP,2025-02-28,0.9665947279796716,0.9719090204909688,0.005497953131200051,246.69000244140625,239.76023863774185,0.006610336103039849,0.012144632552315793,False,False,False,False,low
CTVA,2025-03-03,0.985349696681714,0.9880165455169776,0.0027064998794281703,60.400001525878906,59.67620085681905,-0.04096535463813711,-0.03836972748609779,False,False,False,False,low
HIG,2025-03-03,0.9745831116837196,0.9788866357246492,0.004415758891506583,119.76999664306639,117.2412490746838,0.012597208988391673,0.01706859411749706,False,False,False,False,low
LMT,2025-03-03,0.9599893587714088,0.9670754674085792,0.00738144498418114,451.94000244140625,437.06008910165735,0.00348603890410204,0.010893215892666452,False,False,False,False,low
MCD,2025-03-03,0.9652320510582484,0.9708051619507508,0.005773856023939761,304.2900085449219,295.40631102544825,-0.013102773662258982,-0.007404571166959362,False,False,False,False,low
MCK,2025-03-03,0.9938602595454696,0.9949636268096136,0.001110183502707418,644.530029296875,641.2839355369252,0.006669196054917004,0.0077867835890608195,False,False,False,False,low
MLM,2025-03-03,0.991619383372062,0.9932435846939812,0.0016379281699758774,469.7999877929687,466.62582396467684,-0.02761109916589255,-0.026018395993044452,False,False,False,False,low
MTB,2025-03-03,0.957173517021342,0.9639612627796306,0.007091447514565141,188.80999755859375,182.005523672001,-0.015178404149702951,-0.008194593491520297,False,False,False,False,low
NKE,2025-03-03,0.9619973932251296,0.9668665752877208,0.005061533531049545,78.41000366210938,75.81201170908133,-0.012841453344422882,-0.007844917260063533,False,False,False,False,low
NOC,2025-03-03,0.9755003470969998,0.979872039010034,0.004481486783724842,473.4100036621094,463.8812255761388,0.025273993317777688,0.02986874516852822,False,False,False,False,low
O,2025-03-03,0.929498934691644,0.9338874839649726,0.004721413989338785,57.549999237060554,53.74522398968457,0.009118016287814612,0.0138824802068096,False,False,False,False,low
SHW,2025-03-03,0.9864259236819402,0.9885818082180816,0.0021855513773343382,356.7300109863281,352.6567993065204,-0.015292401234855424,-0.013140272186102697,False,False,False,False,low
TPL,2025-03-03,0.991238904431576,0.9923508737748264,0.0011217975185184859,452.1266784667969,448.6683044334359,-0.050120785878227214,-0.04905521373293309,False,False,False,False,low
ADI,2025-03-04,0.9780264889427388,0.9822817779475916,0.004350893409290846,226.17999267578125,222.17248534173967,-0.010283140577028393,-0.005976988016300755,False,False,False,False,low
NEM,2025-03-04,0.9790560873448108,0.9848685461568272,0.005936798603417781,42.5099983215332,41.866760244057566,0.003541022403691585,0.00949884334397022,False,False,False,False,low
CI,2025-03-05,0.9688761396598226,0.9736361720714514,0.004912942136546139,309.8299865722656,301.6616821191699,0.0031405855944692807,0.008068957246315955,False,False,False,False,low
HAL,2025-03-05,0.9623701034315618,0.9691924957004736,0.007089156494559434,24.190000534057617,23.444766988599092,0.0016563526359913983,0.00875725127359761,False,False,False,False,low
IR,2025-03-05,0.9985114951132747,0.998756687800976,0.0002455582022853342,84.43000030517578,84.32502745583275,0.03658690569168788,0.036841448108761776,False,False,False,False,low
LRCX,2025-03-05,0.989739442681204,0.992726257981313,0.003017779398603926,79.05000305175781,78.47501372298291,0.03414443389574995,0.03726525366354139,False,False,False,False,low
ODFL,2025-03-05,0.9902145821141752,0.991801556163918,0.0016026567154308058,176.52000427246094,175.0728149314882,0.008685738699776735,0.010302315672663154,False,False,False,False,low
FANG,2025-03-06,0.9613272558409228,0.9681115289226092,0.007057194145350554,139.89999389648438,135.4387969873892,-0.019621605547569754,-0.012702884882011878,False,False,False,False,low
QCOM,2025-03-06,0.9682890814376266,0.9735100994981828,0.005392003442612925,156.0399932861328,151.90650938967892,-0.015458465026912505,-0.010149813680942255,False,False,False,False,low
AJG,2025-03-07,0.9882991557425672,0.9901931197249362,0.0019163873320784397,324.0,320.8225707908793,-0.04663823986717197,-0.044811229467165314,False,False,False,False,low
BAC,2025-03-07,0.9718694130879544,0.9780025580065448,0.006310667704937156,41.400001525878906,40.48930739378443,-0.001447119149026177,0.004854416267831896,False,False,False,False,low
BKNG,2025-03-07,0.9903652286632256,0.9923939992865572,0.0020485075249159213,186.93519592285156,185.5133666892948,-0.004810562034552657,-0.002771908982163729,False,False,False,False,low
BLK,2025-03-07,0.9744878469569964,0.9798072582695264,0.005458673834815686,946.9199829101562,927.799072255827,-0.013255003484761274,-0.00786868439064825,False,False,False,False,low
CEG,2025-03-07,0.9915573764955856,0.9934132484507674,0.0018716737923334392,212.5399932861328,211.1400451560815,0.023352066963814755,0.025267448207881182,False,False,False,False,low
CME,2025-03-07,0.95839367060391,0.9631327358988702,0.0049448002843903716,254.57000732421875,245.1847076319702,0.0020863409388023335,0.007041457762460235,False,False,False,False,low
GM,2025-03-07,0.9874124688559924,0.9899293273761356,0.002548943424888206,47.439998626708984,46.96224593126282,0.005084700421402744,0.007646604459997874,False,False,False,False,low
KMB,2025-03-07,0.9489479353306476,0.95741892384722,0.008926715788280637,144.7899932861328,138.6246795558555,0.016712236239178502,0.025788137410552858,False,False,False,False,low
PEP,2025-03-07,0.953059460658942,0.9614857854729176,0.008841342184620515,154.44000244140625,148.4918670558148,-0.001099528932631877,0.007732091940453323,False,False,False,False,low
RCL,2025-03-07,0.9770139792967594,0.9804254691833402,0.003491751355529482,214.0,209.8110504052348,-0.007144814577814573,-0.0036780111382721525,False,False,False,False,low
TT,2025-03-07,0.9904203580964328,0.9931522224538556,0.002758287766492673,344.760009765625,342.39916991194343,0.008866645251763172,0.011649389777383723,False,False,False,False,low
ALL,2025-03-10,0.970698076833348,0.9755581446191854,0.005006775950038067,198.7400054931641,193.88243102051788,-0.009913766137254587,-0.004956626193086899,False,False,False,False,low
BDX,2025-03-10,0.9726122899629064,0.9770390560439892,0.004551419025613734,178.81289672851562,174.70718382812024,-0.009105166144485866,-0.004595188545293616,False,False,False,False,low
ELV,2025-03-10,0.975006009060806,0.9790948435894284,0.004193650593560028,409.5499877929687,400.988281240209,0.000219792750863812,0.004414365078423854,False,False,False,False,low
ETN,2025-03-10,0.981503015795655,0.9850978219936324,0.003662552371337613,277.6099853515625,273.4729919335084,-0.02586155291824732,-0.022293719838876958,False,False,False,False,low
FDX,2025-03-10,0.9729413268019084,0.9782579488003136,0.005464483676401288,198.63819885253903,194.31939696287364,-0.029182428153423534,-0.023877411379304436,False,False,False,False,low
FIX,2025-03-10,0.9955636377430256,0.9967931506883426,0.001234991816398967,313.260009765625,312.2554321189383,-0.033863745372102905,-0.03267057500411108,False,False,False,False,low
GE,2025-03-10,0.992887444480703,0.9947348757017114,0.001860665306302245,192.1199951171875,191.1084594627089,-0.008924482496040165,-0.007080422664694996,False,False,False,False,low
GOOG,2025-03-10,0.9954208004467844,0.9965547015317618,0.0011391173305486113,167.80999755859375,167.23184203105006,-0.04517782327969422,-0.044090168790600015,False,False,False,False,low
GOOGL,2025-03-10,0.9953981401538688,0.9965444871261062,0.0011516466888918941,165.8699951171875,165.29682921366737,-0.04595654817160022,-0.044857827189242916,False,False,False,False,low
LHX,2025-03-10,0.9777979425356648,0.9831581776639684,0.005481945599520532,217.8500061035156,214.1810150048168,-0.01022262579557498,-0.004796720074549898,False,False,False,False,low
OXY,2025-03-10,0.9738287064879784,0.9788012859648888,0.005106215747986642,47.36000061035156,46.35602950071003,0.002540197451759596,0.007659383995977764,False,False,False,False,low
PEG,2025-03-10,0.9610307601632684,0.9687474394327829,0.008029586137496159,78.58999633789062,76.13385771736333,-0.00632191203883592,0.0016569117613909334,False,False,False,False,low
SPG,2025-03-10,0.9408825839686746,0.9525739571607076,0.012425964080149399,165.2899932861328,157.45094298363833,-0.03395682413867218,-0.02195280633554575,False,False,False,False,low
TRV,2025-03-10,0.9803836640464516,0.9843944815136122,0.004091069256097368,256.6099853515625,252.605453481367,-0.004229828497613886,-0.00015606376284160728,False,False,False,False,low
UNH,2025-03-10,0.968436310554424,0.972575105396684,0.00427368820969809,480.2200012207031,467.0500183008211,-0.026870409075176016,-0.02271155661593227,False,False,False,False,low
VMC,2025-03-10,0.9887928369862546,0.9909910133045656,0.002223090859972965,221.33999633789065,219.34594725571512,0.001991862623647034,0.004219381575212955,False,False,False,False,low
AEE,2025-03-11,0.964950676731924,0.9719032956322172,0.007205154696445337,97.87000274658205,95.12017821293725,-0.01390425444249832,-0.006799282050249711,False,False,False,False,low
NVDA,2025-03-12,0.9985086342907912,0.9986006183732564,9.21214692655159e-05,115.73999786376952,115.57803343727961,0.06417796607613191,0.06427599971392683,False,False,False,False,low
HD,2025-03-13,0.9619800002631288,0.9680848090467704,0.006346087010095536,347.25,336.16744994149104,-0.04792589164532268,-0.04188394651364469,False,False,False,False,low
LIN,2025-03-13,0.9803107277213988,0.9835807946014536,0.003335745277067037,453.260009765625,445.8178405663361,0.004632391949128012,0.007983589705760963,False,False,False,False,low
PSA,2025-03-13,0.9499042082666213,0.9593889815893883,0.009984978738092787,292.8900146484375,280.9954528712655,-0.03479979282844481,-0.02516228928183406,False,False,False,False,low
ADP,2025-03-14,0.9702990585903968,0.9754692066685506,0.005328406775602534,291.760009765625,284.6029052636828,0.004164591373235327,0.009515188785728768,False,False,False,False,low
AME,2025-03-14,0.9917387570542492,0.9935199957230418,0.0017960764930509132,176.13999938964844,174.9986114402601,0.018680213169452786,0.020509840754262543,False,False,False,False,low
CB,2025-03-14,0.9905795812037737,0.9937134575894184,0.0031636795721514677,293.9599914550781,292.11199950178155,0.018748930483376114,0.021971925663897496,False,False,False,False,low
CCI,2025-03-14,0.9392610630452376,0.9549782204329028,0.016733534483701185,103.22000122070312,98.57285307882913,0.08549800395326046,0.10366222223440125,False,False,False,False,low
CRH,2025-03-14,0.9851500203282836,0.989018373905903,0.003926664465103924,97.0199966430664,95.9545593162817,0.025581376405701794,0.029608490352506456,False,False,False,False,low
DLR,2025-03-14,0.96353657606837,0.9716592424446776,0.008430055047262908,148.57000732421875,144.3594207666506,0.018021137719717473,0.026603111949972114,False,False,False,False,low
DVN,2025-03-14,0.9678322469664618,0.9747554257246116,0.007153283825631629,34.54999923706055,33.677799215105956,0.022491811214599977,0.029805985349601993,False,False,False,False,low
EBAY,2025-03-14,0.9789485113497928,0.9833872500649872,0.004534190168055119,65.27999877929688,64.19551848381847,0.01603110940539887,0.02063798767210301,False,False,False,False,low
GILD,2025-03-14,0.9673103828712336,0.974099356206402,0.007018402216480757,111.44000244140624,108.55363463381367,-0.016850428393705985,-0.00995028926121222,False,False,False,False,low
GRMN,2025-03-14,0.9802852096625998,0.983809347121785,0.0035950123744070694,213.8999938964844,210.43681334465413,0.021636332258408775,0.02530912751502168,False,False,False,False,low
KO,2025-03-14,0.9647088461999312,0.9718280538785924,0.007379643823838045,69.16000366210938,67.21163176518408,-0.00660728334279248,0.0007236010833324702,False,False,False,False,low
META,2025-03-14,0.9960037391407268,0.9968899793887472,0.0008897961053691006,607.5999755859375,605.7103271384685,0.028714547807254354,0.029629894005429813,False,False,False,False,low
MSI,2025-03-14,0.986585589064484,0.9891892448152104,0.0026390571477892255,417.9599914550781,413.44152831042055,0.00927266585329689,0.011936194096185293,False,False,False,False,low
NDAQ,2025-03-14,0.9846988190146608,0.9879843807474984,0.003336615896549322,73.26000213623047,72.37973784412407,0.015103283842872406,0.01849029359638177,False,False,False,False,low
TMO,2025-03-14,0.9954919257751682,0.996333798516609,0.0008456851528808595,522.0499877929688,520.1360473533178,0.02584003547690994,0.026707573164143295,False,False,False,False,low
WM,2025-03-14,0.9814324734898572,0.9850735167691228,0.0037099274556491313,224.86000061035156,221.5036315819461,0.007437292494651304,0.011174811765922055,False,False,False,False,low
WMB,2025-03-14,0.9596679622797392,0.9682855914989932,0.00897980297141765,57.27000045776367,55.45371626839331,0.019401925002970666,0.028555953438181403,False,False,False,False,low
XEL,2025-03-14,0.9612927373028424,0.969338912551439,0.008370161280082389,69.75,67.61138915046287,0.01572741895809604,0.024229221271377055,False,False,False,False,low
AIG,2025-03-17,0.9733124448455936,0.978018523398288,0.004835115977008808,83.9000015258789,82.0557556054542,0.009262652446788922,0.01414255442263257,False,False,False,False,low
DTE,2025-03-17,0.9598123910454592,0.967609733235179,0.008123819053040826,135.60000610351562,131.2078857325114,0.0025137632004155197,0.010658003610838573,False,False,False,False,low
HCA,2025-03-17,0.991081498782435,0.9933207141178976,0.002259365489330145,328.4599914550781,326.2661132713167,0.028397809545249064,0.030721336065438143,False,False,False,False,low
ICE,2025-03-17,0.985616008665564,0.9883894764114995,0.0028139434846341516,172.82000732421875,170.8134765526161,0.010288844795652174,0.013131740508063316,False,False,False,False,low
IRM,2025-03-17,0.9573820554167018,0.9661378121715554,0.009145520020262587,89.1500015258789,86.13118742930347,0.029208020077056807,0.03862066262968611,False,False,False,False,low
MRK,2025-03-17,0.9566819482124136,0.9649468802694736,0.008639163802038219,94.79000091552734,91.46731566417866,0.002326332044126689,0.010985593409752026,False,False,False,False,low
APH,2025-03-18,0.9904050148396688,0.9929705611349304,0.0025904011559119144,63.849998474121094,63.401168813312474,-0.00015662599647470188,0.0024333694352749458,False,False,False,False,low
ECL,2025-03-18,0.9871727550384684,0.989726811097174,0.00258724326179971,253.6999969482422,251.09368895494651,0.007225631372670627,0.009831569100551718,False,False,False,False,low
HBAN,2025-03-18,0.9529388588504186,0.9629561493256678,0.010511997052290889,14.760000228881836,14.213232984450027,-0.009395932431724763,0.0010172946065403199,False,False,False,False,low
PLD,2025-03-18,0.9578961964192024,0.966425503572522,0.008904208185817719,112.37999725341795,108.60689543711308,-0.018000744005952085,-0.009256818192262872,False,False,False,False,low
ROST,2025-03-18,0.9869279920870656,0.9901221818589776,0.00323649729009845,123.70999908447266,122.48801421129019,-0.01457704172143548,-0.011387722987366122,False,False,False,False,low
VRT,2025-03-18,0.998339313348636,0.9987654727008,0.0004268682465629059,84.66000366210938,84.55548857643812,-0.049618299035602775,-0.049212611265346595,False,False,False,False,low
NXPI,2025-03-19,0.9764896769513344,0.9812942613295952,0.004920261311170293,207.3800048828125,203.50080870600735,0.0013519979287539563,0.006278911423025946,False,False,False,False,low
STX,2025-03-19,0.9792560340744452,0.9872753915185084,0.008189234648569466,88.93000030517578,87.79840086903349,0.0032716710009501604,0.011487698131039226,False,False,False,False,low
AVGO,2025-03-20,0.9889700890725532,0.9919625882851918,0.0030258743370539243,190.5399932861328,189.00854491195537,-0.02571976197631931,-0.022771712406984723,False,False,False,False,low
PM,2025-03-20,0.9573286940875828,0.9657790608391108,0.008827027544162203,152.47000122070312,147.25233458506875,-0.011795917717453586,-0.0030730130638918496,False,False,False,False,low
SRE,2025-03-20,0.961598139704708,0.97040252671684,0.009155994223154051,70.0,67.9281768701788,-0.015332626164585417,-0.006317017378020151,False,False,False,False,low
VST,2025-03-20,0.9931976473556052,0.9949138137913978,0.001727920359418711,131.89999389648438,131.22912596661337,0.01578735230350703,0.01754255195039245,False,False,False,False,low
HPE,2025-03-21,0.9675139613607868,0.9753262154429982,0.00807456470315282,16.049999237060547,15.653985013745272,-0.01109059212893726,-0.003105579129525804,False,False,False,False,low
WMT,2025-03-21,0.986607171320485,0.9893165408606313,0.0027461482329587117,85.9800033569336,85.061439504267,0.001981188709669457,0.004732777580502168,False,False,False,False,low
JCI,2025-03-24,0.9888768355622416,0.993319314699271,0.004492449390326447,84.5199966430664,83.9553451438754,0.021636567309323063,0.026226217883266845,False,False,False,False,low
MO,2025-03-25,0.9177435492309128,0.9342736595351934,0.01801168781642004,56.709999084472656,52.982658376887734,-0.016305332463595668,0.0014126687947471073,False,False,False,False,low
DHR,2025-03-28,0.991643505373991,0.9931560422467286,0.001525282891019497,205.8500061035156,204.44117735823247,-0.02027506779525512,-0.018780710118257993,False,False,False,False,low
KDP,2025-03-28,0.9610462155696748,0.9675416083463456,0.006758668492150122,33.7400016784668,32.64485548959217,-0.01517795296386737,-0.008521867224189572,False,False,False,False,low
MDT,2025-03-28,0.961571963780154,0.9691965905781592,0.007929335593387155,87.62999725341797,84.93069457038615,-0.015172016774378183,-0.007362985193623439,False,False,False,False,low
DE,2025-03-31,0.9836271103391494,0.987063629014746,0.0034937209837695438,469.3500061035156,463.2783203026293,0.008682402196641181,0.012206457071154864,False,False,False,False,low
FITB,2025-03-31,0.9561631241055808,0.965366539117856,0.009625360757228751,39.20000076293945,37.842369069936176,0.010048940372283433,0.01977102580582324,False,False,False,False,low
ITW,2025-03-31,0.9693860259538524,0.9753219951170652,0.0061234317436873464,248.0099945068359,241.8896026513796,0.006289003289560835,0.012450945315627848,False,False,False,False,low
MDLZ,2025-03-31,0.9610553889008676,0.9677717949353102,0.006988573303900791,67.8499984741211,65.66331480965823,0.0019196286337075374,0.008921617403031323,False,False,False,False,low
MPWR,2025-03-31,0.9897886709303072,0.992458425187826,0.0026972972473098267,579.97998046875,575.6060180564817,0.00015514290303308975,0.002852858616868348,False,False,False,False,low
MU,2025-03-31,0.996314788489976,0.997612137234309,0.0013021474330410232,86.88999938964844,86.68251799539497,-0.017526040354699512,-0.016246714410117935,False,False,False,False,low
NUE,2025-03-31,0.9806178964338405,0.9850606128411744,0.004530527561745101,120.33999633789062,118.54219054190722,-0.013202137356632226,-0.008731422442055381,False,False,False,False,low
PCG,2025-03-31,0.989158741986214,0.9906153558222452,0.001472578438832084,17.18000030517578,17.01877211533799,0.010588253245634283,0.012076423717900742,False,False,False,False,low
SYK,2025-03-31,0.9881627798136392,0.9904453131292442,0.0023098758243409456,372.25,368.69326781236117,0.02126200274348422,0.023620991153939563,False,False,False,False,low
USB,2025-03-31,0.947950141517963,0.9593001989104578,0.011973264094164104,42.220001220703125,40.50165556902028,-0.0009464529677867262,0.011015478995041406,False,False,False,False,low
VTR,2025-03-31,0.9664496385894292,0.9732436386179556,0.007029854176822337,68.76000213623047,66.92023467044334,0.0,0.0070298541768221146,False,False,False,False,low
A,2025-04-01,0.9897558847330594,0.9918586568372652,0.0021245360968709104,114.0500030517578,113.12148283920249,-0.025047018474051996,-0.02297569567204827,False,False,False,False,low
APD,2025-04-01,0.9679619252235364,0.9738728151443806,0.006106531431470552,293.45001220703125,285.78298949221437,-0.004984406462002711,0.0010916875347402044,False,False,False,False,low
CAH,2025-04-01,0.9852126976063328,0.9888446048617986,0.003686419454692169,137.1300048828125,135.60026549304123,-0.004645418957690883,-0.0009761244658195167,False,False,False,False,low
O,2025-04-01,0.9338875657602516,0.9382381504119048,0.0046585743414535585,57.150001525878906,53.620311727678164,-0.014824975358343817,-0.010235464266707295,False,False,False,False,low
STT,2025-04-01,0.9644894414509216,0.9727468610972604,0.008561441205532372,88.81999969482422,86.39937590579989,-0.007930292574033215,0.0005632538978839197,False,False,False,False,low
CMCSA,2025-04-02,0.949398702022461,0.958008165411169,0.009068332798820578,34.311153411865234,32.87036513324218,-0.0029956255553407196,0.006045541914003305,False,False,False,False,low
RSG,2025-04-02,0.9867886133918786,0.9891424637684332,0.0023853643471458685,244.82000732421875,242.1618652244836,0.004513401025792341,0.006909531478829667,False,False,False,False,low
CSCO,2025-04-03,0.9710175564595892,0.9775004752521298,0.006676417691331871,57.310001373291016,56.02055357909218,-0.07295370986407168,-0.06676436161192456,False,False,False,False,low
MRSH,2025-04-03,0.9779203492561158,0.9812025239472756,0.0033562801854531976,244.27000427246097,239.6783447167505,0.0025858023493301463,0.0059507612119718,False,False,False,False,low
PGR,2025-04-03,0.9387115728919972,0.9390455504831234,0.0003557829697329318,286.99999999999994,269.5060729886564,0.02051697467647684,0.020880057236390304,False,False,False,False,low
PWR,2025-04-03,0.9986598746924348,0.99903757742351,0.00037820957930390087,252.0399932861328,251.79742430641585,-0.04743188792266717,-0.04707161753774014,False,False,False,False,low
AXP,2025-04-04,0.9863521212285932,0.9896265958031956,0.0033197825645914225,233.67999267578125,231.25593565904907,-0.05705759918705178,-0.053927235445419,False,False,False,False,low
BMY,2025-04-04,0.94219737367329,0.9524100986905182,0.010839262879084766,55.29999923706055,52.668277730954415,-0.0435835432560413,-0.03321669385951065,False,False,False,False,low
JPM,2025-04-04,0.9749179111560088,0.9809230304353734,0.0061596152975014196,210.27999877929688,206.2684936425345,-0.08050200474691183,-0.07483825082932916,False,False,False,False,low
ROP,2025-04-04,0.990907056929222,0.9923192357106612,0.0014251374753706525,541.7999877929688,537.6385497947643,-0.06537868486455556,-0.06404672100307574,False,False,False,False,low
SYY,2025-04-04,0.965476611898914,0.9720506152988914,0.006809075765230155,71.44000244140625,69.44329833012324,-0.05264555135803417,-0.04619494314070338,False,False,False,False,low
MA,2025-04-09,0.9925535508811708,0.9941279875422964,0.0015862485804698512,515.4299926757812,512.403381337715,0.07399145327243972,0.07569507069062986,False,False,False,False,low
ACN,2025-04-10,0.9817879429905404,0.986656450594114,0.004958817877457333,285.2200012207032,281.41415404286784,-0.049076485633418154,-0.04436102911028261,False,False,False,False,low
CRM,2025-04-10,0.991035310790882,0.9925926209081716,0.0015713972048552183,255.1199951171875,253.2302245994491,-0.03790028208934626,-0.03638844128182939,False,False,False,False,low
INTU,2025-04-10,0.990199461177858,0.9919288830881318,0.0017465389328898961,577.469970703125,572.809143056487,-0.03187032320965033,-0.030179447037049778,False,False,False,False,low
ORCL,2025-04-10,0.9865229142193116,0.9900668548165648,0.0035923550747503086,133.35000610351562,132.02542113267742,-0.045386185318093686,-0.04195687353649458,False,False,False,False,low
T,2025-04-10,0.9481178817166492,0.958181072724724,0.010613860578026824,26.38999938964844,25.286397924378154,-0.003022286580328326,0.007559495869308153,False,False,False,False,low
VZ,2025-04-10,0.9220577910708226,0.9368676461347354,0.01606174277505268,42.91999816894531,40.21035765664695,0.0006994352931632974,0.016772412217982424,False,False,False,False,low
AMT,2025-04-11,0.9565372833447688,0.9644074183511638,0.00822773470875604,213.22000122070312,205.6309509180903,0.0235214752506141,0.03194273841769091,False,False,False,False,low
GD,2025-04-11,0.976532946305816,0.9819517725929344,0.005549046048694661,276.6499938964844,271.65695189447734,0.01776906203414441,0.02341670942630869,False,False,False,False,low
ABBV,2025-04-15,0.9595817608975208,0.9684496923313208,0.009241454762026313,176.8000030517578,171.22190855965144,-0.012842004318126432,-0.003719228358059712,False,False,False,False,low
ABT,2025-04-15,0.975462218948328,0.9799807275714736,0.004632171841588262,126.22000122070312,123.69316863033693,-0.013597982777577844,-0.0090287991289143,False,False,False,False,low
FCX,2025-04-15,0.9841119833962004,0.9885052659180956,0.004464209963924937,33.369998931884766,32.98641966784932,-0.01125929090711808,-0.006845344781847507,False,False,False,False,low
EOG,2025-04-16,0.956827977726106,0.9655871584497404,0.009154394444496283,108.23999786376952,104.51515196788318,0.007071031662625016,0.01629015712009063,False,False,False,False,low
PNC,2025-04-16,0.9574947618795694,0.9674564068103668,0.010403863631841315,151.5399932861328,146.60833739266917,-0.024776408511731463,-0.01463031525533276,False,False,False,False,low
CL,2025-04-17,0.9699230963484016,0.9753480281108112,0.005593156594408066,95.5,93.14573668458247,0.021499648969501406,0.02721305646732053,False,False,False,False,low
EME,2025-04-17,0.9974348155352958,0.9980872234838768,0.0006540857993120319,378.80999755859375,378.08541869119097,-0.009388065887005359,-0.008740120688273123,False,False,False,False,low
GEV,2025-04-17,0.997049793857862,0.9978099592545312,0.0007624146771325613,323.54998779296875,322.8414001365062,-0.014048073554653318,-0.013296369334984348,False,False,False,False,low
BK,2025-04-21,0.9755120807801788,0.9815551865933544,0.006194803664904436,74.04000091552734,72.67434691401257,-0.030128314549338064,-0.024120149877821295,False,False,False,False,low
CAT,2025-04-21,0.9845526604978168,0.9892933391290184,0.004815058474175071,284.739990234375,281.69137572252896,-0.03231948943288021,-0.02766005119017978,False,False,False,False,low
PG,2025-04-21,0.9660161746349186,0.9720376130635272,0.006233268745095444,165.75,161.11523436527963,-0.028599922306537184,-0.022544924563267177,False,False,False,False,low
ZTS,2025-04-21,0.98139119466732,0.984702973614678,0.003374575770960009,146.8500061035156,144.60363768546543,-0.0122418247652194,-0.008908559959504347,False,False,False,False,low
CVS,2025-04-22,0.9548717260447228,0.9647158261667762,0.010309342976181357,65.44999694824219,63.14064787853644,0.004296436813931104,0.014650073230802807,False,False,False,False,low
DELL,2025-04-22,0.9787457603769248,0.9850225949766964,0.006413141036089254,84.08000183105469,82.82070158927087,0.020512227866560595,0.027056916712922208,False,False,False,False,low
LOW,2025-04-23,0.9755616295247116,0.9807097817176972,0.00527711631657124,217.7599945068359,213.559356679646,-0.005979882108845924,-0.0007343223257225695,False,False,False,False,low
FAST,2025-04-25,0.9742354131452984,0.9794847448908754,0.005388155341869316,40.3650016784668,39.53690337155281,-0.01668690794944827,-0.01138866425978613,False,False,False,False,low
GEHC,2025-04-25,0.9976882069322296,0.9982089542791212,0.0005219539965224396,68.41999816894531,68.29745482400229,0.019976092744682594,0.020508473342647937,False,False,False,False,low
BX,2025-04-28,0.958196878732599,0.9649515054680688,0.007049309891725253,133.5800018310547,128.8982238673036,0.005419247458945398,0.01250675930538847,False,False,False,False,low
KMI,2025-04-30,0.9498493464418206,0.96018877348819,0.010885333642752126,26.299999237060547,25.2529640101735,-0.03344358243405454,-0.022922293344305844,False,False,False,False,low
MS,2025-04-30,0.9686600672215484,0.9764322300425872,0.008023622614414139,115.41999816894533,112.69980620361461,-0.006798045966363686,0.0011710316927009412,False,False,False,False,low
TRGP,2025-04-30,0.972165624843416,0.9776547570155418,0.005646293215736842,170.89999389648438,167.081192006825,-0.04048063943158586,-0.03506291177564036,False,False,False,False,low
TXN,2025-04-30,0.964488412913044,0.972716751724922,0.008531298771154772,160.0500030517578,155.68331908206972,-0.0044784549453822375,0.0040146367886002565,False,False,False,False,low
AON,2025-05-01,0.9931900359946004,0.9952799931448624,0.0021042872708334492,351.5400085449219,349.88073729473473,-0.009160348154473197,-0.007075336887657602,False,False,False,False,low
NRG,2025-05-01,0.9847212986477848,0.9886911971267452,0.004031494479109776,114.13999938964844,112.84921263659749,0.04161341013321174,0.04581266884553048,False,False,False,False,low
O,2025-05-01,0.938238232096864,0.9426206655795508,0.0046709176121426665,57.16999816894531,53.88962172519293,-0.011925379089657406,-0.007310163940736025,False,False,False,False,low
CARR,2025-05-02,0.9823153264377812,0.9854919907577234,0.0032338539717811088,71.52999877929688,70.4922408959068,0.02478503799285292,0.028099043158187786,False,False,False,False,low
COST,2025-05-02,0.993108435205972,0.9944022958272956,0.0013028392222398377,1008.2999877929688,1002.6558227439622,0.009268908121083719,0.010583823240370993,False,False,False,False,low
DHI,2025-05-02,0.9853615894607084,0.9885109621357858,0.003196159368056062,127.30999755859376,125.84732817615007,0.014018275301119765,0.017259239311103514,False,False,False,False,low
ETR,2025-05-02,0.9680273745568796,0.975044645435206,0.007249041775847065,84.47000122070312,82.36202239015189,0.013194175817226927,0.0205388627247709,False,False,False,False,low
NSC,2025-05-02,0.9758011586111426,0.981777594468953,0.006124645174962362,224.36000061035156,220.27162169428377,0.011678749551307988,0.01787492292335946,False,False,False,False,low
AMP,2025-05-05,0.9835632282389954,0.986822240433442,0.003313475027204582,480.80999755859375,474.47399901356926,-0.007575159644384044,-0.00428678471948829,False,False,False,False,low
C,2025-05-05,0.9700739441441076,0.9778313074688818,0.007996672183189668,70.23999786376953,68.68286894774123,-0.004958188019245191,0.00299883515973165,False,False,False,False,low
ETN,2025-05-05,0.9850980006894688,0.9885281578970526,0.0034820466645786308,298.5799865722656,295.15472411120845,-0.0037703277002090196,-0.00030140949262325023,False,False,False,False,low
OKE,2025-05-05,0.9359878304587022,0.947780674259292,0.012599355907021215,80.1500015258789,75.96462248808079,-0.031770926458091764,-0.01957186376101172,False,False,False,False,low
BKR,2025-05-06,0.9768786784517636,0.9830311999698852,0.0062981429053938776,36.400001525878906,35.782337178890394,-0.009523768003295019,-0.0032856071497836536,False,False,False,False,low
LVS,2025-05-06,0.9739522201414657,0.98034973896503,0.006568616705483921,38.810001373291016,38.047374715538304,0.01305142213721222,0.01970576863217688,False,False,False,False,low
MET,2025-05-06,0.9637197222881632,0.9708431727826782,0.007391620540463606,76.41999816894531,74.19183348638532,-0.012789115699895603,-0.005492027449733983,False,False,False,False,low
EQT,2025-05-07,0.9854968707290525,0.988418759700856,0.0029648891423084134,53.959999084472656,53.335075368533786,0.009541596150674403,0.0125347750678102,False,False,False,False,low
RMD,2025-05-08,0.9881602520420494,0.9903051544032672,0.0021706017387213006,243.08999633789062,240.73327635728444,-0.006579487660116734,-0.004423167368750258,False,False,False,False,low
AEP,2025-05-09,0.960734258217519,0.9693040042389868,0.008919996292593435,104.68000030517578,101.46674345954524,-0.004848389812658671,0.00402835886078079,False,False,False,False,low
HWM,2025-05-09,0.9971115838280604,0.997745157905452,0.0006354094041904901,157.41000366210938,157.0550689597491,-0.0005714053199404878,6.364100793598837e-05,False,False,False,False,low
IBM,2025-05-09,0.9686153714237,0.975061002971544,0.006654479928777102,249.1999969482422,242.9851989648587,-0.01943811463473022,-0.01291298524964335,False,False,False,False,low
PFE,2025-05-09,0.9171859420173724,0.9346832414601052,0.019077156159030384,22.280000686645508,20.824743261527193,-0.030039122652817274,-0.011535027527515007,False,False,False,False,low
PH,2025-05-09,0.9886022673145776,0.9913841650008102,0.0028139705705807483,647.5900268554688,642.0104980369612,0.009493416766124252,0.01233410153209924,False,False,False,False,low
SCHW,2025-05-09,0.9843137590623215,0.9874739558925532,0.003210558423202503,84.47000122070312,83.41192625965651,0.001185237298396924,0.004399600995191211,False,False,False,False,low
TFC,2025-05-09,0.9440980046921068,0.9566732120028256,0.013319811341853116,39.0099983215332,37.31982039448601,-0.013903008914684878,-0.0007683830286593363,False,False,False,False,low
WFC,2025-05-09,0.9731897175536256,0.9785288082282284,0.0054861766193174955,72.44999694824219,70.89440916990222,-0.011731014036171494,-0.006309195831780023,False,False,False,False,low
WMT,2025-05-09,0.9893164200891428,0.9917084762556514,0.002417887864726964,96.72000122070312,95.91804503402824,-0.007287273758069923,-0.004887005704129588,False,False,False,False,low
AAPL,2025-05-12,0.9947440837776992,0.9960484519482214,0.001311260043456386,210.7899932861328,209.9570464988286,0.06175386381009962,0.06314609922769909,False,False,False,False,low
EXC,2025-05-12,0.9566356409250314,0.9651749895006037,0.008926437830933276,43.61000061035156,42.09128188121739,-0.0353903673196625,-0.026779839402422012,False,False,False,False,low
F,2025-05-12,0.9392978534328568,0.9530035624035224,0.014591440745419737,10.550000190734862,10.054187765128164,0.011505261941318734,0.02626458103461604,False,False,False,False,low
GWW,2025-05-12,0.9892171190719244,0.9913774865394774,0.002183916377811901,1067.449951171875,1058.2458495994613,0.029303888744238726,0.031551802364612636,False,False,False,False,low
KKR,2025-05-12,0.9918435647660488,0.9933998608587772,0.001569094308834229,125.22000122070312,124.3935317893824,0.060467473568167396,0.062131447045647104,False,False,False,False,low
PAYX,2025-05-12,0.9536603687601218,0.9605006700800718,0.007172680698520839,151.69000244140625,145.69834898941843,0.0002638216058827858,0.00743839461254403,False,False,False,False,low
DAL,2025-05-13,0.9852443418369536,0.9881426915153724,0.0029417572426906347,52.9900016784668,52.36168288196428,0.03617525050641346,0.03922342655428723,False,False,False,False,low
V,2025-05-13,0.9905179823593588,0.992163150670736,0.0016609171571611014,356.1400146484375,353.3489990135158,0.0008149741181611159,0.0024772448798178193,False,False,False,False,low
ED,2025-05-14,0.959657282471778,0.9678364942943576,0.008523055023885728,99.2699966430664,96.07712553963803,-0.01302450948637579,-0.004612463073501605,False,False,False,False,low
KVUE,2025-05-14,0.947280754064847,0.9555601755311606,0.008740198120553044,23.200000762939453,22.168996801357483,-0.019442057795404866,-0.010871787111854991,False,False,False,False,low
PCAR,2025-05-14,0.9719727943632532,0.9753164706430844,0.0034400924585771264,94.6500015258789,92.31370543458276,-0.016725540978827835,-0.013342985927637607,False,False,False,False,low
TGT,2025-05-14,0.947240220897384,0.9580691656532644,0.011432099816899077,95.26000213623048,91.26567076678653,-0.03865167366239575,-0.027661443636895378,False,False,False,False,low
URI,2025-05-14,0.9892131913576966,0.9916719757318636,0.0024855960228273855,713.3499755859375,707.4091796775833,-0.011912232807923973,-0.009456245783587058,False,False,False,False,low
WEC,2025-05-14,0.9590973532235072,0.9674395581825264,0.008697975164858152,102.23999786376952,98.91101836190762,-0.012746231420847631,-0.004159122660333581,False,False,False,False,low
WELL,2025-05-14,0.9803131370064018,0.984855065902709,0.004633140906564748,143.39999389648438,141.22821043937017,-0.012940562352760754,-0.008367376894986678,False,False,False,False,low
CTAS,2025-05-15,0.9887954511121756,0.990599248042564,0.0018242366794463116,218.4900054931641,216.43603514634404,0.020075647802161756,0.021936507214692424,False,False,False,False,low
FANG,2025-05-15,0.9681114293366524,0.974842937594951,0.006953237049283745,141.9499969482422,138.37895201661874,-0.01981777538203866,-0.013002336022775784,False,False,False,False,low
IR,2025-05-15,0.9987568778151068,0.9989967804589877,0.00024020124337531534,83.0,82.91673277809598,-0.002883203627207065,-0.0026436949329278203,False,False,False,False,low
KR,2025-05-15,0.9748418572392604,0.9795669910757596,0.004847077299164004,67.5999984741211,66.21872710202074,0.018993099273217906,0.023932237592709793,False,False,False,False,low
MSFT,2025-05-15,0.9902578086281936,0.992075720585718,0.0018357966397082315,453.1300048828125,449.53927611312616,0.0004194869969138537,0.0022560537294413763,False,False,False,False,low
TJX,2025-05-15,0.9847240047612827,0.9879229155107084,0.0032485353601197087,133.0399932861328,131.4332580467614,0.013638044084821388,0.016930883113393635,False,False,False,False,low
XOM,2025-05-15,0.9602643449204544,0.9691085412208472,0.00921016837413191,108.58000183105467,105.22580718025031,0.0009218148140357485,0.010140473257814753,False,False,False,False,low
AMGN,2025-05-16,0.9623148518674444,0.9708192536980628,0.008837442147042518,272.4100036621094,264.4608764551356,0.0026500836034937247,0.011510945711067144,False,False,False,False,low
APO,2025-05-16,0.9807761942295984,0.984262251676563,0.003554386278413757,143.83999633789062,141.5762786766808,-0.0010418025526123253,0.0025088807571036487,False,False,False,False,low
CEG,2025-05-16,0.9934132892117332,0.9947704367429082,0.001366145939372121,291.1199951171875,289.5975646873179,0.02362869678242352,0.025027122969957682,False,False,False,False,low
COR,2025-05-16,0.9905982125788724,0.992506989239854,0.00192689289839576,290.2200012207031,288.04537962874684,0.014861698716152949,0.016817228516263105,False,False,False,False,low
DUK,2025-05-16,0.9575269627261872,0.96623582826431,0.00909516481220285,116.26000213623048,112.33457945811111,0.002760045610538775,0.01188031349245855,False,False,False,False,low
EMR,2025-05-16,0.9796731991657042,0.9839938326400348,0.004410280364931962,120.61000061035156,118.67949675529677,0.002993768069451619,0.007417251790917456,False,False,False,False,low
FIX,2025-05-16,0.996793207540172,0.9977622468568004,0.00097215682179419,471.9700012207031,470.91384886697557,0.01855969569488569,0.01954989545146013,False,False,False,False,low
HON,2025-05-16,0.973659622393913,0.9786345261105304,0.005109489602111328,210.06597900390625,205.57781981443242,0.0026541754922511096,0.00777722657644242,False,False,False,False,low
HSY,2025-05-16,0.962797881440732,0.9709240601955976,0.008440170996954821,158.49000549316406,153.88175963384543,-0.031767346024101584,-0.023595296859709625,False,False,False,False,low
LLY,2025-05-16,0.9909444830379496,0.9929756263791162,0.0020497044748053472,757.3900146484375,752.0698242088203,0.03286562934615089,0.03498269864849424,False,False,False,False,low
MCO,2025-05-16,0.9897916747480772,0.9917045743393942,0.0019326284915499592,488.8999938964844,484.8443603416454,0.0032216513809497638,0.00516050612774821,False,False,False,False,low
MSCI,2025-05-16,0.9831409479122576,0.9862261835562838,0.0031381417390636823,572.219970703125,564.3383178612315,-0.005543877566065336,-0.002423133300587743,False,False,False,False,low
OTIS,2025-05-16,0.9759086236732064,0.9801150464495304,0.004310262942950116,98.88999938964844,96.92357634517931,0.010525227599353926,0.014880857040791673,False,False,False,False,low
SBUX,2025-05-16,0.9674781108454916,0.974289020467853,0.007039859141008575,85.56999969482422,83.36991118410477,-0.01936743525135165,-0.012463920126435157,False,False,False,False,low
SHW,2025-05-16,0.988581807764852,0.9907471739633168,0.002190376336542732,363.510009765625,360.14651488267066,0.005699259894930586,0.00790211975548294,False,False,False,False,low
COP,2025-05-19,0.9597500945103966,0.967918063861374,0.008510516849851602,90.41000366210938,87.50947569832864,-0.021854339893941255,-0.013529814771999327,False,False,False,False,low
CVX,2025-05-19,0.9482509089640446,0.9598009316323846,0.012180344420611444,138.49000549316406,132.92283629411293,-0.02540464782050611,-0.013533740760232726,False,False,False,False,low
KLAC,2025-05-19,0.9912100485821556,0.9935961983908336,0.0024073099461523473,787.010009765625,781.9701537986579,-0.0052580017371610666,-0.0028633494308872853,False,False,False,False,low
PSX,2025-05-19,0.9576282504187016,0.9668561567354584,0.009636209366966852,122.18000030517578,118.1304855249994,-0.028235130493711513,-0.018871000755685596,False,False,False,False,low
ROK,2025-05-19,0.9818715407579044,0.9860511304749088,0.004256758184250975,308.20001220703125,303.90097044912386,-0.0027502851302712017,0.0014947657552426552,False,False,False,False,low
SO,2025-05-19,0.9602733955623388,0.9683511443819176,0.008411926079497922,89.4800033569336,86.64806364998448,0.008680016688171976,0.01716495842641952,False,False,False,False,low
UPS,2025-05-19,0.9205094193726132,0.93565428264321,0.0164526977691537,99.11000061035156,92.7326965238466,-0.021812071566612468,-0.005718241218663267,False,False,False,False,low
PRU,2025-05-20,0.9366341991430416,0.9484925441537986,0.012660593667844555,105.87000274658205,100.41690825467525,-0.01954066072193783,-0.007127463419494995,False,False,False,False,low
REGN,2025-05-20,0.9930826683781926,0.9945498330527291,0.001477384231196588,614.7899780273438,611.4392700095857,0.030593087927400342,0.03211566990428438,False,False,False,False,low
VLO,2025-05-20,0.966850272622221,0.9750524985369624,0.008483449968417434,132.21000671386716,128.91169737794476,-0.015781992766246034,-0.007432428543862835,False,False,False,False,low
ADM,2025-05-21,0.9596047436311592,0.9694618076104092,0.010272004223270903,48.29999923706055,46.8250045679421,-0.03708135199381435,-0.027190247574828574,False,False,False,False,low
AFL,2025-05-21,0.9737364491911524,0.9791131141153492,0.005521683951199563,103.54000091552734,101.37737273190808,-0.019693256740821452,-0.014280312729314626,False,False,False,False,low
EQIX,2025-05-21,0.9725267588339388,0.977762243215638,0.005383383371349693,859.1400146484375,840.0346679589724,-0.019123405587313513,-0.013842970839606172,False,False,False,False,low
MPC,2025-05-21,0.9752792122600108,0.980804696100052,0.00566554046326595,156.6999969482422,153.69209288569976,-0.029901577834183346,-0.024405445970052453,False,False,False,False,low
TEL,2025-05-21,0.9852724441251218,0.989585835388498,0.004377866537418784,159.50999450683594,157.84883116686197,-0.020750229575034917,-0.01646320477331642,False,False,False,False,low
AMAT,2025-05-22,0.9899029383117378,0.9927176641533594,0.0028434361922615725,160.52000427246094,159.35104369124468,-0.01054053812557576,-0.0077270732809066045,False,False,False,False,low
MCHP,2025-05-22,0.9661145429952364,0.9735911230283446,0.007738813256995991,58.04999923706055,56.51696394900433,-0.02025317743357724,-0.012671099734600455,False,False,False,False,low
TER,2025-05-22,0.9959311506286246,0.9974466944709416,0.0015217355550736222,78.48999786376953,78.28958891824819,-0.006204171592011476,-0.004691877145439172,False,False,False,False,low
CMI,2025-05-23,0.9786715526351446,0.9842382769933068,0.005688041450855774,317.2300109863281,312.22991942375137,-0.014170724502023058,-0.008563286719523444,False,False,False,False,low
COF,2025-05-23,0.9823545567228016,0.9854903822846144,0.0031921525078217883,185.0800018310547,182.3945617577232,-0.018455641560229052,-0.015322402274897118,False,False,False,False,low
CRH,2025-05-23,0.9890183543777998,0.9928787719000376,0.0039032819817246267,94.08999633789062,93.41996001204387,-0.0112442967953017,-0.0073849044746553405,False,False,False,False,low
HLT,2025-05-23,0.9973475913271612,0.9979545230708048,0.0006085458559497159,244.77000427246097,244.26933287576264,-0.007581880967463039,-0.00697794903375637,False,False,False,False,low
MAR,2025-05-23,0.988683128256712,0.9912306079185584,0.002576639156711691,257.70001220703125,255.4401397605955,-0.011469523980103702,-0.008922437647987946,False,False,False,False,low
MMM,2025-05-23,0.9768533600978292,0.9816375630587076,0.004897565137513826,147.6199951171875,144.90933226557425,-0.01442117558895284,-0.009594239098245305,False,False,False,False,low
RTX,2025-05-23,0.9793201137572644,0.9843125589403036,0.005097868524200022,132.35000610351562,130.27377318351625,-0.012829127520994965,-0.007796660202177064,False,False,False,False,low
VMC,2025-05-23,0.9909910911399578,0.992781675078622,0.0018068617918698404,268.19000244140625,266.254119863119,-0.012845959689567255,-0.011062308771440432,False,False,False,False,low
ATO,2025-05-27,0.97273966081816,0.9781503586296946,0.005562328780738479,156.49000549316406,153.0707549951013,-0.005022846466583242,0.0005115435906928312,False,False,False,False,low
JNJ,2025-05-27,0.9673300890231752,0.9756229767154976,0.008572965719175318,153.25,149.51422118165002,0.0020269226732392287,0.010617265131007692,False,False,False,False,low
NEM,2025-05-27,0.984868486265471,0.989479294712048,0.004681648880918932,52.709999084472656,52.1554527183767,-0.017521014252960043,-0.012921392608810978,False,False,False,False,low
WAB,2025-05-27,0.9938470305188531,0.9950952175873764,0.0012559146731783155,203.22000122070312,202.22325133282249,0.019566494848359817,0.020846983369520844,False,False,False,False,low
YUM,2025-05-27,0.9763439981930888,0.9811331723432036,0.0049052118505139575,144.08999633789062,141.37147520991522,-0.009350296589112461,-0.004490949924233267,False,False,False,False,low
EA,2025-05-28,0.9947895146485882,0.996077780692647,0.0012950136939409163,146.8800048828125,146.30390929179703,-0.00020419834285667626,0.0010905509114338408,False,False,False,False,low
SPGI,2025-05-28,0.9898396607354748,0.9916821283972744,0.0018613799132181086,511.4800109863281,507.2255859275832,-0.010102576151307607,-0.008260000970409354,False,False,False,False,low
D,2025-05-29,0.9462545481300338,0.9577031653127468,0.012098876782507872,56.02000045776367,53.65053175922179,0.0025053576766718155,0.014634546473005994,False,False,False,False,low
CSX,2025-05-30,0.9819913991356188,0.9860713433415992,0.004154765723581422,31.59000015258789,31.149993886623665,0.005410568933200244,0.009587814303130271,False,False,False,False,low
EBAY,2025-05-30,0.983387029495158,0.9873233387643005,0.004002807797010677,73.16999816894531,72.24244688954083,0.005911469862579732,0.009937940137247914,False,False,False,False,low
GLW,2025-05-30,0.9836429196988984,0.9891868446566588,0.005636115349112236,49.59000015258789,49.053775777461645,-0.007405903496098376,-0.0018115286733545455,False,False,False,False,low
GS,2025-05-30,0.9754048071962867,0.9802666721258352,0.0049844586510943145,600.4500122070312,588.6011352441036,-0.007290899135885209,-0.0023427816700631876,False,False,False,False,low
TMUS,2025-05-30,0.9778953519586072,0.9815046715619172,0.00369090577645248,242.1999969482422,237.7204284569818,0.012118653821567849,0.015854288407413097,False,False,False,False,low
UNP,2025-05-30,0.9719090424571684,0.9777975191463992,0.006058670546313261,221.66000366210935,216.73860167479228,-0.0038200119801830024,0.0022155143720594683,False,False,False,False,low
CTVA,2025-06-02,0.9880165707322416,0.99039459710901,0.002406868920230787,70.94999694824219,70.26849364243981,0.00211855776863068,0.004530525779710359,False,False,False,False,low
HIG,2025-06-02,0.9788865431154204,0.9828228466338192,0.004021205058015287,129.8699951171875,127.63919829339443,0.0002310442093576004,0.0042531783435160175,False,False,False,False,low
LMT,2025-06-02,0.9670754571868908,0.9737368589445032,0.006888192341257149,478.8200073242187,466.24468993166874,-0.007380068664866513,-0.0005427116560647871,False,False,False,False,low
MCD,2025-06-02,0.9708051262997816,0.976311007554446,0.005671458777365634,312.67999267578125,305.2729186914088,-0.0037279382029021813,0.0019223777266210718,False,False,False,False,low
MCK,2025-06-02,0.99496363049508,0.9959463523037018,0.0009876962117025823,721.75,718.8242797751967,0.0031132162221130244,0.00410398734568429,False,False,False,False,low
MLM,2025-06-02,0.993243495537959,0.9946785672325498,0.0014448337200674288,541.6099853515625,538.7278442283344,-0.010848329054574224,-0.009419169366131297,False,False,False,False,low
MTB,2025-06-02,0.9639613867893556,0.971139580834468,0.007446557656236363,180.0399932861328,174.84396361333546,-0.014235688305981209,-0.006895137523491579,False,False,False,False,low
NEE,2025-06-02,0.9711190043777362,0.978976804000134,0.008091489906978833,70.1500015258789,68.67522429440946,-0.0069365496602953325,0.001098813225117956,False,False,False,False,low
NKE,2025-06-02,0.9668664674930952,0.9732918524985724,0.006645576428084166,61.56999969482422,59.925579061312,0.016174278590003865,0.02292734242262706,False,False,False,False,low
NOC,2025-06-02,0.9798720712865584,0.9845635527817712,0.004787851019218303,483.3800048828125,475.91833495109177,-0.0028673064801051362,0.0019068163028599372,False,False,False,False,low
O,2025-06-02,0.9426206052762462,0.947120395665753,0.004773702552564041,56.58000183105469,53.58807372099754,-0.0007064129562805999,0.004063917390950911,False,False,False,False,low
TPL,2025-06-02,0.9923507857688164,0.9937781679601349,0.001438384704066653,370.0466613769531,367.74429320295286,-0.0034918128252232616,-0.00205845069131394,False,False,False,False,low
CI,2025-06-03,0.9736362374797376,0.978326126498222,0.004816880101570886,311.6700134277344,304.91491698240424,-0.010539943838121069,-0.005773833382295868,False,False,False,False,low
LHX,2025-06-03,0.983158165124724,0.988034157962095,0.004959520258627448,243.19000244140625,240.28002928699465,0.00012337053316779922,0.005083502650453875,False,False,False,False,low
ADI,2025-06-04,0.9822817670602008,0.9867541140316416,0.0045530184122482,218.5,215.6057739159137,0.00032050234201430605,0.00487498000732689,False,False,False,False,low
HAL,2025-06-04,0.9691924451180876,0.9773249511868408,0.008391012651530083,20.010000228881836,19.556272496940615,-0.02055800636417715,-0.012339496204139211,False,False,False,False,low
LIN,2025-06-04,0.983580842065598,0.9867178288038788,0.0031893532327174068,473.7699890136719,467.47729491200784,0.0041328931778708,0.007335427666805394,False,False,False,False,low
ODFL,2025-06-04,0.9918015478877776,0.993507857378364,0.0017204142242168707,161.49000549316406,160.44158934553366,-0.009446073101046837,-0.007741910035356181,False,False,False,False,low
RCL,2025-06-04,0.980425667309302,0.9831897139635292,0.002819231224140406,265.6400146484375,261.17453001946495,-0.004198512056479253,-0.0013911174086234102,False,False,False,False,low
SLB,2025-06-04,0.9652779794193768,0.9734111938691552,0.00842577436053249,33.2400016784668,32.35618971804909,-0.02550568502835915,-0.017294815814786535,False,False,False,False,low
WDC,2025-06-04,0.9957020981395124,0.9975573460769986,0.001863256029040139,54.43000030517578,54.29704665140138,0.01227449956840787,0.014160626132772247,False,False,False,False,low
BLK,2025-06-05,0.9798073649662296,0.98499638635159,0.005295960788720189,985.4600219726562,970.674560537025,-0.0035490953562252736,0.001728069562652923,False,False,False,False,low
HD,2025-06-05,0.9680848735886974,0.9741010482963984,0.00621451163202158,369.2799987792969,359.71603392580585,-0.008378075102908777,-0.0022156291160682073,False,False,False,False,low
QCOM,2025-06-05,0.9735101079480732,0.9793580305281436,0.006007048650369384,147.55999755859375,144.51406859372204,-0.009996682070825935,-0.004049683975998364,False,False,False,False,low
AJG,2025-06-06,0.990192984349862,0.9921584975500248,0.001984979929395614,328.760009765625,326.182037343594,0.00201159295895037,0.004000565859995531,False,False,False,False,low
BAC,2025-06-06,0.9780025717347636,0.983765948218274,0.005893007493106506,44.970001220703125,44.239955892261946,0.013294279819469734,0.019265630603167994,False,False,False,False,low
BKNG,2025-06-06,0.9923939845545632,0.994107293001844,0.0017264397748741889,224.5843963623047,223.26098631818388,0.007914860618358777,0.009654964923416998,False,False,False,False,low
GM,2025-06-06,0.9899292797435748,0.99308195366149,0.0031847466101131428,47.470001220703125,47.14160155256918,0.004656110491071397,0.007855685633287424,False,False,False,False,low
KMB,2025-06-06,0.9574188444318048,0.966418896466422,0.009400328901984834,133.5500030517578,129.06524657236707,-0.012934219959555793,-0.003655476979281369,False,False,False,False,low
PEP,2025-06-06,0.9614858435621936,0.972035801459362,0.010972556660930222,130.02999877929688,126.3938140771937,-0.00823737187115392,0.0026447997601828366,False,False,False,False,low
TT,2025-06-06,0.9931522811449768,0.9953239297057536,0.0021866219330162195,428.9299926757813,426.92428587871876,-0.004387016889433881,-0.0022099877037684568,False,False,False,False,low
WM,2025-06-06,0.9850735102494204,0.9884907938393944,0.003469064546369527,236.3300018310547,233.6100311180448,-0.009679842291744234,-0.006244357743083406,False,False,False,False,low
ALL,2025-06-09,0.9755581419098684,0.9802696724606468,0.0048295743209672,200.77000427246097,196.80874632808798,-0.035037937958639964,-0.030377581963097366,False,False,False,False,low
BDX,2025-06-09,0.9770390912139344,0.9829326122337834,0.0060320217203657656,135.62106323242188,133.30636595696754,-0.005419463765036214,0.000579867632186204,False,False,False,False,low
CME,2025-06-09,0.9631327523246952,0.9675429898313356,0.004579054648484737,268.3500061035156,259.64016722665264,-0.021477480821909256,-0.016996772731819765,False,False,False,False,low
GOOG,2025-06-09,0.996554821452617,0.9977526294068728,0.0012019488827617053,177.6300048828125,177.23080443338182,0.015492835251746051,0.016713405730529374,False,False,False,False,low
GOOGL,2025-06-09,0.996544632605358,0.9977509120998858,0.0012104620857513737,176.08999633789062,175.6939544577959,0.013876115636464181,0.015103374234090916,False,False,False,False,low
PEG,2025-06-09,0.9687474492165072,0.9764175219987912,0.007917515332285241,79.69000244140625,77.81071471191551,-0.006359033993044494,0.0015081335901023785,False,False,False,False,low
SPG,2025-06-09,0.9525739721192208,0.9650765673495512,0.013125064925420427,160.4199981689453,154.81758116710702,-0.0103640214146411,0.002625015056823665,False,False,False,False,low
AEE,2025-06-10,0.971903261435014,0.9791501504353723,0.007456389218879922,95.63999938964844,93.64591979001318,-0.0030230471656914615,0.004410801036893952,False,False,False,False,low
ELV,2025-06-10,0.9790948197957482,0.9834110355378708,0.004408373586352932,383.9200134277344,377.55117796868154,-0.01460427642452189,-0.01026028394460654,False,False,False,False,low
OXY,2025-06-10,0.9788014349960816,0.9842645255323492,0.00558140838472454,43.90999984741211,43.219055165938606,0.015494869170621817,0.021162760748055565,False,False,False,False,low
ROST,2025-06-10,0.990122252709746,0.9929510886918474,0.00285705727182628,140.0800018310547,139.09259032210173,-0.014631413741367782,-0.011816159256568426,False,False,False,False,low
TRV,2025-06-10,0.9843945289539692,0.988455072517668,0.004124914802211999,263.0,259.9636840721467,-0.01785046979269178,-0.013799186657553975,False,False,False,False,low
NVDA,2025-06-11,0.998600571043466,0.9986698369378402,6.936296291293331e-05,142.8300018310547,142.6400146384508,-0.007849436163604007,-0.007780617660840594,False,False,False,False,low
PSA,2025-06-12,0.9593889285820588,0.96907462858954,0.010095697082721511,296.6499938964844,287.4759826563249,-0.011693795718287103,-0.001716155654884588,False,False,False,False,low
ADP,2025-06-13,0.975469285935013,0.9803433063021812,0.004996590294994663,306.82000732421875,300.78894041988406,-0.009459217678067011,-0.004509891218320905,False,False,False,False,low
AIG,2025-06-13,0.9780184523496394,0.983174935289582,0.005272377967465269,84.61000061035156,83.18643187493389,-0.013869491830768244,-0.00867023906645159,False,False,False,False,low
AME,2025-06-13,0.9935199533739912,0.9952343015898996,0.0017255297290068583,176.9600067138672,176.11666869121956,-0.01672497908773518,-0.015028308807361168,False,False,False,False,low
AMT,2025-06-13,0.9644073494913864,0.9719976361211472,0.007870415580888857,214.8000030517578,208.7850952051238,-0.013321056211010651,-0.005555482878478735,False,False,False,False,low
CB,2025-06-13,0.9937134571211508,0.997056674933723,0.003364368056620437,286.7900085449219,285.9458923240138,-0.008641847026015781,-0.005306553323479846,False,False,False,False,low
CCI,2025-06-13,0.9549782580747636,0.965235580625296,0.010740896417067436,98.38999938964844,94.96952818858983,-0.01639507557394737,-0.005830276965369752,False,False,False,False,low
DLR,2025-06-13,0.9716593468068924,0.9784210620577826,0.006958936043903519,174.47000122070312,170.70512389158299,-0.011669390884487707,-0.0047916613854205314,False,False,False,False,low
DVN,2025-06-13,0.9747555501947393,0.9816180701942036,0.007040247165654323,35.11000061035156,34.464611043650606,0.02272061572077444,0.02992082163685872,False,False,False,False,low
GILD,2025-06-13,0.97409941476814,0.9810160024231314,0.007100494621113951,109.9800033569336,107.89214323970157,-0.018473892355612365,-0.011504571507800487,False,False,False,False,low
ICE,2025-06-13,0.988389499873532,0.991045851219669,0.0026875552061984553,178.44000244140625,176.84222411118327,-0.003573818310836363,-0.0008958679386452673,False,False,False,False,low
KO,2025-06-13,0.971827952789234,0.978737707775822,0.007110059930625079,71.0199966430664,69.5099487206814,-0.016888168006369497,-0.009898183962388285,False,False,False,False,low
MSI,2025-06-13,0.989189299386092,0.9918064678326712,0.002645771085679538,408.1000061035156,404.7562255760194,-0.012031861748805439,-0.009417924215047946,False,False,False,False,low
NDAQ,2025-06-13,0.9879842743787492,0.9910636510902746,0.003116827657466237,85.58999633789062,84.82513426743311,-0.015074858055073359,-0.012005016132125568,False,False,False,False,low
TMO,2025-06-13,0.9963338198065664,0.9973664230630008,0.00103640289620488,402.760009765625,401.6993102927607,-0.030265035545304908,-0.029259999419592897,False,False,False,False,low
WMB,2025-06-13,0.9682856947499212,0.9764116037656636,0.008392057282061938,59.779998779296875,58.369884481202675,-0.004993392853106515,0.003356759590100289,False,False,False,False,low
XEL,2025-06-13,0.969338714602152,0.9774048301578486,0.008321255959540697,67.62000274658203,66.09211729979627,-0.02099315121831169,-0.012846584643456005,False,False,False,False,low
DTE,2025-06-16,0.9676097730462068,0.9754729524748452,0.008126395213934101,133.16000366210938,129.89398192383902,-0.015234414583619627,-0.007231820243445153,False,False,False,False,low
GRMN,2025-06-16,0.9838093278519768,0.9882271915897938,0.0044905690693772815,203.9199981689453,201.51928709949271,0.012914716620983313,0.01746328011735865,False,False,False,False,low
HCA,2025-06-16,0.9933206312146954,0.995251183596189,0.0019435339615696545,368.5899963378906,366.83963011700064,-0.006977736917390898,-0.005047764424494949,False,False,False,False,low
IRM,2025-06-16,0.9661378484020452,0.9736615090746444,0.007787357347653012,102.06999969482422,99.38162993411105,0.004724907709781734,0.012549059602205537,False,False,False,False,low
META,2025-06-16,0.9968899214754934,0.9976569808753156,0.0007694524573855777,702.1199951171875,700.4749145408047,0.028189845999451846,0.028980989203114982,False,False,False,False,low
MO,2025-06-16,0.93427361574365,0.9504831526623287,0.01734988192487541,58.79999923706055,55.888408651383834,-0.016886843555256936,0.00017005362785105227,False,False,False,False,low
MRK,2025-06-16,0.9649468952430454,0.9746082324449772,0.010012299380991685,80.95999908447266,78.90428160646486,-0.009178803186922546,0.0007415952686025129,False,False,False,False,low
UNH,2025-06-16,0.9725750604313173,0.979479145876724,0.00709876874937021,307.6600036621094,301.3465576073927,-0.018722275827008028,-0.01175641218419543,False,False,False,False,low
VRT,2025-06-16,0.9987654226720892,0.99910753434934,0.00034253456265576077,116.4499969482422,116.34606932594643,0.049382677005113784,0.049742126841440415,False,False,False,False,low
APH,2025-06-17,0.9929706295017448,0.9947282364290252,0.0017700492593244466,92.8000030517578,92.3107833762832,-0.0062111182128882225,-0.004452062938756107,False,False,False,False,low
ECL,2025-06-17,0.9897268347440884,0.9921499034662794,0.002448219687624764,261.3399963378906,259.288452138516,-0.018035688157932772,-0.01563162379713623,False,False,False,False,low
HBAN,2025-06-17,0.9629561298208722,0.9725577736781686,0.009971008605638598,15.479999542236328,15.055193891336433,-0.014012756031944518,-0.004181468737289085,False,False,False,False,low
PLD,2025-06-17,0.9664255214270702,0.975650331581469,0.00954528822953371,105.08999633789062,102.53108977295835,-0.016195500485640002,-0.006804802976263291,False,False,False,False,low
CRM,2025-06-18,0.9925925538406836,0.9941666148837146,0.0015858078291444144,259.5,257.98623656232394,-0.012406795724101416,-0.010840662688750835,False,False,False,False,low
HPE,2025-06-18,0.975326153414392,0.9824612965238384,0.007315648293104715,17.780000686645508,17.468162526796483,-0.006703851086149792,0.0005627541901993549,False,False,False,False,low
LRCX,2025-06-18,0.9927262213946144,0.9951965581285664,0.0024884370743039064,92.23999786376952,91.79692839580974,-0.004532762591629491,-0.00205560501180746,False,False,False,False,low
VST,2025-06-18,0.9949139086113972,0.9961748988712176,0.00126743655798367,181.1300048828125,180.4371642966789,0.01901549863748242,0.020307036133607514,False,False,False,False,low
AVGO,2025-06-20,0.9919625665537556,0.9942973794025808,0.002353730803508869,249.9900054931641,248.56440733868982,-0.005054481578591563,-0.002712647664070089,False,False,False,False,low
FDX,2025-06-23,0.9782579337974124,0.9845737604619312,0.006456197743269998,184.7139434814453,181.86450194327924,0.014112564078334167,0.020659875325958366,False,False,False,False,low
JCI,2025-06-23,0.9933193364372748,0.9969268339719934,0.0036317601021014223,103.3499984741211,103.0323867698159,0.01075793128724789,0.014428761614979413,False,False,False,False,low
DIS,2025-06-24,0.9890618131085126,0.9932795740436806,0.004264405802820503,118.6500015258789,117.85262297590705,0.007643325060542772,0.011940325103104055,False,False,False,False,low
NXPI,2025-06-25,0.981294348365118,0.9858691815886144,0.004662039714300015,216.27999877929688,213.22378539053193,-0.010205463290464123,-0.005591001851326993,False,False,False,False,low
STX,2025-06-25,0.9872753494882892,0.9925179722913796,0.005310193155139142,138.5399932861328,137.5034332176139,0.016359737124787888,0.02175680364402699,False,False,False,False,low
SRE,2025-06-26,0.9704025852002224,0.9788183009680028,0.008672396277720207,74.94000244140625,73.35264586423524,-0.001066305055180905,0.00759684380254777,False,False,False,False,low
DHR,2025-06-27,0.9931560401882774,0.9947361015765668,0.0015909497846782195,198.8000030517578,197.75354002911516,-0.01320363135839342,-0.011633687888181865,False,False,False,False,low
KDP,2025-06-27,0.9675416490649082,0.9743241247325783,0.007010008999845274,32.849998474121094,32.006546010764566,-0.005750679059968067,0.001219017627911434,False,False,False,False,low
MDT,2025-06-27,0.9691964745017416,0.9772476047912372,0.008307015658135297,86.0199966430664,84.06283568358691,-0.0018566217398791052,0.00643497093239187,False,False,False,False,low
PM,2025-06-27,0.965779129781722,0.9730502793549672,0.007528791365463361,181.02999877929688,176.1512908838242,0.0020480189842104757,0.009592229457318302,False,False,False,False,low
DE,2025-06-30,0.9870635889462192,0.9901884504852622,0.003165815833992003,508.489990234375,503.50091551744185,-0.009448000092264874,-0.006312094886564479,False,False,False,False,low
FITB,2025-06-30,0.96536657233946,0.9740487438578403,0.008993652532778285,41.130001068115234,40.062625875269276,-0.009154354824939759,-0.00024303337861864005,False,False,False,False,low
ITW,2025-06-30,0.9753219871094918,0.9812556653064646,0.006083814653413233,247.25,242.61546324702337,-0.003265329221018076,0.0027986197746321384,False,False,False,False,low
MDLZ,2025-06-30,0.9677719419647688,0.974529543168826,0.006982638068983471,67.44000244140625,65.72227477052814,-0.005016175037088844,0.0019314368971199425,False,False,False,False,low
MPWR,2025-06-30,0.9924584853348616,0.9945665208623476,0.0021240541127267587,731.3800048828125,727.4060668845857,-0.00631771018704852,-0.004207075232627533,False,False,False,False,low
NUE,2025-06-30,0.9850605962334056,0.9892001125800108,0.0042022961454692975,129.5399932861328,128.14097594225643,-0.01438027463267677,-0.01023840865986736,False,False,False,False,low
PCG,2025-06-30,0.9906154075879104,0.9923888707431284,0.001790264053671775,13.9399995803833,13.833900441736269,-0.0035739951074257315,-0.0017901294487228103,False,False,False,False,low
SYK,2025-06-30,0.9904452953048176,0.9925639485821476,0.002139091666519377,395.6300048828125,392.6880798240587,0.005285267829656215,0.007435665168545658,False,False,False,False,low
USB,2025-06-30,0.959300112855793,0.9698977810734256,0.011047291744899157,45.25,43.88787459357251,-0.011145068624122123,-0.00022089970383054602,False,False,False,False,low
VTR,2025-06-30,0.9732436117592348,0.9807300706645664,0.007692276440221413,63.150001525878906,61.9331054589427,0.004293900336789003,0.012019206645407898,False,False,False,False,low
A,2025-07-01,0.9918587036093708,0.99394747345086,0.0021059147173767556,120.4499969482422,119.72097014386914,0.020676169543620393,0.022825626510738273,False,False,False,False,low
APD,2025-07-01,0.973872664000973,0.98009253727559,0.00638674182419674,285.4700012207031,279.7870178124647,0.012089639408725539,0.018553594638573312,False,False,False,False,low
CAH,2025-07-01,0.9888445535706974,0.9918615147290918,0.003050996385124627,164.39999389648438,163.06202696762043,-0.021428607759021556,-0.01844298997870808,False,False,False,False,low
O,2025-07-01,0.9471203901173306,0.9515635736470898,0.004691255278759909,57.79999923706055,55.00037383081639,0.003298014662316273,0.008004741769770174,False,False,False,False,low
PWR,2025-07-01,0.9990375274426664,0.9993018393808109,0.000264566576213765,372.2900085449219,372.03009032203823,-0.015314161640336055,-0.015053646679435206,False,False,False,False,low
STT,2025-07-01,0.9727468317079916,0.9797490073773752,0.0071983536117912195,106.95999908447266,104.79395293209706,0.0058303814926981,0.01307070425216561,False,False,False,False,low
CMCSA,2025-07-02,0.9580082034706898,0.9667899979285772,0.00916672156467202,33.58013153076172,32.464935293066475,-0.013762773267939954,-0.004722211213772809,False,False,False,False,low
RSG,2025-07-02,0.9891424175911416,0.9914928512005978,0.002376233763364599,237.69000244140625,235.66793822250693,-0.0285282044377152,-0.02621976035694351,False,False,False,False,low
AXP,2025-07-03,0.9896266847113232,0.9921252130896534,0.002524718074936594,328.1300048828125,325.54605101546935,0.007739380377199234,0.010283638205662804,False,False,False,False,low
BMY,2025-07-03,0.9524100706967036,0.9649710448425636,0.013188619621242959,46.91999816894531,45.27643965709833,-0.014906632022841038,-0.0019146103011811189,False,False,False,False,low
CSCO,2025-07-03,0.9775004592451684,0.9833786546014824,0.00601349626050629,69.37000274658203,68.21697997063498,0.01137201414691602,0.017453895971969224,False,False,False,False,low
GD,2025-07-03,0.9819518311613648,0.9869887197688574,0.00512946607730802,294.760009765625,290.9248046776301,0.0028579079324830836,0.008002033551582688,False,False,False,False,low
JPM,2025-07-03,0.9809229602216508,0.9856486964537152,0.004817642591418814,296.0,291.7520141502997,0.013698630136986356,0.018582267832397026,False,False,False,False,low
PGR,2025-07-03,0.9390455739083328,0.9394099654705812,0.0003880445980186664,261.6600036621094,245.80601500525432,0.014972909433341286,0.015366764187982218,False,False,False,False,low
SYY,2025-07-03,0.9720506638472788,0.9788552684406108,0.007000257133100485,77.18000030517578,75.54804991696926,-0.006436663208492344,0.000518535627069383,False,False,False,False,low
GE,2025-07-07,0.9947348278236604,0.9961875424792754,0.0014604039337733354,248.6499938964844,247.70202635722563,0.007169430406128052,0.008640304604269566,False,False,False,False,low
MU,2025-07-07,0.9976120474865648,0.9985511020372482,0.0009413023359623462,119.91999816894533,119.74624632790514,-0.019380184224703,-0.018457124501422673,False,False,False,False,low
ROP,2025-07-08,0.9923192755318274,0.9937677312733494,0.001459667041886048,564.5900268554688,561.0713500877185,-0.002491118629913913,-0.001035087791789513,False,False,False,False,low
MA,2025-07-09,0.994127845866928,0.9954730448667868,0.0013531448751298303,565.1099853515625,562.5517578025452,0.004747142625998402,0.006106711072844329,False,False,False,False,low
ACN,2025-07-10,0.986656306664591,0.9915909441733473,0.005001374313855944,288.3599853515625,285.93515013656844,-0.030396801380125127,-0.025547452847915264,False,False,False,False,low
INTU,2025-07-10,0.99192891594951,0.9932711986244414,0.0013532045022062178,747.9000244140625,742.8675537010048,-0.02818384033643373,-0.026868774333860368,False,False,False,False,low
ORCL,2025-07-10,0.9900668070668848,0.992170552962268,0.002124852464871152,235.0,233.16007994613298,-0.0034349585131244753,-0.0013174048283165485,False,False,False,False,low
T,2025-07-10,0.9581811438821908,0.9677553121022492,0.009992023200610545,27.6200008392334,26.7294025324367,-0.017081834011392405,-0.007260492892532611,False,False,False,False,low
VZ,2025-07-10,0.9368677009599732,0.9520158626702,0.01616894433942484,42.029998779296875,40.013225545899765,-0.013611870986779184,0.0023369837683051564,False,False,False,False,low
ABBV,2025-07-15,0.9684497135483748,0.9768142375545852,0.00863702460663962,186.38999938964844,182.06840514159904,-0.026785739183226354,-0.01838006366501921,False,False,False,False,low
ABT,2025-07-15,0.9799807412373498,0.9843794984913397,0.004488616019571845,131.49000549316406,129.43606566398432,-0.004089928736843107,0.00038032916308150533,False,False,False,False,low
EME,2025-07-15,0.9980873765137372,0.998535515967372,0.00044899821817212526,549.760009765625,548.9548950095458,-0.012750019345446506,-0.012306745863242319,False,False,False,False,low
FCX,2025-07-15,0.9885053298675316,0.9917655449479466,0.003298125950268682,44.119998931884766,43.756694783783516,-0.033092309903223094,-0.02990332655900052,False,False,False,False,low
PNC,2025-07-15,0.9674564713542666,0.9758609513546452,0.008687191878115064,192.13999938964844,187.50192259766328,-0.026597092133510136,-0.018140954298158762,False,False,False,False,low
EOG,2025-07-17,0.9655872571347608,0.973577479888136,0.008274987780063636,118.43000030517578,115.30078124026421,-0.0031145011538494805,0.005134714167224885,False,False,False,False,low
CL,2025-07-18,0.975347977333386,0.9811964935281864,0.005996338056485584,86.83999633789062,85.20709990473883,-0.004585070330968333,0.001383774093800083,False,False,False,False,low
PG,2025-07-18,0.9720376454755232,0.9786851154068712,0.006838695972619435,155.10000610351562,151.79406737302563,-0.0033414023260976977,0.003474442811891576,False,False,False,False,low
ZTS,2025-07-18,0.9847029696976968,0.987995666684038,0.00334384792944431,148.60000610351562,146.81616209949505,-0.00953137830711348,-0.0062194018572862,False,False,False,False,low
CARR,2025-07-21,0.9854921028056018,0.98839422173594,0.0029448424011477847,75.97000122070312,75.08831023181529,-0.008612763361222853,-0.0056932841908121645,False,False,False,False,low
CAT,2025-07-21,0.9892932138553264,0.9929172607033772,0.003663268682423837,410.0700073242187,407.165588368977,-0.00879839550903061,-0.005167357713330434,False,False,False,False,low
GEV,2025-07-21,0.9978099148711984,0.998244259041672,0.0004352975090748945,565.9099731445312,564.9163818259551,-0.015123569110048751,-0.014694854852935757,False,False,False,False,low
PAYX,2025-07-21,0.9605006277386952,0.967786371756732,0.007585361016566594,142.66000366210938,138.06440733895494,-0.005576488319517736,0.0019665730199407427,False,False,False,False,low
CVS,2025-07-22,0.964715720728452,0.9752370069493612,0.010906100102696215,61.08000183105469,59.56747817017928,-0.009084970216398092,0.0017220482916882052,False,False,False,False,low
DELL,2025-07-22,0.9850225810607692,0.9890489685684436,0.004087609345298837,124.33000183105467,122.96846007311733,-0.03590264145290745,-0.031961788080332454,False,False,False,False,low
LOW,2025-07-23,0.9807098044030368,0.985925684361384,0.005318474369206516,228.61000061035156,225.39247130361727,0.007847281069206291,0.013207491001647531,False,False,False,False,low
MRSH,2025-07-24,0.9812024521526026,0.985429805277158,0.0043083393394312,208.32000732421875,205.284744252841,-0.0070543169971925,-0.0027763700491932886,False,False,False,False,low
BK,2025-07-25,0.9815552119298374,0.9867867531805096,0.005329849189416924,100.91999816894533,99.58651732411653,0.009502820212484497,0.014883318000508128,False,False,False,False,low
GEHC,2025-07-25,0.9982089753258224,0.9986643397414314,0.00045618144783787784,77.61000061035156,77.50634001686883,0.010941826286519962,0.011402999192515306,False,False,False,False,low
PFE,2025-07-25,0.934683128835685,0.9508113344526864,0.0172552655755025,24.790000915527344,23.57061385157587,-0.022090708383252333,-0.005216623847653867,False,False,False,False,low
FAST,2025-07-29,0.9794847531872358,0.9841109665526524,0.0047231091146267,46.599998474121094,45.85956953971944,-0.004273520645296847,0.0004294041650185765,False,False,False,False,low
DAL,2025-07-31,0.9881426962572584,0.9916208568953344,0.0035198971274594815,53.209999084472656,52.76414488754474,-0.007276108222964539,-0.0037818222479379937,False,False,False,False,low
KMI,2025-07-31,0.960188778822659,0.9703390964749756,0.010571168791164709,28.059999465942383,27.22771452887083,0.0017850495056044302,0.01237508835639356,False,False,False,False,low
MS,2025-07-31,0.9764322563426076,0.9832159754089554,0.006947454902562766,142.4600067138672,140.06895445794126,-0.017110498728890478,-0.010281918244607113,False,False,False,False,low
TRGP,2025-07-31,0.9776547211680522,0.983531126274425,0.006010716236660718,166.41000366210938,163.6694183251256,-0.005735744058580905,0.0002404962481374895,False,False,False,False,low
TXN,2025-07-31,0.9727167028071936,0.9797474250989396,0.007227923887248799,181.05999755859375,177.39306639645253,-0.044639122642192386,-0.037733846935794846,False,False,False,False,low
VLO,2025-07-31,0.9750523114007243,0.9830226381887532,0.008174255570533528,137.30999755859375,134.9788360497401,-0.014780782311584528,-0.006727348633198349,False,False,False,False,low
AON,2025-08-01,0.9952799889561442,0.9973688883940542,0.002098805824580996,353.4599914550781,352.5299987693232,-0.006325377566134938,-0.004239847480832393,False,False,False,False,low
COST,2025-08-01,0.9944023609542512,0.995780044290206,0.001385438520713711,952.52001953125,948.5004272361359,0.01370738227621282,0.015111811532350305,False,False,False,False,low
NRG,2025-08-01,0.9886912475558832,0.9912999507865008,0.0026385418471808197,167.6300048828125,166.17161559067293,0.002571817837433432,0.0052171455336018635,False,False,False,False,low
NSC,2025-08-01,0.981777602784772,0.9865684907458204,0.0048798097934392715,274.8500061035156,271.15835570302494,-0.011330913296706435,-0.0065063962049409785,False,False,False,False,low
O,2025-08-01,0.9515636077143964,0.9561457489149334,0.004815380877735587,56.56999969482422,54.08916472432526,0.00783892069011416,0.01269204895664311,False,False,False,False,low
OKE,2025-08-01,0.9477806925640884,0.9598208390114592,0.012703515213839056,78.98999786376953,75.81624602311665,-0.0379978409863595,-0.025777031923583604,False,False,False,False,low
AMP,2025-08-04,0.9868222256520742,0.9899805199185308,0.003200469329082578,506.2799987792969,501.20733641588146,0.009491166593352363,0.012722012110014225,False,False,False,False,low
BX,2025-08-04,0.9649512586771032,0.9708195571106282,0.006081445441679767,170.5,165.5247344873621,0.0005868902998691361,0.006671904882887825,False,False,False,False,low
C,2025-08-04,0.9778314706177622,0.9842623025815416,0.006576626092547944,92.08000183105467,90.63087462394644,0.0027224218122083865,0.009316952255081556,False,False,False,False,low
BKR,2025-08-05,0.9830310928277624,0.9882263222304422,0.005284908524851861,43.81999969482422,43.304077138555236,0.0015999930245536031,0.006893357366180464,False,False,False,False,low
LVS,2025-08-05,0.9803496502949236,0.9850493098882253,0.004793860631141067,52.20000076293945,51.41957472769834,-0.003816808341898237,0.0009587550419958291,False,False,False,False,low
MET,2025-08-05,0.9708432340156896,0.9782688068007628,0.007648580661533622,74.88999938964844,73.26255034422122,0.0008017848072383593,0.008456497984543176,False,False,False,False,low
EQT,2025-08-06,0.988418714393772,0.9914492512119022,0.0030660455675293186,51.459999084472656,51.019977559665584,-0.004449594667187418,-0.0013971917596646843,False,False,False,False,low
DHI,2025-08-07,0.9885110408178228,0.9910840839050444,0.002602948253458859,153.88999938964844,152.51792906723756,-0.0011034543141587028,0.0014966217048204555,False,False,False,False,low
ETN,2025-08-07,0.9885281309573613,0.991406932672046,0.002912210208825039,360.1600036621094,357.06512450180475,0.005584096436091146,0.008512568707564672,False,False,False,False,low
AEP,2025-08-08,0.9693039137813046,0.977295532139692,0.008244698329145983,112.5,109.94574736571535,-0.01081511756465281,-0.0026595866172216542,False,False,False,False,low
HWM,2025-08-08,0.9977449630447156,0.9984048127905446,0.0006613410944369402,180.75,180.46166991189094,-0.0045709980321892996,-0.00391267992659361,False,False,False,False,low
IBM,2025-08-08,0.9750610052282812,0.9816535533388204,0.006761164763219973,242.27000427246097,237.82521056147252,-0.03153981161714958,-0.024991892716874076,False,False,False,False,low
SCHW,2025-08-08,0.9874737721141928,0.9902592405579208,0.0028208024581395374,97.08000183105467,96.13436888658177,0.01135539109847783,0.014208224871741226,False,False,False,False,low
TFC,2025-08-08,0.956673138520444,0.9684252534077932,0.012284357545069735,43.06999969482422,41.71007536873372,0.005134217702154498,0.01748164581319167,False,False,False,False,low
WFC,2025-08-08,0.9785288744318972,0.9842773707557402,0.005874631269496611,77.8499984741211,76.6259918114463,0.010382808444872937,0.0163184348855252,False,False,False,False,low
AAPL,2025-08-11,0.996048482653497,0.9971788903563812,0.0011348922492937508,227.17999267578125,226.53909300760634,-0.00946157998685615,-0.008337425611355531,False,False,False,False,low
EXC,2025-08-11,0.9651751467479917,0.9737697108293312,0.008904667831841184,44.709999084472656,43.5372428796666,-0.0134598546879785,-0.004675042391198425,False,False,False,False,low
F,2025-08-11,0.9530036521015404,0.96580135905202,0.013428812074600671,11.140000343322754,10.759027471421085,-0.015901003211490128,-0.002685722720814243,False,False,False,False,low
GWW,2025-08-11,0.9913775548446336,0.993741324613892,0.0023843285110773937,939.760009765625,933.8783569236563,-0.010914290743261557,-0.00855598548678127,False,False,False,False,low
KKR,2025-08-11,0.9934000147538667,0.9946897648471792,0.0012983189794213423,141.57000732421875,140.81823729474058,-0.007710036159277123,-0.006421727266133326,False,False,False,False,low
V,2025-08-12,0.992163005814774,0.9939089000036174,0.0017596848286129951,336.739990234375,334.68887328107655,0.0025007334121878166,0.004264818743446863,False,False,False,False,low
WELL,2025-08-12,0.9848550863951469,0.9892114365412698,0.004423341267463465,164.7899932861328,163.01214598620163,-0.019282303854680882,-0.014944254797589762,False,False,False,False,low
ED,2025-08-13,0.9678363157354796,0.9758358108664592,0.008265338881090267,103.66000366210938,101.15514372803463,-0.0002893121669450549,0.007973635451043126,False,False,False,False,low
ETR,2025-08-13,0.9750446019260752,0.9815240020016466,0.006645234549037093,90.9800033569336,89.2990569970207,0.0009902515996209615,0.007642066602800313,False,False,False,False,low
KVUE,2025-08-13,0.9555600820482272,0.9647227460815514,0.009588789031124145,21.709999084472656,20.94412993420043,-0.008675823624072154,0.0008297747646495157,False,False,False,False,low
TGT,2025-08-13,0.9580691327343194,0.9684591591134712,0.010844756421176882,105.36000061035156,102.03685759529588,-0.008469805268073283,0.0022830981780364024,False,False,False,False,low
URI,2025-08-13,0.9916719412372816,0.9936115491822788,0.001955896768216725,932.22998046875,926.2744750877201,0.01666390540193241,0.018652395048870396,False,False,False,False,low
FANG,2025-08-14,0.9748429454762754,0.9818571409446758,0.007195205649227487,140.77000427246094,138.21603392572828,0.005643724596617217,0.012879538004944902,False,False,False,False,low
FIX,2025-08-14,0.9977622759982328,0.9984731920625108,0.0007125104660494763,689.8599853515625,688.8067016501716,-0.01743340074062827,-0.016733311755065317,False,False,False,False,low
IR,2025-08-14,0.9989967585406192,0.9992441951140928,0.0002476850613961634,80.19999694824219,80.13938139869896,-0.007057072161871236,-0.006811135031827065,False,False,False,False,low
PCAR,2025-08-14,0.9753163400858678,0.9785244295761082,0.0032892809833966474,99.69000244140624,97.54910277341787,-0.00963641153798478,-0.0063788274198082195,False,False,False,False,low
RMD,2025-08-14,0.9903051535174024,0.9923706054666058,0.0020856722212010403,284.7200012207031,282.5477599998419,-0.012349096620189903,-0.010289180566766531,False,False,False,False,low
TJX,2025-08-14,0.9879230273609708,0.9910639386717744,0.003179307723187641,132.9499969482422,131.7619476219253,-0.008575757665407635,-0.0054237149147978725,False,False,False,False,low
VMC,2025-08-14,0.992781649616712,0.994429787204102,0.001660120921882724,293.1000061035156,291.4673766990401,-0.008591558716915748,-0.006945700821410328,False,False,False,False,low
WAB,2025-08-14,0.995095209615098,0.9963765469406928,0.0012876529936169945,190.97000122070312,190.27803038554407,-0.0176439957997514,-0.016379062150145396,False,False,False,False,low
WEC,2025-08-14,0.967439474123623,0.9753619869250798,0.008189156028219458,108.12999725341795,105.46588896729716,-0.016463572383063618,-0.008409239117870948,False,False,False,False,low
COF,2025-08-15,0.985490277584906,0.988172189193436,0.002721398343068726,215.42999267578125,212.88192748035263,-0.025556400888720243,-0.022904551692684794,False,False,False,False,low
COR,2025-08-15,0.992507063501938,0.9943617206980052,0.0018686589388323682,292.82000732421875,291.16900633771263,-0.006952174947993717,-0.005096507253022242,False,False,False,False,low
CTAS,2025-08-15,0.990599190734849,0.9926170855276062,0.002037044661080678,216.5500030517578,214.95123290023005,-0.021729298632685357,-0.019736517523373687,False,False,False,False,low
DUK,2025-08-15,0.9662359080912494,0.974588788317698,0.008644762791883087,122.4499969482422,119.33839415529319,-0.014566273594651236,-0.006047432782755546,False,False,False,False,low
EMR,2025-08-15,0.9839937714971136,0.9878755456511218,0.003944917403391868,131.75,130.1526031395353,-0.01949836431044394,-0.015630366343757918,False,False,False,False,low
HON,2025-08-15,0.9786345094635664,0.9837290170608046,0.005205730584782575,204.3072509765625,200.98297118156896,-0.00655366165227611,-0.0013820476643990887,False,False,False,False,low
HSY,2025-08-15,0.9709241589541352,0.9783597646138604,0.007658276489622695,177.99000549316406,174.1382598779117,-0.0125928607724759,-0.005031023892444031,False,False,False,False,low
KR,2025-08-15,0.979567043035719,0.9845444826538884,0.005081264884886361,69.69000244140625,68.61290739982253,0.006644504725805245,0.011759532099232306,False,False,False,False,low
LLY,2025-08-15,0.9929756464736584,0.9951566513496578,0.0021964334007029684,701.22998046875,697.8336791892672,0.024545954988455687,0.026796301944547185,False,False,False,False,low
MCO,2025-08-15,0.9917046653208366,0.9934959731804148,0.001806291653371206,516.4600219726562,513.1009521385025,-0.009322460836497237,-0.0075330082663238596,False,False,False,False,low
MSCI,2025-08-15,0.9862261990539416,0.9893741283175744,0.0031918937731045816,557.02001953125,551.1011962791688,-0.015378547024001876,-0.01223573993938265,False,False,False,False,low
OTIS,2025-08-15,0.9801151171139366,0.9848402542586822,0.0048210022090662275,87.43000030517578,86.10458373038597,-0.0012565753849798078,0.0035583688713796136,False,False,False,False,low
RTX,2025-08-15,0.9843127094706052,0.9886476546928804,0.004404032560553439,154.08999633789062,152.3407134910901,-0.006383837254803404,-0.002007919321381224,False,False,False,False,low
SBUX,2025-08-15,0.9742890380308012,0.9807175890906188,0.0065981970533206535,90.5999984741211,88.85301207515379,-0.026434549204923052,-0.020010772516272035,False,False,False,False,low
SHW,2025-08-15,0.9907472227372732,0.992892854546357,0.0021656702737513633,364.3999938964844,361.8101501365554,-0.0032005181067730204,-0.001041779099946183,False,False,False,False,low
WMT,2025-08-15,0.9917084328073614,0.994024734397668,0.0023356679379538114,100.0,99.40247343976681,-0.008428343946273897,-0.0061123618210454644,False,False,False,False,low
XOM,2025-08-15,0.9691085536634112,0.9781264415245084,0.009305343376661002,106.48999786376952,104.16068266844138,-0.008288316375609783,0.0009399013711617332,False,False,False,False,low
APO,2025-08-18,0.984262177431612,0.987876602422182,0.0036722177011836443,139.38999938964844,137.70011900867593,0.0,0.0036722177011836443,False,False,False,False,low
CEG,2025-08-18,0.9947703500636892,0.9959697545019872,0.0012057098788893494,322.7699890136719,321.46914671855586,0.0016757533716083017,0.002883483722892377,False,False,False,False,low
COP,2025-08-18,0.9679180483741324,0.9759030442518573,0.008249661106265904,94.0,91.73488615967459,-0.013951555706583574,-0.005816990206802153,False,False,False,False,low
KLAC,2025-08-18,0.993596170819833,0.995758513052154,0.002176278749682403,883.3900146484375,879.6431274314486,0.009657819031536619,0.011855115887545509,False,False,False,False,low
REGN,2025-08-18,0.9945498350572228,0.99606006246735,0.0015185035046938467,573.9099731445312,571.6488037009769,-0.011198980549532056,-0.009697482736051533,False,False,False,False,low
ROK,2025-08-18,0.9860511450000352,0.98983952141791,0.0038419674649581292,342.82000732421875,339.33679198228907,0.001577680690802108,0.005425709553644298,False,False,False,False,low
SO,2025-08-18,0.968351029581464,0.9760290745852992,0.00792898935332742,92.8499984741211,90.62429808594285,-0.012969078608068174,-0.005142920940946483,False,False,False,False,low
UPS,2025-08-18,0.9356542338157224,0.953324439465325,0.018885401263606827,86.51000213623047,82.47209929466598,-0.022264931577319458,-0.003800012480657089,False,False,False,False,low
CVX,2025-08-19,0.9598007750987996,0.9704853860317012,0.011132113257359855,152.0,147.5137786768186,-0.021375271488936254,-0.010481110174698105,False,False,False,False,low
PRU,2025-08-19,0.9484925719850952,0.960656235548372,0.01282420539975293,106.25,102.06972502701453,-0.0034702939134364508,0.009309407724373164,False,False,False,False,low
PSX,2025-08-19,0.966856229678614,0.9763943393926072,0.009865075510930632,122.16999816894533,119.2860946557634,-0.005454234686741333,0.004357034387150183,False,False,False,False,low
ADM,2025-08-20,0.96946174451902,0.9777783987779408,0.008578630674124232,60.72999954223633,59.38048171019292,0.012841902426964369,0.021530699039162604,False,False,False,False,low
AFL,2025-08-20,0.9791131315032868,0.984454914324139,0.005455736062543348,107.9000015258789,106.22268675773358,0.00944898626623325,0.014956273503903716,False,False,False,False,low
EQIX,2025-08-20,0.9777622479143248,0.9837271552429409,0.006100570298495311,776.2899780273438,763.6575317284439,0.003658826538273985,0.009781717765275921,False,False,False,False,low
MPC,2025-08-20,0.9808047260618792,0.9862646058456418,0.005566734782860516,165.82000732421875,163.54240416494204,0.008760204396105475,0.014375704913482723,False,False,False,False,low
AMAT,2025-08-21,0.9927175687325102,0.9955628844980616,0.0028661885869354364,159.83999633789062,159.13076781231,-0.006958314669851862,-0.0041120699250073445,False,False,False,False,low
MAR,2025-08-21,0.99123069805445,0.9937570855222222,0.0025487381219437832,262.2699890136719,260.6326599021718,-0.004781276406714663,-0.0022447245062203747,False,False,False,False,low
MSFT,2025-08-21,0.9920757607187572,0.993706626938117,0.0016438928194133506,504.239990234375,501.0666198631098,-0.00292654232135503,-0.001287460423849529,False,False,False,False,low
AMGN,2025-08-22,0.9708192693778652,0.9786947365987968,0.008112186757457396,293.72000122070307,287.4622192284943,-0.006897513110506459,0.0011587197324365306,False,False,False,False,low
CMI,2025-08-22,0.9842383139183752,0.989257402517525,0.005099464761911365,402.2999877929687,397.97824095690424,0.02054788263599372,0.025752130601339296,False,False,False,False,low
MCHP,2025-08-22,0.9735910982304646,0.980339246395354,0.006931193369736466,69.13999938964844,67.78065489742318,0.045990937756489325,0.05324090320907149,False,False,False,False,low
TEL,2025-08-22,0.9895859337088634,0.9931061534862357,0.003557265374800611,205.0,203.58676146467832,0.023464787202363224,0.027105523052205927,False,False,False,False,low
ATO,2025-08-25,0.9781502966042288,0.9832356213790926,0.005198919626685283,165.4499969482422,162.67633055657387,-0.016408118753124534,-0.011294503617061746,False,False,False,False,low
MMM,2025-08-25,0.9816376356180312,0.9861731976128834,0.004620403528025507,155.85000610351562,153.6950988670914,-0.018082126355308703,-0.01354526954768942,False,False,False,False,low
JNJ,2025-08-26,0.9756230564617618,0.982784171646451,0.007340042998430274,176.49000549316406,173.45158385247683,-0.010761718118573627,-0.003500666593870827,False,False,False,False,low
SPGI,2025-08-26,0.9916819423092288,0.9934106962294548,0.001743254410986328,552.3200073242188,548.6806030174097,0.0011419545034794254,0.0028871996316908177,False,False,False,False,low
EA,2025-08-27,0.996077792037948,0.997177919714946,0.00110445959722405,172.60000610351562,172.1129150290907,0.0021483503754009536,0.003255182738815199,False,False,False,False,low
NEE,2025-08-28,0.978976882461152,0.9865471192347656,0.007732804430051532,72.08999633789062,71.12017821279079,-0.024360577434379915,-0.016816148585431567,False,False,False,False,low
ALL,2025-08-29,0.9802696123377505,0.985104211594925,0.0049319077081713125,203.4499969482422,200.419448842688,-0.001521385782052187,0.003403018591853435,False,False,False,False,low
CSX,2025-08-29,0.9860714490015589,0.990011969467488,0.003996181483521433,32.5099983215332,32.18528746568582,-0.004592820777088669,-0.0006149930389136582,False,False,False,False,low
EBAY,2025-08-29,0.987323448886256,0.9904184200999928,0.0031347085063442304,90.61000061035156,89.74181364976378,-0.023599163463225215,-0.02053843145533185,False,False,False,False,low
GLW,2025-08-29,0.9891868024761004,0.99322141415015,0.004078715631820273,67.02999877929688,66.57563017805607,-0.02756421757532246,-0.023597928548605318,False,False,False,False,low
GS,2025-08-29,0.9802666365810068,0.9855142137049075,0.005353214042052246,745.25,734.4544677635823,-0.00794703407250641,-0.0026363622048437563,False,False,False,False,low
HLT,2025-08-29,0.9979545600280668,0.9984965620656544,0.0005431129425095271,276.05999755859375,275.6449584861088,-0.0008685857581536283,-0.0003259445558112528,False,False,False,False,low
TMUS,2025-08-29,0.9815048079166394,0.9849641679360824,0.0035245471968556874,251.9900054931641,248.2011260887832,0.005707247559483042,0.009251910219726156,False,False,False,False,low
UNP,2025-08-29,0.9777975188845396,0.9839040494284004,0.006245189240024818,223.57000732421878,219.97143553703597,0.0054868504034815135,0.011766306062607867,False,False,False,False,low
ADI,2025-09-02,0.9867540400091828,0.9906566342026658,0.00395498172315234,248.32000732421875,245.99986266099188,-0.011897617537789618,-0.007989690674548355,False,False,False,False,low
CTVA,2025-09-02,0.9903946140632875,0.9928034742127814,0.0024322225861175273,73.91999816894531,73.38803099593135,-0.003639361956810583,-0.0012159911090434683,False,False,False,False,low
HIG,2025-09-02,0.9828227617815818,0.9867007585499252,0.003945774272986702,131.91000366210938,130.15570067372673,-0.003023157009032773,0.0009106885688043853,False,False,False,False,low
LMT,2025-09-02,0.9737369193422438,0.9808408283838832,0.007295511652611442,452.5,443.8304748437071,-0.006869619755655809,0.0003757745059793649,False,False,False,False,low
MCD,2025-09-02,0.9763110639581496,0.9818538519335273,0.0056772766180750445,315.760009765625,310.03018187494706,0.007080440008296662,0.012797914242876463,False,False,False,False,low
MCK,2025-09-02,0.995946278666836,0.9971371844470952,0.0011957530298254415,691.6199951171875,689.640014638466,0.0072526802436641,0.008457105687865285,False,False,False,False,low
MLM,2025-09-02,0.9946786336598606,0.9960198122976176,0.001348353721867035,616.3800048828125,613.9266967673835,-3.247814804852034e-05,0.001315831781786736,False,False,False,False,low
MTB,2025-09-02,0.9711395816252548,0.9784173019977898,0.00749400035817227,198.97999572753903,194.68547057127049,-0.013289734632063177,-0.005895327549983453,False,False,False,False,low
NKE,2025-09-02,0.9732917950656436,0.9783499371561016,0.005196943112129038,74.29000091552734,72.68161772703291,-0.03980873363986992,-0.03481867425183316,False,False,False,False,low
NOC,2025-09-02,0.9845635997377412,0.9884334382420954,0.003930511452368224,589.3200073242188,582.5036010643344,-0.0012202066468988138,0.00270550876926956,False,False,False,False,low
O,2025-09-02,0.956145716862431,0.9605430557337556,0.004599025853250005,57.7400016784668,55.46175765030668,-0.017358690813519262,-0.012839498028099139,False,False,False,False,low
PH,2025-09-02,0.9913841039191243,0.993739731389086,0.002376099698037759,749.9299926757812,745.2352294822501,-0.01240532457104182,-0.010058701160971295,False,False,False,False,low
TDG,2025-09-02,0.9356628161849408,0.9999999999923366,0.0687610779166401,1304.8800048828125,1304.8800048728126,-0.06719661419985379,-0.003056047907944115,False,False,False,False,low
TPL,2025-09-02,0.9937781057146664,0.995484349135242,0.0017169259523468483,314.1066589355469,312.6882629294983,0.009469903711137873,0.011203088786932547,False,False,False,False,low
YUM,2025-09-02,0.9811332762195876,0.9858960068381156,0.0048543156510594265,145.44000244140625,143.3887176415082,-0.010410279421575908,-0.005606498552844452,False,False,False,False,low
HAL,2025-09-03,0.9773249116517648,0.9847026042276636,0.007548863727856681,21.59000015258789,21.259729375528952,-0.04847952206165129,-0.04129662363942954,False,False,False,False,low
ODFL,2025-09-03,0.9935077361095536,0.9953671427150256,0.0018715572490186627,148.11000061035156,147.42382811504632,-0.011941249893371753,-0.01009204137715336,False,False,False,False,low
SLB,2025-09-03,0.9734111358816636,0.9812007356292552,0.008002373776560656,35.0,34.34202574702393,-0.025069679321047644,-0.017267922488872545,False,False,False,False,low
CI,2025-09-04,0.9783261015247132,0.9832673773359882,0.005050745148855951,304.0299987792969,298.94277953118296,0.011814389187872809,0.016924805805605958,False,False,False,False,low
HD,2025-09-04,0.9741011139040358,0.9796274466862676,0.005673264000369604,411.69000244140625,403.30282591793804,0.009761867674922264,0.015490513327748312,False,False,False,False,low
LIN,2025-09-04,0.9867177574021798,0.9898650298421994,0.003189637985542726,472.3900146484375,467.6023559471326,0.0012930091795306797,0.0044867713962681854,False,False,False,False,low
NEM,2025-09-04,0.9894793862396826,0.9927702109116808,0.0033258142794712064,74.87999725341797,74.33863066634184,-0.007159916847487957,-0.0038579151217079666,False,False,False,False,low
QCOM,2025-09-04,0.979358044204907,0.984931432841842,0.005690859098890444,159.7100067138672,157.30340575186943,0.015450203162706178,0.021228987190844872,False,False,False,False,low
WDC,2025-09-04,0.9975572629256566,0.9987186258060512,0.0011642067313393234,90.48999786376952,90.3740463156964,0.05220927748569215,0.053434266609318826,False,False,False,False,low
AJG,2025-09-05,0.992158562072846,0.9943113347614772,0.002169786938222451,299.17999267578125,297.478057851385,-0.00346415475548989,-0.0013018842950078824,False,False,False,False,low
BAC,2025-09-05,0.9837659079112404,0.9892378321855726,0.005562221896823427,49.77000045776367,49.234367360713094,-0.016791752114907577,-0.011322929669383641,False,False,False,False,low
BKNG,2025-09-05,0.9941072172143792,0.9958186460081254,0.001721573653334696,220.23199462890625,219.31112669902618,-0.014332653349584112,-0.012635754414638267,False,False,False,False,low
BLK,2025-09-05,0.9849964141564512,0.9896466518949834,0.004721070728480381,1099.1500244140625,1087.770141591666,-0.008667326803745268,-0.003987175138132404,False,False,False,False,low
D,2025-09-05,0.9577031251635596,0.9687101070246208,0.01149310425313832,58.189998626708984,56.3692397974418,-0.010205856089039234,0.001169951196075214,False,False,False,False,low
GM,2025-09-05,0.993081916957598,0.995650249899,0.0025862246583547854,58.27000045776367,58.01654051738724,0.0020636101244357885,0.0046551717421796646,False,False,False,False,low
KMB,2025-09-05,0.9664187914956964,0.9759387138423624,0.009850721478555258,129.88999938964844,126.76467894531874,0.005574059231319373,0.015479689214867198,False,False,False,False,low
LHX,2025-09-05,0.9880340995213864,0.9923964302171412,0.004415162085871227,272.3900146484375,270.3188781639042,-0.002197793352871291,0.0022076651191158536,False,False,False,False,low
PEP,2025-09-05,0.9720358718522416,0.9815445679697528,0.009782248158591189,146.38999938964844,143.68830870600485,-0.003403907700167297,0.006345042588591809,False,False,False,False,low
TER,2025-09-05,0.9974466225913554,0.9984501283662364,0.0010060746631974649,120.1999969482422,120.01370238259365,0.006784467398732508,0.007797367742683026,False,False,False,False,low
TT,2025-09-05,0.9953239372583884,0.99759372540293,0.002280451679675055,413.8299865722656,412.83419798807097,0.0016458736193316614,0.003930078634266421,False,False,False,False,low
BDX,2025-09-08,0.9829326534409528,0.9882749627101532,0.005435071518377743,150.6132049560547,148.8472595116016,-0.0042102151665806,0.0012019735312591706,False,False,False,False,low
FDX,2025-09-08,0.9845737505503642,0.9908832083799995,0.006408314081203681,181.3054046630859,179.6524810691927,-0.011944447839958516,-0.005612677532039978,False,False,False,False,low
GOOG,2025-09-08,0.9977526749497756,0.9986444596211972,0.000893793315529301,234.16000366210935,233.84259032204474,-0.00429474216396597,-0.0034047874602747275,False,False,False,False,low
GOOGL,2025-09-08,0.9977509843117646,0.998643308149476,0.0008943352116328462,234.0399932861328,233.72247313454483,-0.0040851349526263014,-0.0031944532210257393,False,False,False,False,low
AEE,2025-09-09,0.9791502124515636,0.9861525714911538,0.00715146557754176,99.1999969482422,97.82633208242365,-0.007900799403992798,-0.0008058361214238197,False,False,False,False,low
CME,2025-09-09,0.9675429071014048,0.9721708111180276,0.004783151199451385,261.5299987792969,254.25183104496583,-0.003998735039464907,0.0007652896056862257,False,False,False,False,low
PEG,2025-09-09,0.9764175696911432,0.9841493814992144,0.007918550472741703,79.98999786376953,78.72210692375226,-0.0024941335770984896,0.005404666973027439,False,False,False,False,low
ROST,2025-09-09,0.9929510779859546,0.9956112550311074,0.002679061541026373,149.0399932861328,148.3858947654345,-0.01669204932262136,-0.014057706808976222,False,False,False,False,low
SPG,2025-09-09,0.9650765567719748,0.976578239240018,0.011917896448043974,179.38999938964844,175.18836974121078,-0.017310345709572128,-0.005598752169174714,False,False,False,False,low
ELV,2025-09-10,0.9834110243604792,0.9887770922151172,0.005456587044188943,306.75,303.3073730369872,-0.026468616696250558,-0.021156457963004027,False,False,False,False,low
OXY,2025-09-10,0.9842644156025524,0.9895255218071614,0.00534521630692919,46.310001373291016,45.824928273796154,0.02591940627963063,0.03140316741967175,False,False,False,False,low
TRV,2025-09-10,0.9884548610556084,0.9924458540361184,0.004037607722671144,272.3299865722656,270.2727661033568,-0.004459884025388661,-0.0004402835649007786,False,False,False,False,low
NVDA,2025-09-11,0.9986698789326154,0.998726295401226,5.6491609290221234e-05,177.1699981689453,176.94433592751275,-0.00090229324117308,-0.0008458526038800374,False,False,False,False,low
ADP,2025-09-12,0.9803433332181796,0.985435264852764,0.005194028930527006,293.5,289.22525023428625,-0.015199808065803233,-0.010084727378108393,False,False,False,False,low
GRMN,2025-09-12,0.988227171309196,0.991928762025633,0.0037456880602999565,238.0800018310547,236.1584014793385,-0.01285343286702012,-0.009155889756744084,False,False,False,False,low
NDAQ,2025-09-12,0.9910636296695126,0.9938622959368196,0.0028239016986633114,93.9499969482422,93.37335967023719,-0.020129332086593843,-0.0173622736430028,False,False,False,False,low
WM,2025-09-12,0.9884907209506,0.9922030918036712,0.0037555950444341235,218.16000366210935,216.4590301414451,-0.0106122282897535,-0.006896488477294849,False,False,False,False,low
WMB,2025-09-12,0.9764115663726696,0.9847101409011132,0.008499053897192743,58.810001373291016,57.91080473868806,-0.008764544778616434,-0.0003399812198815466,False,False,False,False,low
AME,2025-09-15,0.995234289411652,0.9968613066007784,0.0016348082119319596,189.55999755859375,188.96502684550015,-0.001948060503635607,-0.0003164369970123371,False,False,False,False,low
CCI,2025-09-15,0.9652355865495866,0.9761131540008896,0.011269339426436709,93.56999969482422,91.33490752197714,-0.019079565011735578,-0.008025239679525065,False,False,False,False,low
DLR,2025-09-15,0.978421169961168,0.9853497661147856,0.00708140457947426,175.0399932861328,172.4756164452246,0.008876041995001804,0.01602030141890709,False,False,False,False,low
DTE,2025-09-15,0.9754730904223458,0.9833055759447203,0.008029422440534395,136.4499969482422,134.17204283684663,-0.00285003946277107,0.005156498806944576,False,False,False,False,low
DVN,2025-09-15,0.981617920653941,0.9884408006784968,0.00695064737613027,33.77000045776367,33.37964629138513,-0.02876042527565492,-0.022009681474003173,False,False,False,False,low
GILD,2025-09-15,0.9810158955626272,0.9878285599477422,0.00694449948867315,112.54000091552734,111.17022704090297,-0.017546940922579135,-0.010724296156170543,False,False,False,False,low
IRM,2025-09-15,0.973661427436388,0.9816310592876534,0.00818521883140555,99.81999969482422,97.98641203852354,0.03237146731188423,0.04082165368713131,False,False,False,False,low
KO,2025-09-15,0.9787376601540508,0.9862438129950578,0.007669218368306696,66.20999908447266,65.2992019554696,-0.011938561800541647,-0.004360902869686822,False,False,False,False,low
MO,2025-09-15,0.9504831700315768,0.9658439091863426,0.016160979635500006,64.88999938964844,62.67361067759743,-0.02640663309733149,-0.010672410521559539,False,False,False,False,low
MRK,2025-09-15,0.9746082390758568,0.9842354402538382,0.009878021539311055,81.0199966430664,79.74275206535296,-0.021615758583506728,-0.01195125797307195,False,False,False,False,low
MSI,2025-09-15,0.9918064187756696,0.9940557047606782,0.0022678679452239336,482.4299926757813,479.5622863670126,0.0014946777801478905,0.003765935457197944,False,False,False,False,low
PSA,2025-09-15,0.9690746446331318,0.9791231052103696,0.010369129594802295,286.55999755859375,280.5775146386462,-0.01970446641114254,-0.009539654982154033,False,False,False,False,low
TMO,2025-09-15,0.9973664219226268,0.998261669916868,0.0008976119253296666,474.4599914550781,473.6352233786892,-0.010428398800963246,-0.00954014753075938,False,False,False,False,low
UNH,2025-09-15,0.9794791779654144,0.9856586073336414,0.006308893039526309,347.8900146484375,342.90078734365903,-0.013105996962353594,-0.006879788255839014,False,False,False,False,low
VRT,2025-09-15,0.9991074897463996,0.999389140671124,0.00028190252561910434,138.25999450683594,138.1755370993811,0.02536338076111533,0.02565243328782918,False,False,False,False,low
XEL,2025-09-15,0.977404821997838,0.9850596511793824,0.007831789867680294,73.05000305175781,71.95861052481737,-0.004089917227048434,0.0037098412683334026,False,False,False,False,low
AIG,2025-09-16,0.9831749214984846,0.9889522682812416,0.005876214553918402,76.33999633789062,75.4966125389386,-0.008957580843058532,-0.003134002956058146,False,False,False,False,low
APH,2025-09-16,0.9947282699142262,0.996106663004146,0.0013856981163695714,119.04000091552734,118.57653807597643,-0.0016772639368097808,-0.00029389000191792913,False,False,False,False,low
ECL,2025-09-16,0.9921498513055867,0.9945388257971784,0.0024078766815798236,264.05999755859375,262.6179199119296,-0.024204531050320832,-0.0218549358946456,False,False,False,False,low
HCA,2025-09-16,0.9952512569699192,0.9970318362789986,0.0017890751673104166,399.75,398.5634765525297,-0.00848280703879134,-0.0067089082509029785,False,False,False,False,low
ICE,2025-09-16,0.991045837884599,0.9938155608805846,0.0027947476192400345,171.39999389648438,170.3399810691634,-0.004819147951253044,-0.002037868634276685,False,False,False,False,low
PLD,2025-09-16,0.9756503662584324,0.9843508088850896,0.008917582494252452,114.02999877929688,112.24552153556667,-0.002100270156821571,0.006798583005047432,False,False,False,False,low
CRM,2025-09-17,0.9941665784215729,0.9958977476165318,0.0017413270899808708,242.2100067138672,241.21640013652538,0.012118211461530803,0.013880640321411564,False,False,False,False,low
HBAN,2025-09-17,0.9725578162884064,0.9812841691436728,0.008972580045234713,17.540000915527344,17.211725225172508,0.006310993024991385,0.015340198960307694,False,False,False,False,low
NXPI,2025-09-17,0.9858691698763176,0.99041362392431,0.004609591401019797,221.88999938964844,219.76287840806464,0.004072554749595669,0.008700918963969295,False,False,False,False,low
HPE,2025-09-18,0.9824614157053752,0.9876532421127356,0.005284509217731381,25.239999771118164,24.92836760486956,0.020622735071661014,0.02601622532297343,False,False,False,False,low
VST,2025-09-19,0.996174920155436,0.9972472358139008,0.0010764331010235662,211.27999877929688,210.69839476541816,0.005329249608256648,0.00641141928996225,False,False,False,False,low
AVGO,2025-09-22,0.9942973516286204,0.9960009803812152,0.001713399668423543,338.7900085449219,337.43518065410245,-0.017829169864197025,-0.01614631868950711,False,False,False,False,low
META,2025-09-22,0.9976569394094889,0.9983303793843242,0.0006750215913238211,765.1599731445312,763.8824462790792,-0.016984033062709014,-0.016320476060410205,False,False,False,False,low
LRCX,2025-09-24,0.9951964824340352,0.9971616893288964,0.001974692364320463,128.32000732421875,127.95579527811432,-0.02736288601511605,-0.025442226932875345,False,False,False,False,low
RCL,2025-09-25,0.9831898096389028,0.9862054490118946,0.003067199581837876,324.5299987792969,320.0532531639661,-0.007644558631721088,-0.004600806436921623,False,False,False,False,low
DHR,2025-09-26,0.9947361131316556,0.9964933016479508,0.0017664871045681707,184.83999633789065,184.19181822733978,0.0186266367186525,0.020426027536785574,False,False,False,False,low
KDP,2025-09-26,0.9743241982240944,0.9831053038089002,0.009012508978850198,25.5,25.069185247126953,-0.009708737864077666,-0.0007837289724008656,False,False,False,False,low
MDT,2025-09-26,0.9772476574781496,0.9846612894396763,0.007586236615453323,94.22000122070312,92.77478789298542,-0.0008483756995295577,0.006731424937128416,False,False,False,False,low
GE,2025-09-29,0.996187527155871,0.9974047119141056,0.0012218430014976356,293.6300048828125,292.86795042947904,-0.004576601983983908,-0.0033603508715910335,False,False,False,False,low
A,2025-09-30,0.9939474702282354,0.9959433140289904,0.002007997263976824,128.35000610351562,127.8293304343765,0.037171766493055536,0.039254404562447665,False,False,False,False,low
AMT,2025-09-30,0.9719976322691496,0.9805659112189048,0.008815123273245407,192.32000732421875,188.582443227499,-0.011462326870001593,-0.0027482454211136265,False,False,False,False,low
DE,2025-09-30,0.9901884695800752,0.9936465428144674,0.0034923384190270745,457.260009765625,454.35482787092286,-0.01768025229630865,-0.014249659301634021,False,False,False,False,low
FITB,2025-09-30,0.9740488000127876,0.9827069620944008,0.008888838096714924,44.54999923706055,43.77959441155964,-0.018722516745596218,-0.010000100068995765,False,False,False,False,low
ITW,2025-09-30,0.9812555896365938,0.9873372418922288,0.006197826865768308,260.760009765625,257.45806883778283,-0.00237200667842008,0.0038111189006309054,False,False,False,False,low
MDLZ,2025-09-30,0.9745296022418536,0.982372215119902,0.008047588149202367,62.470001220703125,61.36879347772511,-0.002554683772687416,0.005472345333660922,False,False,False,False,low
MPWR,2025-09-30,0.9945664606623476,0.9963195530769148,0.0017626699510857602,920.6400146484376,917.2516479392557,0.038405561490169715,0.04023592777044871,False,False,False,False,low
NUE,2025-09-30,0.9892002131107978,0.9932143846288888,0.004057997021116089,135.42999267578125,134.511016835771,-0.00477666921316211,-0.0007380559014839028,False,False,False,False,low
PCG,2025-09-30,0.992388842618352,0.9940389656641035,0.001662778716251756,15.079999923706056,14.990107526375528,0.0013279882823447053,0.0029929751492476786,False,False,False,False,low
STX,2025-09-30,0.992518039109723,0.995646468174474,0.003152012297486406,236.05999755859375,235.03230284648882,0.030199869893418274,0.03344707255219115,False,False,False,False,low
SYK,2025-09-30,0.992563836231031,0.9948231483564384,0.0022762386084773656,369.6700134277344,367.7562866111456,-0.0005677285938845422,0.0017072177288481871,False,False,False,False,low
USB,2025-09-30,0.969897764517202,0.9803030444511426,0.010728223442313167,48.33000183105469,47.3780479333122,-0.013472133594602531,-0.002888442211737008,False,False,False,False,low
VTR,2025-09-30,0.9807300447460192,0.987580404730242,0.0069849598479434505,69.98999786376953,69.12075041737029,0.011416198704722769,0.018480900242235032,False,False,False,False,low
APD,2025-10-01,0.9800927410842046,0.9865679503519484,0.006606731175848424,268.70001220703125,265.09082030263437,-0.014740352726893113,-0.008231007098948306,False,False,False,False,low
CAH,2025-10-01,0.9918614933790578,0.9951011100711924,0.003266198671649123,157.92999267578125,157.1563110252052,0.006179828748875682,0.009466211968975458,False,False,False,False,low
CMCSA,2025-10-01,0.9667899579674886,0.9770518447150226,0.010614391122874212,28.99718856811523,28.33175658202635,-0.015276900295063123,-0.00482466416706584,False,False,False,False,low
O,2025-10-01,0.960543078686052,0.96482837694855,0.004461328552135102,60.459999084472656,58.33352278698257,-0.005428554467588387,-0.0009914444804962619,False,False,False,False,low
PWR,2025-10-01,0.9993017526268076,0.999543016195426,0.00024143214798133528,420.6499938964844,420.45776366187954,0.015033010633875632,0.015278072233905204,False,False,False,False,low
SRE,2025-10-01,0.9788182136751884,0.9858852784491988,0.0072199972122255485,89.26000213623047,88.00012206045366,-0.008001791440782835,-0.000839567140452524,False,False,False,False,low
STT,2025-10-01,0.9797489921166757,0.986894909610141,0.00729362066300987,113.37999725341795,111.89414214100995,-0.022670501115275465,-0.015542230487640696,False,False,False,False,low
MRSH,2025-10-02,0.9854298988552148,0.9898556619189578,0.004491200306469656,199.57000732421875,197.5455016990858,-0.008544816033001279,-0.004091992206917694,False,False,False,False,low
PGR,2025-10-02,0.93940986758016,0.9397912622336072,0.00040599387616579996,243.5,228.83917235388336,-0.012010089398819424,-0.011608971545401858,False,False,False,False,low
RSG,2025-10-02,0.991492833749699,0.9942267933925903,0.0027574174515734295,222.57000732421875,221.28506468732334,-0.020766360602475498,-0.018066204676033037,False,False,False,False,low
BMY,2025-10-03,0.9649710183498692,0.978233732031632,0.013744157523448264,45.45000076293945,44.460723867170785,-0.006122868622342015,0.007537135230265335,False,False,False,False,low
CSCO,2025-10-03,0.9833786188763878,0.989316600639971,0.00603834743770193,67.91999816894531,67.19438170397403,-0.005709257847856142,0.00029461510734907215,False,False,False,False,low
MU,2025-10-03,0.998551100073208,0.9991764169089103,0.0006262241718590911,187.8300018310547,187.6753082175473,0.022204091597576525,0.022844220508308144,False,False,False,False,low
PM,2025-10-03,0.9730501826167408,0.9821935998860604,0.009396655416816113,153.27000427246094,150.54081725092027,-0.029383821683501177,-0.020263275913874,False,False,False,False,low
ROP,2025-10-03,0.993767812352518,0.995418121005617,0.0016606581865359349,499.9500122070313,497.65930174785836,0.00474289251494131,0.006411427024759941,False,False,False,False,low
SYY,2025-10-03,0.9788552974650376,0.9852445746748332,0.006527294919220328,82.1500015258789,80.93784331290146,-0.013450164072761006,-0.007010662341155327,False,False,False,False,low
JPM,2025-10-06,0.9856487748601443,0.9904406284812428,0.004861623879944821,309.17999267578125,306.22442625962685,-0.0027416898586021254,0.0021066049564548717,False,False,False,False,low
INTU,2025-10-09,0.9932711939979246,0.9950864861748596,0.0018275896732979913,644.9199829101562,641.7511596580179,-0.019580427366724495,-0.017788622680280697,False,False,False,False,low
MA,2025-10-09,0.995472975323761,0.9967872078868696,0.0013202091826562956,564.5499877929688,562.7362060447197,-0.02062663000152576,-0.019333652285204672,False,False,False,False,low
ORCL,2025-10-09,0.9921705067669748,0.9938922707339974,0.0017353508850339594,296.9599914550781,295.1462402244361,0.028860431803158226,0.030645865664064242,False,False,False,False,low
AXP,2025-10-10,0.9921251969123952,0.9946391117185024,0.0025338685217659584,316.260009765625,314.56457518536615,-0.025212651381540274,-0.022742668403460176,False,False,False,False,low
GD,2025-10-10,0.9869888291857444,0.9913269545608684,0.004395313550511926,332.94000244140625,330.05239867172736,-0.028678084101095402,-0.02440881972223574,False,False,False,False,low
T,2025-10-10,0.9677553579816492,0.978174166425014,0.01076595273530101,25.8700008392334,25.30536650633154,-0.008812242868763365,0.0018588376763206682,False,False,False,False,low
VZ,2025-10-10,0.9520159125566736,0.9683808966713292,0.017189822038485403,39.849998474121094,38.58997725472049,-0.024002040484558895,-0.007224809250563458,False,False,False,False,low
PNC,2025-10-14,0.9758608762310284,0.9848176130610178,0.009178292775279706,189.72999572753903,186.8494415184721,0.015033156356303534,0.024349427841958038,False,False,False,False,low
ABBV,2025-10-15,0.9768142728017992,0.9838562524783372,0.007209128564777734,226.22000122070312,222.56796263664583,-0.012700229564424292,-0.00558265858737883,False,False,False,False,low
ABT,2025-10-15,0.9843796351967798,0.9887569419655616,0.004446766889795173,129.4499969482422,127.99458311999523,-0.028663669256054236,-0.024344363021646775,False,False,False,False,low
EME,2025-10-15,0.998535460474038,0.998906008639548,0.0003710916438903755,690.6400146484375,689.8844604392297,0.0244756276759579,0.024855802020757656,False,False,False,False,low
FCX,2025-10-15,0.991765634659459,0.9953227655934622,0.003586664842671894,41.709999084472656,41.5149116416581,-0.006194951838653151,-0.002630506211943051,False,False,False,False,low
DAL,2025-10-16,0.991620711357598,0.9946514659863904,0.0030563647915775594,60.4000015258789,60.07695006329567,-0.021069679432506594,-0.018077711267316388,False,False,False,False,low
CL,2025-10-17,0.9811964937142436,0.987775033415272,0.0067046098749556915,79.12000274658203,78.15276335682148,0.013319683544291472,0.02011359670106949,False,False,False,False,low
EOG,2025-10-17,0.9735774681766332,0.9829255128265808,0.009601747118752835,106.22000122070312,104.40634917229966,-0.00960371822188233,-9.418357689572332e-05,False,False,False,False,low
CAT,2025-10-20,0.9929172911403168,0.9957698929117672,0.0028729500401531993,531.1799926757812,528.933044423636,0.007778658748200273,0.010673956486316527,False,False,False,False,low
GEV,2025-10-20,0.9982442219885708,0.9986603642625976,0.00041687421260294677,594.0700073242188,593.2741699118883,-0.00988332112630208,-0.009470567015411824,False,False,False,False,low
DELL,2025-10-21,0.9890491070870268,0.9925730956941996,0.003563006712125505,149.42999267578125,148.32019041976176,0.010549791101010397,0.014150386789640201,False,False,False,False,low
LOW,2025-10-22,0.9859257316453832,0.9907731725105132,0.0049166389612738115,243.52999877929688,241.28298949204537,-0.0070942449661769436,-0.0022124858461047836,False,False,False,False,low
CVS,2025-10-23,0.9752370753326396,0.9832096853231216,0.00817504809049896,81.06999969482422,79.70880888909369,-0.011462046298264528,-0.0033807009874692318,False,False,False,False,low
GEHC,2025-10-24,0.9986643127418716,0.999116966282688,0.0004532589530246156,78.13999938964844,78.07099913551664,0.01139007544765902,0.011848497054355978,False,False,False,False,low
PG,2025-10-24,0.97868511361974,0.985528916735498,0.006992855026113354,152.49000549316406,150.28330992666812,0.0018395556595909301,0.00884527443174421,False,False,False,False,low
BK,2025-10-27,0.9867867135004114,0.9916536211468984,0.004932076587475187,107.58000183105467,106.68209837875533,-0.003796611175342912,0.0011167402350427125,False,False,False,False,low
FAST,2025-10-28,0.9841108982347666,0.9892267561564384,0.005198456729671674,41.630001068115234,41.1815109154007,-0.021391627358427145,-0.016304374077955375,False,False,False,False,low
CARR,2025-10-29,0.9883942026090596,0.992194721074298,0.0038451444324603123,60.75,60.2758293052636,0.03421856084607566,0.03819528058726007,False,False,False,False,low
COST,2025-10-31,0.99577991285731,0.9971887466452508,0.0014148043857384884,911.4500122070312,908.8876953025281,-0.009487253079002667,-0.008085871300529068,False,False,False,False,low
MS,2025-10-31,0.9832158854059584,0.9892015223946656,0.006087815583081024,164.0,162.22904967272515,-0.007624316523765939,-0.0015829163736286178,False,False,False,False,low
O,2025-10-31,0.9648283723805088,0.969347874106233,0.0046842545836141,57.97999954223633,56.202789296947145,0.0012087669661313694,0.005898683721946796,False,False,False,False,low
TRGP,2025-10-31,0.9835311426372904,0.9900653430975274,0.006643613178039187,154.0399932861328,152.5096588035759,0.016631394816624123,0.023385500548436022,False,False,False,False,low
TXN,2025-10-31,0.9797475715897244,0.9884924957165276,0.008925691045718942,161.4600067138672,159.60200499499788,0.005918710607087929,0.014897230235074943,False,False,False,False,low
ZTS,2025-10-31,0.9879956431820224,0.9914357409318538,0.003481895667831081,144.08999633789062,142.8559722801247,-6.946401943808134e-05,0.0034121897819245905,False,False,False,False,low
BX,2025-11-03,0.9708195427965396,0.979435712113084,0.008875150258846887,144.4199981689453,141.45010374997125,-0.015139124590448083,-0.006398336337128607,False,False,False,False,low
C,2025-11-03,0.9842623298759188,0.990130892710652,0.005962397073017156,101.61000061035156,100.6072006126573,0.0037538006600486007,0.009738579383133938,False,False,False,False,low
KMI,2025-11-03,0.970339090378437,0.9813175635913964,0.011314058478956834,26.079999923706055,25.59276198359503,-0.004200099584133921,0.00706643872251056,False,False,False,False,low
NRG,2025-11-03,0.9912998443800928,0.9938443622147556,0.0025668498276159024,174.47999572753906,173.40596007306934,0.015244938367757088,0.017850919662794285,False,False,False,False,low
OKE,2025-11-03,0.9598208753377367,0.9748065977362436,0.0156130407074484,65.36000061035156,63.71335982301561,-0.024477602830573653,-0.009246731932539887,False,False,False,False,low
BKR,2025-11-04,0.9882263569083372,0.9929215250653995,0.0047511059831992775,45.970001220703125,45.64460371931882,-0.054893055149041414,-0.050402751888596886,False,False,False,False,low
LVS,2025-11-04,0.9850493279611844,0.9890549060822044,0.004066373132105561,61.279998779296875,60.60928343737507,-0.007289822878283947,-0.003253092886068454,False,False,False,False,low
MET,2025-11-04,0.9782687947856362,0.9853344906446304,0.0072226528093870535,79.45999908447266,78.29467772452166,0.003156167187092107,0.010401615896279859,False,False,False,False,low
EQT,2025-11-05,0.9914492036947974,0.9943870330406512,0.002963166781420057,55.9900016784668,55.67573164899168,0.002506771856235046,0.005477366620748159,False,False,False,False,low
ETN,2025-11-05,0.9914069732710336,0.99414414675755,0.0027608979564521796,385.44000244140625,383.1829223533398,0.020438423159361063,0.023255749516547075,False,False,False,False,low
F,2025-11-07,0.965801252516958,0.9769708942899106,0.011565155609234878,13.210000038146974,12.905785550838202,0.006859767787571025,0.01850425767871222,False,False,False,False,low
HWM,2025-11-07,0.9984047696655456,0.9989874974320332,0.0005836588367689188,206.66000366210935,206.45075987770542,0.004569329359461527,0.0051556551256892735,False,False,False,False,low
NSC,2025-11-07,0.9865684795806166,0.9913125016829132,0.004808609032708189,284.25,281.7805786033681,0.0076213890463208145,0.012466646359239109,False,False,False,False,low
PAYX,2025-11-07,0.9677864672130796,0.9771403684391956,0.009665253176201372,111.95999908447266,109.40063475585362,-0.007622767352223447,0.0019688098476156046,False,False,False,False,low
PFE,2025-11-07,0.9508113596168024,0.9675537590403664,0.0176085395428085,24.43000030517578,23.637338628630125,-0.0169014112614313,0.00040951911285103115,False,False,False,False,low
PH,2025-11-07,0.9937397533772336,0.995888709052103,0.002162493416979716,844.010009765625,840.5400390525411,0.011820398085450545,0.014008453035476265,False,False,False,False,low
WFC,2025-11-07,0.9842773643749566,0.9894522999869302,0.005257598924120144,86.04000091552734,85.1324767967461,0.0,0.005257598924120144,False,False,False,False,low
AAPL,2025-11-10,0.997178883076566,0.998145589531136,0.0009694413620024989,269.42999267578125,268.93035887673733,0.003575786682732396,0.004548694560246869,False,False,False,False,low
AEP,2025-11-10,0.9772955928713722,0.98500179023777,0.00788522676517589,122.55999755859376,120.72181700675158,0.009305750231228593,0.017264354947197802,False,False,False,False,low
AMP,2025-11-10,0.9899805808436142,0.9934252656633632,0.0034795478683165015,459.2999877929687,456.2802123924094,-0.004616095435107992,-0.0011526094918229424,False,False,False,False,low
EXC,2025-11-10,0.973769642261078,0.9822723980403424,0.008731793855804693,45.459999084472656,44.654102315616726,-0.01623025351350882,-0.007640178885611526,False,False,False,False,low
GWW,2025-11-10,0.99374131442732,0.9960984043670116,0.002371935135905945,949.9600219726562,946.2536620994141,-0.0053191030444403875,-0.002959784475937144,False,False,False,False,low
IBM,2025-11-10,0.9816535948824272,0.9870660872617874,0.005513647999229709,309.1300048828125,305.13174437489494,0.00897578156594081,0.014538918865242945,False,False,False,False,low
VMC,2025-11-10,0.9944297185004668,0.9961287152836844,0.0017085136853909333,292.8399963378906,291.7063293357418,0.019283010025444414,0.021024468997359547,False,False,False,False,low
WELL,2025-11-10,0.9892114546026533,0.9930742059335316,0.0039048792984608394,191.05999755859375,189.73675536116298,0.004257543014947407,0.008179047504989656,False,False,False,False,low
KVUE,2025-11-12,0.9647228321096308,0.9768753138490512,0.012596863404637837,16.670000076293945,16.284511556393355,-0.002990385114466587,0.009568808817356889,False,False,False,False,low
PCAR,2025-11-12,0.9785243666008594,0.9818298458867822,0.0033780245017354105,98.47000122070312,96.6807861229942,0.004590946674640106,0.007984479506728537,False,False,False,False,low
TGT,2025-11-12,0.968459143812553,0.9806666948938444,0.012605127598086963,91.91000366210938,90.13307951900194,0.0036034267793909613,0.01625397603182277,False,False,False,False,low
URI,2025-11-12,0.9936114428825564,0.9956961036194883,0.0020980643408092803,860.7100219726562,857.0056152244181,0.006666602895788021,0.008778654198407398,False,False,False,False,low
V,2025-11-12,0.993908910604292,0.9958775874537952,0.001980741724416424,338.8800048828125,337.48300169902564,-0.00011804715961516443,0.0018624607438666452,False,False,False,False,low
WAB,2025-11-12,0.9963765329122122,0.99757591579639,0.001203744613165858,209.6499938964844,209.141784657993,0.008223484827360128,0.009437128416088347,False,False,False,False,low
DHI,2025-11-13,0.9910842192950678,0.9941477113995156,0.0030910512394464185,143.39999389648438,142.56077574689445,-0.018010031533228776,-0.014974650224075625,False,False,False,False,low
ETR,2025-11-13,0.98152396788522,0.9880743235481414,0.0066736583896516155,94.41999816894533,93.2939758201974,-0.02195983764737086,-0.01543273171246995,False,False,False,False,low
FANG,2025-11-13,0.9818571042996266,0.98862058769186,0.006888460003615204,144.3800048828125,142.7370452781997,-0.012245969135635582,-0.00544186500061683,False,False,False,False,low
FIX,2025-11-13,0.9984732743893622,0.9990892873644002,0.0006169548958780968,897.52001953125,896.7026367087591,-0.07774509722143219,-0.07717610754391535,False,False,False,False,low
IR,2025-11-13,0.9992441292088464,0.9995014859988524,0.00025755146563599673,76.19999694824219,76.16201018287609,-0.019431246352082154,-0.01917869943242312,False,False,False,False,low
RMD,2025-11-13,0.9923705451031084,0.99473093329838,0.0023785351217033845,252.11000061035156,250.78161620099016,-0.002966068172861047,-0.0005945879484803296,False,False,False,False,low
TJX,2025-11-13,0.9910639497916808,0.993925354850098,0.00288720526966868,146.39999389648438,145.51066588361542,-0.008331714053010364,-0.005468564152060984,False,False,False,False,low
COR,2025-11-14,0.9943617011943122,0.9959969814354604,0.0016445527207897825,361.94000244140625,360.4911498923838,-0.009604623473474128,-0.00797586606234979,False,False,False,False,low
CTAS,2025-11-14,0.992617136790683,0.9949998700116514,0.0024004554552343738,186.72000122070312,185.786376943175,-0.006332831771670988,-0.0039475779970100655,False,False,False,False,low
DUK,2025-11-14,0.9745887879517534,0.9830600207047184,0.00869210979819357,122.70999908447266,120.63129424065767,-0.007120295165412016,0.0015099242454081896,False,False,False,False,low
EMR,2025-11-14,0.9878755824765758,0.992162079882448,0.004339106545306004,127.58000183105467,126.58003996810572,-0.006850419094034832,-0.002541037247057676,False,False,False,False,low
GLW,2025-11-14,0.993221362554473,0.9966096329610052,0.00341139501653287,82.05999755859375,81.7817840476511,-0.0036425819516094915,-0.0002436132209937547,False,False,False,False,low
HON,2025-11-14,0.9837290474578586,0.9896210485550908,0.005989455239182151,199.0399932861328,196.97416686022098,-0.00415270851719407,0.0018118742602029059,False,False,False,False,low
KR,2025-11-14,0.9845444913516804,0.9897958703717308,0.0053338158571591965,66.70999908447266,66.02928160631298,0.011217187359052305,0.01661083362801996,False,False,False,False,low
LLY,2025-11-14,0.9951566654647211,0.9966181471380554,0.001468594568124315,1025.280029296875,1021.8126830955027,0.0023561490621408776,0.0038282038579795508,False,False,False,False,low
MMM,2025-11-14,0.9861731863981336,0.9904107643891048,0.004296991694175301,167.5800018310547,165.97303770982245,-0.017817333097711385,-0.013596902335869299,False,False,False,False,low
MSCI,2025-11-14,0.989374258188035,0.9924901327316026,0.003149338602435492,565.1500244140625,560.9058227439813,-0.014284721208677853,-0.011180370030169917,False,False,False,False,low
OTIS,2025-11-14,0.9848402516992144,0.989427482434914,0.0046578424549412745,88.7699966430664,87.83147429430495,-0.02009051516059035,-0.015526251160105864,False,False,False,False,low
SBUX,2025-11-14,0.9807175972028044,0.9878026874317888,0.007224393902171666,84.77999877929688,83.74591063465323,-0.019204114012312923,-0.012118458194308346,False,False,False,False,low
SCHW,2025-11-14,0.9902592408962144,0.9930709835750476,0.0028394005960383772,94.38999938964844,93.73596953352632,-0.010171992601663571,-0.007361474367481247,False,False,False,False,low
SHW,2025-11-14,0.9928928915022494,0.9952132656449572,0.0023369833368400705,332.17999267578125,330.58993529278223,-0.01965530555450734,-0.017364256339228445,False,False,False,False,low
TFC,2025-11-14,0.9684253655277048,0.9796634798807352,0.011604522922534777,44.86000061035156,43.94770430538892,-0.010368435952304411,0.0011157662175511618,False,False,False,False,low
WEC,2025-11-14,0.9753621213405296,0.9832197322466374,0.008056096022376114,110.97000122070312,109.10789488762875,-0.006890967046599972,0.0011096146835616327,False,False,False,False,low
XOM,2025-11-14,0.9781264572434354,0.9866817211378444,0.00874658264384287,119.29000091552734,117.70126341786755,0.004209108478377299,0.012992506437383256,False,False,False,False,low
APO,2025-11-17,0.9878767406939016,0.9917495280071372,0.003920314300056571,124.33999633789062,123.3141326805122,-0.04793269121797139,-0.0442002881327368,False,False,False,False,low
CEG,2025-11-17,0.99596966377327,0.9971125129340176,0.001147473866239812,338.6700134277344,337.6921081443257,0.0004431774161981483,0.0015911598169411345,False,False,False,False,low
COF,2025-11-17,0.9881722159341212,0.9919303996480426,0.003803166748995057,201.0099945068359,199.3879241844166,-0.04802273115205291,-0.04440220285737129,False,False,False,False,low
COP,2025-11-17,0.9759030710980612,0.9849580880962008,0.009278602830864235,88.72000122070312,87.38548277823635,-0.02900297084622827,-0.01999347506276128,False,False,False,False,low
HSY,2025-11-17,0.9783597669457348,0.9858969575981168,0.007703904950948415,179.0,176.4755554100629,-0.0011160544176792575,0.006579252556115245,False,False,False,False,low
KKR,2025-11-17,0.9946897071180396,0.99622658771768,0.0015450854559391214,114.0199966430664,113.58975218730338,-0.04919947978623962,-0.047730411730958044,False,False,False,False,low
KLAC,2025-11-17,0.995758445998792,0.99742927684005,0.001677947948091063,1133.699951171875,1130.7855224509633,-0.0005465786960864305,0.0011304521214030583,False,False,False,False,low
LHX,2025-11-17,0.992396600439073,0.9965287037156212,0.0041637620228849315,287.69000244140625,286.6913452048785,-0.005874467400323047,-0.0017351652617043634,False,False,False,False,low
PSX,2025-11-17,0.9763943371111604,0.984696991517684,0.008503382384507097,136.64999389648438,134.55883788077804,-0.03983988993773402,-0.03167528137152409,False,False,False,False,low
ROK,2025-11-17,0.989839531229974,0.9934748784656195,0.0036726632155499317,370.1000061035156,367.68505858381525,-0.01864078351835552,-0.015036581622742462,False,False,False,False,low
SO,2025-11-17,0.9760290301205612,0.9840585412165166,0.008226713394952512,90.58000183105467,89.13602446525707,-0.0012129298422131063,0.007003805126559293,False,False,False,False,low
UPS,2025-11-17,0.9533243705372524,0.9698968187984208,0.01738385042210644,94.19000244140624,91.3545837305354,-0.01864972757784389,-0.001590081230363749,False,False,False,False,low
CVX,2025-11-18,0.9704854505712616,0.9813243222201904,0.011168505043067656,153.6199951171875,150.75103758784297,-0.007751015051421728,0.0033309227409550335,False,False,False,False,low
PRU,2025-11-18,0.9606561764698488,0.9733508606278352,0.013214596927525024,102.63999938964844,99.90473174075478,-0.008405011386600325,0.004698516703279365,False,False,False,False,low
ADM,2025-11-19,0.9777783721122444,0.9860180827929644,0.008426971710286724,58.22999954223633,57.41583250967106,-0.04587906428093169,-0.03783871414743478,False,False,False,False,low
AFL,2025-11-19,0.98445497231987,0.9895906884777332,0.005216811639196628,109.4000015258789,108.26122282945957,-0.021116683654630264,-0.01601003377650445,False,False,False,False,low
ED,2025-11-19,0.9758358526462272,0.9839629939172564,0.008328389707132011,100.37999725341795,98.7702026268791,-0.024584649875228348,-0.01646101071307071,False,False,False,False,low
EQIX,2025-11-19,0.9837271435283694,0.9896843025330968,0.006055702583706912,765.0800170898438,757.1876830955717,-0.01808330162782612,-0.012137106140508891,False,False,False,False,low
MPC,2025-11-19,0.9862646436600456,0.9912304887448397,0.005035002640230157,195.52000427246097,193.80538939438463,-0.02048993700408064,-0.015558101250764067,False,False,False,False,low
PYPL,2025-11-19,0.9946819851201986,0.9969814326473652,0.002311741402342582,60.11000061035156,59.92855452494229,-0.00971993649377545,-0.007430665071053721,False,False,False,False,low
AMAT,2025-11-20,0.9955628612612202,0.9975143062389256,0.0019601424014885627,220.22999572753903,219.68257140115765,-0.0633692376381294,-0.06153330796628531,False,False,False,False,low
MAR,2025-11-20,0.9937572119170134,0.9961054910536956,0.0023630310386903997,282.3800048828125,281.28027342753893,-0.0064039663829884574,-0.004056068115631861,False,False,False,False,low
MSFT,2025-11-20,0.9937066578386536,0.9955664897477045,0.0018716105949174722,478.4299926757813,476.30886839824757,-0.017839551914340168,-0.016001330013794113,False,False,False,False,low
REGN,2025-11-20,0.9960601383095988,0.9973089044608998,0.0012537055778782946,737.0,735.0166625876832,0.048737104233368855,0.050051911790674364,False,False,False,False,low
VLO,2025-11-20,0.9830225770807258,0.9892213926169424,0.006305873009168517,170.82000732421875,168.97880553209998,-0.05273661847874622,-0.04676329588863759,False,False,False,False,low
AMGN,2025-11-21,0.9786948134810288,0.9856751645269386,0.007132306158936341,337.5400085449219,332.7048034569401,0.0043740922684747385,0.011537595792637356,False,False,False,False,low
CMI,2025-11-21,0.989257411048456,0.993528924992446,0.004317899361969912,472.510009765625,469.4523620506116,0.015735521584303136,0.02012136534488196,False,False,False,False,low
HLT,2025-11-21,0.9984965197438072,0.999063503496616,0.0005678374852566836,274.4800109863281,274.2229614157906,0.03843826944831674,0.03902793362383439,False,False,False,False,low
MCO,2025-11-21,0.9934960101265504,0.9954679502865882,0.001984849601747829,479.6499938964844,477.47619627910785,0.010810935264235377,0.012817242946537188,False,False,False,False,low
NEE,2025-11-21,0.9865471061885804,0.9932274959326644,0.006771485823817258,83.4800033569336,82.91463469465756,-0.009727160915056654,-0.003021542423481738,False,False,False,False,low
RTX,2025-11-21,0.9886476478780654,0.9925551349990592,0.003952355654090134,169.67999267578125,168.41674803694943,-0.017657634036932546,-0.013775067632566196,False,False,False,False,low
ATO,2025-11-24,0.9832357168691176,0.9888812586605976,0.005741798934498554,174.55999755859375,172.61911009753302,-0.0034254743718381553,0.0022966561775619176,False,False,False,False,low
MCHP,2025-11-24,0.9803393204915264,0.9891816672279112,0.00901967976960405,51.25,50.69556044543045,0.006876197713729937,0.015957898584744168,False,False,False,False,low
TER,2025-11-24,0.9984501156719748,0.9992047446260656,0.0007558003572194494,165.97000122070312,165.83801268532045,0.044427647070007126,0.04521702585875276,False,False,False,False,low
JNJ,2025-11-25,0.9827841168601746,0.9890241115265496,0.006349303534036066,206.6699981689453,204.40161131823476,0.003008954661513741,0.009377362962015967,False,False,False,False,low
SPGI,2025-11-25,0.9934107504711048,0.9953639143317966,0.001966119110111908,494.19000244140625,491.89889525371825,0.010117758780634256,0.0121037706096363,False,False,False,False,low
VRT,2025-11-25,0.9993891425054912,0.9997620791028112,0.000373164547680771,169.57000732421875,169.52966307593988,0.0039074279071691365,0.0042820505684175725,False,False,False,False,low
NEM,2025-11-26,0.9927702484464852,0.9956554927634932,0.0029062558245704917,90.5199966430664,90.12673186260203,0.049263940713756504,0.052313370152967664,False,False,False,False,low
TMUS,2025-11-26,0.984964155440713,0.9898439333820798,0.004954269568503644,206.72999572753903,204.6304321190078,-0.0008216441467389091,0.004128554775172377,False,False,False,False,low
CSX,2025-11-28,0.9900118685073548,0.9936714429561604,0.0036964955322436044,35.36000061035156,35.13622282941875,0.00169975565404612,0.005402534325470665,False,False,False,False,low
EBAY,2025-11-28,0.9904185381715146,0.9939127033515848,0.0035279682734139506,82.79000091552734,82.28603362043197,0.003636841550817671,0.007177640485838355,False,False,False,False,low
O,2025-11-28,0.969347898889486,0.9739500078960358,0.0047476339628136355,57.61000061035156,56.10926054934253,0.008225432721798098,0.013012118028360442,False,False,False,False,low
ALL,2025-12-01,0.985104231928612,0.9897513979485908,0.004717435850296603,210.0,207.84779356920407,-0.013991904344628159,-0.009340474405500898,False,False,False,False,low
CTVA,2025-12-01,0.9928033561983785,0.995459054000408,0.0026749484532351264,66.54000091552734,66.23784636455713,-0.01378390823106157,-0.011145831021828534,False,False,False,False,low
HIG,2025-12-01,0.9867008120746268,0.991040106555954,0.004397781402655898,135.5,134.28593443833176,-0.01116542941637999,-0.006816751131564214,False,False,False,False,low
KO,2025-12-01,0.9862437179009892,0.9931709757140544,0.007023880291788798,71.94999694824219,71.45864867170893,-0.0160011727898155,-0.009089682820230593,False,False,False,False,low
LMT,2025-12-01,0.9808408310677166,0.9882876399797266,0.007592270505198728,439.19000244140625,434.0460510155077,-0.04077662059902598,-0.033493937227703,False,False,False,False,low
MCD,2025-12-01,0.9818537759290544,0.98774572039923,0.006000837003045989,303.57000732421875,299.84997557606,-0.026457571054515294,-0.02061550162286374,False,False,False,False,low
MCK,2025-12-01,0.9971371413693862,0.9980659985013822,0.0009315239533855824,856.8900146484375,855.2327880759568,-0.027499070050643226,-0.02659316213970575,False,False,False,False,low
MLM,2025-12-01,0.9960197485650816,0.997347984003243,0.0013335432756980126,615.25,613.6183471579952,-0.01282008593731332,-0.011503638801010796,False,False,False,False,low
MTB,2025-12-01,0.978417340581174,0.986194012618196,0.007948215668788672,190.22000122070312,187.59382628408335,0.0,0.007948215668788894,False,False,False,False,low
NKE,2025-12-01,0.9783499540403812,0.9845959499581568,0.006384214454123516,65.38999938964844,64.3827285668142,0.011759278485661273,0.018218566695463068,False,False,False,False,low
NOC,2025-12-01,0.9884333445791668,0.9924394996436864,0.0040530351252217045,545.510009765625,541.3856811424193,-0.04672781168086504,-0.042864166017710814,False,False,False,False,low
TPL,2025-12-01,0.9954843844460248,0.9973306500790492,0.0018546404764065993,284.5799865722656,283.8203430076048,-0.012206642294694148,-0.010374640751168118,False,False,False,False,low
GS,2025-12-02,0.9855142553997238,0.9903999587791452,0.004957516700192066,815.2100219726562,807.3839721580648,0.005364719803268692,0.010348832191477308,False,False,False,False,low
YUM,2025-12-02,0.9858959518884102,0.9905648128871364,0.004735652874710894,147.6199951171875,146.22717284165682,-0.0200478245133906,-0.015407111176468313,False,False,False,False,low
EA,2025-12-03,0.9971778297809069,0.9981109167239188,0.0009357277259331997,203.2100067138672,202.82612608865168,-0.00014760272823310938,0.0007879868817348701,False,False,False,False,low
HAL,2025-12-03,0.9847025815363069,0.9909629260012416,0.00635759932219071,27.399999618530273,27.152383794411662,0.0182088358935939,0.02468219969851959,False,False,False,False,low
LIN,2025-12-03,0.9898650497087838,0.9935106418204755,0.0036829183056461545,409.1499938964844,406.49487303693985,0.0008806119132995782,0.004566773440681349,False,False,False,False,low
LRCX,2025-12-03,0.997161705093835,0.9988032714982654,0.001646238915959941,159.75,159.5588226218479,0.009861543299309217,0.01152401667161973,False,False,False,False,low
ODFL,2025-12-03,0.9953670279381313,0.997341159676724,0.00198332040662641,150.9499969482422,150.54864500955782,0.06708602985980705,0.06920240335845396,False,False,False,False,low
SLB,2025-12-03,0.981200655740557,0.98895241273334,0.007900277020231217,37.54999923706055,37.13516234362611,0.032728234508615284,0.040887073647847716,False,False,False,False,low
CI,2025-12-04,0.983267263810841,0.9887906287182416,0.005617358688413843,268.4200134277344,265.41119383776834,-0.007028683948671066,-0.001450807899104345,False,False,False,False,low
HD,2025-12-04,0.9796273787360068,0.9859634961980488,0.006467885238382598,351.1700134277344,346.2408141991247,-0.018831522353138785,-0.012485437240200348,False,False,False,False,low
NVDA,2025-12-04,0.998726210923342,0.9987818263937468,5.568640313691198e-05,183.3800048828125,183.15661620094968,0.021103672933937556,0.021160534524713004,False,False,False,False,low
QCOM,2025-12-04,0.984931477899511,0.989964119254256,0.005109636018007846,174.35000610351562,172.600250234241,-0.004112647458623386,0.0009759744278003968,False,False,False,False,low
WDC,2025-12-04,0.9987186107553802,0.9995215752970016,0.0008039947718747609,161.0,160.92297362281727,0.03477089651934051,0.03560284691023052,False,False,False,False,low
AJG,2025-12-05,0.9943112653241284,0.9969518705779375,0.002655712899871876,239.7100067138672,238.97933958963986,-0.023226424608550844,-0.020632394424129785,False,False,False,False,low
AME,2025-12-05,0.9968613094913692,0.9984148577030634,0.0015584396714993787,199.8000030517578,199.4832916159924,0.002911363454978222,0.004474340310784086,False,False,False,False,low
BAC,2025-12-05,0.9892378485168478,0.9943786422063116,0.005196721594479259,53.95000076293945,53.6467285056812,-0.003877383402221213,0.001299188510201832,False,False,False,False,low
BKNG,2025-12-05,0.9958186449058272,0.9977239711202514,0.0019133265119819498,207.8816070556641,207.40846251443685,0.03378426214267294,0.0357622289791002,False,False,False,False,low
BLK,2025-12-05,0.989646642069683,0.9944637079947576,0.004867460485694641,1072.1600341796875,1066.224243154118,-0.0031796072953464982,0.0016723765774779853,False,False,False,False,low
D,2025-12-05,0.9687101113421508,0.9796460567211304,0.011289182647043594,58.4900016784668,57.29949950192229,-0.02256013487096742,-0.011525637707024083,False,False,False,False,low
ELV,2025-12-05,0.988777246991709,0.9938733251246656,0.005153919296243092,330.75,328.72360228498314,-0.008216109372426339,-0.003104535240817774,False,False,False,False,low
GM,2025-12-05,0.9956501607700552,0.9976378471216244,0.0019963702411616158,76.05000305175781,75.87036131814862,0.010094330282757857,0.012110852544500395,False,False,False,False,low
KMB,2025-12-05,0.9759386902277462,0.987799044792184,0.012152766032536455,102.95999908447266,101.70378874744623,-0.018867956078418513,-0.006944487901615282,False,False,False,False,low
NDAQ,2025-12-05,0.993862262322674,0.9968432132125196,0.0029993601758044885,90.22000122070312,89.93519591288315,-0.0007752762666345392,0.002221758576410604,False,False,False,False,low
PEP,2025-12-05,0.9815445620149884,0.9911450203971812,0.009780970476250372,145.02000427246094,143.73585509262762,-0.012865014924343776,-0.00320987677924478,False,False,False,False,low
UNP,2025-12-05,0.983904031567489,0.9896596104856314,0.005849736085513424,235.30999755859375,232.87680052721277,-0.008344202383416599,-0.0025432776796904255,False,False,False,False,low
WM,2025-12-05,0.9922031214406786,0.9960395590673832,0.0038665849197632163,213.5800018310547,212.7341308494146,-0.0028479415630915383,0.0010076315487714815,False,False,False,False,low
ADI,2025-12-08,0.9906566025248992,0.9941554897172212,0.0035318870165548244,279.1300048828125,277.4986266990428,-0.00767892067437026,-0.004174154738046276,False,False,False,False,low
BDX,2025-12-08,0.9882749386185544,0.9936540685225802,0.005442948812953707,148.9779815673828,148.0325775047119,-0.022994513274513406,-0.017676722420291613,False,False,False,False,low
GOOG,2025-12-08,0.998644431664488,0.999295994552018,0.0006524473244635676,314.45001220703125,314.2286376853195,-0.023720029239419738,-0.023083057984569666,False,False,False,False,low
GOOGL,2025-12-08,0.9986432514917312,0.9992965937251173,0.0006542298587710604,313.7200012207031,313.49932860328823,-0.023500445267694903,-0.022861590101912466,False,False,False,False,low
UNH,2025-12-08,0.9856586474303546,0.9922856404311092,0.006723415878338246,323.6199951171875,321.1234741111708,-0.022030184836496103,-0.01545488705269038,False,False,False,False,low
AEE,2025-12-09,0.9861526334206836,0.99325302054662,0.007200089403307963,98.33999633789062,97.67649840315342,-0.009867130084019404,-0.002738084899470472,False,False,False,False,low
ROST,2025-12-09,0.9956112677620312,0.997879354143972,0.0022780842838783233,177.02000427246094,176.64460753396648,-0.006566014663645592,-0.0043028883145802554,False,False,False,False,low
NXPI,2025-12-10,0.990413626546808,0.9948370176021568,0.004466205771796128,230.77999877929688,229.5884857078251,0.011971040083342821,0.01649071098345356,False,False,False,False,low
OXY,2025-12-10,0.9895256028994656,0.9952744350219496,0.005809685070946147,41.75,41.55270766216639,0.004813496188011079,0.010651146155899793,False,False,False,False,low
PEG,2025-12-10,0.9841494594516932,0.9920275785490916,0.008005002717562437,78.69000244140625,78.06265257797035,-0.008067557984070328,-0.00012713609009429305,False,False,False,False,low
SPG,2025-12-10,0.9765782437365844,0.988590978199891,0.01230084178134394,181.6499938964844,179.57754515612973,0.003313951033489193,0.01565555720216727,False,False,False,False,low
TRV,2025-12-10,0.9924458172164566,0.9963718782714858,0.003955944986539173,278.3500061035156,277.3401183982394,-0.002901553044734051,0.0010429135575846793,False,False,False,False,low
SRE,2025-12-11,0.985885234505402,0.993076605285502,0.007294328516551651,88.97000122070312,88.35402678450284,-0.0011226953459494426,0.006163443861925133,False,False,False,False,low
ADP,2025-12-12,0.9854354055183092,0.991805210429076,0.006463949717147033,266.1000061035156,263.9193725486757,0.005327000072175014,0.011825383249931765,False,False,False,False,low
CME,2025-12-12,0.9721707608289945,0.9766523503478336,0.004609878942478662,273.54998779296875,267.16323851562413,0.004184810086025337,0.00881398049639781,False,False,False,False,low
GRMN,2025-12-12,0.9919287452640624,0.9961820804539454,0.004287944280464195,208.36000061035156,207.56449889140535,-0.011528026724127782,-0.007289513979920392,False,False,False,False,low
WMB,2025-12-12,0.9847102143355628,0.9928590961975616,0.008275411124375687,59.7400016784668,59.31340407332336,-0.019369608108097958,-0.011254488454134903,False,False,False,False,low
WMT,2025-12-12,0.9940247414229648,0.9960510199719156,0.0020384588677844206,116.6999969482422,116.23915099101607,0.01021468437903228,0.012273965460770864,False,False,False,False,low
CCI,2025-12-15,0.9761131840082814,0.987655368135172,0.011824637056426335,89.48999786376953,88.38527678455705,-0.016160963450955634,-0.004527423921819151,False,False,False,False,low
DIS,2025-12-15,0.9932795697115828,0.9999999999094942,0.006765899956910237,110.48999786376952,110.48999785376952,-0.009946242164232455,-0.003247637486752719,False,False,False,False,low
DLR,2025-12-15,0.9853497552469892,0.9932372894255734,0.008004806553797872,152.88999938964844,151.85604857405198,-0.004816803161130756,0.003149445815154639,False,False,False,False,low
DTE,2025-12-15,0.9833055566978124,0.9922109808495434,0.00905661937031832,128.80999755859375,127.8066940208396,-0.007627160784960063,0.0013603822932526377,False,False,False,False,low
DVN,2025-12-15,0.9884407147970764,0.99480412234033,0.006437824189142072,36.16999816894531,35.982063283508985,-0.03598087079817758,-0.029774685129406397,False,False,False,False,low
FDX,2025-12-15,0.99088321979346,0.9959621537666938,0.005125663520967327,226.6156311035156,225.70059203105598,-0.010937605514435234,-0.005868004479059996,False,False,False,False,low
GILD,2025-12-15,0.9878285811122955,0.9943529867440818,0.006604795362814553,119.77999877929688,119.10359953839632,-0.005149524408010642,0.0014212593998732537,False,False,False,False,low
HCA,2025-12-15,0.9970317803263942,0.9985148129173466,0.0014874476623671917,476.9800109863281,476.2716064353273,-0.016069431284707836,-0.014605886060340523,False,False,False,False,low
IRM,2025-12-15,0.9816310537062114,0.9919131565684124,0.01047450854715759,82.44000244140625,81.7733230491629,-0.010917769038680691,-0.0005576187566347368,False,False,False,False,low
META,2025-12-15,0.9983303748642768,0.9991445783932196,0.0008155652171291106,647.510009765625,646.9561157126649,0.005091394992962517,0.005911112574754851,False,False,False,False,low
MRK,2025-12-15,0.9842354501601216,0.9926476714099836,0.008546960230393363,100.26000213623048,99.52285765608917,-0.00039881270498742794,0.008144738889077185,False,False,False,False,low
MSI,2025-12-15,0.9940557248844414,0.9973647179079804,0.0033287802088999285,364.8399963378906,363.87854002908887,0.00038383363359972833,0.0037138915403027717,False,False,False,False,low
PSA,2025-12-15,0.9791230332942216,0.989923418075757,0.011030671748368581,272.3800048828125,269.63534544908515,-0.009419196008264796,0.0015075756808029528,False,False,False,False,low
TMO,2025-12-15,0.9982617758166972,0.9990123688465088,0.0007519000005760113,575.9099731445312,575.3411865134474,0.006342950412084436,0.00709961967707895,False,False,False,False,low
AIG,2025-12-16,0.9889522303295352,0.9941359971324312,0.00524167562792055,84.54000091552734,84.04425810773442,-0.020393998539894875,-0.015259221637076603,False,False,False,False,low
APH,2025-12-16,0.9961067179491048,0.9980274532163786,0.00192824245902945,129.1300048828125,128.8752899070119,-0.0059275523468113045,-0.004010739645895156,False,False,False,False,low
ECL,2025-12-16,0.9945387194554344,0.99732711023159,0.0028037025825222717,259.5299987792969,258.83630370096427,-0.00605103849298716,-0.003264301222714483,False,False,False,False,low
ICE,2025-12-16,0.9938155576642038,0.9967799712544392,0.0029828609216007163,160.0500030517578,159.53463744120407,-0.008364255859838465,-0.005406344350180281,False,False,False,False,low
PLD,2025-12-16,0.9843506909378136,0.9920191187866856,0.007790341307696069,127.61000061035156,126.59156035384936,-0.023343050407722443,-0.015734559429865236,False,False,False,False,low
CRM,2025-12-18,0.9958977302595312,0.9975052161177236,0.0016141073619813096,257.8500061035156,257.2067260642437,-0.0011234544373790456,0.0004888395485240782,False,False,False,False,low
HBAN,2025-12-18,0.9812841275556584,0.9899285698279268,0.008809316312698767,17.59000015258789,17.412843694324344,-0.009014075910541375,-0.00028416744380532766,False,False,False,False,low
HPE,2025-12-19,0.9876531865138852,0.993593244503097,0.006014315622448807,24.43000030517578,24.273483266431256,0.02132107973474784,0.027463627060132945,False,False,False,False,low
PCAR,2025-12-19,0.9818298612663438,0.9943145042467516,0.012715688810182924,111.56999969482422,110.93566893536938,0.0006277999535804213,0.013351471672608195,False,False,False,False,low
AVGO,2025-12-22,0.9960009561332328,0.9979067149459896,0.0019134106257845396,341.45001220703125,340.7352599997866,0.0032025705205704913,0.005122108978818707,False,False,False,False,low
VST,2025-12-22,0.9972472780564932,0.9986376924414488,0.001394252374060656,161.57000732421875,161.3498992820058,-0.008955354634177515,-0.007573588284576327,False,False,False,False,low
STX,2025-12-24,0.9956466046682558,0.9982586140644556,0.002623430225094925,285.2699890136719,284.77322386697057,0.008734092387979064,0.011380435895033347,False,False,False,False,low
DHR,2025-12-26,0.9964933196964444,0.9978728988588526,0.001384433929600748,230.32000732421875,229.8300933738103,-0.004968220030326376,-0.003590664273105504,False,False,False,False,low
MDT,2025-12-26,0.984661363245815,0.9919014747844548,0.007352894922954656,96.5199966430664,95.7383270164482,-0.007710496822079027,-0.00041429637206080727,False,False,False,False,low
MO,2025-12-26,0.96584390653643,0.9835199111587288,0.018301098658566772,57.599998474121094,56.65074538201049,-0.023397780244589494,-0.005524886670670415,False,False,False,False,low
PM,2025-12-26,0.9821936385143986,0.9911520816001214,0.00912085227844961,161.0500030517578,159.62504576645566,-0.009776170338523849,-0.000744485065580891,False,False,False,False,low
RCL,2025-12-26,0.9862054567734914,0.9895699475181152,0.00341155153980921,285.6700134277344,282.69046019518237,-0.028729708383431585,-0.02541616972449623,False,False,False,False,low
AMT,2025-12-29,0.9805659547418648,0.9901072575228592,0.009730403890583883,175.8300018310547,174.09056090318487,-0.003287805787735243,0.006410606424620102,False,False,False,False,low
GE,2025-12-29,0.9974047373684474,0.9985454246670148,0.0011436553846506659,311.5799865722656,311.12677000954574,-0.011296655171331826,-0.010165919267196566,False,False,False,False,low
MU,2025-12-29,0.9991763822169922,0.9995801331540164,0.00040408374758449384,294.3699951171875,294.24639891578545,0.03363877342892985,0.034056450058145726,False,False,False,False,low
XEL,2025-12-29,0.9850597340710872,0.9926627294825854,0.007718309000487089,74.12000274658203,73.57616423567885,-0.0040311130038225285,0.003656082620885126,False,False,False,False,low
DE,2025-12-31,0.9936465329926358,0.9970837316850468,0.003459176455896218,465.5700073242187,464.21228026346654,-0.009299049015799588,-0.0058720396113211,False,False,False,False,low
FITB,2025-12-31,0.9827070528660948,0.9910474817255168,0.008487197517405454,46.810001373291016,46.39093398056804,-0.015148273185301986,-0.006789642054467748,False,False,False,False,low
ITW,2025-12-31,0.9873372065431532,0.9937155844366274,0.006460181841831059,246.3000030517578,244.75215147932064,-0.018060035666499052,-0.011716524939143436,False,False,False,False,low
MDLZ,2025-12-31,0.9823722152954092,0.9914163289022276,0.009206402080599085,53.83000183105469,53.367942800144434,-0.01787994011461347,-0.008838147951886532,False,False,False,False,low
MPWR,2025-12-31,0.996319564964333,0.998004687189532,0.0016913471183908069,906.3599853515624,904.5515136618948,-0.01899534403036851,-0.017336124632366112,False,False,False,False,low
NUE,2025-12-31,0.9932144684195464,0.9966008944364092,0.0034095617054910043,163.11000061035156,162.5555724997996,-0.01025486899339123,-0.006880271896515078,False,False,False,False,low
O,2025-12-31,0.9739500249528462,0.9785830153754366,0.004756907750800288,56.369998931884766,55.16272353147393,-0.011572853963512708,-0.006870997211430363,False,False,False,False,low
PCG,2025-12-31,0.9940390011030564,0.9971395698260664,0.003119162044516788,16.06999969482422,16.02403258280204,-0.000621904784159466,0.0024953174385591304,False,False,False,False,low
SYK,2025-12-31,0.994823163134608,0.9973014601040608,0.002491193471655828,351.4700012207031,350.5215454001833,-0.007483321848593794,-0.005010770779473428,False,False,False,False,low
USB,2025-12-31,0.980303069818384,0.9897798854936952,0.009667230438304086,53.36000061035156,52.814655294057275,-0.0174921881590423,-0.007994058734541953,False,False,False,False,low
VTR,2025-12-31,0.98758039032753,0.9936289918084704,0.006124667460169375,77.37999725341797,76.8870086570559,-0.018643008866837008,-0.012632523636433968,False,False,False,False,low
APD,2026-01-02,0.986567978877211,0.99376916025845,0.007299224721883268,250.47000122070312,248.90936278303107,0.013966467851068698,0.021367636960367697,False,False,False,False,low
AXP,2026-01-02,0.9946390693020872,0.9968485993685042,0.0022214390471986256,372.7300109863281,371.55538939432836,0.007514525442807951,0.009752657550246457,False,False,False,False,low
BMY,2026-01-02,0.9782338062550724,0.9897942216544166,0.011817640451008637,53.459999084472656,52.91439818346144,-0.008898768158267067,0.00281370985019036,False,False,False,False,low
CAH,2026-01-02,0.9951011490163576,0.9975817504042944,0.002492813308867081,205.72000122070312,205.22251891092262,0.001070565550866709,0.0035660475797869573,False,False,False,False,low
CSCO,2026-01-02,0.9893166683804612,0.9946105611223302,0.0053510598891810535,76.04000091552734,75.63018797833514,-0.012852108002831875,-0.007569820513276149,False,False,False,False,low
KDP,2026-01-02,0.9831052898550704,0.991244767158539,0.008279354599616262,27.729999542236328,27.487216939550443,-0.00999645427909679,-0.0017998638691960611,False,False,False,False,low
PGR,2026-01-02,0.9397912389265628,0.9994827894310784,0.0635157554487269,212.1199951171875,212.0102844138333,-0.068505208237709,-0.009340612842372642,False,False,False,False,low
PWR,2026-01-02,0.9995430244399822,0.9998035736045976,0.0002606682836503449,439.6799926757813,439.5936279196894,0.04174760749445672,0.0420191580552991,False,False,False,False,low
ROP,2026-01-02,0.9954181469430194,0.9974572664844644,0.002048505492598496,434.5400085449219,433.4350891013536,-0.02379079419882879,-0.02179102427881985,False,False,False,False,low
RSG,2026-01-02,0.9942267444288048,0.997167469230092,0.002957800942054556,210.1999969482422,209.60459898905174,-0.008163052835025941,-0.005229396578336876,False,False,False,False,low
STT,2026-01-02,0.9868948983119796,0.9933628349200552,0.00655382515315317,129.07000732421875,128.21334837873823,0.00046517959800107533,0.00702205345690432,False,False,False,False,low
SYY,2026-01-02,0.9852444883562564,0.9925176884069126,0.007382127113231052,72.62000274658203,72.07663725814123,-0.014520283069267337,-0.007245346531373875,False,False,False,False,low
GEV,2026-01-05,0.998660379101158,0.9993957083583598,0.0007363156410227223,680.8599853515625,680.4485473532873,0.001927742744648242,0.0026654778128056833,False,False,False,False,low
A,2026-01-06,0.9959433375410532,0.9977233804280744,0.0017872933327873763,147.60000610351562,147.26397704080404,0.032673432218860654,0.03451912255921208,False,False,False,False,low
JPM,2026-01-06,0.9904407370442088,0.9949082949221568,0.004510676621885201,334.6099853515625,332.9062499900509,0.0017063129926364606,0.006224686240647204,False,False,False,False,low
GEHC,2026-01-09,0.99911685596701,0.9995137221314612,0.0003972169642429968,87.27999877929688,87.23755644752441,-0.009981906150835607,-0.009588654169051303,False,False,False,False,low
INTU,2026-01-09,0.9950865179615844,0.996919182421108,0.0018417136866428763,646.9000244140625,644.9070434470619,-0.008962046091057108,-0.007136837927360529,False,False,False,False,low
MA,2026-01-09,0.9967872024973292,0.9982844532607044,0.0015020766314253198,575.5399780273438,574.5526122947047,-0.007809452720666243,-0.006319106485676795,False,False,False,False,low
ORCL,2026-01-09,0.9938923003293968,0.9965195787697244,0.002643423678256651,198.52000427246097,197.82907103495668,0.04677042268094156,0.04953748040195505,False,False,False,False,low
T,2026-01-12,0.9781741747911756,0.9896423090433012,0.011724020678192337,23.739999771118164,23.49410819017682,-0.01042100885307129,0.0011808357018401328,False,False,False,False,low
VZ,2026-01-12,0.9683809105851768,0.9851821414926558,0.017349816300412435,39.84000015258789,39.24965666739427,-0.015323750516907486,0.0017602015270032911,False,False,False,False,low
CMCSA,2026-01-14,0.9770518092204928,0.9885057074365712,0.01172291797424374,28.420000076293945,28.093332280764354,-0.002106722854872345,0.009591498180149483,False,False,False,False,low
EME,2026-01-14,0.9989060001993704,0.999502281655758,0.0005969345026144435,660.72998046875,660.4011230368801,-0.014644705842945527,-0.014056513270529258,False,False,False,False,low
ABT,2026-01-15,0.9887568968935556,0.9937654881526335,0.005065543689064311,123.52999877929688,122.75984953840218,-0.011760009765624968,-0.006754036919812356,False,False,False,False,low
FCX,2026-01-15,0.995322807932726,0.9978028588716156,0.0024917051223216635,59.959999084472656,59.828258504426266,-0.006462293281012665,-0.003986690287961281,False,False,False,False,low
ABBV,2026-01-16,0.9838562363255358,0.9917721422107733,0.008045795303185166,214.3500061035156,212.586364736176,-0.011072636200620045,-0.003115929061771605,False,False,False,False,low
EOG,2026-01-16,0.9829256093547638,0.9922954849370078,0.009532639594561854,105.31999969482422,104.5085601707411,-0.024995343752544863,-0.01570097576151841,False,False,False,False,low
GD,2026-01-16,0.991326962102974,0.9953765927631886,0.004085060545134134,367.3800048828125,365.6814575095775,-0.0035531138623753344,0.0005174319975074226,False,False,False,False,low
CARR,2026-01-20,0.992194704040451,0.9964507628626236,0.004289539951020549,55.209999084472656,55.01404570536753,-0.017440818049255125,-0.013226091184035171,False,False,False,False,low
CAT,2026-01-20,0.9957700257029864,0.9980997591815188,0.002339630053523223,629.0,627.8047485251753,-0.027655419380928414,-0.025380492777731578,False,False,False,False,low
DELL,2026-01-20,0.99257303461269,0.9969154082854884,0.004374865648544279,111.06999969482422,110.72739409403476,-0.07848667701220935,-0.0744551800307941,False,False,False,False,low
PNC,2026-01-20,0.9848175795473004,0.9923766826532888,0.00767563786733283,220.9600067138672,219.27555846175594,-0.009947065304993896,-0.0023477775087848984,False,False,False,False,low
ZTS,2026-01-20,0.9914357368853834,0.9956692474599456,0.004270080668931531,123.23999786376952,122.7062759299847,-0.011311701924180517,-0.007089923134968146,False,False,False,False,low
CL,2026-01-21,0.9877750206187688,0.993823549183514,0.0061233868426398,84.7300033569336,84.2066726585188,-0.00830991414073945,-0.0022374121170125605,False,False,False,False,low
LOW,2026-01-21,0.9907730941465422,0.9952227559401834,0.004491100757509026,277.1099853515625,275.78616332012587,0.03245153373005438,0.03708837759528061,False,False,False,False,low
CVS,2026-01-22,0.9832097140490204,0.9912991866593638,0.00822761664653382,82.68000030517578,81.9606170555167,0.01460304911770427,0.022950814054249147,False,False,False,False,low
BK,2026-01-23,0.9916536911751,0.996046220773468,0.004429499569716722,117.61000061035156,117.14499663310595,-0.021384587188368775,-0.017049810638401608,False,False,False,False,low
PFE,2026-01-23,0.967553734426132,0.9837612867146776,0.016751061684608493,25.649999618530277,25.233476628956332,-0.017241408289746185,-0.0007791584989286227,False,False,False,False,low
PG,2026-01-23,0.985528931283656,0.9925261908867514,0.007100004252519998,150.14999389648438,149.02780150374662,0.0014673596441698855,0.00857778215640348,False,False,False,False,low
PAYX,2026-01-28,0.9771403162032256,0.9873012465370536,0.010398639955118583,102.4499969482422,101.14900969471687,-0.0237278962762969,-0.013575994171448058,False,False,False,False,low
FAST,2026-01-29,0.9892268466722364,0.9946996663277986,0.005532421278266808,43.31999969482422,43.09038924176199,-0.006877561769981111,-0.001383190060793127,False,False,False,False,low
MRSH,2026-01-29,0.9898557051286668,0.9948808515550897,0.005076645414464398,187.9199981689453,186.9580078025512,0.054663856176530023,0.06001801060578971,False,False,False,False,low
COST,2026-01-30,0.9971887279994504,0.9985510601088629,0.001366172792732545,940.25,938.8876342673583,-0.013264925074381262,-0.011916874461382898,False,False,False,False,low
MS,2026-01-30,0.9892015620308876,0.9946547493980284,0.005512716089878689,182.8000030517578,181.82289122540502,0.0021930327229091606,0.0077178383795650785,False,False,False,False,low
O,2026-01-30,0.978582965928734,0.9829494381974604,0.004462035842390133,61.15999984741211,60.117187490170494,0.006252074296597021,0.010742007118587749,False,False,False,False,low
TRGP,2026-01-30,0.9900652806411804,0.9950028185521244,0.004987083182784069,200.97999572753903,199.97566222149524,-0.002679677121244173,0.0022940422888331202,False,False,False,False,low
TXN,2026-01-30,0.9884924605925892,0.9949446014538113,0.006527253487956797,215.5500030517578,214.46031187969896,-0.015618569438186403,-0.00919326231207196,False,False,False,False,low
C,2026-02-02,0.9901309088792224,0.9952918700310034,0.0052124028302711345,116.2300033569336,115.68277739483224,0.0044940305641287814,0.009729858092031751,False,False,False,False,low
KMI,2026-02-02,0.9813175540855996,0.9908392510829016,0.00970297225160155,29.61000061035156,29.338750829324997,-0.028861894633406604,-0.01943896854456184,False,False,False,False,low
NRG,2026-02-02,0.9938443988807762,0.9969469118115104,0.003121729049565536,149.11000061035156,148.65475462870242,-0.023062334795596384,-0.020012600106513068,False,False,False,False,low
OKE,2026-02-02,0.9748066204068814,0.9881584339912828,0.013696884392135455,75.31999969482422,74.4280929466614,-0.04886983997058847,-0.035842320126792115,False,False,False,False,low
MET,2026-02-03,0.9853344173618468,0.992395507675602,0.007166186615769288,76.9000015258789,76.31521605452917,-0.03670299684292355,-0.029799830751888634,False,False,False,False,low
DHI,2026-02-05,0.99414771141779,0.9969832699822888,0.0028522507590496016,158.1300048828125,157.6529693503817,-0.0005688050638116282,0.0022818233205630367,False,False,False,False,low
VLO,2026-02-05,0.9892213789189644,0.9952713001030434,0.006115841522440935,194.13999938964844,193.22196959453944,-0.016564531745097977,-0.010549996273703455,False,False,False,False,low
HWM,2026-02-06,0.9989875029294212,0.9995597268723933,0.0005728039052481648,223.16000366210935,223.0617523093403,0.06454228146805785,0.06515205544418468,False,False,False,False,low
NSC,2026-02-06,0.991312568037132,0.9956922101687748,0.004418023409422656,306.4800109863281,305.15975951152745,-0.0014010383195415255,0.0030107952697877582,False,False,False,False,low
PH,2026-02-06,0.995888727554106,0.9977447700389585,0.0018637046825611403,976.489990234375,974.2877807517413,0.00916681668624797,0.011047605607991562,False,False,False,False,low
WFC,2026-02-06,0.9894523476870404,0.9943153419187144,0.004914834193927353,93.97000122070312,93.43581389386544,0.021302021942904092,0.0263215520426765,False,False,False,False,low
AAPL,2026-02-09,0.998145485377077,0.9990795385838808,0.0009357886405214622,274.6199951171875,274.36721800758727,-0.01258449612198953,-0.011660483909985642,False,False,False,False,low
AMP,2026-02-09,0.993425279658264,0.996361167442084,0.0029553181743371404,539.1099853515625,537.1482543845676,-0.007145628745638066,-0.0042114281778000695,False,False,False,False,low
BX,2026-02-09,0.9794357553527672,0.9908191828072684,0.011622434031317574,131.4199981689453,130.2134551902871,0.013339468694363532,0.025116939820594153,False,False,False,False,low
ETR,2026-02-09,0.9880742810432608,0.9945721307896936,0.00657627657261961,98.1500015258789,97.61725615460507,0.0019395921108820158,0.008528623977660965,False,False,False,False,low
GWW,2026-02-09,0.9960984182299546,0.9979816833423693,0.0018906416052353325,1190.1500244140625,1187.747924794708,-0.00626226347189307,-0.004383461562520563,False,False,False,False,low
LVS,2026-02-09,0.98905492044853,0.9942151762368596,0.005217360210886479,57.18000030517578,56.84922408063402,-0.010726625260701228,-0.005565229717647058,False,False,False,False,low
AEP,2026-02-10,0.985001781895764,0.9927899296462436,0.007906734681728533,121.2300033569336,120.35592650374397,0.0010735333150337922,0.008988756139856058,False,False,False,False,low
IBM,2026-02-10,0.987066021185646,0.9926938141945136,0.005701536561969478,291.760009765625,289.62835692366684,-0.015455175234069585,-0.009841756918768763,False,False,False,False,low
V,2026-02-10,0.9958776240824054,0.9979311803554662,0.002062056846545701,328.1700134277344,327.4910888572082,0.007955116906099624,0.010033577655926829,False,False,False,False,low
KVUE,2026-02-11,0.9768752709412056,0.9880938854582206,0.011484183140602955,18.540000915527344,18.31926154102238,0.012008800456764224,0.023630894861111695,False,False,False,False,low
PCAR,2026-02-11,0.994314488884706,0.996903460267183,0.002603775175177292,129.47999572753906,129.07905577616376,0.018965893117988353,0.02161905121484131,False,False,False,False,low
SLB,2026-02-11,0.988952387802454,0.994784311458055,0.005897072222617483,51.560001373291016,51.291080464905676,0.02464232285347845,0.030684712633695987,False,False,False,False,low
TGT,2026-02-11,0.9806666309586995,0.9906404283685364,0.0101704260091795,114.61000061035156,113.5373000999569,0.012187558178090141,0.022481936845952566,False,False,False,False,low
URI,2026-02-11,0.99569603909548,0.9979387896550918,0.002252444994808922,873.8300170898438,872.0288696189268,-0.0031371922087953807,-0.0008918135668748439,False,False,False,False,low
RMD,2026-02-12,0.9947309511011162,0.9970351761477412,0.0023164304318412654,245.72999572753903,245.00144957499057,-0.053501269743799096,-0.0513087712813346,False,False,False,False,low
TJX,2026-02-12,0.9939252305518126,0.9967353631555133,0.002827307847030447,154.17999267578125,153.6766509910092,0.022752853570688236,0.025644490739161308,False,False,False,False,low
XOM,2026-02-12,0.9866817135194058,0.9932582670367658,0.006665324214737867,149.92999267578125,148.91920470198147,-0.03619185504738698,-0.02976776128047276,False,False,False,False,low
AMGN,2026-02-13,0.9856752392843898,0.9925051361081806,0.0069291553156487495,369.19000244140625,366.4229736228874,0.0081649102531558,0.015150641500086826,False,False,False,False,low
CCL,2026-02-13,0.9893390904926396,0.9939123336946932,0.004622523506855991,31.770000457763672,31.576595296457363,-0.025460063043140968,-0.02095522927618798,False,False,False,False,low
COR,2026-02-13,0.9959968823210008,0.9977021530335336,0.0017121245485818282,360.8299865722656,360.00085448221046,0.027829969468512905,0.02958974239100831,False,False,False,False,low
CTAS,2026-02-13,0.9949998482172986,0.9972883781215612,0.002300030405394393,193.44000244140625,192.91546629862088,-0.01356452615664483,-0.011295694573845383,False,False,False,False,low
DUK,2026-02-13,0.9830600338371894,0.9914327014603868,0.008516944372681134,128.1999969482422,127.10166930160909,0.016572804121603335,0.0252308981450875,False,False,False,False,low
EMR,2026-02-13,0.9921621097828518,0.9959748029993132,0.003842812761007286,148.1300048828125,147.5337524314465,0.02172719856602323,0.025653504882940936,False,False,False,False,low
F,2026-02-13,0.9769709443879616,0.9875518477436496,0.010830315288768988,14.119999885559082,13.944231977123993,0.008571420397077256,0.0194945668712192,False,False,False,False,low
KR,2026-02-13,0.9897958205517938,0.9947596498398256,0.005015003281448882,71.25,70.87662505108757,0.015825500713012364,0.020919868932467445,False,False,False,False,low
LLY,2026-02-13,0.9966181914023664,0.9982815082160624,0.0016689609200846167,1040.0,1038.2127685447049,0.0016662144107089105,0.003337956177529522,False,False,False,False,low
MMM,2026-02-13,0.9904107585736353,0.9948548878163798,0.004487157681066334,171.82000732421875,170.93597411114519,-0.015978427789819283,-0.011562967833741333,False,False,False,False,low
MSCI,2026-02-13,0.9924901110742888,0.9964015409081796,0.003941026505198231,526.0599975585938,524.166992177536,0.007353274617779348,0.011323280573146022,False,False,False,False,low
OTIS,2026-02-13,0.9894275300405342,0.9939775090156608,0.004598597509147817,89.83000183105469,89.289001454904,-0.020926410560711872,-0.0164240451910439,False,False,False,False,low
SBUX,2026-02-13,0.9878026673000788,0.994172896338006,0.006448888273746567,93.79000091552734,93.24347685773405,-0.03069451379839383,-0.02444357101474992,False,False,False,False,low
SCHW,2026-02-13,0.9930710365543608,0.9964245556678756,0.003376917652487821,93.72000122070312,93.38491057353187,-0.014303750359282663,-0.010975135293879945,False,False,False,False,low
TER,2026-02-13,0.9992046571094616,0.9996224339278772,0.0004181093587214413,314.6600036621094,314.54119872047255,0.011670915657844061,0.012093904735626992,False,False,False,False,low
TFC,2026-02-13,0.9796634947192684,0.9895456715833848,0.010087317652831551,51.900001525878906,51.35742186510454,-0.0032648006518465333,0.006789583919736719,False,False,False,False,low
WEC,2026-02-13,0.9832197476212102,0.991506195511118,0.008427869669985544,115.79000091552734,114.80650328598338,0.015434553670713669,0.023992503747450433,False,False,False,False,low
ADM,2026-02-17,0.9860181552042936,0.9934500917427592,0.007537322207749719,68.56999969482422,68.1208724876241,-0.013523268774527808,-0.0060878758008336975,False,False,False,False,low
BKR,2026-02-17,0.9929214302270448,0.9966671423283098,0.0037724154069356253,59.86000061035156,59.66049574808997,-0.02189542705691183,-0.018205610296347263,False,False,False,False,low
CVX,2026-02-17,0.9813243023536252,0.9909239151703112,0.009782304171681133,180.5500030517578,178.9113159080595,-0.01736150182887064,-0.007749033148956808,False,False,False,False,low
EQT,2026-02-17,0.994387066044449,0.9971900707020896,0.002818826544869202,57.75,57.58772658304568,-0.016183999158297158,-0.013410792499857549,False,False,False,False,low
HSY,2026-02-17,0.9858970344596408,0.9923707443068956,0.0065663143522922685,219.3999938964844,217.72613524398258,-0.014287033463967758,-0.007814532264561524,False,False,False,False,low
KKR,2026-02-17,0.9962266258356374,0.9980415779069292,0.0018218265043552506,102.5500030517578,102.34916686013675,0.008060549176894583,0.009897060603379915,False,False,False,False,low
KLAC,2026-02-17,0.9974292473939836,0.9987253188212576,0.0012994118937861288,1470.18994140625,1468.315917958763,0.004138933361947261,0.00544372343497157,False,False,False,False,low
PRU,2026-02-17,0.9733508699321494,0.9865539580916616,0.0135645722086144,103.2699966430664,101.88142394032977,-0.01280952069082153,0.0005812958494244569,False,False,False,False,low
SO,2026-02-17,0.9840585422231498,0.9917882006023278,0.007854876562237267,92.0,91.24451445541415,-0.031068952533513605,-0.023458118758345248,False,False,False,False,low
UPS,2026-02-17,0.9698968424920132,0.9834226620893608,0.013945627003584038,115.51000213623048,113.59515379875954,-0.03128141390777717,-0.017772025834695615,False,False,False,False,low
WAB,2026-02-17,0.9975759107390166,0.9987851256125452,0.0012121532411830671,259.69000244140625,259.3745117087621,0.014176384118655072,0.015405721309795783,False,False,False,False,low
AFL,2026-02-18,0.9895905892258382,0.994848446445676,0.0053131641277541775,113.62000274658205,113.0346832175906,-0.015595178053360859,-0.010364873666205643,False,False,False,False,low
COP,2026-02-18,0.9849581413389886,0.9926231234791136,0.007782038462776697,110.5199966430664,109.70470427474173,0.015995567965576107,0.023902084553494962,False,False,False,False,low
ED,2026-02-18,0.9839630016357324,0.9916931813611294,0.007856169096344567,111.61000061035156,110.68287657699713,-0.020277366535487507,-0.012580499859474292,False,False,False,False,low
MPC,2026-02-18,0.9912304188581402,0.9961980331360554,0.005011563591478252,199.57000732421875,198.8112487693349,-0.00483687042180192,0.00015045288597370643,False,False,False,False,low
AMAT,2026-02-19,0.9975143832311426,0.9987583537714436,0.001247070279098761,369.8299865722656,369.37078856423113,0.001435144318483017,0.0026840043234075406,False,False,False,False,low
APO,2026-02-19,0.9917495303564876,0.9958006737576146,0.004084845293217176,118.33999633789062,117.84304808574512,-0.05599875748470018,-0.05214265845242039,False,False,False,False,low
COF,2026-02-19,0.9919303923074656,0.9957258126200024,0.0038262970284717035,205.05999755859375,204.18353270488646,-0.022965538460464674,-0.019227114403561618,False,False,False,False,low
MSFT,2026-02-19,0.9955663977393296,0.9978388168248336,0.0022825389553764452,398.4599914550781,397.59884642556847,-0.002852889467029107,-0.0005768623429964759,False,False,False,False,low
CMI,2026-02-20,0.9935288886395646,0.9968690266593287,0.003361893205076072,593.280029296875,591.4224853415939,-0.006081224993668033,-0.002739776217576595,False,False,False,False,low
REGN,2026-02-20,0.9973089704342172,0.9985086244216256,0.0012028910026609108,779.6699829101562,778.5072021384524,-0.003463818036942512,-0.0022650936298331814,False,False,False,False,low
RTX,2026-02-20,0.9925551283710898,0.9958517865633568,0.0033213854808016308,204.9199981689453,204.069946279104,-0.002385499656433865,0.0009279626604445923,False,False,False,False,low
TEL,2026-02-20,0.993106165545598,0.9961494519757128,0.003064411978997983,234.72999572753903,233.8261566062494,0.010025825698138702,0.013120960937505366,False,False,False,False,low
YUM,2026-02-20,0.9905648075594684,0.9951301359303542,0.004608813412353863,163.3300018310547,162.53460692364246,-0.0009175061194297562,0.00368707867841489,False,False,False,False,low
ATO,2026-02-23,0.9888813284389126,0.9943760295062865,0.005556481763133281,181.72000122070312,180.6980132957203,0.004144333286959068,0.009723842962421791,False,False,False,False,low
MCHP,2026-02-23,0.9891816307885032,0.9950060331675312,0.005888102040860987,76.5999984741211,76.21746062237418,-0.014537563797901276,-0.00873506041610772,False,False,False,False,low
NOC,2026-02-23,0.9924395226204356,0.995618096730096,0.003202788721339722,725.3900146484375,722.2114257712939,0.0025291849964321766,0.005740074162952746,False,False,False,False,low
PSX,2026-02-23,0.984696928545826,0.9927923532973038,0.00822123489654114,154.85000610351562,153.73390196761113,-0.005778451983848298,0.0023952769015953557,False,False,False,False,low
ROK,2026-02-23,0.9934748293444164,0.9969247023407066,0.0034725318592789822,387.6300048828125,386.4379272361245,-0.027984662160492002,-0.02460930793213656,False,False,False,False,low
JNJ,2026-02-24,0.9890240866761691,0.9942818573287346,0.0053161199240712165,246.27999877929688,244.8717346091978,0.0017897919295501996,0.007115426602158026,False,False,False,False,low
EA,2026-02-25,0.9981109466815306,0.9990552967063404,0.0009461373286703267,201.97999572753903,201.78918456032187,0.004875600634522526,0.005826350950952852,False,False,False,False,low
EQIX,2026-02-25,0.9896843599476176,0.9950784004125882,0.00545026342060817,960.52001953125,955.7927245994242,0.00905556770259941,0.014555186352610106,False,False,False,False,low
SPGI,2026-02-25,0.995363957509438,0.9976775921011968,0.00232441065833644,423.6099853515625,422.6261901755701,0.012766864652381527,0.015120950746989381,False,False,False,False,low
WELL,2026-02-25,0.9930742011899508,0.9965977113023092,0.0035480834243164505,208.25,207.5414733787059,-0.005016736915661513,-0.0014864532924396823,False,False,False,False,low
DAL,2026-02-26,0.9946515059693352,0.9973540034294672,0.002717029476065891,70.51000213623047,70.32343291238975,0.01628718546478214,0.01904846770383828,False,False,False,False,low
MAR,2026-02-26,0.9961053723966292,0.9980300288429684,0.001932181574032077,350.57000732421875,349.8793945212697,0.009008763702562872,0.010958351843826097,False,False,False,False,low
CSX,2026-02-27,0.9936714485344272,0.9969438633087832,0.0032932563164438378,42.689998626708984,42.5595321555579,0.0009377983446450244,0.004234143071411012,False,False,False,False,low
D,2026-02-27,0.9796460151997723,0.9900860764276204,0.010656973096265787,63.13999938964844,62.51403426133937,-0.0033149027550244403,0.007306743511764413,False,False,False,False,low
GLW,2026-02-27,0.996609665599722,0.9984697579441124,0.0018664201327720509,150.3800048828125,150.14988707497625,0.0005322809676000517,0.002399694560286214,False,False,False,False,low
HLT,2026-02-27,0.9990635309378648,0.999535257324074,0.0004721685574553547,311.7799987792969,311.63510130836397,-0.019035295751092196,-0.018572115061772476,False,False,False,False,low
HON,2026-02-27,0.9896210716823184,0.9945342351097746,0.004964691605751748,243.58999633789065,242.25859068829686,0.011250379442646397,0.01627092571277844,False,False,False,False,low
NEE,2026-02-27,0.9932275125227452,0.9999999998933562,0.006818666705485477,93.7699966430664,93.76999663306641,0.01934991651954321,0.026300523856554348,False,False,False,False,low
O,2026-02-27,0.982949448239154,0.9869505468005718,0.004070502881491356,67.0,66.12568663563832,0.006006029054705486,0.010100979494770401,False,False,False,False,low
TMUS,2026-02-27,0.9898439386526718,0.9946034394198284,0.0048083345073921535,217.08999633789065,215.918457021304,0.018484647216643557,0.0233818620911046,False,False,False,False,low
UNP,2026-02-27,0.9896595481991132,0.994831429450304,0.0052259196211486,264.9800109863281,263.6104431052861,-0.001770582780522001,0.0034460839173331426,False,False,False,False,low
ALL,2026-03-02,0.9897514599486568,0.9947595424161912,0.005059939459745033,212.7599945068359,211.64503478009146,-0.008204408589278622,-0.00318598294029826,False,False,False,False,low
CTVA,2026-03-02,0.9954591200062424,0.9977005692476352,0.0022516738220035304,80.5199966430664,80.33484648660503,0.004992434882329588,0.007255350039265807,False,False,False,False,low
EXC,2026-03-02,0.9822724149836116,0.9906832782815151,0.00856265855541083,49.16999816894531,48.71189497910684,-0.006064342922075028,0.0024463887355312686,False,False,False,False,low
GS,2026-03-02,0.9903999056916938,0.995612155256158,0.00526277267850106,861.7000122070312,857.9190063377,0.0024779888370500824,0.00775380260750036,False,False,False,False,low
HIG,2026-03-02,0.9910400798478468,0.9952804885466828,0.004278745920636373,141.86000061035156,141.19049071270342,0.0073137738117230455,0.011623813512220638,False,False,False,False,low
LMT,2026-03-02,0.98828759049593,0.993496017367034,0.005270153061914362,676.7000122070312,672.2987670799088,0.02829442413329719,0.03371369314119255,False,False,False,False,low
MCK,2026-03-02,0.9980659662000892,0.9988955220562272,0.0008311633541582264,990.9500122070312,989.8555297751673,0.0036258111017630767,0.004459988097238021,False,False,False,False,low
MCO,2026-03-02,0.9954679552438972,0.9976194848725264,0.002161324849579982,466.1000061035156,464.9904479880707,-0.024058272414579474,-0.021948945307007084,False,False,False,False,low
MLM,2026-03-02,0.9973479292401576,0.9985729872466372,0.0012283155863299644,665.3499755859375,664.4005126853268,-0.01658369661205583,-0.015375751038753327,False,False,False,False,low
MTB,2026-03-02,0.9861940234289496,0.993059093108588,0.006961175505575401,219.5,217.97647093733505,0.011613993557384461,0.018656016110433438,False,False,False,False,low
NKE,2026-03-02,0.984595997145722,0.9911312817628146,0.006637529134830844,61.0099983215332,60.46891783676837,-0.018816371468322268,-0.012303736547324196,False,False,False,False,low
SHW,2026-03-02,0.9952132539557492,0.9974138473763896,0.0022111777670701382,356.1000061035156,355.17907713846336,-0.017898977632927027,-0.015727377687252075,False,False,False,False,low
TPL,2026-03-02,0.9973307231374228,0.9984732304886856,0.0011455651818974566,531.0900268554688,530.2791747947027,0.012970014902269122,0.014130438081647378,False,False,False,False,low
ADI,2026-03-03,0.9941554954349402,0.997268371014792,0.0031311757508214466,338.989990234375,338.0639953513554,-0.038080682410484235,-0.03506874396900117,False,False,False,False,low
MCD,2026-03-03,0.98774575524545,0.9932635689546406,0.0055862692194708075,332.1700134277344,329.93237303694235,-0.00791468203367629,-0.002372626358832064,False,False,False,False,low
NEM,2026-03-03,0.9956555180203764,0.99767049825267,0.002023772475343577,118.5199966430664,118.24390410379283,-0.07931328690542672,-0.07745002647705146,False,False,False,False,low
HAL,2026-03-04,0.990962974975244,0.9957637246989252,0.004844529861270708,34.43000030517578,34.284145345266964,-0.023539366303671816,-0.018808873605374754,False,False,False,False,low
IR,2026-03-04,0.9995014305481266,0.9997198788177004,0.0002185572355348775,91.83999633789062,91.81427000953407,0.0032772058047072505,0.0034964792972833614,False,False,False,False,low
LRCX,2026-03-04,0.9988032872900072,0.9999999999551548,0.0011981465022952165,222.9900054931641,222.99000548316405,0.026326695393857236,0.027556385134155592,False,False,False,False,low
ODFL,2026-03-04,0.9973411959816112,0.9987340688860646,0.0013965861533300483,216.19000244140625,215.91632079079392,0.039674905757129064,0.041126901334474164,False,False,False,False,low
PYPL,2026-03-04,0.9969814705391524,0.9999999997860962,0.003027668353065227,46.75,46.74999999,0.007977553328241127,0.011029375067053149,False,False,False,False,low
CI,2026-03-05,0.9887905718188786,0.9942378226888398,0.005509003650733479,281.2699890136719,279.649261464667,-0.012186560861531581,-0.0067446930190740995,False,False,False,False,low
FANG,2026-03-05,0.9886207137472608,0.99453005112668,0.005977355417752239,179.0399932861328,178.0606536765781,0.013185368591142721,0.019241537643278184,False,False,False,False,low
QCOM,2026-03-05,0.9899640453600052,0.9963201814467216,0.006420572662722446,137.0,136.49586485820086,-0.01799150315867115,-0.011686446249290716,False,False,False,False,low
WDC,2026-03-05,0.9995216225953508,0.9999999999613944,0.00047860632049312457,259.0299987792969,259.02999876929687,-0.008687290928885982,-0.008212842400739384,False,False,False,False,low
AJG,2026-03-06,0.9969518964649864,0.9999999999561652,0.0030574228325226382,228.1300048828125,228.13000487281246,-0.006618720026428715,-0.003581533419636962,False,False,False,False,low
BAC,2026-03-06,0.9943786632900836,0.999999999794408,0.005653114564752704,48.63999938964844,48.639999379648444,-0.02348929836147229,-0.017968971491402752,False,False,False,False,low
BKNG,2026-03-06,0.997723972047494,0.99999999994506,0.0022812200180930553,182.01719665527344,182.0171966452734,-0.013623753115016068,-0.011373611875250655,False,False,False,False,low
BLK,2026-03-06,0.9944637869771068,0.9999999999895336,0.00556703329465158,955.4500122070312,955.4500121970311,-0.07685989158740947,-0.07172073986824834,False,False,False,False,low
CRH,2026-03-06,0.9928788424456264,0.9963764498927848,0.003522693099737406,106.41000366210938,106.02442168193078,-0.042214175305359536,-0.0388401897896814,False,False,False,False,low
EBAY,2026-03-06,0.9939127205718092,0.9972353627248324,0.003342991878715118,92.70999908447266,92.45368956522297,-0.0035468812103118807,-0.0002157465266776626,False,False,False,False,low
FIX,2026-03-06,0.9990893301984872,0.9996083244339232,0.0005194672986177373,1279.06005859375,1278.5590820212542,-0.051297201949402016,-0.05080438186970748,False,False,False,False,low
GM,2026-03-06,0.9976377910451308,0.999999999867039,0.00236780206514986,75.20999908447266,75.20999907447266,-0.012992098470056002,-0.010655059122494204,False,False,False,False,low
KMB,2026-03-06,0.9877990778334406,0.9999999999043796,0.012351623265026257,104.58000183105467,104.5800018210547,-0.003145570675200382,0.009167199685892413,False,False,False,False,low
LHX,2026-03-06,0.996528742047269,0.999999999972723,0.003483349530212898,366.6099853515625,366.6099853415625,0.01807825364539295,0.021624576051948452,False,False,False,False,low
PEP,2026-03-06,0.9911450595610694,0.9999999999372764,0.008934050864490395,159.42999267578125,159.4299926657812,-0.00790295144106301,0.0009604940532732531,False,False,False,False,low
RCL,2026-03-06,0.9895699442580072,0.994841817871683,0.005327439100455633,278.0799865722656,276.6455993552859,-0.017593482050734743,-0.01235977115446929,False,False,False,False,low
TT,2026-03-06,0.9975936878820892,0.9999999999763666,0.002412116399198583,423.1300048828125,423.1300048728125,-0.030318958916663696,-0.027979975375474697,False,False,False,False,low
CEG,2026-03-09,0.9971125660833132,0.9984487519031868,0.0013400551405367,322.989990234375,322.4889526267342,0.012317409596480422,0.013673970745064823,False,False,False,False,low
FDX,2026-03-09,0.9959621846002412,0.9999999999656328,0.004054185417704748,290.9750061035156,290.9750060935156,0.00556947687479048,0.009646241984424986,False,False,False,False,low
GE,2026-03-09,0.99854538314507,0.9999999999689372,0.0014567358163388722,321.92999267578125,321.9299926657812,-0.0036519845541057583,-0.00220056871446761,False,False,False,False,low
GOOG,2026-03-09,0.9992960393105452,0.9999999999673213,0.0007044565665061953,306.010009765625,306.010009755625,0.025846538009271613,0.026569202339200126,False,False,False,False,low
GOOGL,2026-03-09,0.9992965581106816,0.9999999999673588,0.0007039370354753327,306.3599853515625,306.35998534156255,0.02626288565732038,0.026985310110668514,False,False,False,False,low
UNH,2026-03-09,0.9922857044811184,0.9999999999649332,0.007774268488377256,285.1700134277344,285.17001341773437,-0.004572736345839767,0.003165982462458361,False,False,False,False,low
VMC,2026-03-09,0.9961286765224928,0.9980158511279836,0.0018945088621271644,274.3299865722656,273.785675038848,-0.002400100678380479,-0.0005101388282585662,False,False,False,False,low
AEE,2026-03-10,0.9932529688266988,0.999999999909412,0.00679286273937163,110.38999938964844,110.38999937964843,-0.006926990348088746,-0.00018118170334846528,False,False,False,False,low
BDX,2026-03-10,0.9936540371141762,0.9999999999389796,0.0063864912613182945,163.8800048828125,163.88000487281246,-0.00954914642175142,-0.0032236407006086543,False,False,False,False,low
CME,2026-03-10,0.9766524122199972,0.9999999999673566,0.023905728850132757,306.3399963378906,306.3399963278906,-0.03995737925453102,-0.017006860678418945,False,False,False,False,low
ELV,2026-03-10,0.9938733301614568,0.9999999999646244,0.006164437275092416,282.67999267578125,282.6799926657813,0.006910317407173183,0.013117352900473334,False,False,False,False,low
ETN,2026-03-10,0.9941441641609118,0.997244154291624,0.0031182500913524702,361.05999755859375,360.0649719138557,0.02031820312718291,0.02349981045729299,False,False,False,False,low
OXY,2026-03-10,0.9952744066881132,0.9999999998117468,0.004748030384262192,53.119998931884766,53.11999892188476,-0.034532924574172785,-0.029948857565046283,False,False,False,False,low
PEG,2026-03-10,0.9920275368757604,0.9999999998799088,0.00803653397491022,83.2699966430664,83.26999663306641,-0.00916235440352875,-0.0011994540010727972,False,False,False,False,low
SPG,2026-03-10,0.9885910027628604,0.9999999999479356,0.01154066459556069,192.07000732421875,192.07000731421874,-0.003941266917073416,0.007553912838915933,False,False,False,False,low
TRV,2026-03-10,0.9963718918677342,0.9999999999669356,0.0036413191989994598,302.44000244140625,302.44000243140624,-0.002473696342098042,0.0011586153389184783,False,False,False,False,low
LIN,2026-03-11,0.9935106248137552,0.9968477314879786,0.0033589038615957634,481.5499877929687,480.0320129294846,0.007553218674147377,0.010937493071115023,False,False,False,False,low
NVDA,2026-03-11,0.998781823877014,0.998835843656542,5.4085665394110194e-05,186.02999877929688,185.81343077614446,0.006819258958169039,0.0068737134477212525,False,False,False,False,low
HD,2026-03-12,0.9859634274150147,0.992555234240156,0.006685650442860291,338.92999267578125,336.4067382713244,-0.033947109184891744,-0.027488417247587216,False,False,False,False,low
ADP,2026-03-13,0.99180526882059,0.9999999999520428,0.00826243960288453,208.52000427246097,208.52000426246093,0.005157904747936648,0.013462961227278525,False,False,False,False,low
CB,2026-03-13,0.9970566778800232,0.999999999969602,0.0029520108082892182,328.9700012207031,328.9700012107031,-0.0017902547101024124,0.0011564712469331884,False,False,False,False,low
CCI,2026-03-13,0.9876553720475378,0.9999999998856752,0.012498922384784228,87.47000122070312,87.47000121070313,0.01579375915354575,0.028490086508153878,False,False,False,False,low
DLR,2026-03-13,0.9932372435038131,0.9999999999443238,0.006808802715304818,179.61000061035156,179.61000060035155,-0.004379120359539246,0.002399865789170841,False,False,False,False,low
DVN,2026-03-13,0.9948041160239656,0.9999999997837836,0.005223021976009656,46.25,46.24999998999999,0.0012990122337073196,0.006528818979160578,False,False,False,False,low
GILD,2026-03-13,0.9943529557451362,0.9999999999310296,0.005679114396217377,144.99000549316406,144.99000548316405,-0.0015150555094776141,0.004155454713184792,False,False,False,False,low
GRMN,2026-03-13,0.996182098490824,0.999999999957177,0.0038325337025599815,233.52000427246097,233.52000426246096,-0.009375096488070223,-0.005578493158765463,False,False,False,False,low
KO,2026-03-13,0.9931709987751516,0.9999999998707008,0.006875957014422784,77.33999633789062,77.33999632789062,-0.00347898815020653,0.0033730474912414543,False,False,False,False,low
ROST,2026-03-13,0.997879301649048,0.999999999951522,0.002125205221683135,206.27999877929688,206.27999876929684,-0.016965295561964133,-0.014876145074996794,False,False,False,False,low
TMO,2026-03-13,0.9990123742540796,0.9999999999784654,0.000988602093265678,464.3699951171875,464.3699951071875,-0.024207315086786196,-0.023242644395887635,False,False,False,False,low
WM,2026-03-13,0.9960395956876372,0.9999999999580764,0.003976151437739883,238.52999877929688,238.52999876929684,-0.00033528280813899247,0.0036395354943812297,False,False,False,False,low
WMB,2026-03-13,0.9928590647472914,0.9999999998636488,0.0071922948280429555,73.33999633789062,73.33999632789063,-0.0024483176468256262,0.00472636815886851,False,False,False,False,low
XEL,2026-03-13,0.9926627728024354,0.9999999998779148,0.007391459896058494,81.91000366210938,81.91000365210937,0.01348680984163586,0.0209779569517643,False,False,False,False,low
AIG,2026-03-16,0.9941360832589232,0.9999999998693494,0.005898504952363659,76.54000091552734,76.54000090552735,-0.002606163067625178,0.0032769694189775933,False,False,False,False,low
AME,2026-03-16,0.9984148615825104,0.999999999953382,0.001587655023843615,214.5099945068359,214.50999449683587,9.319321721235063e-05,0.001680996199735496,False,False,False,False,low
DTE,2026-03-16,0.9922109480658202,0.9999999999330028,0.00785019746291482,149.25999450683594,149.25999449683593,-0.0020726937367249176,0.005761232671076311,False,False,False,False,low
IRM,2026-03-16,0.991913155628791,0.999999999906994,0.00815277449675178,107.5199966430664,107.5199966330664,0.0063646605062135375,0.014569324644820858,False,False,False,False,low
JCI,2026-03-16,0.9969267889214176,0.999999999924064,0.003082684743552111,131.69000244140625,131.69000243140624,0.01175475365895573,0.01487367460227662,False,False,False,False,low
META,2026-03-16,0.9991445073320356,0.9999999999840624,0.0008562251463615222,627.4500122070312,627.4500121970312,0.022388407786156694,0.023263802450251836,False,False,False,False,low
MRK,2026-03-16,0.9926477079875436,0.9999999999133674,0.007406748503685723,115.43000030517578,115.43000029517579,-0.0015569613720740616,0.0058382551102986735,False,False,False,False,low
NDAQ,2026-03-16,0.9968432519947588,0.9999999998835178,0.0031667445031524633,85.8499984741211,85.8499984641211,0.0037413737798588365,0.006919966257862953,False,False,False,False,low
PSA,2026-03-16,0.989923417984688,0.9999999999654934,0.010179153051373957,289.79998779296875,289.79998778296874,-0.02660222153453229,-0.016693856567664755,False,False,False,False,low
ECL,2026-03-17,0.9973270439183624,0.9999999999633148,0.0026801198877057786,272.5899963378906,272.5899963278906,-0.001903954602767488,0.000771062458342131,False,False,False,False,low
GEV,2026-03-17,0.9993956754379,0.9999999999881524,0.0006046899792593319,844.0499877929688,844.0499877829687,0.02016025813628719,0.02077713882162091,False,False,False,False,low
HCA,2026-03-17,0.9985148836267292,0.9999999999803872,0.0014873252046718743,509.8699951171875,509.86999510718755,-0.029170409286166765,-0.02772646996645678,False,False,False,False,low
ICE,2026-03-17,0.996779959968168,0.9999999999378186,0.0032304421226059254,160.82000732421875,160.82000731421874,-0.004148852227103816,-0.0009318127314927871,False,False,False,False,low
PLD,2026-03-17,0.9920191540471662,0.9999999999249304,0.008045052200055247,133.2100067138672,133.21000670386715,-0.006414563760497427,0.0015788829392640036,False,False,False,False,low
VRT,2026-03-17,0.99976207489019,0.9999999999627436,0.00023798169437427852,268.4100036621094,268.41000365210937,0.013862708933717549,0.014103989699052688,False,False,False,False,low
HBAN,2026-03-18,0.9899285419484914,0.9999999993381864,0.010173923634802184,15.109999656677246,15.109999646677243,-0.01819367643919456,-0.008204853879121066,False,False,False,False,low
PM,2026-03-19,0.991152033008216,0.9999999999387892,0.008926952309948888,163.3699951171875,163.3699951071875,-0.01667271146404936,-0.007894595654217573,False,False,False,False,low
SRE,2026-03-19,0.993076629472434,0.9999999998950132,0.006971637653236495,95.25,95.24999999,0.0022095863052369324,0.00919662839355695,False,False,False,False,low
MSI,2026-03-20,0.9973647716364638,0.9999999999778932,0.0026421911184066893,452.3500061035156,452.3500060935156,-0.014831425873942483,-0.012228422217253399,False,False,False,False,low
VST,2026-03-20,0.9986377675640212,0.9999999999315162,0.001364090575923127,146.02000427246094,146.02000426246093,-0.12756163869024395,-0.1263715537435075,False,False,False,False,low
WMT,2026-03-20,0.9960510367820408,0.9980952153010312,0.002052282908709735,119.0199966430664,118.79328917458938,-0.01709472093010944,-0.015077521224993617,False,False,False,False,low
APH,2026-03-23,0.998027457675603,0.9999999999234712,0.001976440861118478,130.6699981689453,130.6699981589453,0.03100836650952199,0.03304609357324639,False,False,False,False,low
AVGO,2026-03-23,0.997906689362594,0.9999999999689932,0.0020977017477821214,322.510009765625,322.510009755625,0.03864609713889,0.040824866872184895,False,False,False,False,low
HPE,2026-03-24,0.9935932051550634,0.99999999958159,0.006448106119573138,23.899999618530273,23.899999608530276,0.07078852801563618,0.07769308607590242,False,False,False,False,low
MO,2026-03-25,0.9835199382235968,0.999999999843211,0.016756204911696937,63.779998779296875,63.779998769296874,-0.008395536661838565,0.00821999091720893,False,False,False,False,low
NXPI,2026-03-25,0.9948370284632382,0.9999999999493951,0.005189766100818005,197.61000061035156,197.61000060035153,0.006160930506468931,0.011382670395578831,False,False,False,False,low
STX,2026-03-25,0.9982586825601538,0.9999999999757998,0.0017443548912394746,413.2200012207031,413.2200012107031,-0.027626107093462693,-0.025929941937257728,False,False,False,False,low
DHR,2026-03-27,0.9978728574381248,0.9999999999449096,0.0021316768874202197,181.52000427246097,181.52000426246096,-0.034724800177214354,-0.03266714534375226,False,False,False,False,low
KDP,2026-03-27,0.9912447830932258,0.9999999996187572,0.00883254739380357,26.229999542236328,26.22999953223633,-0.001522684234119276,0.007296413979020588,False,False,False,False,low
MDT,2026-03-27,0.9919014587747172,0.9999999998852422,0.008164662970179482,87.13999938964844,87.13999937964844,-0.006045383715824193,0.002069920733790198,False,False,False,False,low
MU,2026-03-30,0.9995801077600144,0.9999999999689247,0.0004200685924526937,321.79998779296875,321.79998778296874,-0.09915461986085894,-0.09877620301000645,False,False,False,False,low
A,2026-03-31,0.9977233739137013,0.9999999999122654,0.0022818208514387983,113.9800033569336,113.9800033469336,0.01758772594528768,0.01990967883651784,False,False,False,False,low
DE,2026-03-31,0.9970837171428292,0.9999999999822474,0.0029248124197382985,563.2999877929688,563.2999877829687,0.014041382165560279,0.01700726299424682,False,False,False,False,low
FITB,2026-03-31,0.9910474142108936,0.9999999997847612,0.009033458385032,46.459999084472656,46.45999907447266,0.039838826480282696,0.049232167246432645,False,False,False,False,low
ITW,2026-03-31,0.9937155993405444,0.9999999999615812,0.006324144076240046,260.2900085449219,260.29000853492187,0.016003770890526292,0.022429125119641125,False,False,False,False,low
MDLZ,2026-03-31,0.9914163088426752,0.9999999998265092,0.008658008656176053,57.63999938964844,57.63999937964843,-0.010472113482430268,-0.0019047724754334139,False,False,False,False,low
MPWR,2026-03-31,0.9980046691178696,0.999999999990854,0.001999320178279307,1093.3499755859375,1093.3499755759376,0.09079748018841904,0.09297833360097596,False,False,False,False,low
NUE,2026-03-31,0.9966009252287724,0.9999999999408632,0.003410667827054681,169.10000610351562,169.1000060935156,0.02640367892877471,0.029904400934067654,False,False,False,False,low
O,2026-03-31,0.986950616384743,0.9913439791570412,0.004451451470177226,61.18000030517578,60.650424947361955,0.0004905769182061981,0.004944212167727224,False,False,False,False,low
PCG,2026-03-31,0.997139521985698,0.999999999430848,0.002868683250518256,17.56999969482422,17.569999684824218,0.005148750282883308,0.008032203667099225,False,False,False,False,low
SYK,2026-03-31,0.9973014263222486,0.9999999999695668,0.00270587565212832,328.5899963378906,328.58999632789056,0.007635664482583904,0.010362201293323325,False,False,False,False,low
USB,2026-03-31,0.9897798652369264,0.9999999998077292,0.010325664250965927,52.0099983215332,52.0099983115332,0.022209065049059173,0.03276405264904958,False,False,False,False,low
VTR,2026-03-31,0.993629053718398,0.9999999998777208,0.0064117953631499525,81.77999877929688,81.77999876929688,0.0019602551743549412,0.008384619292542306,False,False,False,False,low
APD,2026-04-01,0.9937691568405812,0.9999999999654492,0.006269909950392671,289.42999267578125,289.4299926657812,-0.0036489985687235826,0.00259803248923407,False,False,False,False,low
CAH,2026-04-01,0.997581744343411,0.9999999999528346,0.0024241177458748098,212.02000427246097,212.02000426246096,0.003360024239602577,0.005792287079863012,False,False,False,False,low
CMCSA,2026-04-01,0.9885057490729916,0.9999999996434936,0.011627904624005758,28.049999237060547,28.049999227060542,-0.02298850116540263,-0.011627904640397202,False,False,False,False,low
STT,2026-04-01,0.9933628605876408,0.9999999999220271,0.006681485283695832,128.25,128.24999999,0.013353369737731047,0.020124075364817307,False,False,False,False,low
AXP,2026-04-02,0.9968486261039884,0.9999999999666866,0.0031613364157554447,300.17999267578125,300.17999266578124,-0.004213035262303322,-0.0010650176683435486,False,False,False,False,low
BMY,2026-04-02,0.98979424781006,0.9999999998322148,0.010310983363194248,59.599998474121094,59.59999846412109,-0.034505120426217784,-0.024549918785683467,False,False,False,False,low
CSCO,2026-04-02,0.9946105713172504,0.9999999998734498,0.005418631886308756,79.0199966430664,79.01999663306641,0.013986864283615619,0.01948128583872122,False,False,False,False,low
GEHC,2026-04-02,0.9995137028275628,0.9999999998578536,0.0004865336302195544,70.3499984741211,70.3499984641211,-0.022645245996025465,-0.022169730039547586,False,False,False,False,low
PGR,2026-04-02,0.9994827983388768,0.9999999999487836,0.0005174692458604913,195.25,195.24999999,0.009774510672748038,0.010297037927274877,False,False,False,False,low
PWR,2026-04-02,0.9998036396441488,0.9999999999821628,0.0001963989029725166,560.6300048828125,560.6300048728125,0.0009105366172801332,0.0011071143486454105,False,False,False,False,low
RSG,2026-04-02,0.997167459654384,0.9999999999551952,0.0028405863763272254,223.19000244140625,223.19000243140627,0.011511482507058135,0.014384768243766333,False,False,False,False,low
SYY,2026-04-02,0.9925176536074116,0.9999999998594716,0.007538753819505972,71.16000366210938,71.16000365210938,-0.013994658895121526,-0.0065614073638137205,False,False,False,False,low
JPM,2026-04-06,0.994908350377216,0.9999999999661532,0.005117707160671392,295.45001220703125,295.4500121970312,0.0028852888184156544,0.008017762042333398,False,False,False,False,low
ROP,2026-04-06,0.997457238013669,0.9999999999722368,0.0025492440795069626,360.19000244140625,360.1900024314062,0.006454670635623216,0.00902036924603311,False,False,False,False,low
ACN,2026-04-09,0.9915909774890468,0.9999999999462452,0.008480333774811166,186.02999877929688,186.02999876929687,-0.04029094978406744,-0.032152296711529416,False,False,False,False,low
CRM,2026-04-09,0.9975052306879696,0.999999999941469,0.0025010086932364395,170.85000610351562,170.85000609351562,-0.03129777834378333,-0.028875045666263643,False,False,False,False,low
INTU,2026-04-09,0.9969192532429542,0.999999999972352,0.003090267059620233,361.69000244140625,361.69000243140624,-0.07142308702402422,-0.06855353637753081,False,False,False,False,low
MA,2026-04-09,0.9982844393130874,0.9999999999801418,0.0017185088733175924,503.5700073242187,503.5700073142187,-0.007000291503292955,-0.0052938126930396345,False,False,False,False,low
MRSH,2026-04-09,0.994880871856373,0.9999999999422432,0.005145468397958375,173.13999938964844,173.13999937964843,-0.01518683923566666,-0.010119514239060323,False,False,False,False,low
ORCL,2026-04-09,0.9965195600917482,0.9999999999274626,0.0034925956048408313,137.86000061035156,137.86000060035155,-0.04037312337398735,-0.037021534762396224,False,False,False,False,low
GD,2026-04-10,0.9953765734921096,0.9999999999701624,0.004644901840348048,335.1499938964844,335.1499938864843,-0.02544344331286552,-0.020916723769186185,False,False,False,False,low
T,2026-04-10,0.989642329126466,0.999999999622071,0.010466074652190294,26.459999084472656,26.459999074472655,-0.014158012889526561,-0.0038401170571646936,False,False,False,False,low
VZ,2026-04-10,0.9851820801371792,0.9999999997827976,0.015040792909626566,46.040000915527344,46.04000090552735,-0.0364168670620284,-0.02192381270829913,False,False,False,False,low
AMT,2026-04-14,0.9901072550465254,0.9999999999433138,0.00999158913982856,176.41000366210938,176.41000365210937,-0.025035916426296212,-0.01529447587713817,False,False,False,False,low
PNC,2026-04-14,0.9923766952548612,0.999999999954792,0.007681865904733964,221.1999969482422,221.19999693824218,-0.00807176256393638,-0.00045190285683338605,False,False,False,False,low
ABBV,2026-04-15,0.9917721117537625,0.99999999995202,0.008296147976684098,208.4199981689453,208.41999815894533,-0.008751052915255242,-0.0005275049685079525,False,False,False,False,low
ABT,2026-04-15,0.9937654899126236,0.999999999901536,0.006273622954506619,101.55999755859376,101.55999754859376,0.005046951919187359,0.011352237547104682,False,False,False,False,low
FCX,2026-04-15,0.9978028190532778,0.9999999998544395,0.0022020190354306024,68.69999694824219,68.69999693824218,0.006298525359887508,0.008514413868055515,False,False,False,False,low
EME,2026-04-16,0.9995022343129186,0.9999999999873778,0.0004980135685253018,792.25,792.24999999,-0.014173030761068017,-0.013682075554168893,False,False,False,False,low
EOG,2026-04-16,0.9922954582137142,0.999999999925412,0.007764362567543204,134.07000732421875,134.07000731421874,0.012689840186687729,0.020552731274364522,False,False,False,False,low
CAT,2026-04-20,0.998099780118022,0.9999999999874748,0.001903837579473322,798.4000244140625,798.4000244040624,0.004719058560106459,0.006631880460606254,False,False,False,False,low
CL,2026-04-20,0.9938235776213232,0.9999999998802828,0.006214807535299682,83.52999877929688,83.5299987692969,-0.02657031632870077,-0.020520638195535956,False,False,False,False,low
ZTS,2026-04-20,0.9956692367940158,0.9999999999185136,0.004349600213061411,122.72000122070312,122.72000121070312,0.0027782642173221905,0.007139948769015136,False,False,False,False,low
DELL,2026-04-21,0.9969153697814468,0.99999999995291,0.0030941745557995226,212.36000061035156,212.36000060035153,0.03975712347627813,0.0429743135119498,False,False,False,False,low
LOW,2026-04-22,0.9952227519147608,0.9999999999592152,0.004800179693704942,245.19000244140625,245.1900024314062,-0.023886300974098607,-0.019200779817287406,False,False,False,False,low
CVS,2026-04-23,0.9912992159782146,0.9999999998731932,0.008777151998846877,78.86000061035156,78.86000060035158,0.03179380211269245,0.04085001314530379,False,False,False,False,low
PG,2026-04-24,0.9925262200511368,0.9999999999325144,0.0075300578769521564,148.17999267578125,148.17999266578124,0.016951381841361135,0.024609084604673148,False,False,False,False,low
BK,2026-04-27,0.9960462605207648,0.999999999925634,0.003969433510851328,134.47000122070312,134.47000121070315,0.0031331455381105044,0.007115015861855145,False,False,False,False,low
FAST,2026-04-28,0.9946996934587758,0.999999999776186,0.005328549261918392,44.68000030517578,44.68000029517577,-0.013250850050716578,-0.007992908596055837,False,False,False,False,low
MS,2026-04-30,0.9946546931785386,0.9999999999475312,0.00537403262222691,190.58999633789065,190.58999632789062,0.018761997394065144,0.02423685760234595,False,False,False,False,low
O,2026-04-30,0.9913440305624964,0.9956071002652638,0.004300292906740388,64.23999786376953,63.95779799419432,0.015010221749090169,0.019375063005946824,False,False,False,False,low
TRGP,2026-04-30,0.9950027983809064,0.9999999999615504,0.005022299021445464,260.0799865722656,260.0799865622657,0.03973769571788255,0.04495956932964651,False,False,False,False,low
AON,2026-05-01,0.9973689175912942,0.9999999999678982,0.002638023233126452,311.510009765625,311.510009755625,-0.0004491709725682469,0.0021876673370970767,False,False,False,False,low
COST,2026-05-01,0.9985510821063333,0.9999999999901156,0.001451020293048888,1011.7000122070312,1011.7000121970311,-0.002789485779740919,-0.0013425130871655977,False,False,False,False,low
ETR,2026-05-01,0.9945720718419896,0.9999999999141116,0.005457551268325034,116.43000030517578,116.43000029517579,-0.012551974480255246,-0.007162926256174762,False,False,False,False,low
NRG,2026-05-01,0.996946967160909,0.9999999999347982,0.003062382327701396,153.3699951171875,153.3699951071875,-0.014204953643509044,-0.01118607231481128,False,False,False,False,low
AMP,2026-05-04,0.9963611973541576,0.9999999999786594,0.0036520918660467583,468.5899963378906,468.5899963278906,0.0029966264028946643,0.006659662223853058,False,False,False,False,low
BX,2026-05-04,0.9908191843559015,0.9999999999187588,0.009265883935044572,123.08999633789062,123.08999632789065,-0.025801362687773888,-0.016774551184760234,False,False,False,False,low
C,2026-05-04,0.9952919140569708,0.9999999999204012,0.004730356789737655,125.62999725341795,125.62999724341796,-0.014202802521292135,-0.009539630054894332,False,False,False,False,low
CARR,2026-05-04,0.9964507858032264,0.999999999848232,0.0035618558342995765,65.88999938964844,65.88999937964844,-0.02558419530707634,-0.022113466688097105,False,False,False,False,low
KMI,2026-05-04,0.9908392143626082,0.9999999996920234,0.009245481200810257,32.470001220703125,32.470001210703124,-0.0018443762940419939,0.007384052760414539,False,False,False,False,low
OKE,2026-05-04,0.9881584805502622,0.9999999998896614,0.011983421255267857,90.62999725341795,90.62999724341796,0.0029880106379223115,0.015007238483379481,False,False,False,False,low
BKR,2026-05-05,0.996667101003037,0.999999999852464,0.0033440442110237445,67.77999877929688,67.77999876929688,-0.01782355193245011,-0.014539110467085892,False,False,False,False,low
LVS,2026-05-05,0.9942152093430014,0.9999999998086492,0.005818448974916013,52.2599983215332,52.25999831153321,0.0077130294345155725,0.013576356277638535,False,False,False,False,low
TXN,2026-05-05,0.9949445926746056,0.9999999999644128,0.00508109429110748,281.0,280.99999999,0.0003915602044457511,0.0054746440498725235,False,False,False,False,low
EQT,2026-05-06,0.9971900387931008,0.9999999998256623,0.0028178791636972456,57.36000061035156,57.360000600351555,-0.023160772855571055,-0.02040815795111861,False,False,False,False,low
DHI,2026-05-07,0.996983327989973,0.9999999999314928,0.0030257997870453135,145.97000122070312,145.97000121070312,-0.021452014396473817,-0.018491124110021073,False,False,False,False,low
AEP,2026-05-08,0.9927899438541582,0.9999999999231716,0.007262418514255797,130.16000366210938,130.1600036521094,-0.012143221853607056,-0.00496899249856364,False,False,False,False,low
ETN,2026-05-08,0.9972441284471788,0.999999999975094,0.00276348734407339,401.510009765625,401.510009755625,0.005912604046669934,0.008692430797196726,False,False,False,False,low
HWM,2026-05-08,0.999559715552136,0.9999999999630396,0.00044047834666915975,270.55999755859375,270.55999754859374,-0.007265028708626331,-0.0068277504497911146,False,False,False,False,low
IBM,2026-05-08,0.9926937768830978,0.9999999999564764,0.007359996852522865,229.7599945068359,229.75999449683593,-0.006700977338280456,0.000609700342123709,False,False,False,False,low
NSC,2026-05-08,0.9956922491133388,0.9999999999679496,0.004326387855732472,312.010009765625,312.010009755625,-0.004403474323713241,-9.613760581772546e-05,False,False,False,False,low
PFE,2026-05-08,0.9837613171281392,0.9999999996105918,0.016506730036771167,25.68000030517578,25.68000029517578,-0.030211452072894662,-0.014203414319509666,False,False,False,False,low
PH,2026-05-08,0.997744827124051,0.9999999999886212,0.002260270164537559,878.8300170898438,878.8300170798437,-0.009043196388199726,-0.00680336629065037,False,False,False,False,low
SCHW,2026-05-08,0.9964245843040396,0.999999999887146,0.003588245050782035,88.61000061035156,88.61000060035157,-0.0099441272586418,-0.006391564173280018,False,False,False,False,low
TFC,2026-05-08,0.9895456282647404,0.9999999997963754,0.010564820088152738,49.11000061035156,49.11000060035156,-0.012665883531483124,-0.0022348762240979037,False,False,False,False,low
WFC,2026-05-08,0.9943153494521536,0.9999999998677948,0.005717150417896333,75.63999938964844,75.63999937964843,-0.04446695439133508,-0.03900402824031968,False,False,False,False,low
WMT,2026-05-08,0.9980952295358936,0.9999999999233304,0.0019084054617939383,130.42999267578125,130.42999266578124,0.001766480283640126,0.0036782569060553882,False,False,False,False,low
AAPL,2026-05-11,0.9990795410578172,0.999999999965833,0.0009213069332210111,292.67999267578125,292.67999266578124,-0.0021819672455212213,-0.0012626705738515431,False,False,False,False,low
COP,2026-05-11,0.9926231320194062,0.9999999999134574,0.007431690493695964,115.5500030517578,115.5500030417578,0.014753668785927765,0.022295003979686978,False,False,False,False,low
GWW,2026-05-11,0.9979817053252432,0.999999999991844,0.0020223764181559467,1226.0899658203125,1226.0899658103124,-0.00617648828205708,-0.004166603048149753,False,False,False,False,low
F,2026-05-12,0.9875518982546468,0.9999999991659716,0.012605009350217466,11.989999771118164,11.989999761118163,-0.004979287856180514,0.007562957524052338,False,False,False,False,low
MET,2026-05-12,0.992395456479457,0.9999999998728384,0.007662815608163509,78.63999938964844,78.63999937964844,0.008463657403217528,0.016191328457432652,False,False,False,False,low
V,2026-05-12,0.9979311632556692,0.9999999999693646,0.0020731256722616997,326.4200134277344,326.42001341773437,0.007904737207323986,0.009994250393222659,False,False,False,False,low
ED,2026-05-13,0.9916931666461838,0.9999999999058026,0.008376414740974614,106.16000366210938,106.16000365210938,-0.006922337261055955,0.0013960931120431397,False,False,False,False,low
KVUE,2026-05-13,0.9880938636999598,0.9999999994182664,0.012049599897041796,17.190000534057617,17.190000524057616,-0.016027406428278268,-0.004170930366084513,False,False,False,False,low
PAYX,2026-05-13,0.9873012222505032,0.99999999988879,0.012862110723757203,89.91999816894531,89.9199981589453,-0.04044393290529158,-0.028102016524666373,False,False,False,False,low
PCAR,2026-05-13,0.9969034903311508,0.9999999999105386,0.0031061277339485827,111.77999877929688,111.77999876929688,-0.011059011001501973,-0.007987233968335117,False,False,False,False,low
TGT,2026-05-13,0.9906403992529426,0.999999999917682,0.009448030457669176,121.4800033569336,121.4800033469336,-0.0026272552282959882,0.00679595284195611,False,False,False,False,low
URI,2026-05-13,0.9979387798943966,0.9999999999893078,0.0020654774986590407,935.260009765625,935.260009755625,-0.021448899086107476,-0.019427723805881758,False,False,False,False,low
WELL,2026-05-13,0.996597675847678,0.9999999999545744,0.003413939435492397,220.13999938964844,220.13999937964846,0.012137928228268757,0.015593305815604586,False,False,False,False,low
DAL,2026-05-14,0.997353926221852,0.9999999998602376,0.0026530939206399484,71.55000305175781,71.5500030417578,0.007037297375424023,0.009709061906948424,False,False,False,False,low
FANG,2026-05-14,0.9945300543009696,0.9999999999500648,0.0055000305173682484,200.2599945068359,200.2599944968359,-0.004177083894504219,0.001299972533970628,False,False,False,False,low
IR,2026-05-14,0.9997198955983392,0.9999999998607632,0.00028018274284358213,71.81999969482422,71.81999968482423,0.006023256882645933,0.006305127238123376,False,False,False,False,low
RMD,2026-05-14,0.9970351787855236,0.9999999999506076,0.002973637468534962,202.4600067138672,202.4600067038672,0.0004447872651653917,0.0034197473697774594,False,False,False,False,low
TJX,2026-05-14,0.9967352853140126,0.9999999999321344,0.003275407890364068,147.35000610351562,147.35000609351562,0.0021764764121308122,0.0054590131505081185,False,False,False,False,low
WEC,2026-05-14,0.9915062124284888,0.9999999999104264,0.008566549937325973,111.63999938964844,111.63999937964844,-0.004991065720368004,0.003532728003224017,False,False,False,False,low
AMGN,2026-05-15,0.9925051633070928,0.9999999999693544,0.007551433422561038,326.30999755859375,326.3099975485938,-0.029503652569959793,-0.022175014015503147,False,False,False,False,low
CEG,2026-05-15,0.9984487322968816,0.9999999999625748,0.0015536778359412917,267.20001220703125,267.20001219703124,-0.029281396761762002,-0.027773212782974954,False,False,False,False,low
COR,2026-05-15,0.997702094338963,0.9999999999611968,0.0023031981543111257,257.7099914550781,257.7099914450782,-0.013021309360906175,-0.0107481018622817,False,False,False,False,low
CRH,2026-05-15,0.9963764804463022,0.9999999999031102,0.0036366970998602532,103.20999908447266,103.20999907447266,-0.04106660114966165,-0.03757925083910363,False,False,False,False,low
CTAS,2026-05-15,0.9972883581410644,0.9999999999405856,0.002719014793851393,168.30999755859375,168.3099975485937,0.014221154888527154,0.01697883721290605,False,False,False,False,low
DUK,2026-05-15,0.9914327500374694,0.9999999999173212,0.008641281901902165,120.9499969482422,120.94999693824221,-0.02702920663133168,-0.018621491723515682,False,False,False,False,low
EMR,2026-05-15,0.9959748138519962,0.9999999999248402,0.004041453676199236,133.0500030517578,133.0500030417578,-0.035030473310178833,-0.031130593669117856,False,False,False,False,low
FIX,2026-05-15,0.9996082723692888,0.9999999999949818,0.0003918811363621266,1992.739990234375,1992.739990224375,-0.024295420725571115,-0.023913060506291384,False,False,False,False,low
HON,2026-05-15,0.9945342529639926,0.9999999999531044,0.005495785562761979,213.2400054931641,213.24000548316408,-0.020576868006709437,-0.01519416849806543,False,False,False,False,low
HSY,2026-05-15,0.9923706858845976,0.9999999999465184,0.007687967984584265,186.97999572753903,186.97999571753905,-0.017549450757375462,-0.009996402388360859,False,False,False,False,low
KKR,2026-05-15,0.9980415817474914,0.9999999998968754,0.001962261077294025,96.97000122070312,96.97000121070313,-0.02611226757145657,-0.024201245580457775,False,False,False,False,low
KR,2026-05-15,0.9947597173338664,0.9999999998485308,0.005267887735451726,66.0199966430664,66.01999663306641,-0.011528735767421194,-0.0063215801177239905,False,False,False,False,low
LLY,2026-05-15,0.99828153326934,0.999999999990049,0.0017214249321841901,1004.9199829101562,1004.9199829001562,-0.0017681824528565926,-4.9801314031316934e-05,False,False,False,False,low
MCO,2026-05-15,0.9976194906011177,0.9999999999766844,0.0023861897226289397,428.8999938964844,428.8999938864843,-0.008736245824357725,-0.006370902441729109,False,False,False,False,low
MSCI,2026-05-15,0.99640157314654,0.9999999999821976,0.0036114222745495805,561.719970703125,561.719970693125,-0.01399012042360881,-0.010429222381580838,False,False,False,False,low
OTIS,2026-05-15,0.9939775189426588,0.9999999998591748,0.00605897095431529,71.01000213623047,71.01000212623048,-0.02805906776439726,-0.022170105886671565,False,False,False,False,low
SBUX,2026-05-15,0.9941729065072152,0.9999999999063848,0.005861247435963168,106.81999969482422,106.81999968482424,0.0039473511552832186,0.009831734993084096,False,False,False,False,low
XOM,2026-05-15,0.9932582877506276,0.9999999999366768,0.006787471364892106,157.9199981689453,157.9199981589453,0.0336431432826072,0.040658966519155015,False,False,False,False,low
CCL,2026-05-18,0.9939123525898944,0.9999999995985548,0.006124933443877101,24.90999984741211,24.90999983741211,0.01095781105729654,0.017149860364589875,False,False,False,False,low
KLAC,2026-05-18,0.9987253220957126,0.9999999999943068,0.0012763047760913082,1756.449951171875,1756.449951161875,-0.02653076867860471,-0.025288325249291144,False,False,False,False,low
PSX,2026-05-18,0.9927923436685822,0.9999999999443826,0.0072599837435960435,179.8000030517578,179.8000030417578,0.020431363029893346,0.027839678136945878,False,False,False,False,low
ROK,2026-05-18,0.9969247115861885,0.9999999999770832,0.0030847749635996013,436.3599853515625,436.35998534156255,-0.027588369996501716,-0.024588698945953835,False,False,False,False,low
SO,2026-05-18,0.991788199664096,0.999999999893288,0.008279792229805905,93.70999908447266,93.70999907447268,0.012533722252457746,0.020917291098380142,False,False,False,False,low
UPS,2026-05-18,0.9834226281772602,0.999999999895321,0.01685681338122791,95.52999877929688,95.52999876929688,-0.03436775007976045,-0.01809026744795983,False,False,False,False,low
APO,2026-05-19,0.9958006748770024,0.9999999999237512,0.004217033742488052,131.14999389648438,131.14999388648434,-0.021779766302786663,-0.017654578569700874,False,False,False,False,low
COF,2026-05-19,0.9957257943605204,0.999999999945064,0.004292552838091934,182.02999877929688,182.0299987692969,-0.0274616628729617,-0.023286990673773822,False,False,False,False,low
CVX,2026-05-19,0.9909239300758572,0.9999999999493028,0.009159199407719143,197.25,197.24999998999996,0.005761803543474997,0.014973776458796939,False,False,False,False,low
ADM,2026-05-20,0.9934500026906004,0.999999999871051,0.006593182508139339,77.55000305175781,77.55000304175782,-0.023176676559220843,-0.016736302109568668,False,False,False,False,low
AFL,2026-05-20,0.9948484029943896,0.9999999999146904,0.005178273297514524,117.22000122070312,117.22000121070313,-0.010049847180158888,-0.004923614737941451,False,False,False,False,low
EQIX,2026-05-20,0.9950784393283444,0.999999999990611,0.004945902220119036,1065.06005859375,1065.06005858375,0.01586181626895411,0.020886169481372674,False,False,False,False,low
MPC,2026-05-20,0.9961980075593798,0.9999999999612956,0.003816502716393222,258.3699951171875,258.36999510718744,-0.017679241467243312,-0.013930211623933708,False,False,False,False,low
REGN,2026-05-20,0.9985086427580574,0.9999999999846096,0.0014935846949033493,649.760009765625,649.760009755625,0.03087422235370285,0.03241392031458079,False,False,False,False,low
AMAT,2026-05-21,0.9987583488773432,0.9999999999766004,0.001243194713368867,427.3599853515625,427.35998534156244,0.0011947504761735672,0.0024394304970181135,False,False,False,False,low
MSFT,2026-05-21,0.997838779087626,0.9999999999761388,0.0021659018809521147,419.0899963378906,419.0899963278906,-0.004678671049555105,-0.0025229027110296176,False,False,False,False,low
TER,2026-05-21,0.999622451953908,0.9999999999717066,0.00037769061415215965,353.44000244140625,353.44000243140624,0.02642738630509256,0.02681505829500863,False,False,False,False,low
VLO,2026-05-21,0.9952713207314032,0.9999999999585216,0.0047511458721059,241.08999633789065,241.08999632789065,-0.04996653552858987,-0.045452787955504004,False,False,False,False,low
CMI,2026-05-22,0.9968690317194636,0.999999999984364,0.0031408020163889994,639.5499877929688,639.5499877829687,0.0012053578082915628,0.00434994561491564,False,False,False,False,low
HLT,2026-05-22,0.9995352772898084,0.9999999999688552,0.00046493874664133017,321.0799865722656,321.0799865622657,-0.0052051776630548385,-0.004742659005192329,False,False,False,False,low
MAR,2026-05-22,0.99802997894776,0.9999999999729108,0.0019739096687534374,369.1499938964844,369.14999388648437,-0.0038050617211762283,-0.0018386629005445743,False,False,False,False,low
MCHP,2026-05-22,0.9950060164860426,0.999999999892968,0.005019048452151065,93.43000030517578,93.43000029517577,0.025463721647265958,0.030610573752136716,False,False,False,False,low
MMM,2026-05-22,0.994854889460144,0.9999999999344004,0.00517171954298612,152.44000244140625,152.44000243140624,0.005540872718151846,0.010741248100859746,False,False,False,False,low
RTX,2026-05-22,0.9958518254618678,0.999999999943506,0.004165453509827444,177.00999450683594,177.00999449683593,0.005852931039341369,0.010042764661309489,False,False,False,False,low
SHW,2026-05-22,0.9974138882381408,0.999999999967646,0.002592817044159368,309.0799865722656,309.0799865622657,-0.0008405307063525935,0.0017501069954652948,False,False,False,False,low
TEL,2026-05-22,0.996149485308504,0.9999999999506854,0.003865398415568988,202.77999877929688,202.77999876929687,0.0010366364589307064,0.004906041887425383,False,False,False,False,low
VMC,2026-05-22,0.9980159147958876,0.9999999999616344,0.0019880295858334396,260.6499938964844,260.64999388648437,-0.005456321539405118,-0.003479139282221988,False,False,False,False,low
WAB,2026-05-22,0.9987850855771576,0.999999999961,0.0012163921962653479,256.4100036621094,256.41000365210937,0.004898886902570121,0.006121238066634227,False,False,False,False,low
ATO,2026-05-26,0.9943760192133504,0.9999999999437316,0.005655788777800819,177.72000122070312,177.7200012107031,-0.0005061376701327447,0.005146788499913235,False,False,False,False,low
JNJ,2026-05-26,0.994281828246249,0.9999999999565558,0.00575105724339009,230.17999267578125,230.17999266578124,-0.017752000201071816,-0.01210303572702276,False,False,False,False,low
PRU,2026-05-26,0.986553961786268,0.9999999999025532,0.013629298180445781,102.62000274658205,102.62000273658205,-0.014406453711405032,-0.0009735053843147323,False,False,False,False,low
EA,2026-05-27,0.999055325178819,0.9999999999501694,0.0009455680256560406,200.67999267578125,200.67999266578124,-0.0022374195600176616,-0.0012939671667576702,False,False,False,False,low
NEM,2026-05-27,0.9976704404194487,0.9999999999067426,0.002334999006600169,107.2300033569336,107.2300033469336,-0.03924377053548489,-0.03700040569410035,False,False,False,False,low
YUM,2026-05-27,0.9951301861132263,0.9999999999342192,0.004893644961181831,152.02000427246094,152.02000426246093,-0.012921175932427365,-0.008090762618739977,False,False,False,False,low
CSX,2026-05-29,0.9969439119096052,0.9999999997790544,0.003065456173552805,45.2599983215332,45.25999831153321,-0.012006178460376216,-0.008977526700705507,False,False,False,False,low
D,2026-05-29,0.9900860892741414,0.9999999998506126,0.010013180352568485,66.94000244140625,66.94000243140626,-0.006530050904527185,0.0034177428706227975,False,False,False,False,low
EBAY,2026-05-29,0.9972353734401198,0.9999999999084836,0.0027722908171887717,109.2699966430664,109.26999663306641,-0.025506115048659517,-0.022804534600002313,False,False,False,False,low
GLW,2026-05-29,0.9984697011126769,0.9999999999448002,0.0015326442358920556,181.16000366210935,181.16000365210934,-0.009892318667094058,-0.00837483583638654,False,False,False,False,low
O,2026-05-29,0.9956070688209416,0.9999999998368146,0.004412314007649076,61.279998779296875,61.279998769296874,-0.006646131569771119,-0.0022631423815441254,False,False,False,False,low
SPGI,2026-05-29,0.9976776449729712,0.9999999999764152,0.0023277608906502323,424.0,423.99999999000005,0.015131218720175754,0.01749420146999059,False,False,False,False,low
TMUS,2026-05-29,0.9946034373205058,0.9999999999466752,0.0054258435308729425,187.52999877929688,187.52999876929687,-0.007830251153652656,-0.0024468933403469784,False,False,False,False,low
UNP,2026-05-29,0.9948314423492104,0.999999999961925,0.00519541039083915,262.6400146484375,262.6400146384375,-0.01632953315191943,-0.011218961387295279,False,False,False,False,low
ALL,2026-06-01,0.9947595620350655,0.9999999999517396,0.005268044778532488,207.2100067138672,207.21000670386715,0.005434569342901208,0.010731243676084246,False,False,False,False,low
CTVA,2026-06-01,0.997700558022998,0.9999999998712668,0.002304741467545446,77.68000030517578,77.68000029517579,-0.007664773677535819,-0.005377697531724346,False,False,False,False,low
GS,2026-06-01,0.9956121536011002,0.9999999999904634,0.004407184437727585,1048.5799560546875,1048.5799560446876,0.022446171989676023,0.026952280847283072,False,False,False,False,low
HIG,2026-06-01,0.9952804334379252,0.9999999999209924,0.004741946414805742,126.56999969482422,126.56999968482423,-0.0044049207165280935,0.0003161378002782822,False,False,False,False,low
LMT,2026-06-01,0.9934960653453248,0.9999999999806388,0.006546512726302023,516.5,516.49999999,-0.0262984482722316,-0.019924098672225776,False,False,False,False,low
MCK,2026-06-01,0.9988955237709292,0.9999999999863912,0.0011056974319922919,734.8200073242188,734.8200073142187,-0.010263449022318683,-0.00916909985955372,False,False,False,False,low
MLM,2026-06-01,0.9985729711180013,0.9999999999824856,0.001429068186060256,570.9600219726562,570.9600219626562,-0.018361860268909735,-0.01695903243319663,False,False,False,False,low
MTB,2026-06-01,0.9930590902517504,0.9999999999527456,0.006989422652820654,211.6199951171875,211.61999510718752,-0.02077648179391567,-0.013932274753591267,False,False,False,False,low
NKE,2026-06-01,0.9911313030200478,0.9999999997822774,0.008948054344773526,45.93000030517578,45.93000029517578,-0.006489276228230589,0.002400711720194293,False,False,False,False,low
NOC,2026-06-01,0.9956181330805156,0.9999999999814548,0.004401152164014377,539.219970703125,539.2199706931251,-0.043393454247941055,-0.03918328327899401,False,False,False,False,low
TPL,2026-06-01,0.9984732668867676,0.9999999999728432,0.0015290675641581597,368.2300109863281,368.2300109763282,-0.06302796186684956,-0.06159526831481699,False,False,False,False,low
ADI,2026-06-02,0.9972683550452724,0.9999999999763703,0.0027391272542423017,423.2000122070313,423.20001219703124,0.050932503020383324,0.05381114088177541,False,False,False,False,low
MCD,2026-06-02,0.993263496513156,0.9999999999638152,0.006782191708753604,276.3599853515625,276.35998534156244,0.000905436287216066,0.007693768838449522,False,False,False,False,low
HAL,2026-06-03,0.9957638132474904,0.9999999997562758,0.004254208128903425,41.029998779296875,41.029998769296874,0.022427054254347434,0.026776671739767055,False,False,False,False,low
ODFL,2026-06-03,0.998734029367072,0.999999999957638,0.0012675753036754944,236.05999755859375,236.05999754859377,0.030469686012517094,0.031775883937692706,False,False,False,False,low
RCL,2026-06-03,0.9948418154301424,0.9999999999650864,0.005184929357551882,286.4200134277344,286.4200134177344,-0.015061810691521238,-0.009954975758401652,False,False,False,False,low
SLB,2026-06-03,0.9947842647378412,0.9999999998240984,0.005243081611902678,56.849998474121094,56.849998464121086,0.005127247061330831,0.010397211248020621,False,False,False,False,low
CI,2026-06-04,0.9942378107146204,0.9999999999643722,0.005795584504687312,280.67999267578125,280.67999266578124,0.03675241489926884,0.04276100113025594,False,False,False,False,low
EXC,2026-06-04,0.990683270590224,0.9999999997759356,0.009404346941440656,44.630001068115234,44.63000105811524,-0.009982270289737638,-0.000671800081364804,False,False,False,False,low
HD,2026-06-04,0.9925552398852818,0.9999999999677368,0.0075006002520479065,309.95001220703125,309.9500121970313,-0.009649452030203398,-0.002221228460485336,False,False,False,False,low
LIN,2026-06-04,0.9968477735626252,0.9999999999802937,0.003162194370362803,507.4500122070313,507.4500121970313,-0.00023641096884341462,0.002925035824084654,False,False,False,False,low
NVDA,2026-06-04,0.9988358555995884,0.9999999999542668,0.001165501166334737,218.66000366210935,218.66000365210934,0.018207234747889878,0.019393956467559148,False,False,False,False,low
QCOM,2026-06-04,0.996320154397334,0.9999999999587748,0.0036934368387504524,242.57000732421875,242.57000731421874,-0.029758759033986282,-0.026175234292127425,False,False,False,False,low
